ASIN,SKU集合,上周,上上周,上周单量,上上周单量,单量环比%,上周销售额,上上周销售额,销售额环比%,上周广告花费,上上周广告花费,上周毛利润-实际,上上周毛利润-实际,上周毛利率%,上上周毛利率%,毛利率环比%,上周TACOS%,上上周TACOS%,TACOS环比%,预警标记,需补充广告指标
B0BD3HPZ63,KC4PSP17600,2026-W36,2026-W35,0.0,0.0,,0.0,0.0,,0.0,0.0,0.0,0.0,,,,,,,,曝光/点击/CTR/CVR/ACOS/ROAS/活动清单
B0BHQZ6Z18,KC4PSP16600,2026-W36,2026-W35,0.0,0.0,,0.0,0.0,,0.0,0.0,0.0,0.0,,,,,,,,曝光/点击/CTR/CVR/ACOS/ROAS/活动清单
B0BHR38WKP,KC4PSP16900,2026-W36,2026-W35,0.0,0.0,,0.0,0.0,,0.0,0.0,0.0,0.0,,,,,,,,曝光/点击/CTR/CVR/ACOS/ROAS/活动清单
B0BHTGVBRB,KC4PSP17700,2026-W36,2026-W35,0.0,0.0,,0.0,0.0,,0.0,11.9,0.0,-11.9,,,,,,,,曝光/点击/CTR/CVR/ACOS/ROAS/活动清单
B0BHTJ9G48,KC4PSP16600,2026-W36,2026-W35,0.0,0.0,,0.0,0.0,,0.0,0.0,0.0,0.0,,,,,,,,曝光/点击/CTR/CVR/ACOS/ROAS/活动清单
B0BJKK2MLP,KC4PSP17100,2026-W36,2026-W35,0.0,0.0,,0.0,0.0,,0.0,0.0,-3.39,-11.87,,,,,,,,曝光/点击/CTR/CVR/ACOS/ROAS/活动清单
B0BJV9CPXG,KC4PSP15900,2026-W36,2026-W35,0.0,0.0,,0.0,0.0,,4.35,2.18,-4.35,-2.18,,,,,,,,曝光/点击/CTR/CVR/ACOS/ROAS/活动清单
B0BL2C7HW3,KC4PSP17300,2026-W36,2026-W35,0.0,0.0,,0.0,0.0,,0.0,0.0,0.0,0.0,,,,,,,,曝光/点击/CTR/CVR/ACOS/ROAS/活动清单
B0BL2DLJ95,KC4PSP16100,2026-W36,2026-W35,0.0,0.0,,0.0,0.0,,0.0,0.0,0.0,0.0,,,,,,,,曝光/点击/CTR/CVR/ACOS/ROAS/活动清单
B0BL72L8YZ,KC4PSP17300,2026-W36,2026-W35,0.0,0.0,,0.0,0.0,,0.0,0.0,0.0,0.0,,,,,,,,曝光/点击/CTR/CVR/ACOS/ROAS/活动清单
B0BLRLL89F,KC4PSP17200,2026-W36,2026-W35,0.0,1.0,-100.0,0.0,1130.5,-100.0,0.0,19.38,0.0,130.43,,11.54,,,1.71,,单量下滑≥20%；销售额下滑≥20%,曝光/点击/CTR/CVR/ACOS/ROAS/活动清单
B0C1SCBX65,KC4PSP16500,2026-W36,2026-W35,0.0,0.0,,0.0,0.0,,0.0,0.0,0.0,0.0,,,,,,,,曝光/点击/CTR/CVR/ACOS/ROAS/活动清单
B0C3HK9H5Y,KC4PSP15900,2026-W36,2026-W35,0.0,0.0,,0.0,0.0,,3.26,0.0,-3.26,0.0,,,,,,,,曝光/点击/CTR/CVR/ACOS/ROAS/活动清单
B0C5MW5NDQ,KC4PSP16800,2026-W36,2026-W35,0.0,0.0,,0.0,0.0,,0.0,0.0,0.0,0.0,,,,,,,,曝光/点击/CTR/CVR/ACOS/ROAS/活动清单
B0CB7XJ2GM,KC4SGE00900,2026-W36,2026-W35,0.0,0.0,,0.0,0.0,,8.7,11.83,-8.7,-11.83,,,,,,,,曝光/点击/CTR/CVR/ACOS/ROAS/活动清单
B0CBPB4SKX,KC4PSP17100,2026-W36,2026-W35,0.0,0.0,,0.0,0.0,,0.0,0.0,0.0,0.0,,,,,,,,曝光/点击/CTR/CVR/ACOS/ROAS/活动清单
B0CBPGBTFN,KC4PSP17100,2026-W36,2026-W35,0.0,0.0,,0.0,0.0,,0.0,0.0,0.0,0.0,,,,,,,,曝光/点击/CTR/CVR/ACOS/ROAS/活动清单
B0CBPGMQHF,KC4PSP16000,2026-W36,2026-W35,0.0,0.0,,0.0,0.0,,4.28,0.0,-4.28,0.0,,,,,,,,曝光/点击/CTR/CVR/ACOS/ROAS/活动清单
B0CBS7ZS3K,KC4PSP17400,2026-W36,2026-W35,0.0,0.0,,0.0,0.0,,0.0,0.0,0.0,0.0,,,,,,,,曝光/点击/CTR/CVR/ACOS/ROAS/活动清单
B0CBS97JLD,KC4PSP16000,2026-W36,2026-W35,0.0,0.0,,0.0,0.0,,32.98,0.0,-32.98,0.0,,,,,,,,曝光/点击/CTR/CVR/ACOS/ROAS/活动清单
B0CBTPY4F2,KC4PSP16400,2026-W36,2026-W35,0.0,0.0,,0.0,0.0,,0.0,0.0,0.0,0.0,,,,,,,,曝光/点击/CTR/CVR/ACOS/ROAS/活动清单
B0CBTRBNK1,KC4PSP17200,2026-W36,2026-W35,0.0,0.0,,0.0,0.0,,0.0,0.0,0.0,0.0,,,,,,,,曝光/点击/CTR/CVR/ACOS/ROAS/活动清单
B0CBTSR963,KC4PSP18200,2026-W36,2026-W35,3.0,0.0,N/A,3286.24,0.0,N/A,18.5,17.34,611.4,-17.34,18.6,,,0.56,,,,曝光/点击/CTR/CVR/ACOS/ROAS/活动清单
B0CCSCLCSS,KC4PSP15800,2026-W36,2026-W35,0.0,0.0,,0.0,0.0,,2.86,0.0,-2.86,0.0,,,,,,,,曝光/点击/CTR/CVR/ACOS/ROAS/活动清单
B0CD241Q7W,KC4PSP16700,2026-W36,2026-W35,0.0,0.0,,0.0,0.0,,0.0,0.0,-7.38,0.0,,,,,,,,曝光/点击/CTR/CVR/ACOS/ROAS/活动清单
B0CD25HG2B,KC4SGE00100,2026-W36,2026-W35,0.0,0.0,,0.0,0.0,,0.0,0.0,0.0,0.0,,,,,,,,曝光/点击/CTR/CVR/ACOS/ROAS/活动清单
B0CD7VLYWQ,KC4PSP17600,2026-W36,2026-W35,0.0,0.0,,0.0,0.0,,0.0,0.0,0.0,0.0,,,,,,,,曝光/点击/CTR/CVR/ACOS/ROAS/活动清单
B0CDWMF62P,KC4PSP17700,2026-W36,2026-W35,0.0,0.0,,0.0,0.0,,0.0,0.0,0.0,0.0,,,,,,,,曝光/点击/CTR/CVR/ACOS/ROAS/活动清单
B0CDWP5MP4,KC4PSP17000,2026-W36,2026-W35,0.0,0.0,,0.0,0.0,,0.0,0.0,0.0,0.0,,,,,,,,曝光/点击/CTR/CVR/ACOS/ROAS/活动清单
B0CF1B11W8,KC4PSP15800,2026-W36,2026-W35,0.0,0.0,,0.0,0.0,,8.09,7.82,-8.09,-7.82,,,,,,,,曝光/点击/CTR/CVR/ACOS/ROAS/活动清单
B0CF29KRRW,KC4SGE00800,2026-W36,2026-W35,0.0,0.0,,0.0,0.0,,3.13,0.0,-3.13,0.0,,,,,,,,曝光/点击/CTR/CVR/ACOS/ROAS/活动清单
B0CF2G6GQZ,KC4PSP16700,2026-W36,2026-W35,0.0,0.0,,0.0,0.0,,0.0,0.0,0.0,0.0,,,,,,,,曝光/点击/CTR/CVR/ACOS/ROAS/活动清单
B0CF3W37F1,KC4PSP18000,2026-W36,2026-W35,0.0,1.0,-100.0,0.0,1065.83,-100.0,0.0,0.0,-13.41,120.59,,11.31,,,0.0,,单量下滑≥20%；销售额下滑≥20%,曝光/点击/CTR/CVR/ACOS/ROAS/活动清单
B0CF4CQ7SK,KC4PSP17400,2026-W36,2026-W35,0.0,0.0,,0.0,0.0,,0.0,0.0,0.0,0.0,,,,,,,,曝光/点击/CTR/CVR/ACOS/ROAS/活动清单
B0CF5F916G,KC4PSP17600,2026-W36,2026-W35,0.0,0.0,,0.0,0.0,,18.63,22.37,-31.76,-35.19,,,,,,,,曝光/点击/CTR/CVR/ACOS/ROAS/活动清单
B0CFF3SMT8,KC4PSP18200,2026-W36,2026-W35,0.0,0.0,,0.0,0.0,,0.0,0.0,0.0,0.0,,,,,,,,曝光/点击/CTR/CVR/ACOS/ROAS/活动清单
B0CGMF52M4,KC4PSP17300,2026-W36,2026-W35,0.0,0.0,,0.0,0.0,,0.0,0.0,0.0,0.0,,,,,,,,曝光/点击/CTR/CVR/ACOS/ROAS/活动清单
B0CGMFTFJ5,KC4PSP16000,2026-W36,2026-W35,0.0,0.0,,0.0,0.0,,0.0,0.0,0.0,0.0,,,,,,,,曝光/点击/CTR/CVR/ACOS/ROAS/活动清单
B0CHRY9LFW,KC4SGE00400,2026-W36,2026-W35,0.0,0.0,,0.0,0.0,,0.0,0.0,0.0,0.0,,,,,,,,曝光/点击/CTR/CVR/ACOS/ROAS/活动清单
B0CM5J3D3R,KC4PSP18100,2026-W36,2026-W35,0.0,0.0,,0.0,0.0,,0.0,0.0,0.0,0.0,,,,,,,,曝光/点击/CTR/CVR/ACOS/ROAS/活动清单
B0CM5KXCBC,KC4PSP17000,2026-W36,2026-W35,0.0,0.0,,0.0,0.0,,0.0,0.0,0.0,0.0,,,,,,,,曝光/点击/CTR/CVR/ACOS/ROAS/活动清单
B0CM5M5Y9P,KC4PSP17100,2026-W36,2026-W35,0.0,0.0,,0.0,0.0,,0.0,5.44,0.0,-5.44,,,,,,,,曝光/点击/CTR/CVR/ACOS/ROAS/活动清单
B0CM6LF2PG,KC4PSP17400,2026-W36,2026-W35,0.0,0.0,,0.0,0.0,,0.0,0.0,0.0,0.0,,,,,,,,曝光/点击/CTR/CVR/ACOS/ROAS/活动清单
B0CM8VCS3W,KC4PSP18200,2026-W36,2026-W35,0.0,0.0,,0.0,0.0,,0.0,0.0,0.0,0.0,,,,,,,,曝光/点击/CTR/CVR/ACOS/ROAS/活动清单
B0CM97Y53C,KC4PSP17100,2026-W36,2026-W35,0.0,0.0,,0.0,0.0,,0.0,0.0,0.0,0.0,,,,,,,,曝光/点击/CTR/CVR/ACOS/ROAS/活动清单
B0CM987JTK,KC4PSP17200,2026-W36,2026-W35,1.0,0.0,N/A,1130.5,0.0,N/A,12.85,0.0,135.97,0.0,12.03,,,1.14,,,,曝光/点击/CTR/CVR/ACOS/ROAS/活动清单
B0CM98WTYV,KC4PSP16000,2026-W36,2026-W35,0.0,0.0,,0.0,0.0,,0.0,0.0,0.0,0.0,,,,,,,,曝光/点击/CTR/CVR/ACOS/ROAS/活动清单
B0CM99BGZD,KC4PSP18200,2026-W36,2026-W35,0.0,0.0,,0.0,0.0,,0.0,0.0,0.0,0.0,,,,,,,,曝光/点击/CTR/CVR/ACOS/ROAS/活动清单
B0CM9B1YL9,KC4SGE00300,2026-W36,2026-W35,0.0,0.0,,0.0,0.0,,0.0,0.0,0.0,0.0,,,,,,,,曝光/点击/CTR/CVR/ACOS/ROAS/活动清单
B0CM9B9ZBS,KC4SGE01700,2026-W36,2026-W35,0.0,0.0,,0.0,0.0,,0.0,0.0,0.0,0.0,,,,,,,,曝光/点击/CTR/CVR/ACOS/ROAS/活动清单
B0CM9BBVKZ,KC4PSP17300,2026-W36,2026-W35,0.0,0.0,,0.0,0.0,,0.0,0.0,0.0,0.0,,,,,,,,曝光/点击/CTR/CVR/ACOS/ROAS/活动清单
B0CM9BQJX2,KC4SGE01200,2026-W36,2026-W35,0.0,0.0,,0.0,0.0,,0.0,0.0,0.0,0.0,,,,,,,,曝光/点击/CTR/CVR/ACOS/ROAS/活动清单
B0CN12FKX6,KC4PSP16700,2026-W36,2026-W35,1.0,0.0,N/A,930.17,0.0,N/A,0.0,0.0,113.38,0.0,12.19,,,0.0,,,,曝光/点击/CTR/CVR/ACOS/ROAS/活动清单
B0CN138TN6,KC4PSP17500,2026-W36,2026-W35,0.0,0.0,,0.0,0.0,,0.0,0.0,0.0,0.0,,,,,,,,曝光/点击/CTR/CVR/ACOS/ROAS/活动清单
B0CN13GFRJ,KC4PSP16200,2026-W36,2026-W35,0.0,0.0,,0.0,0.0,,0.0,0.0,0.0,0.0,,,,,,,,曝光/点击/CTR/CVR/ACOS/ROAS/活动清单
B0CN142XPS,KC4PSP16000,2026-W36,2026-W35,0.0,0.0,,0.0,0.0,,0.0,0.0,-20.25,-53.01,,,,,,,,曝光/点击/CTR/CVR/ACOS/ROAS/活动清单
B0CN1487MF,KC4PSP16300,2026-W36,2026-W35,0.0,0.0,,0.0,0.0,,0.0,0.0,0.0,0.0,,,,,,,,曝光/点击/CTR/CVR/ACOS/ROAS/活动清单
B0CN14FJP6,KC4PSP16500,2026-W36,2026-W35,0.0,0.0,,0.0,0.0,,0.0,0.0,0.0,0.0,,,,,,,,曝光/点击/CTR/CVR/ACOS/ROAS/活动清单
B0CN14KWCH,KC4PSP18000,2026-W36,2026-W35,0.0,0.0,,0.0,0.0,,0.0,0.0,0.0,0.0,,,,,,,,曝光/点击/CTR/CVR/ACOS/ROAS/活动清单
B0CN14M1B4,KC4PSP16800,2026-W36,2026-W35,0.0,0.0,,0.0,0.0,,10.88,9.25,-10.88,-9.25,,,,,,,,曝光/点击/CTR/CVR/ACOS/ROAS/活动清单
B0CN15GSSJ,KC4PSP16700,2026-W36,2026-W35,0.0,0.0,,0.0,0.0,,0.0,0.0,0.0,0.0,,,,,,,,曝光/点击/CTR/CVR/ACOS/ROAS/活动清单
B0CN15P14D,KC4PSP16000,2026-W36,2026-W35,2.0,4.0,-50.0,2025.99,4051.98,-50.0,16.25,65.14,234.05,458.08,11.55,11.31,2.19,0.8,1.61,-50.1,单量下滑≥20%；销售额下滑≥20%,曝光/点击/CTR/CVR/ACOS/ROAS/活动清单
B0CN15ZVKL,KC4PSP16200,2026-W36,2026-W35,0.0,0.0,,0.0,0.0,,0.0,0.0,0.0,0.0,,,,,,,,曝光/点击/CTR/CVR/ACOS/ROAS/活动清单
B0CN16BJH1,KC4PSP16500,2026-W36,2026-W35,0.0,0.0,,0.0,0.0,,0.0,0.0,0.0,0.0,,,,,,,,曝光/点击/CTR/CVR/ACOS/ROAS/活动清单
B0CN16BX1P,KC4PSP17300,2026-W36,2026-W35,0.0,0.0,,0.0,0.0,,0.0,28.97,0.0,-28.97,,,,,,,,曝光/点击/CTR/CVR/ACOS/ROAS/活动清单
B0CN16M9RX,KC4PSP17600,2026-W36,2026-W35,0.0,0.0,,0.0,0.0,,0.0,0.0,0.0,0.0,,,,,,,,曝光/点击/CTR/CVR/ACOS/ROAS/活动清单
B0CN16WLHC,KC4PSP18100,2026-W36,2026-W35,0.0,0.0,,0.0,0.0,,4.49,2.24,-4.49,-2.24,,,,,,,,曝光/点击/CTR/CVR/ACOS/ROAS/活动清单
B0CN179KRG,KC4PSP16000,2026-W36,2026-W35,0.0,0.0,,0.0,0.0,,0.0,0.0,-1.57,-6.67,,,,,,,,曝光/点击/CTR/CVR/ACOS/ROAS/活动清单
B0CN17GBN5,KC4PSP16100,2026-W36,2026-W35,1.0,3.0,-66.67,863.53,2590.6,-66.67,30.12,170.61,117.29,304.08,13.58,11.74,15.71,3.49,6.59,-47.04,单量下滑≥20%；销售额下滑≥20%,曝光/点击/CTR/CVR/ACOS/ROAS/活动清单
B0CN17T7DS,KC4PSP18000,2026-W36,2026-W35,0.0,0.0,,0.0,0.0,,0.0,0.0,0.0,0.0,,,,,,,,曝光/点击/CTR/CVR/ACOS/ROAS/活动清单
B0CN1868JM,KC4PSP17900,2026-W36,2026-W35,1.0,1.0,0.0,952.0,952.0,0.0,8.7,0.0,136.62,145.9,14.35,15.33,-6.36,0.91,0.0,N/A,,曝光/点击/CTR/CVR/ACOS/ROAS/活动清单
B0CN18DYWC,KC4PSP16200,2026-W36,2026-W35,0.0,0.0,,0.0,0.0,,0.0,0.0,0.0,0.0,,,,,,,,曝光/点击/CTR/CVR/ACOS/ROAS/活动清单
B0CN18G4KY,KC4PSP17500,2026-W36,2026-W35,0.0,0.0,,0.0,0.0,,0.0,0.0,0.0,0.0,,,,,,,,曝光/点击/CTR/CVR/ACOS/ROAS/活动清单
B0CN18MW7K,KC4PSP16900,2026-W36,2026-W35,0.0,0.0,,0.0,0.0,,0.0,0.0,0.0,0.0,,,,,,,,曝光/点击/CTR/CVR/ACOS/ROAS/活动清单
B0CN6BS12J,KC4PSP16500,2026-W36,2026-W35,1.0,0.0,N/A,884.0,0.0,N/A,0.0,0.0,150.06,0.0,16.98,,,0.0,,,,曝光/点击/CTR/CVR/ACOS/ROAS/活动清单
B0CN6CLFVC,KC4PSP17900,2026-W36,2026-W35,0.0,0.0,,0.0,0.0,,3.26,0.0,-3.26,0.0,,,,,,,,曝光/点击/CTR/CVR/ACOS/ROAS/活动清单
B0CN6CPCGN,KC4PSP16600,2026-W36,2026-W35,0.0,0.0,,0.0,0.0,,3.26,0.0,-3.26,0.0,,,,,,,,曝光/点击/CTR/CVR/ACOS/ROAS/活动清单
B0CN6CTMXS,KC4PSP16200,2026-W36,2026-W35,0.0,0.0,,0.0,0.0,,0.0,0.0,0.0,0.0,,,,,,,,曝光/点击/CTR/CVR/ACOS/ROAS/活动清单
B0CN6WBH73,KC4PSP17400,2026-W36,2026-W35,0.0,0.0,,0.0,0.0,,0.0,0.0,0.0,0.0,,,,,,,,曝光/点击/CTR/CVR/ACOS/ROAS/活动清单
B0CN6WX6L3,KC4PSP18200,2026-W36,2026-W35,0.0,0.0,,0.0,0.0,,0.0,0.0,0.0,0.0,,,,,,,,曝光/点击/CTR/CVR/ACOS/ROAS/活动清单
B0CN6XCKMD,KC4PSP17500,2026-W36,2026-W35,0.0,0.0,,0.0,0.0,,0.0,0.0,0.0,0.0,,,,,,,,曝光/点击/CTR/CVR/ACOS/ROAS/活动清单
B0CN9C2CYX,KC4PSP18000,2026-W36,2026-W35,0.0,0.0,,0.0,0.0,,0.0,0.0,0.0,0.0,,,,,,,,曝光/点击/CTR/CVR/ACOS/ROAS/活动清单
B0CN9F1FVY,KC4PSP16000,2026-W36,2026-W35,0.0,0.0,,0.0,0.0,,0.0,0.0,0.0,0.0,,,,,,,,曝光/点击/CTR/CVR/ACOS/ROAS/活动清单
B0CN9F6LTF,KC4SGE00400,2026-W36,2026-W35,0.0,0.0,,0.0,0.0,,5.98,11.15,-5.98,-11.15,,,,,,,,曝光/点击/CTR/CVR/ACOS/ROAS/活动清单
B0CN9FW5CF,KC4PSP17400,2026-W36,2026-W35,0.0,0.0,,0.0,0.0,,0.0,0.0,0.0,0.0,,,,,,,,曝光/点击/CTR/CVR/ACOS/ROAS/活动清单
B0CN9GPBF4,KC4PSP16100,2026-W36,2026-W35,0.0,0.0,,0.0,0.0,,0.0,0.0,0.0,0.0,,,,,,,,曝光/点击/CTR/CVR/ACOS/ROAS/活动清单
B0CN9J33S8,KC4PSP17000,2026-W36,2026-W35,0.0,0.0,,0.0,0.0,,0.0,0.0,0.0,0.0,,,,,,,,曝光/点击/CTR/CVR/ACOS/ROAS/活动清单
B0CNKBY7KX,KC4SGE00400,2026-W36,2026-W35,0.0,0.0,,0.0,0.0,,0.0,0.0,0.0,0.0,,,,,,,,曝光/点击/CTR/CVR/ACOS/ROAS/活动清单
B0CNKDRQ69,KC4PSP18200,2026-W36,2026-W35,0.0,0.0,,0.0,0.0,,0.0,0.0,0.0,0.0,,,,,,,,曝光/点击/CTR/CVR/ACOS/ROAS/活动清单
B0CNKF8XSM,KC4SGE04200,2026-W36,2026-W35,0.0,0.0,,0.0,0.0,,0.0,0.0,0.0,0.0,,,,,,,,曝光/点击/CTR/CVR/ACOS/ROAS/活动清单
B0CP22PCQC,KC4SGE01600,2026-W36,2026-W35,0.0,0.0,,0.0,0.0,,0.0,0.0,0.0,0.0,,,,,,,,曝光/点击/CTR/CVR/ACOS/ROAS/活动清单
B0CP23HY13,KC4PSP16500,2026-W36,2026-W35,0.0,0.0,,0.0,0.0,,0.0,0.0,0.0,0.0,,,,,,,,曝光/点击/CTR/CVR/ACOS/ROAS/活动清单
B0CP24LPPZ,KC4PSP16600,2026-W36,2026-W35,0.0,0.0,,0.0,0.0,,0.0,0.0,0.0,0.0,,,,,,,,曝光/点击/CTR/CVR/ACOS/ROAS/活动清单
B0CP3Q1M6Z,KC4SGE00500,2026-W36,2026-W35,0.0,0.0,,0.0,0.0,,0.0,0.0,0.0,0.0,,,,,,,,曝光/点击/CTR/CVR/ACOS/ROAS/活动清单
B0CP3QH3W5,KC4PSP17200,2026-W36,2026-W35,0.0,0.0,,0.0,0.0,,0.0,0.0,0.0,0.0,,,,,,,,曝光/点击/CTR/CVR/ACOS/ROAS/活动清单
B0CP3SZD61,KC4PSP15800,2026-W36,2026-W35,0.0,0.0,,0.0,0.0,,0.0,0.0,0.0,0.0,,,,,,,,曝光/点击/CTR/CVR/ACOS/ROAS/活动清单
B0CP4PKXTR,KC4PSP16100,2026-W36,2026-W35,0.0,0.0,,0.0,0.0,,0.0,0.0,0.0,0.0,,,,,,,,曝光/点击/CTR/CVR/ACOS/ROAS/活动清单
B0CPF6QQNV,KC4SGE00400,2026-W36,2026-W35,0.0,0.0,,0.0,0.0,,0.0,0.0,0.0,0.0,,,,,,,,曝光/点击/CTR/CVR/ACOS/ROAS/活动清单
B0CPF7F4QL,KC4SGE03400,2026-W36,2026-W35,0.0,0.0,,0.0,0.0,,6.32,0.0,-6.32,0.0,,,,,,,,曝光/点击/CTR/CVR/ACOS/ROAS/活动清单
B0CPFCXGMR,KC4PSP17400,2026-W36,2026-W35,0.0,0.0,,0.0,0.0,,9.25,11.29,-9.25,-11.29,,,,,,,,曝光/点击/CTR/CVR/ACOS/ROAS/活动清单
B0CPHPVTR4,KC4PSP16100,2026-W36,2026-W35,0.0,0.0,,0.0,0.0,,0.0,0.0,0.0,0.0,,,,,,,,曝光/点击/CTR/CVR/ACOS/ROAS/活动清单
B0CPLYQPPW,KC4PSP17100,2026-W36,2026-W35,0.0,0.0,,0.0,0.0,,2.04,6.12,-5.59,-18.56,,,,,,,,曝光/点击/CTR/CVR/ACOS/ROAS/活动清单
B0CPLZN7R3,KC4PSP17400,2026-W36,2026-W35,0.0,0.0,,0.0,0.0,,0.0,0.0,0.0,0.0,,,,,,,,曝光/点击/CTR/CVR/ACOS/ROAS/活动清单
B0CPLZT789,KC4SGE03400,2026-W36,2026-W35,0.0,0.0,,0.0,0.0,,0.0,0.0,0.0,0.0,,,,,,,,曝光/点击/CTR/CVR/ACOS/ROAS/活动清单
B0CPLZXQ14,KC4SGE03400,2026-W36,2026-W35,0.0,0.0,,0.0,0.0,,18.43,0.0,-18.43,0.0,,,,,,,,曝光/点击/CTR/CVR/ACOS/ROAS/活动清单
B0CPLZYXGY,KC4SGE01600,2026-W36,2026-W35,0.0,0.0,,0.0,0.0,,0.0,0.0,0.0,0.0,,,,,,,,曝光/点击/CTR/CVR/ACOS/ROAS/活动清单
B0CPM2KRK3,KC4PSP17100,2026-W36,2026-W35,0.0,0.0,,0.0,0.0,,0.0,0.0,0.0,0.0,,,,,,,,曝光/点击/CTR/CVR/ACOS/ROAS/活动清单
B0CQYS2SH3,KC4SGE00100,2026-W36,2026-W35,0.0,0.0,,0.0,0.0,,0.0,0.0,0.0,0.0,,,,,,,,曝光/点击/CTR/CVR/ACOS/ROAS/活动清单
B0CQYS4C9Y,KC4PSP17900,2026-W36,2026-W35,0.0,0.0,,0.0,0.0,,0.0,0.0,0.0,0.0,,,,,,,,曝光/点击/CTR/CVR/ACOS/ROAS/活动清单
B0CQYS992X,KC4SGE04900,2026-W36,2026-W35,0.0,0.0,,0.0,0.0,,0.0,0.0,0.0,0.0,,,,,,,,曝光/点击/CTR/CVR/ACOS/ROAS/活动清单
B0CQYSPWWG,KC4PSP15900,2026-W36,2026-W35,0.0,0.0,,0.0,0.0,,0.0,0.0,0.0,0.0,,,,,,,,曝光/点击/CTR/CVR/ACOS/ROAS/活动清单
B0CQYSTBJZ,KC4PSP16400,2026-W36,2026-W35,0.0,0.0,,0.0,0.0,,0.0,0.0,0.0,0.0,,,,,,,,曝光/点击/CTR/CVR/ACOS/ROAS/活动清单
B0CQYT9QVX,KC4SGE03400,2026-W36,2026-W35,0.0,0.0,,0.0,0.0,,18.29,0.0,-18.29,0.0,,,,,,,,曝光/点击/CTR/CVR/ACOS/ROAS/活动清单
B0CQYV24BD,KC4PSP18000,2026-W36,2026-W35,0.0,0.0,,0.0,0.0,,0.0,0.0,0.0,0.0,,,,,,,,曝光/点击/CTR/CVR/ACOS/ROAS/活动清单
B0CQYVJJLW,KC4PSP17100,2026-W36,2026-W35,0.0,0.0,,0.0,0.0,,0.0,0.0,0.0,0.0,,,,,,,,曝光/点击/CTR/CVR/ACOS/ROAS/活动清单
B0CQYVR54J,KC4SGE01600,2026-W36,2026-W35,0.0,0.0,,0.0,0.0,,0.0,0.0,0.0,0.0,,,,,,,,曝光/点击/CTR/CVR/ACOS/ROAS/活动清单
B0CR18HZJC,KC4SGE05300,2026-W36,2026-W35,1.0,0.0,N/A,654.02,0.0,N/A,2.04,7.89,109.01,-7.89,16.67,,,0.31,,,,曝光/点击/CTR/CVR/ACOS/ROAS/活动清单
B0CR18XR8H,KC4SGE04300,2026-W36,2026-W35,0.0,0.0,,0.0,0.0,,0.0,0.0,0.0,0.0,,,,,,,,曝光/点击/CTR/CVR/ACOS/ROAS/活动清单
B0CR18XSVX,KC4SGE05200,2026-W36,2026-W35,0.0,0.0,,0.0,0.0,,0.0,0.0,0.0,0.0,,,,,,,,曝光/点击/CTR/CVR/ACOS/ROAS/活动清单
B0CR1B3BYT,KC4SGE05000,2026-W36,2026-W35,0.0,0.0,,0.0,0.0,,0.0,0.0,0.0,0.0,,,,,,,,曝光/点击/CTR/CVR/ACOS/ROAS/活动清单
B0CR42YFR6,KC4SGE04700,2026-W36,2026-W35,0.0,0.0,,0.0,0.0,,0.0,0.0,0.0,0.0,,,,,,,,曝光/点击/CTR/CVR/ACOS/ROAS/活动清单
B0CRB2FJJY,KC4PSP18100,2026-W36,2026-W35,0.0,0.0,,0.0,0.0,,0.0,0.0,0.0,0.0,,,,,,,,曝光/点击/CTR/CVR/ACOS/ROAS/活动清单
B0CRB2FJK9,KC4SGE04600,2026-W36,2026-W35,0.0,0.0,,0.0,0.0,,0.0,0.0,0.0,0.0,,,,,,,,曝光/点击/CTR/CVR/ACOS/ROAS/活动清单
B0CRB2NSNX,KC4SGE05200,2026-W36,2026-W35,0.0,0.0,,0.0,0.0,,0.0,0.0,-3.64,-12.73,,,,,,,,曝光/点击/CTR/CVR/ACOS/ROAS/活动清单
B0CRB2W852,KC4PSP16800,2026-W36,2026-W35,0.0,0.0,,0.0,0.0,,4.76,10.61,-4.76,-10.61,,,,,,,,曝光/点击/CTR/CVR/ACOS/ROAS/活动清单
B0CRB2YR83,KC4PSP18200,2026-W36,2026-W35,0.0,0.0,,0.0,0.0,,0.0,0.0,0.0,0.0,,,,,,,,曝光/点击/CTR/CVR/ACOS/ROAS/活动清单
B0CRB34Y8V,KC4PSP16100,2026-W36,2026-W35,0.0,0.0,,0.0,0.0,,0.0,0.0,0.0,0.0,,,,,,,,曝光/点击/CTR/CVR/ACOS/ROAS/活动清单
B0CRB38T48,KC4SGE03000,2026-W36,2026-W35,0.0,0.0,,0.0,0.0,,29.04,0.0,-29.04,0.0,,,,,,,,曝光/点击/CTR/CVR/ACOS/ROAS/活动清单
B0CRB3J8ZW,KC4PSP16600,2026-W36,2026-W35,0.0,1.0,-100.0,0.0,863.6,-100.0,0.0,5.64,-41.93,90.5,,10.48,,,0.65,,单量下滑≥20%；销售额下滑≥20%,曝光/点击/CTR/CVR/ACOS/ROAS/活动清单
B0CRB3W6SS,KC4PSP17500,2026-W36,2026-W35,0.0,0.0,,0.0,0.0,,0.0,0.0,0.0,0.0,,,,,,,,曝光/点击/CTR/CVR/ACOS/ROAS/活动清单
B0CRB4BLSY,KC4SGE02500,2026-W36,2026-W35,0.0,0.0,,0.0,0.0,,0.0,0.0,0.0,0.0,,,,,,,,曝光/点击/CTR/CVR/ACOS/ROAS/活动清单
B0CRRMW2TY,KC4PSP17000,2026-W36,2026-W35,0.0,0.0,,0.0,0.0,,0.0,0.0,0.0,0.0,,,,,,,,曝光/点击/CTR/CVR/ACOS/ROAS/活动清单
B0CRYMGRST,KC4SGE03500,2026-W36,2026-W35,0.0,0.0,,0.0,0.0,,0.0,0.0,0.0,0.0,,,,,,,,曝光/点击/CTR/CVR/ACOS/ROAS/活动清单
B0CSYB8ZYC,KC4PSP17100,2026-W36,2026-W35,0.0,0.0,,0.0,0.0,,0.0,0.0,0.0,0.0,,,,,,,,曝光/点击/CTR/CVR/ACOS/ROAS/活动清单
B0CSYFB6P2,KC4PSP18200,2026-W36,2026-W35,0.0,1.0,-100.0,0.0,1162.8,-100.0,14.14,2.72,-14.14,252.33,,21.7,,,0.23,,单量下滑≥20%；销售额下滑≥20%,曝光/点击/CTR/CVR/ACOS/ROAS/活动清单
B0CSYRCQ6B,KC4SGE00600,2026-W36,2026-W35,0.0,0.0,,0.0,0.0,,2.72,0.0,-2.72,0.0,,,,,,,,曝光/点击/CTR/CVR/ACOS/ROAS/活动清单
B0CWKPGTGY,KC4SGE04300,2026-W36,2026-W35,0.0,0.0,,0.0,0.0,,0.0,0.0,0.0,0.0,,,,,,,,曝光/点击/CTR/CVR/ACOS/ROAS/活动清单
B0CX16JK94,KC4PSP15800,2026-W36,2026-W35,0.0,0.0,,0.0,0.0,,20.54,14.48,-20.54,-14.48,,,,,,,,曝光/点击/CTR/CVR/ACOS/ROAS/活动清单
B0CX1CBMTY,KC4SGE03000,2026-W36,2026-W35,0.0,0.0,,0.0,0.0,,0.0,0.0,0.0,0.0,,,,,,,,曝光/点击/CTR/CVR/ACOS/ROAS/活动清单
B0CX1CHLNC,KC4SGE03800,2026-W36,2026-W35,0.0,0.0,,0.0,0.0,,0.0,0.0,0.0,0.0,,,,,,,,曝光/点击/CTR/CVR/ACOS/ROAS/活动清单
B0CX1CKPYX,KC4SGE05000,2026-W36,2026-W35,0.0,0.0,,0.0,0.0,,0.0,0.0,0.0,0.0,,,,,,,,曝光/点击/CTR/CVR/ACOS/ROAS/活动清单
B0CX1DNSRM,KC4SGE02700,2026-W36,2026-W35,0.0,0.0,,0.0,0.0,,6.53,12.38,-6.53,-12.38,,,,,,,,曝光/点击/CTR/CVR/ACOS/ROAS/活动清单
B0CX1DS5ZW,KC4SGE04800,2026-W36,2026-W35,0.0,0.0,,0.0,0.0,,12.72,13.06,-14.8,-21.88,,,,,,,,曝光/点击/CTR/CVR/ACOS/ROAS/活动清单
B0CX1DX6S7,KC4PSP16900,2026-W36,2026-W35,0.0,0.0,,0.0,0.0,,0.0,0.0,0.0,0.0,,,,,,,,曝光/点击/CTR/CVR/ACOS/ROAS/活动清单
B0CX1DYCRD,KC4PSP18200,2026-W36,2026-W35,0.0,0.0,,0.0,0.0,,0.0,0.0,0.0,0.0,,,,,,,,曝光/点击/CTR/CVR/ACOS/ROAS/活动清单
B0CX1F51V6,KC4SGE03500,2026-W36,2026-W35,0.0,0.0,,0.0,0.0,,0.0,0.0,0.0,0.0,,,,,,,,曝光/点击/CTR/CVR/ACOS/ROAS/活动清单
B0CX1F5VXT,KC4SGE02500,2026-W36,2026-W35,0.0,0.0,,0.0,0.0,,0.0,0.0,0.0,0.0,,,,,,,,曝光/点击/CTR/CVR/ACOS/ROAS/活动清单
B0CX1FW5TT,KC4SGE00300,2026-W36,2026-W35,0.0,0.0,,0.0,0.0,,0.0,0.0,0.0,0.0,,,,,,,,曝光/点击/CTR/CVR/ACOS/ROAS/活动清单
B0CX1G1XLP,KC4SGE02400,2026-W36,2026-W35,0.0,0.0,,0.0,0.0,,0.0,0.0,0.0,0.0,,,,,,,,曝光/点击/CTR/CVR/ACOS/ROAS/活动清单
B0CX1GHM1R,KC4PSP16800,2026-W36,2026-W35,0.0,0.0,,0.0,0.0,,0.0,0.0,0.0,0.0,,,,,,,,曝光/点击/CTR/CVR/ACOS/ROAS/活动清单
B0CX1H6BD7,KC4PSP18000,2026-W36,2026-W35,0.0,0.0,,0.0,0.0,,0.0,0.0,0.0,0.0,,,,,,,,曝光/点击/CTR/CVR/ACOS/ROAS/活动清单
B0CX4TJ1VN,KC4SGE00900,2026-W36,2026-W35,0.0,0.0,,0.0,0.0,,0.0,0.0,0.0,0.0,,,,,,,,曝光/点击/CTR/CVR/ACOS/ROAS/活动清单
B0CX4TPF16,KC4SGE02400,2026-W36,2026-W35,0.0,0.0,,0.0,0.0,,0.0,0.0,0.0,0.0,,,,,,,,曝光/点击/CTR/CVR/ACOS/ROAS/活动清单
B0CX4TSZG5,KC4PSP17700,2026-W36,2026-W35,0.0,0.0,,0.0,0.0,,0.0,0.0,0.0,0.0,,,,,,,,曝光/点击/CTR/CVR/ACOS/ROAS/活动清单
B0CX4VGCWW,KC4PSP17800,2026-W36,2026-W35,0.0,0.0,,0.0,0.0,,0.0,0.0,0.0,0.0,,,,,,,,曝光/点击/CTR/CVR/ACOS/ROAS/活动清单
B0CX4VNJK1,KC4PSP16000,2026-W36,2026-W35,0.0,0.0,,0.0,0.0,,0.0,0.0,0.0,0.0,,,,,,,,曝光/点击/CTR/CVR/ACOS/ROAS/活动清单
B0CX4W842Q,KC4SGE03200,2026-W36,2026-W35,0.0,0.0,,0.0,0.0,,3.4,3.06,-3.4,-3.06,,,,,,,,曝光/点击/CTR/CVR/ACOS/ROAS/活动清单
B0CX4W8JJ2,KC4SGE03100,2026-W36,2026-W35,0.0,0.0,,0.0,0.0,,0.0,0.0,0.0,0.0,,,,,,,,曝光/点击/CTR/CVR/ACOS/ROAS/活动清单
B0CX4W95SD,KC4PSP16900,2026-W36,2026-W35,0.0,0.0,,0.0,0.0,,0.0,0.0,-3.47,-695.53,,,,,,,,曝光/点击/CTR/CVR/ACOS/ROAS/活动清单
B0CX4X1TH8,KC4SGE01300,2026-W36,2026-W35,0.0,0.0,,0.0,0.0,,0.0,0.0,0.0,0.0,,,,,,,,曝光/点击/CTR/CVR/ACOS/ROAS/活动清单
B0CX4X2XRY,KC4PSP15800,2026-W36,2026-W35,0.0,0.0,,0.0,0.0,,0.0,0.0,0.0,0.0,,,,,,,,曝光/点击/CTR/CVR/ACOS/ROAS/活动清单
B0CX4X9LRT,KC4SGE05500,2026-W36,2026-W35,0.0,0.0,,0.0,0.0,,0.0,0.0,0.0,0.0,,,,,,,,曝光/点击/CTR/CVR/ACOS/ROAS/活动清单
B0CX4YQGBK,KC4SGE03800,2026-W36,2026-W35,0.0,0.0,,0.0,0.0,,0.0,0.0,0.0,0.0,,,,,,,,曝光/点击/CTR/CVR/ACOS/ROAS/活动清单
B0CX4YQGG9,KC4PSP17700,2026-W36,2026-W35,0.0,0.0,,0.0,0.0,,0.0,0.0,0.0,0.0,,,,,,,,曝光/点击/CTR/CVR/ACOS/ROAS/活动清单
B0CX4YVCVD,KC4SGE02700,2026-W36,2026-W35,0.0,0.0,,0.0,0.0,,0.0,0.0,0.0,0.0,,,,,,,,曝光/点击/CTR/CVR/ACOS/ROAS/活动清单
B0CX4ZL7FL,KC4SGE01400,2026-W36,2026-W35,0.0,0.0,,0.0,0.0,,0.0,0.0,0.0,0.0,,,,,,,,曝光/点击/CTR/CVR/ACOS/ROAS/活动清单
B0CX4ZYC1T,KC4PSP16200,2026-W36,2026-W35,0.0,0.0,,0.0,0.0,,0.0,0.0,0.0,0.0,,,,,,,,曝光/点击/CTR/CVR/ACOS/ROAS/活动清单
B0CX51BDLL,KC4PSP16100,2026-W36,2026-W35,0.0,0.0,,0.0,0.0,,0.0,0.0,0.0,0.0,,,,,,,,曝光/点击/CTR/CVR/ACOS/ROAS/活动清单
B0CX54G77T,KC4PSP17100,2026-W36,2026-W35,0.0,0.0,,0.0,0.0,,0.0,0.0,0.0,0.0,,,,,,,,曝光/点击/CTR/CVR/ACOS/ROAS/活动清单
B0CX54MGG8,KC4SGE01600,2026-W36,2026-W35,0.0,0.0,,0.0,0.0,,0.0,0.0,0.0,0.0,,,,,,,,曝光/点击/CTR/CVR/ACOS/ROAS/活动清单
B0CX55D1S9,KC4PSP16600,2026-W36,2026-W35,1.0,1.0,0.0,863.6,863.6,0.0,13.19,4.42,88.72,90.59,10.27,10.49,-2.06,1.53,0.51,198.46,TACOS上升≥30%,曝光/点击/CTR/CVR/ACOS/ROAS/活动清单
B0CX56Q29K,KC4PSP17500,2026-W36,2026-W35,0.0,0.0,,0.0,0.0,,0.0,0.0,0.0,0.0,,,,,,,,曝光/点击/CTR/CVR/ACOS/ROAS/活动清单
B0CX56RHLV,KC4PSP15800,2026-W36,2026-W35,0.0,0.0,,0.0,0.0,,0.0,0.0,0.0,0.0,,,,,,,,曝光/点击/CTR/CVR/ACOS/ROAS/活动清单
B0CX58SGZS,KC4SGE02800,2026-W36,2026-W35,0.0,0.0,,0.0,0.0,,0.0,0.0,0.0,0.0,,,,,,,,曝光/点击/CTR/CVR/ACOS/ROAS/活动清单
B0CX58WJ7N,KC4PSP17800,2026-W36,2026-W35,0.0,0.0,,0.0,0.0,,0.0,0.0,0.0,0.0,,,,,,,,曝光/点击/CTR/CVR/ACOS/ROAS/活动清单
B0D13MZ7N5,KC4PSP16600,2026-W36,2026-W35,0.0,0.0,,0.0,0.0,,0.0,0.0,-7.11,0.0,,,,,,,,曝光/点击/CTR/CVR/ACOS/ROAS/活动清单
B0D13WH5KW,KC4SGE03000,2026-W36,2026-W35,0.0,0.0,,0.0,0.0,,3.81,5.98,-3.81,-5.98,,,,,,,,曝光/点击/CTR/CVR/ACOS/ROAS/活动清单
B0D13ZZV5H,KC4PSP17800,2026-W36,2026-W35,0.0,0.0,,0.0,0.0,,0.0,0.0,0.0,0.0,,,,,,,,曝光/点击/CTR/CVR/ACOS/ROAS/活动清单
B0D1415XXY,KC4SGE05400,2026-W36,2026-W35,0.0,0.0,,0.0,0.0,,0.0,0.0,0.0,0.0,,,,,,,,曝光/点击/CTR/CVR/ACOS/ROAS/活动清单
B0D144YZJ5,KC4SGE02400,2026-W36,2026-W35,0.0,0.0,,0.0,0.0,,0.0,0.0,0.0,0.0,,,,,,,,曝光/点击/CTR/CVR/ACOS/ROAS/活动清单
B0D146YW8J,KC4PSP16400,2026-W36,2026-W35,0.0,0.0,,0.0,0.0,,0.0,0.0,0.0,0.0,,,,,,,,曝光/点击/CTR/CVR/ACOS/ROAS/活动清单
B0D148HRC4,KC4SGE03100,2026-W36,2026-W35,0.0,0.0,,0.0,0.0,,0.0,0.0,0.0,0.0,,,,,,,,曝光/点击/CTR/CVR/ACOS/ROAS/活动清单
B0D149F7NM,KC4PSP18200,2026-W36,2026-W35,0.0,0.0,,0.0,0.0,,6.53,3.06,-6.53,-3.06,,,,,,,,曝光/点击/CTR/CVR/ACOS/ROAS/活动清单
B0D14BMGJ3,KC4PSP17700,2026-W36,2026-W35,0.0,0.0,,0.0,0.0,,0.0,0.0,0.0,0.0,,,,,,,,曝光/点击/CTR/CVR/ACOS/ROAS/活动清单
B0D14DZSF4,KC4SGE05100,2026-W36,2026-W35,0.0,0.0,,0.0,0.0,,20.33,8.36,-20.33,-8.36,,,,,,,,曝光/点击/CTR/CVR/ACOS/ROAS/活动清单
B0D14F2Q6D,KC4PSP18100,2026-W36,2026-W35,0.0,0.0,,0.0,0.0,,0.0,0.0,0.0,0.0,,,,,,,,曝光/点击/CTR/CVR/ACOS/ROAS/活动清单
B0D14FCDG5,KC4SGE02800,2026-W36,2026-W35,0.0,0.0,,0.0,0.0,,0.0,0.0,0.0,0.0,,,,,,,,曝光/点击/CTR/CVR/ACOS/ROAS/活动清单
B0D2CZ3LYW,KC4SGE05100,2026-W36,2026-W35,0.0,0.0,,0.0,0.0,,0.0,0.0,0.0,0.0,,,,,,,,曝光/点击/CTR/CVR/ACOS/ROAS/活动清单
B0D2D15TVX,KC4PSP16000,2026-W36,2026-W35,0.0,0.0,,0.0,0.0,,0.0,0.0,0.0,0.0,,,,,,,,曝光/点击/CTR/CVR/ACOS/ROAS/活动清单
B0D2D19CXW,KC4SGE05300,2026-W36,2026-W35,1.0,1.0,0.0,691.49,691.49,0.0,61.81,45.49,78.24,88.79,11.31,12.84,-11.88,8.94,6.58,35.87,TACOS上升≥30%,曝光/点击/CTR/CVR/ACOS/ROAS/活动清单
B0D2D1DKC1,KC4SGE02400,2026-W36,2026-W35,0.0,0.0,,0.0,0.0,,2.72,16.59,-2.72,-16.59,,,,,,,,曝光/点击/CTR/CVR/ACOS/ROAS/活动清单
B0D2D2Q921,KC4SGE00400,2026-W36,2026-W35,0.0,0.0,,0.0,0.0,,0.0,0.0,0.0,0.0,,,,,,,,曝光/点击/CTR/CVR/ACOS/ROAS/活动清单
B0D2D2S1WN,KC4SGE01700,2026-W36,2026-W35,0.0,0.0,,0.0,0.0,,0.0,0.0,0.0,0.0,,,,,,,,曝光/点击/CTR/CVR/ACOS/ROAS/活动清单
B0D46K8KV3,KC4PSP15800,2026-W36,2026-W35,0.0,0.0,,0.0,0.0,,1.9,1.9,-1.9,-1.9,,,,,,,,曝光/点击/CTR/CVR/ACOS/ROAS/活动清单
B0D47DKHT8,KC4PSP16700,2026-W36,2026-W35,0.0,0.0,,0.0,0.0,,0.0,0.0,0.0,0.0,,,,,,,,曝光/点击/CTR/CVR/ACOS/ROAS/活动清单
B0D47FDWWC,KC4PSP16200,2026-W36,2026-W35,0.0,0.0,,0.0,0.0,,0.0,0.0,0.0,0.0,,,,,,,,曝光/点击/CTR/CVR/ACOS/ROAS/活动清单
B0D48Q5L57,KC4SGE00700,2026-W36,2026-W35,0.0,0.0,,0.0,0.0,,0.0,0.0,0.0,0.0,,,,,,,,曝光/点击/CTR/CVR/ACOS/ROAS/活动清单
B0D575PRVS,KC4SGE05200,2026-W36,2026-W35,0.0,0.0,,0.0,0.0,,0.0,0.0,0.0,0.0,,,,,,,,曝光/点击/CTR/CVR/ACOS/ROAS/活动清单
B0D5764FBF,KC4SGE04600,2026-W36,2026-W35,0.0,0.0,,0.0,0.0,,2.72,0.0,-2.72,0.0,,,,,,,,曝光/点击/CTR/CVR/ACOS/ROAS/活动清单
B0D576K6R6,KC4PSP17300,2026-W36,2026-W35,0.0,0.0,,0.0,0.0,,0.0,0.0,0.0,0.0,,,,,,,,曝光/点击/CTR/CVR/ACOS/ROAS/活动清单
B0D577QJ2G,KC4PSP16100,2026-W36,2026-W35,0.0,0.0,,0.0,0.0,,0.0,0.0,0.0,0.0,,,,,,,,曝光/点击/CTR/CVR/ACOS/ROAS/活动清单
B0D5785Q19,KC4SGE00900,2026-W36,2026-W35,0.0,0.0,,0.0,0.0,,0.0,0.0,0.0,0.0,,,,,,,,曝光/点击/CTR/CVR/ACOS/ROAS/活动清单
B0D579TSP1,KC4SGE04200,2026-W36,2026-W35,0.0,0.0,,0.0,0.0,,6.65,27.97,-6.65,-27.97,,,,,,,,曝光/点击/CTR/CVR/ACOS/ROAS/活动清单
B0D5VL2VXB,KC4SGE05300,2026-W36,2026-W35,0.0,0.0,,0.0,0.0,,0.0,8.57,0.0,-8.57,,,,,,,,曝光/点击/CTR/CVR/ACOS/ROAS/活动清单
B0D5VLYGX8,KC4PSP16500,2026-W36,2026-W35,0.0,0.0,,0.0,0.0,,0.0,0.0,0.0,0.0,,,,,,,,曝光/点击/CTR/CVR/ACOS/ROAS/活动清单
B0D5VM1FST,KC4PSP17500,2026-W36,2026-W35,0.0,0.0,,0.0,0.0,,0.0,9.93,-3.44,-21.98,,,,,,,,曝光/点击/CTR/CVR/ACOS/ROAS/活动清单
B0D5VN4X6R,KC4SGE02800,2026-W36,2026-W35,0.0,0.0,,0.0,0.0,,0.0,0.0,0.0,0.0,,,,,,,,曝光/点击/CTR/CVR/ACOS/ROAS/活动清单
B0D5VN5XQW,KC4SGE03400,2026-W36,2026-W35,0.0,0.0,,0.0,0.0,,1.43,3.26,-1.43,-3.26,,,,,,,,曝光/点击/CTR/CVR/ACOS/ROAS/活动清单
B0D5VNG4G5,KC4PSP16000,2026-W36,2026-W35,0.0,0.0,,0.0,0.0,,0.0,0.0,0.0,0.0,,,,,,,,曝光/点击/CTR/CVR/ACOS/ROAS/活动清单
B0D5VNHDGQ,KC4PSP15800,2026-W36,2026-W35,0.0,0.0,,0.0,0.0,,0.0,0.0,0.0,0.0,,,,,,,,曝光/点击/CTR/CVR/ACOS/ROAS/活动清单
B0D5VNK2F7,KC4SGE04800,2026-W36,2026-W35,0.0,0.0,,0.0,0.0,,6.53,2.72,-11.02,-18.46,,,,,,,,曝光/点击/CTR/CVR/ACOS/ROAS/活动清单
B0D5VP53XT,KC4SGE05500,2026-W36,2026-W35,0.0,0.0,,0.0,0.0,,0.0,0.0,0.0,0.0,,,,,,,,曝光/点击/CTR/CVR/ACOS/ROAS/活动清单
B0D5VPPX2C,KC4PSP16200,2026-W36,2026-W35,0.0,0.0,,0.0,0.0,,14.69,5.51,-14.69,-5.51,,,,,,,,曝光/点击/CTR/CVR/ACOS/ROAS/活动清单
B0D5VQ98F7,KC4PSP15800,2026-W36,2026-W35,0.0,0.0,,0.0,0.0,,11.83,21.08,-21.47,-36.15,,,,,,,,曝光/点击/CTR/CVR/ACOS/ROAS/活动清单
B0D5W8JFPZ,KC4SGE02900,2026-W36,2026-W35,0.0,0.0,,0.0,0.0,,0.0,0.0,0.0,0.0,,,,,,,,曝光/点击/CTR/CVR/ACOS/ROAS/活动清单
B0D6LL2QZ8,KC4SGE04900,2026-W36,2026-W35,0.0,0.0,,0.0,0.0,,0.0,0.0,0.0,0.0,,,,,,,,曝光/点击/CTR/CVR/ACOS/ROAS/活动清单
B0D6LLKT4L,KC4SGE04900,2026-W36,2026-W35,0.0,0.0,,0.0,0.0,,5.44,5.98,-5.44,-5.98,,,,,,,,曝光/点击/CTR/CVR/ACOS/ROAS/活动清单
B0D6LMS4WJ,KC4SGE05300,2026-W36,2026-W35,1.0,0.0,N/A,659.53,0.0,N/A,0.0,0.0,109.54,0.0,16.61,,,0.0,,,,曝光/点击/CTR/CVR/ACOS/ROAS/活动清单
B0D6LNTYTG,KC4PSP17200,2026-W36,2026-W35,0.0,0.0,,0.0,0.0,,0.0,0.0,0.0,0.0,,,,,,,,曝光/点击/CTR/CVR/ACOS/ROAS/活动清单
B0D6LPFP5Z,KC4PSP15800,2026-W36,2026-W35,0.0,0.0,,0.0,0.0,,0.0,0.0,0.0,0.0,,,,,,,,曝光/点击/CTR/CVR/ACOS/ROAS/活动清单
B0D6LRBK82,KC4SGE02500,2026-W36,2026-W35,0.0,0.0,,0.0,0.0,,0.0,0.0,0.0,0.0,,,,,,,,曝光/点击/CTR/CVR/ACOS/ROAS/活动清单
B0DL55S89N,KC4SGE00900,2026-W36,2026-W35,0.0,0.0,,0.0,0.0,,0.0,0.0,-5.03,-21.35,,,,,,,,曝光/点击/CTR/CVR/ACOS/ROAS/活动清单
B0DL55X91S,KC4PSP17800,2026-W36,2026-W35,1.0,0.0,N/A,1360.0,0.0,N/A,16.52,25.84,299.98,-34.45,22.06,,,1.21,,,,曝光/点击/CTR/CVR/ACOS/ROAS/活动清单
B0DL56LYF8,KC4PSP16900,2026-W36,2026-W35,0.0,0.0,,0.0,0.0,,6.53,3.26,-6.53,-3.26,,,,,,,,曝光/点击/CTR/CVR/ACOS/ROAS/活动清单
B0DL56SP1J,KC4SGE01800,2026-W36,2026-W35,0.0,0.0,,0.0,0.0,,0.0,0.0,-3.93,-16.66,,,,,,,,曝光/点击/CTR/CVR/ACOS/ROAS/活动清单
B0DL574JW3,KC4PSP17200,2026-W36,2026-W35,0.0,0.0,,0.0,0.0,,13.6,14.14,-28.91,-24.53,,,,,,,,曝光/点击/CTR/CVR/ACOS/ROAS/活动清单
B0DL576PHY,KC4PSP16400,2026-W36,2026-W35,0.0,0.0,,0.0,0.0,,0.0,0.0,0.0,0.0,,,,,,,,曝光/点击/CTR/CVR/ACOS/ROAS/活动清单
B0DL57D6LW,KC4SGE02900,2026-W36,2026-W35,0.0,0.0,,0.0,0.0,,4.28,4.9,-4.28,-4.9,,,,,,,,曝光/点击/CTR/CVR/ACOS/ROAS/活动清单
B0DL57JF8T,KC4PSP17300,2026-W36,2026-W35,0.0,0.0,,0.0,0.0,,0.0,0.0,0.0,0.0,,,,,,,,曝光/点击/CTR/CVR/ACOS/ROAS/活动清单
B0DL583J3P,KC4PSP16100,2026-W36,2026-W35,0.0,0.0,,0.0,0.0,,0.0,0.0,0.0,0.0,,,,,,,,曝光/点击/CTR/CVR/ACOS/ROAS/活动清单
B0DL5854SM,KC4SGE03000,2026-W36,2026-W35,0.0,0.0,,0.0,0.0,,0.0,0.0,0.0,0.0,,,,,,,,曝光/点击/CTR/CVR/ACOS/ROAS/活动清单
B0DM94TXKN,KC4SGE04900,2026-W36,2026-W35,0.0,0.0,,0.0,0.0,,0.0,0.0,0.0,0.0,,,,,,,,曝光/点击/CTR/CVR/ACOS/ROAS/活动清单
B0DM952QZC,KC4SGE02400,2026-W36,2026-W35,0.0,0.0,,0.0,0.0,,5.03,6.12,-5.03,-6.12,,,,,,,,曝光/点击/CTR/CVR/ACOS/ROAS/活动清单
B0DM96BQMG,KX4SGE10200,2026-W36,2026-W35,0.0,0.0,,0.0,0.0,,12.24,14.96,-12.24,-14.96,,,,,,,,曝光/点击/CTR/CVR/ACOS/ROAS/活动清单
B0DM971PHY,KC4SGE04800,2026-W36,2026-W35,0.0,0.0,,0.0,0.0,,0.0,0.0,0.0,0.0,,,,,,,,曝光/点击/CTR/CVR/ACOS/ROAS/活动清单
B0DM97P24W,KC4PSP16000,2026-W36,2026-W35,0.0,0.0,,0.0,0.0,,0.0,1.7,0.0,-1.7,,,,,,,,曝光/点击/CTR/CVR/ACOS/ROAS/活动清单
B0DM97PHWP,KC4SGE03300,2026-W36,2026-W35,0.0,0.0,,0.0,0.0,,3.74,0.0,-3.74,0.0,,,,,,,,曝光/点击/CTR/CVR/ACOS/ROAS/活动清单
B0DM97YXJQ,KC4SGE03000,2026-W36,2026-W35,0.0,0.0,,0.0,0.0,,0.0,0.0,0.0,0.0,,,,,,,,曝光/点击/CTR/CVR/ACOS/ROAS/活动清单
B0DM98SRX6,KC4PSP18200,2026-W36,2026-W35,2.0,0.0,N/A,2217.75,0.0,N/A,8.84,2.72,365.54,-24.87,16.48,,,0.4,,,,曝光/点击/CTR/CVR/ACOS/ROAS/活动清单
B0DM9BG9J8,KX4SGE14900,2026-W36,2026-W35,1.0,0.0,N/A,1268.13,0.0,N/A,3.26,16.32,258.14,-16.32,20.36,,,0.26,,,,曝光/点击/CTR/CVR/ACOS/ROAS/活动清单
B0DPCVTXDB,KC4SGE01100,2026-W36,2026-W35,0.0,0.0,,0.0,0.0,,0.0,0.0,0.0,0.0,,,,,,,,曝光/点击/CTR/CVR/ACOS/ROAS/活动清单
B0DPCVYM66,KC4PSP15900,2026-W36,2026-W35,0.0,0.0,,0.0,0.0,,0.0,0.0,0.0,0.0,,,,,,,,曝光/点击/CTR/CVR/ACOS/ROAS/活动清单
B0DPCVYND6,KC4SGE03000,2026-W36,2026-W35,1.0,2.0,-50.0,530.4,1060.8,-50.0,9.38,17.54,126.96,254.19,23.94,23.96,-0.11,1.77,1.65,6.98,单量下滑≥20%；销售额下滑≥20%,曝光/点击/CTR/CVR/ACOS/ROAS/活动清单
B0DPCVZ4KH,KX4SGE13300,2026-W36,2026-W35,0.0,0.0,,0.0,0.0,,0.0,9.25,0.0,-9.25,,,,,,,,曝光/点击/CTR/CVR/ACOS/ROAS/活动清单
B0DPCW8Q3P,KC4SGE01300,2026-W36,2026-W35,0.0,0.0,,0.0,0.0,,0.0,4.49,0.0,-4.49,,,,,,,,曝光/点击/CTR/CVR/ACOS/ROAS/活动清单
B0DPCW8WHC,KC4PSP17000,2026-W36,2026-W35,0.0,0.0,,0.0,0.0,,0.0,0.0,0.0,0.0,,,,,,,,曝光/点击/CTR/CVR/ACOS/ROAS/活动清单
B0DPCW9XLC,KX4SGE08600,2026-W36,2026-W35,0.0,0.0,,0.0,0.0,,0.0,0.0,0.0,0.0,,,,,,,,曝光/点击/CTR/CVR/ACOS/ROAS/活动清单
B0DPCWF3ZC,KX4SGE13500,2026-W36,2026-W35,0.0,0.0,,0.0,0.0,,0.0,0.0,0.0,0.0,,,,,,,,曝光/点击/CTR/CVR/ACOS/ROAS/活动清单
B0DPCWGZZD,KC4SGE01700,2026-W36,2026-W35,0.0,0.0,,0.0,0.0,,0.0,0.0,0.0,0.0,,,,,,,,曝光/点击/CTR/CVR/ACOS/ROAS/活动清单
B0DPCWJTDR,KC4SGE01600,2026-W36,2026-W35,0.0,0.0,,0.0,0.0,,0.0,7.14,0.0,-7.14,,,,,,,,曝光/点击/CTR/CVR/ACOS/ROAS/活动清单
B0DPCWK1LZ,KC4SGE04100,2026-W36,2026-W35,0.0,0.0,,0.0,0.0,,0.0,0.0,0.0,0.0,,,,,,,,曝光/点击/CTR/CVR/ACOS/ROAS/活动清单
B0DPCWK445,KX4SGE17300,2026-W36,2026-W35,0.0,0.0,,0.0,0.0,,0.0,0.0,-9.08,-38.53,,,,,,,,曝光/点击/CTR/CVR/ACOS/ROAS/活动清单
B0DPCWL9DP,KC4SGE01800,2026-W36,2026-W35,0.0,0.0,,0.0,0.0,,0.0,0.0,0.0,0.0,,,,,,,,曝光/点击/CTR/CVR/ACOS/ROAS/活动清单
B0DPCWLGG6,KX4SGE11700,2026-W36,2026-W35,0.0,0.0,,0.0,0.0,,4.08,2.92,-4.08,-2.92,,,,,,,,曝光/点击/CTR/CVR/ACOS/ROAS/活动清单
B0DPCWLPQ4,KC4SGE01200,2026-W36,2026-W35,0.0,0.0,,0.0,0.0,,12.04,27.74,-16.79,-47.89,,,,,,,,曝光/点击/CTR/CVR/ACOS/ROAS/活动清单
B0DPCWMYZS,KC4SGE05000,2026-W36,2026-W35,0.0,0.0,,0.0,0.0,,4.08,12.04,-4.08,-599.42,,,,,,,,曝光/点击/CTR/CVR/ACOS/ROAS/活动清单
B0DPCWMZ9B,KC4PSP15800,2026-W36,2026-W35,0.0,0.0,,0.0,0.0,,0.0,6.53,-4.69,-24.61,,,,,,,,曝光/点击/CTR/CVR/ACOS/ROAS/活动清单
B0DPCWN73Z,KX4SGE17700,2026-W36,2026-W35,0.0,2.0,-100.0,0.0,1922.63,-100.0,17.95,50.86,-17.95,455.59,,23.7,,,2.65,,单量下滑≥20%；销售额下滑≥20%,曝光/点击/CTR/CVR/ACOS/ROAS/活动清单
B0DPCWP8WR,KX4SGE14900,2026-W36,2026-W35,1.0,1.0,0.0,1277.31,1277.31,0.0,79.56,53.99,242.41,266.23,18.98,20.84,-8.94,6.23,4.23,47.36,TACOS上升≥30%,曝光/点击/CTR/CVR/ACOS/ROAS/活动清单
B0DPCWQQCS,KC4SGE03400,2026-W36,2026-W35,1.0,1.0,0.0,1007.69,1007.69,0.0,174.07,115.53,37.89,63.51,3.76,6.3,-40.34,17.27,11.47,50.67,TACOS上升≥30%,曝光/点击/CTR/CVR/ACOS/ROAS/活动清单
B0DPCWQW36,KC4SGE03300,2026-W36,2026-W35,0.0,0.0,,0.0,0.0,,20.67,5.98,-20.67,-5.98,,,,,,,,曝光/点击/CTR/CVR/ACOS/ROAS/活动清单
B0DPCWR4GD,KX4SGE16800,2026-W36,2026-W35,0.0,0.0,,0.0,0.0,,0.0,0.0,0.0,0.0,,,,,,,,曝光/点击/CTR/CVR/ACOS/ROAS/活动清单
B0DPCWS9M9,KX4SGE14500,2026-W36,2026-W35,0.0,0.0,,0.0,0.0,,0.0,0.0,0.0,0.0,,,,,,,,曝光/点击/CTR/CVR/ACOS/ROAS/活动清单
B0DPCWSF3G,KC4SGE04700,2026-W36,2026-W35,3.0,1.0,200.0,3255.64,1085.21,200.0,227.18,222.9,415.11,-107.73,12.75,-9.93,-228.44,6.98,20.54,-66.03,,曝光/点击/CTR/CVR/ACOS/ROAS/活动清单
B0DPCWWJHP,KC4SGE04900,2026-W36,2026-W35,1.0,0.0,N/A,984.64,0.0,N/A,8.7,6.66,216.57,-12.9,21.99,,,0.88,,,,曝光/点击/CTR/CVR/ACOS/ROAS/活动清单
B0DPCWWRMM,KX4SGE10700,2026-W36,2026-W35,0.0,0.0,,0.0,0.0,,9.45,2.58,-9.45,-2.58,,,,,,,,曝光/点击/CTR/CVR/ACOS/ROAS/活动清单
B0DPCWXBS4,KX4SGE10600,2026-W36,2026-W35,0.0,0.0,,0.0,0.0,,0.0,0.0,0.0,0.0,,,,,,,,曝光/点击/CTR/CVR/ACOS/ROAS/活动清单
B0DPCWXT64,KC4PSP17900,2026-W36,2026-W35,3.0,5.0,-40.0,2958.0,4930.0,-40.0,298.59,459.48,159.8,427.44,5.4,8.67,-37.69,10.09,9.32,8.31,单量下滑≥20%；销售额下滑≥20%,曝光/点击/CTR/CVR/ACOS/ROAS/活动清单
B0DPCWY6CY,KX4SGE10400,2026-W36,2026-W35,0.0,0.0,,0.0,0.0,,0.0,0.0,0.0,0.0,,,,,,,,曝光/点击/CTR/CVR/ACOS/ROAS/活动清单
B0DPCWYHX9,KC4SGE02800,2026-W36,2026-W35,3.0,1.0,200.0,2835.6,945.2,200.0,51.0,46.51,437.07,103.65,15.41,10.97,40.56,1.8,4.92,-63.45,,曝光/点击/CTR/CVR/ACOS/ROAS/活动清单
B0DPCWYHXB,KC4PSP17700,2026-W36,2026-W35,2.0,1.0,100.0,2108.0,1054.0,100.0,133.21,66.84,250.83,57.63,11.9,5.47,117.61,6.32,6.34,-0.36,,曝光/点击/CTR/CVR/ACOS/ROAS/活动清单
B0DPCWYNV6,KC4SGE02500,2026-W36,2026-W35,4.0,3.0,33.33,4297.6,3223.2,33.33,72.83,81.19,874.41,644.53,20.35,20.0,1.75,1.69,2.52,-32.73,,曝光/点击/CTR/CVR/ACOS/ROAS/活动清单
B0DPCX11BY,KC4PSP16600,2026-W36,2026-W35,0.0,0.0,,0.0,0.0,,15.78,10.13,-15.78,-10.13,,,,,,,,曝光/点击/CTR/CVR/ACOS/ROAS/活动清单
B0DPCX14JC,KX4SGE15800,2026-W36,2026-W35,2.0,1.0,100.0,2325.46,1162.73,100.0,7.82,18.36,502.88,215.24,21.62,18.51,16.82,0.34,1.58,-78.7,,曝光/点击/CTR/CVR/ACOS/ROAS/活动清单
B0DPCX1NRX,KX4SGE16700,2026-W36,2026-W35,0.0,0.0,,0.0,0.0,,0.0,0.0,0.0,0.0,,,,,,,,曝光/点击/CTR/CVR/ACOS/ROAS/活动清单
B0DPCX2GY3,KC4SGE05300,2026-W36,2026-W35,0.0,0.0,,0.0,0.0,,0.2,0.0,-0.2,0.0,,,,,,,,曝光/点击/CTR/CVR/ACOS/ROAS/活动清单
B0DPCX2GY5,KX4SGE11100,2026-W36,2026-W35,0.0,0.0,,0.0,0.0,,7.14,0.0,-7.14,0.0,,,,,,,,曝光/点击/CTR/CVR/ACOS/ROAS/活动清单
B0DPCX3B23,KX4SGE18000,2026-W36,2026-W35,0.0,0.0,,0.0,0.0,,18.63,13.26,-18.63,-13.26,,,,,,,,曝光/点击/CTR/CVR/ACOS/ROAS/活动清单
B0DPCX4KJV,KX4SGE08100,2026-W36,2026-W35,4.0,0.0,N/A,6616.13,0.0,N/A,123.83,151.1,1219.81,-169.77,18.44,,,1.87,,,,曝光/点击/CTR/CVR/ACOS/ROAS/活动清单
B0DPCX572T,KX4SGE08300,2026-W36,2026-W35,0.0,0.0,,0.0,0.0,,0.0,0.0,0.0,0.0,,,,,,,,曝光/点击/CTR/CVR/ACOS/ROAS/活动清单
B0DPCX66CY,KX4SGE16500,2026-W36,2026-W35,0.0,0.0,,0.0,0.0,,17.2,11.15,-24.68,-42.87,,,,,,,,曝光/点击/CTR/CVR/ACOS/ROAS/活动清单
B0DPCX69RB,KC4SGE00600,2026-W36,2026-W35,1.0,0.0,N/A,1666.0,0.0,N/A,9.04,6.87,267.34,-6.87,16.05,,,0.54,,,,曝光/点击/CTR/CVR/ACOS/ROAS/活动清单
B0DPCX6MJR,KC4SGE03900,2026-W36,2026-W35,0.0,1.0,-100.0,0.0,1190.0,-100.0,9.79,0.0,-9.79,31.62,,2.66,,,0.0,,单量下滑≥20%；销售额下滑≥20%,曝光/点击/CTR/CVR/ACOS/ROAS/活动清单
B0DPCX6ZS9,KC4SGE01400,2026-W36,2026-W35,0.0,1.0,-100.0,0.0,1380.4,-100.0,12.31,17.54,-12.31,-3.74,,-0.27,,,1.27,,单量下滑≥20%；销售额下滑≥20%,曝光/点击/CTR/CVR/ACOS/ROAS/活动清单
B0DPCX75QY,KC4SGE04300,2026-W36,2026-W35,0.0,0.0,,0.0,0.0,,18.77,15.23,-18.77,-15.23,,,,,,,,曝光/点击/CTR/CVR/ACOS/ROAS/活动清单
B0DPCX7QHQ,KX4SGE10900,2026-W36,2026-W35,0.0,2.0,-100.0,0.0,2380.0,-100.0,5.98,36.65,-16.64,438.22,,18.41,,,1.54,,单量下滑≥20%；销售额下滑≥20%,曝光/点击/CTR/CVR/ACOS/ROAS/活动清单
B0DPCX88KX,KC4PSP17100,2026-W36,2026-W35,0.0,0.0,,0.0,0.0,,9.04,11.49,-9.04,-11.49,,,,,,,,曝光/点击/CTR/CVR/ACOS/ROAS/活动清单
B0DPCX9T7K,KX4SGE15400,2026-W36,2026-W35,0.0,0.0,,0.0,0.0,,0.0,0.0,0.0,0.0,,,,,,,,曝光/点击/CTR/CVR/ACOS/ROAS/活动清单
B0DPCXBW8L,KC4SGE01000,2026-W36,2026-W35,0.0,0.0,,0.0,0.0,,0.0,0.0,0.0,0.0,,,,,,,,曝光/点击/CTR/CVR/ACOS/ROAS/活动清单
B0DPCXC32D,KC4SGE02500,2026-W36,2026-W35,0.0,0.0,,0.0,0.0,,8.77,2.72,-8.77,-2.72,,,,,,,,曝光/点击/CTR/CVR/ACOS/ROAS/活动清单
B0DPCXCTN1,KX4SGE12900,2026-W36,2026-W35,0.0,0.0,,0.0,0.0,,5.03,8.84,-5.03,-8.84,,,,,,,,曝光/点击/CTR/CVR/ACOS/ROAS/活动清单
B0DPCXF2L9,KC4PSP16500,2026-W36,2026-W35,4.0,1.0,300.0,3536.0,884.0,300.0,19.11,40.26,502.11,63.61,14.2,7.2,97.33,0.54,4.55,-88.13,,曝光/点击/CTR/CVR/ACOS/ROAS/活动清单
B0DPCXGLKB,KC4PSP17800,2026-W36,2026-W35,0.0,0.0,,0.0,0.0,,4.9,26.72,-4.9,-26.72,,,,,,,,曝光/点击/CTR/CVR/ACOS/ROAS/活动清单
B0DPCXH2PS,KC4PSP16700,2026-W36,2026-W35,2.0,0.0,N/A,2144.58,0.0,N/A,53.04,58.68,406.7,-58.68,18.96,,,2.47,,,,曝光/点击/CTR/CVR/ACOS/ROAS/活动清单
B0DPCXHB93,KX4SGE08400,2026-W36,2026-W35,3.0,1.0,200.0,3080.4,1026.8,200.0,22.17,54.33,553.61,108.5,17.97,10.57,70.08,0.72,5.29,-86.4,,曝光/点击/CTR/CVR/ACOS/ROAS/活动清单
B0DPCXJLRF,KC4SGE02400,2026-W36,2026-W35,0.0,0.0,,0.0,0.0,,0.0,0.0,0.0,0.0,,,,,,,,曝光/点击/CTR/CVR/ACOS/ROAS/活动清单
B0DPCXJN9S,KC4SGE00400,2026-W36,2026-W35,0.0,0.0,,0.0,0.0,,0.0,0.0,0.0,0.0,,,,,,,,曝光/点击/CTR/CVR/ACOS/ROAS/活动清单
B0DPCXJTLG,KC4PSP18200,2026-W36,2026-W35,0.0,2.0,-100.0,0.0,2325.6,-100.0,58.2,25.43,-67.89,489.99,,21.07,,,1.09,,单量下滑≥20%；销售额下滑≥20%,曝光/点击/CTR/CVR/ACOS/ROAS/活动清单
B0DPCXK7B5,KC4SGE05200,2026-W36,2026-W35,0.0,0.0,,0.0,0.0,,14.96,28.7,-18.85,-42.3,,,,,,,,曝光/点击/CTR/CVR/ACOS/ROAS/活动清单
B0DPCXKHXJ,KX4SGE13700,2026-W36,2026-W35,1.0,2.0,-50.0,1075.83,2151.66,-50.0,164.76,141.24,20.04,240.63,1.86,11.18,-83.34,15.32,6.56,133.32,单量下滑≥20%；销售额下滑≥20%；TACOS上升≥30%,曝光/点击/CTR/CVR/ACOS/ROAS/活动清单
B0DPCXKRCL,KX4SGE08200,2026-W36,2026-W35,0.0,1.0,-100.0,0.0,952.0,-100.0,51.14,66.84,-90.87,32.0,,3.36,,,7.02,,单量下滑≥20%；销售额下滑≥20%,曝光/点击/CTR/CVR/ACOS/ROAS/活动清单
B0DPCXL6DK,KC4PSP18000,2026-W36,2026-W35,0.0,0.0,,0.0,0.0,,8.23,12.31,-8.23,-12.31,,,,,,,,曝光/点击/CTR/CVR/ACOS/ROAS/活动清单
B0DPCXLY1Y,KC4PSP17200,2026-W36,2026-W35,0.0,0.0,,0.0,0.0,,17.07,15.64,-17.07,-15.64,,,,,,,,曝光/点击/CTR/CVR/ACOS/ROAS/活动清单
B0DPCXMDMM,KC4SGE04600,2026-W36,2026-W35,1.0,1.0,0.0,1311.31,1311.31,0.0,31.89,17.88,232.54,270.77,17.73,20.65,-14.12,2.43,1.36,78.33,TACOS上升≥30%,曝光/点击/CTR/CVR/ACOS/ROAS/活动清单
B0DPCXMRG4,KC4SGE03700,2026-W36,2026-W35,1.0,4.0,-75.0,1195.03,4780.13,-75.0,95.06,121.38,208.54,1165.7,17.45,24.39,-28.44,7.95,2.54,213.28,单量下滑≥20%；销售额下滑≥20%；TACOS上升≥30%,曝光/点击/CTR/CVR/ACOS/ROAS/活动清单
B0DPCXNJXG,KC4SGE03800,2026-W36,2026-W35,0.0,0.0,,0.0,0.0,,0.0,0.0,0.0,0.0,,,,,,,,曝光/点击/CTR/CVR/ACOS/ROAS/活动清单
B0DPCXPSCG,KX4SGE17400,2026-W36,2026-W35,0.0,0.0,,0.0,0.0,,0.0,0.0,0.0,0.0,,,,,,,,曝光/点击/CTR/CVR/ACOS/ROAS/活动清单
B0DPCXPSCH,KC4SGE04200,2026-W36,2026-W35,0.0,1.0,-100.0,0.0,822.8,-100.0,16.73,17.75,-16.73,136.13,,16.54,,,2.16,,单量下滑≥20%；销售额下滑≥20%,曝光/点击/CTR/CVR/ACOS/ROAS/活动清单
B0DPCXS49Q,KX4SGE17100,2026-W36,2026-W35,1.0,0.0,N/A,1311.31,0.0,N/A,6.32,9.25,401.24,-7.35,30.6,,,0.48,,,,曝光/点击/CTR/CVR/ACOS/ROAS/活动清单
B0DPCXSHJ8,KX4SGE09700,2026-W36,2026-W35,0.0,0.0,,0.0,0.0,,47.67,24.96,-77.34,-32.32,,,,,,,,曝光/点击/CTR/CVR/ACOS/ROAS/活动清单
B0DPCXXGCQ,KX4SGE09300,2026-W36,2026-W35,0.0,0.0,,0.0,0.0,,20.67,0.0,-20.67,0.0,,,,,,,,曝光/点击/CTR/CVR/ACOS/ROAS/活动清单
B0DPCXYMH5,KC4PSP16100,2026-W36,2026-W35,7.0,3.0,133.33,5854.8,2509.2,133.33,36.58,41.55,780.47,294.59,13.33,11.74,13.54,0.62,1.66,-62.26,,曝光/点击/CTR/CVR/ACOS/ROAS/活动清单
B0DPCXZ6MJ,KC4SGE00500,2026-W36,2026-W35,0.0,0.0,,0.0,0.0,,0.0,0.0,0.0,0.0,,,,,,,,曝光/点击/CTR/CVR/ACOS/ROAS/活动清单
B0DPCXZJQR,KC4PSP17500,2026-W36,2026-W35,0.0,0.0,,0.0,0.0,,8.57,7.96,-20.98,-55.17,,,,,,,,曝光/点击/CTR/CVR/ACOS/ROAS/活动清单
B0DPCY29GS,KX4SGE10200,2026-W36,2026-W35,0.0,0.0,,0.0,0.0,,13.33,9.79,-13.33,-9.79,,,,,,,,曝光/点击/CTR/CVR/ACOS/ROAS/活动清单
B0DPCY3SC2,KC4SGE05100,2026-W36,2026-W35,1.0,5.0,-80.0,1421.13,7105.66,-80.0,78.0,108.98,245.25,1512.84,17.26,21.29,-18.94,5.49,1.53,257.86,单量下滑≥20%；销售额下滑≥20%；TACOS上升≥30%,曝光/点击/CTR/CVR/ACOS/ROAS/活动清单
B0DPCY7FPM,KC4PSP17300,2026-W36,2026-W35,0.0,0.0,,0.0,0.0,,0.0,0.0,0.0,0.0,,,,,,,,曝光/点击/CTR/CVR/ACOS/ROAS/活动清单
B0DPCYGFTK,KX4SGE14000,2026-W36,2026-W35,0.0,0.0,,0.0,0.0,,0.0,3.26,0.0,-3.26,,,,,,,,曝光/点击/CTR/CVR/ACOS/ROAS/活动清单
B0DPCYJN57,KC4SGE02700,2026-W36,2026-W35,0.0,0.0,,0.0,0.0,,0.0,0.0,0.0,0.0,,,,,,,,曝光/点击/CTR/CVR/ACOS/ROAS/活动清单
B0DPCZ3SPZ,KX4SGE14700,2026-W36,2026-W35,0.0,1.0,-100.0,0.0,900.66,-100.0,4.9,15.64,-4.9,142.65,,15.84,,,1.74,,单量下滑≥20%；销售额下滑≥20%,曝光/点击/CTR/CVR/ACOS/ROAS/活动清单
B0DPMTFB27,KC4PSP15800,2026-W36,2026-W35,0.0,1.0,-100.0,0.0,727.6,-100.0,18.84,45.56,-41.75,38.84,,5.34,,,6.26,,单量下滑≥20%；销售额下滑≥20%,曝光/点击/CTR/CVR/ACOS/ROAS/活动清单
B0DPMWTLZB,KC4PSP15900,2026-W36,2026-W35,1.0,0.0,N/A,912.76,0.0,N/A,77.11,35.09,68.95,-81.32,7.55,,,8.45,,,,曝光/点击/CTR/CVR/ACOS/ROAS/活动清单
B0DPQBT566,KC4PSP16100,2026-W36,2026-W35,0.0,0.0,,0.0,0.0,,0.0,0.0,0.0,0.0,,,,,,,,曝光/点击/CTR/CVR/ACOS/ROAS/活动清单
B0DPQF3QHK,KC4PSP16000,2026-W36,2026-W35,0.0,0.0,,0.0,0.0,,0.0,0.0,0.0,0.0,,,,,,,,曝光/点击/CTR/CVR/ACOS/ROAS/活动清单
B0DPQFYLPN,KC4PSP16400,2026-W36,2026-W35,0.0,0.0,,0.0,0.0,,0.0,0.0,0.0,0.0,,,,,,,,曝光/点击/CTR/CVR/ACOS/ROAS/活动清单
B0DPQG957S,KC4PSP16200,2026-W36,2026-W35,4.0,2.0,100.0,5276.53,2638.26,100.0,219.14,168.37,468.89,1.23,8.89,0.05,18919.56,4.15,6.38,-34.93,,曝光/点击/CTR/CVR/ACOS/ROAS/活动清单
B0DPQGHBJQ,KC4PSP16300,2026-W36,2026-W35,0.0,0.0,,0.0,0.0,,0.0,0.0,0.0,0.0,,,,,,,,曝光/点击/CTR/CVR/ACOS/ROAS/活动清单
B0DPQHX41H,KC4PSP17300,2026-W36,2026-W35,0.0,0.0,,0.0,0.0,,0.0,0.0,0.0,0.0,,,,,,,,曝光/点击/CTR/CVR/ACOS/ROAS/活动清单
B0DPQJ9DC1,KC4PSP16800,2026-W36,2026-W35,0.0,0.0,,0.0,0.0,,0.0,0.0,0.0,0.0,,,,,,,,曝光/点击/CTR/CVR/ACOS/ROAS/活动清单
B0DPQJ9GVG,KC4PSP16500,2026-W36,2026-W35,0.0,0.0,,0.0,0.0,,20.54,0.0,-20.54,0.0,,,,,,,,曝光/点击/CTR/CVR/ACOS/ROAS/活动清单
B0DPQKR3GQ,KC4PSP17500,2026-W36,2026-W35,0.0,0.0,,0.0,0.0,,0.0,0.0,0.0,0.0,,,,,,,,曝光/点击/CTR/CVR/ACOS/ROAS/活动清单
B0DPQKWQ6D,KC4PSP17800,2026-W36,2026-W35,0.0,0.0,,0.0,0.0,,0.0,0.0,0.0,0.0,,,,,,,,曝光/点击/CTR/CVR/ACOS/ROAS/活动清单
B0DPQLLN9D,KC4SGE00100,2026-W36,2026-W35,1.0,1.0,0.0,497.01,497.01,0.0,107.58,85.27,-41.02,-19.87,-8.25,-4.0,106.46,21.64,17.16,26.16,,曝光/点击/CTR/CVR/ACOS/ROAS/活动清单
B0DPQLYGNY,KC4PSP17600,2026-W36,2026-W35,2.0,2.0,0.0,2162.4,2162.4,0.0,27.68,54.74,370.09,348.07,17.11,16.1,6.32,1.28,2.53,-49.44,,曝光/点击/CTR/CVR/ACOS/ROAS/活动清单
B0DPQMH3MY,KC4PSP18000,2026-W36,2026-W35,0.0,0.0,,0.0,0.0,,0.0,0.0,0.0,0.0,,,,,,,,曝光/点击/CTR/CVR/ACOS/ROAS/活动清单
B0DPQMKLMD,KC4PSP17200,2026-W36,2026-W35,0.0,0.0,,0.0,0.0,,0.0,0.0,0.0,0.0,,,,,,,,曝光/点击/CTR/CVR/ACOS/ROAS/活动清单
B0DPQMTRLL,KC4PSP17900,2026-W36,2026-W35,0.0,0.0,,0.0,0.0,,0.0,0.0,0.0,0.0,,,,,,,,曝光/点击/CTR/CVR/ACOS/ROAS/活动清单
B0DPQNGS4C,KC4PSP18100,2026-W36,2026-W35,0.0,0.0,,0.0,0.0,,0.0,0.0,0.0,0.0,,,,,,,,曝光/点击/CTR/CVR/ACOS/ROAS/活动清单
B0DPQNQD9G,KC4PSP18200,2026-W36,2026-W35,6.0,2.0,200.0,6894.79,2298.26,200.0,29.65,109.41,1459.74,379.53,21.17,16.51,28.21,0.43,4.76,-90.97,,曝光/点击/CTR/CVR/ACOS/ROAS/活动清单
B0DPW7DYNF,KC4SGE00300,2026-W36,2026-W35,0.0,0.0,,0.0,0.0,,0.0,0.0,0.0,0.0,,,,,,,,曝光/点击/CTR/CVR/ACOS/ROAS/活动清单
B0DPW7JQ68,KC4SGE00200,2026-W36,2026-W35,1.0,0.0,N/A,1053.93,0.0,N/A,5.44,3.26,212.65,-3.26,20.18,,,0.52,,,,曝光/点击/CTR/CVR/ACOS/ROAS/活动清单
B0DPW8Q7F4,KC4SGE00400,2026-W36,2026-W35,0.0,0.0,,0.0,0.0,,0.0,0.0,0.0,0.0,,,,,,,,曝光/点击/CTR/CVR/ACOS/ROAS/活动清单
B0DPW95LBX,KC4SGE00600,2026-W36,2026-W35,0.0,0.0,,0.0,0.0,,0.0,0.0,0.0,0.0,,,,,,,,曝光/点击/CTR/CVR/ACOS/ROAS/活动清单
B0DPWBWXPB,KC4SGE00700,2026-W36,2026-W35,0.0,0.0,,0.0,0.0,,0.0,0.0,0.0,0.0,,,,,,,,曝光/点击/CTR/CVR/ACOS/ROAS/活动清单
B0DPWHYDLC,KC4SGE00900,2026-W36,2026-W35,0.0,0.0,,0.0,0.0,,0.0,0.0,0.0,0.0,,,,,,,,曝光/点击/CTR/CVR/ACOS/ROAS/活动清单
B0DPWN7YTS,KC4SGE01400,2026-W36,2026-W35,0.0,0.0,,0.0,0.0,,0.0,0.0,0.0,0.0,,,,,,,,曝光/点击/CTR/CVR/ACOS/ROAS/活动清单
B0DPWTKYNX,KC4SGE01600,2026-W36,2026-W35,0.0,0.0,,0.0,0.0,,0.0,0.0,0.0,0.0,,,,,,,,曝光/点击/CTR/CVR/ACOS/ROAS/活动清单
B0DPWTWBNV,KC4SGE02400,2026-W36,2026-W35,0.0,0.0,,0.0,0.0,,0.0,3.13,0.0,-3.13,,,,,,,,曝光/点击/CTR/CVR/ACOS/ROAS/活动清单
B0DPWVKS7P,KC4SGE02800,2026-W36,2026-W35,0.0,0.0,,0.0,0.0,,0.0,0.0,0.0,0.0,,,,,,,,曝光/点击/CTR/CVR/ACOS/ROAS/活动清单
B0DPWVY87S,KC4SGE01700,2026-W36,2026-W35,0.0,0.0,,0.0,0.0,,12.78,2.86,-12.78,-2.86,,,,,,,,曝光/点击/CTR/CVR/ACOS/ROAS/活动清单
B0DPWWTKQP,KC4SGE02900,2026-W36,2026-W35,0.0,0.0,,0.0,0.0,,0.0,0.2,0.0,-0.2,,,,,,,,曝光/点击/CTR/CVR/ACOS/ROAS/活动清单
B0DPWWVLC7,KC4SGE02700,2026-W36,2026-W35,0.0,0.0,,0.0,0.0,,0.0,0.0,0.0,0.0,,,,,,,,曝光/点击/CTR/CVR/ACOS/ROAS/活动清单
B0DPWYBG2D,KC4SGE03000,2026-W36,2026-W35,0.0,0.0,,0.0,0.0,,8.02,10.74,-8.02,-10.74,,,,,,,,曝光/点击/CTR/CVR/ACOS/ROAS/活动清单
B0DPWYBZ41,KC4SGE03400,2026-W36,2026-W35,0.0,0.0,,0.0,0.0,,4.28,5.17,-7.37,-4.5,,,,,,,,曝光/点击/CTR/CVR/ACOS/ROAS/活动清单
B0DPWZDK76,KC4SGE03100,2026-W36,2026-W35,0.0,0.0,,0.0,0.0,,0.0,0.0,0.0,0.0,,,,,,,,曝光/点击/CTR/CVR/ACOS/ROAS/活动清单
B0DPX2LGSS,KC4SGE03700,2026-W36,2026-W35,0.0,0.0,,0.0,0.0,,0.0,0.0,0.0,0.0,,,,,,,,曝光/点击/CTR/CVR/ACOS/ROAS/活动清单
B0DPX6R75S,KC4SGE04100,2026-W36,2026-W35,0.0,0.0,,0.0,0.0,,0.0,0.0,0.0,0.0,,,,,,,,曝光/点击/CTR/CVR/ACOS/ROAS/活动清单
B0DPZK76DX,KC4SGE04800,2026-W36,2026-W35,0.0,0.0,,0.0,0.0,,11.83,7.48,-13.81,-15.88,,,,,,,,曝光/点击/CTR/CVR/ACOS/ROAS/活动清单
B0DPZKF5TG,KC4SGE04700,2026-W36,2026-W35,0.0,0.0,,0.0,0.0,,0.0,0.0,0.0,0.0,,,,,,,,曝光/点击/CTR/CVR/ACOS/ROAS/活动清单
B0DPZMG6B4,KC4SGE05200,2026-W36,2026-W35,0.0,0.0,,0.0,0.0,,0.0,0.0,0.0,0.0,,,,,,,,曝光/点击/CTR/CVR/ACOS/ROAS/活动清单
B0DPZMTD3C,KC4SGE04900,2026-W36,2026-W35,0.0,0.0,,0.0,0.0,,0.0,0.0,0.0,0.0,,,,,,,,曝光/点击/CTR/CVR/ACOS/ROAS/活动清单
B0DPZN1RR3,KC4SGE05100,2026-W36,2026-W35,1.0,1.0,0.0,1434.8,1434.8,0.0,20.13,23.32,318.29,313.67,22.18,21.86,1.47,1.4,1.63,-13.7,,曝光/点击/CTR/CVR/ACOS/ROAS/活动清单
B0DPZNJS5T,KX4SGE17700,2026-W36,2026-W35,0.0,0.0,,0.0,0.0,,0.0,0.0,0.0,0.0,,,,,,,,曝光/点击/CTR/CVR/ACOS/ROAS/活动清单
B0DPZQCD9D,KX4SGE16700,2026-W36,2026-W35,0.0,0.0,,0.0,0.0,,0.0,6.46,0.0,-6.46,,,,,,,,曝光/点击/CTR/CVR/ACOS/ROAS/活动清单
B0DPZS1LTK,KX4SGE16500,2026-W36,2026-W35,0.0,0.0,,0.0,0.0,,11.56,0.0,-11.56,0.0,,,,,,,,曝光/点击/CTR/CVR/ACOS/ROAS/活动清单
B0DPZS94X1,KX4SGE14500,2026-W36,2026-W35,2.0,0.0,N/A,2121.46,0.0,N/A,65.89,50.93,340.91,-84.51,16.07,,,3.11,,,,曝光/点击/CTR/CVR/ACOS/ROAS/活动清单
B0DPZSMKVJ,KX4SGE14900,2026-W36,2026-W35,0.0,0.0,,0.0,0.0,,0.0,0.0,0.0,0.0,,,,,,,,曝光/点击/CTR/CVR/ACOS/ROAS/活动清单
B0DPZVL1QL,KX4SGE14700,2026-W36,2026-W35,0.0,0.0,,0.0,0.0,,0.0,0.0,0.0,0.0,,,,,,,,曝光/点击/CTR/CVR/ACOS/ROAS/活动清单
B0DPZZNHWJ,KX4SGE10400,2026-W36,2026-W35,0.0,0.0,,0.0,0.0,,8.7,2.92,-8.7,-2.92,,,,,,,,曝光/点击/CTR/CVR/ACOS/ROAS/活动清单
B0DPZZS42B,KX4SGE12200,2026-W36,2026-W35,0.0,0.0,,0.0,0.0,,0.0,0.0,0.0,0.0,,,,,,,,曝光/点击/CTR/CVR/ACOS/ROAS/活动清单
B0DQ11L42D,KX4SGE12100,2026-W36,2026-W35,0.0,0.0,,0.0,0.0,,0.0,0.0,0.0,0.0,,,,,,,,曝光/点击/CTR/CVR/ACOS/ROAS/活动清单
B0DQ125CCF,KX4SGE13500,2026-W36,2026-W35,0.0,0.0,,0.0,0.0,,0.0,0.0,0.0,0.0,,,,,,,,曝光/点击/CTR/CVR/ACOS/ROAS/活动清单
B0DQ127SL9,KX4SGE13300,2026-W36,2026-W35,0.0,0.0,,0.0,0.0,,14.69,9.11,-14.69,-9.11,,,,,,,,曝光/点击/CTR/CVR/ACOS/ROAS/活动清单
B0DQ1593RH,KX4SGE10600,2026-W36,2026-W35,0.0,0.0,,0.0,0.0,,0.0,2.58,-13.45,-24.74,,,,,,,,曝光/点击/CTR/CVR/ACOS/ROAS/活动清单
B0DQ159KSX,KX4SGE10900,2026-W36,2026-W35,0.0,0.0,,0.0,0.0,,4.96,7.96,-4.96,-7.96,,,,,,,,曝光/点击/CTR/CVR/ACOS/ROAS/活动清单
B0DQ16GZVP,KX4SGE09700,2026-W36,2026-W35,0.0,0.0,,0.0,0.0,,0.0,0.0,0.0,0.0,,,,,,,,曝光/点击/CTR/CVR/ACOS/ROAS/活动清单
B0DQ1713QC,KX4SGE11700,2026-W36,2026-W35,0.0,0.0,,0.0,0.0,,2.04,1.36,-2.04,-1.36,,,,,,,,曝光/点击/CTR/CVR/ACOS/ROAS/活动清单
B0DQ19L6JY,KX4SGE08500,2026-W36,2026-W35,0.0,0.0,,0.0,0.0,,0.0,0.0,0.0,0.0,,,,,,,,曝光/点击/CTR/CVR/ACOS/ROAS/活动清单
B0DQ3B16QC,KC4SGE00900,2026-W36,2026-W35,0.0,0.0,,0.0,0.0,,0.0,0.0,0.0,0.0,,,,,,,,曝光/点击/CTR/CVR/ACOS/ROAS/活动清单
B0DQ3BN5J1,KC4SGE00200,2026-W36,2026-W35,0.0,0.0,,0.0,0.0,,0.0,0.0,0.0,0.0,,,,,,,,曝光/点击/CTR/CVR/ACOS/ROAS/活动清单
B0DQ3KXSFQ,KC4SGE04300,2026-W36,2026-W35,0.0,0.0,,0.0,0.0,,0.0,0.0,0.0,0.0,,,,,,,,曝光/点击/CTR/CVR/ACOS/ROAS/活动清单
B0DQ3QZ92R,KC4PSP16400,2026-W36,2026-W35,0.0,0.0,,0.0,0.0,,0.0,0.0,0.0,0.0,,,,,,,,曝光/点击/CTR/CVR/ACOS/ROAS/活动清单
B0DQ3TCJK1,KC4PSP18200,2026-W36,2026-W35,0.0,0.0,,0.0,0.0,,0.0,0.0,0.0,0.0,,,,,,,,曝光/点击/CTR/CVR/ACOS/ROAS/活动清单
B0DQ3VQJTF,KC4PSP15800,2026-W36,2026-W35,0.0,0.0,,0.0,0.0,,0.0,0.0,0.0,0.0,,,,,,,,曝光/点击/CTR/CVR/ACOS/ROAS/活动清单
B0DQ41R457,KC4PSP15800,2026-W36,2026-W35,0.0,0.0,,0.0,0.0,,0.0,0.0,0.0,0.0,,,,,,,,曝光/点击/CTR/CVR/ACOS/ROAS/活动清单
B0DQ47S1R8,KC4SGE05200,2026-W36,2026-W35,0.0,2.0,-100.0,0.0,2053.6,-100.0,0.0,0.0,0.0,308.37,,15.02,,,0.0,,单量下滑≥20%；销售额下滑≥20%,曝光/点击/CTR/CVR/ACOS/ROAS/活动清单
B0DQ4D5VHY,KC4PSP17900,2026-W36,2026-W35,1.0,0.0,N/A,986.0,0.0,N/A,0.0,0.41,195.33,-0.41,19.81,,,0.0,,,,曝光/点击/CTR/CVR/ACOS/ROAS/活动清单
B0DQ55B2FJ,KX4SGE08400,2026-W36,2026-W35,0.0,0.0,,0.0,0.0,,0.0,0.0,0.0,0.0,,,,,,,,曝光/点击/CTR/CVR/ACOS/ROAS/活动清单
B0DQ5CQBB7,KX4SGE08100,2026-W36,2026-W35,0.0,0.0,,0.0,0.0,,5.98,5.98,-5.98,-5.98,,,,,,,,曝光/点击/CTR/CVR/ACOS/ROAS/活动清单
B0DQ5DS3XR,KC4PSP16600,2026-W36,2026-W35,0.0,0.0,,0.0,0.0,,0.0,0.0,0.0,0.0,,,,,,,,曝光/点击/CTR/CVR/ACOS/ROAS/活动清单
B0DQ5DZFZM,KX4SGE08200,2026-W36,2026-W35,0.0,0.0,,0.0,0.0,,0.0,0.0,0.0,0.0,,,,,,,,曝光/点击/CTR/CVR/ACOS/ROAS/活动清单
B0DQ5F635B,KX4SGE08000,2026-W36,2026-W35,0.0,0.0,,0.0,0.0,,9.79,3.26,-12.88,-14.09,,,,,,,,曝光/点击/CTR/CVR/ACOS/ROAS/活动清单
B0DQ8H2JZZ,KX4SGE09300,2026-W36,2026-W35,0.0,0.0,,0.0,0.0,,0.0,0.0,0.0,0.0,,,,,,,,曝光/点击/CTR/CVR/ACOS/ROAS/活动清单
B0DQ8LPQPC,KX4SGE11100,2026-W36,2026-W35,0.0,0.0,,0.0,0.0,,0.0,0.0,0.0,0.0,,,,,,,,曝光/点击/CTR/CVR/ACOS/ROAS/活动清单
B0DQY2R2LM,KC4SGE00200,2026-W36,2026-W35,0.0,0.0,,0.0,0.0,,0.0,0.0,0.0,0.0,,,,,,,,曝光/点击/CTR/CVR/ACOS/ROAS/活动清单
B0DQY4V77K,KC4PSP16200,2026-W36,2026-W35,0.0,0.0,,0.0,0.0,,0.0,0.0,0.0,0.0,,,,,,,,曝光/点击/CTR/CVR/ACOS/ROAS/活动清单
B0DQY512DB,KC4PSP17200,2026-W36,2026-W35,0.0,0.0,,0.0,0.0,,0.0,0.0,0.0,0.0,,,,,,,,曝光/点击/CTR/CVR/ACOS/ROAS/活动清单
B0DQY51MMH,KC4PSP17600,2026-W36,2026-W35,0.0,0.0,,0.0,0.0,,0.0,0.0,0.0,0.0,,,,,,,,曝光/点击/CTR/CVR/ACOS/ROAS/活动清单
B0DQY561Z7,KC4PSP15900,2026-W36,2026-W35,0.0,0.0,,0.0,0.0,,0.0,0.0,0.0,0.0,,,,,,,,曝光/点击/CTR/CVR/ACOS/ROAS/活动清单
B0DQY58X6W,KC4SGE00100,2026-W36,2026-W35,0.0,1.0,-100.0,0.0,497.01,-100.0,17.75,8.16,-21.88,58.14,,11.7,,,1.64,,单量下滑≥20%；销售额下滑≥20%,曝光/点击/CTR/CVR/ACOS/ROAS/活动清单
B0DQY5BX1Q,KC4PSP18100,2026-W36,2026-W35,0.0,0.0,,0.0,0.0,,0.0,0.0,0.0,0.0,,,,,,,,曝光/点击/CTR/CVR/ACOS/ROAS/活动清单
B0DQY5LGZ1,KC4PSP15800,2026-W36,2026-W35,0.0,0.0,,0.0,0.0,,10.88,8.16,-10.88,-8.16,,,,,,,,曝光/点击/CTR/CVR/ACOS/ROAS/活动清单
B0DQY5PNYT,KC4PSP17700,2026-W36,2026-W35,0.0,0.0,,0.0,0.0,,0.0,0.0,0.0,0.0,,,,,,,,曝光/点击/CTR/CVR/ACOS/ROAS/活动清单
B0DQY5RZSR,KC4PSP16400,2026-W36,2026-W35,0.0,0.0,,0.0,0.0,,0.0,0.0,0.0,0.0,,,,,,,,曝光/点击/CTR/CVR/ACOS/ROAS/活动清单
B0DQY5T2RQ,KC4PSP17500,2026-W36,2026-W35,0.0,0.0,,0.0,0.0,,0.0,0.0,0.0,0.0,,,,,,,,曝光/点击/CTR/CVR/ACOS/ROAS/活动清单
B0DQY5XZHZ,KC4PSP16000,2026-W36,2026-W35,0.0,0.0,,0.0,0.0,,0.0,0.0,0.0,0.0,,,,,,,,曝光/点击/CTR/CVR/ACOS/ROAS/活动清单
B0DQY5ZL3Z,KC4PSP18000,2026-W36,2026-W35,0.0,0.0,,0.0,0.0,,6.53,26.86,-14.4,-60.27,,,,,,,,曝光/点击/CTR/CVR/ACOS/ROAS/活动清单
B0DQY6KDSS,KC4PSP16700,2026-W36,2026-W35,0.0,0.0,,0.0,0.0,,0.0,0.0,0.0,0.0,,,,,,,,曝光/点击/CTR/CVR/ACOS/ROAS/活动清单
B0DQY6LPWW,KC4PSP16100,2026-W36,2026-W35,0.0,0.0,,0.0,0.0,,0.0,0.0,0.0,0.0,,,,,,,,曝光/点击/CTR/CVR/ACOS/ROAS/活动清单
B0DQY6TD6C,KC4PSP18200,2026-W36,2026-W35,0.0,0.0,,0.0,0.0,,0.0,0.0,0.0,0.0,,,,,,,,曝光/点击/CTR/CVR/ACOS/ROAS/活动清单
B0DQY86821,KC4PSP17300,2026-W36,2026-W35,0.0,0.0,,0.0,0.0,,0.0,0.0,0.0,0.0,,,,,,,,曝光/点击/CTR/CVR/ACOS/ROAS/活动清单
B0DQY8CJ2L,KC4PSP17100,2026-W36,2026-W35,0.0,0.0,,0.0,0.0,,0.0,0.0,0.0,0.0,,,,,,,,曝光/点击/CTR/CVR/ACOS/ROAS/活动清单
B0DQZN71B1,KC4SGE03700,2026-W36,2026-W35,0.0,0.0,,0.0,0.0,,0.0,0.0,0.0,0.0,,,,,,,,曝光/点击/CTR/CVR/ACOS/ROAS/活动清单
B0DQZRQMR5,KX4SGE16700,2026-W36,2026-W35,0.0,0.0,,0.0,0.0,,0.0,0.0,0.0,0.0,,,,,,,,曝光/点击/CTR/CVR/ACOS/ROAS/活动清单
B0DQZRRW8M,KC4SGE00900,2026-W36,2026-W35,0.0,0.0,,0.0,0.0,,0.0,0.0,0.0,0.0,,,,,,,,曝光/点击/CTR/CVR/ACOS/ROAS/活动清单
B0DQZS99BC,KC4SGE00700,2026-W36,2026-W35,0.0,0.0,,0.0,0.0,,0.0,0.0,0.0,0.0,,,,,,,,曝光/点击/CTR/CVR/ACOS/ROAS/活动清单
B0DQZS9NTG,KC4SGE02800,2026-W36,2026-W35,0.0,0.0,,0.0,0.0,,0.0,0.0,0.0,0.0,,,,,,,,曝光/点击/CTR/CVR/ACOS/ROAS/活动清单
B0DQZSHPDZ,KC4SGE00800,2026-W36,2026-W35,0.0,0.0,,0.0,0.0,,0.0,0.0,0.0,0.0,,,,,,,,曝光/点击/CTR/CVR/ACOS/ROAS/活动清单
B0DQZTR7TZ,KC4SGE03300,2026-W36,2026-W35,0.0,0.0,,0.0,0.0,,0.0,0.0,0.0,0.0,,,,,,,,曝光/点击/CTR/CVR/ACOS/ROAS/活动清单
B0DQZTSY6V,KC4SGE05400,2026-W36,2026-W35,0.0,0.0,,0.0,0.0,,14.28,5.98,-14.28,-5.98,,,,,,,,曝光/点击/CTR/CVR/ACOS/ROAS/活动清单
B0DQZTVB7R,KC4SGE05200,2026-W36,2026-W35,0.0,0.0,,0.0,0.0,,0.0,0.0,0.0,0.0,,,,,,,,曝光/点击/CTR/CVR/ACOS/ROAS/活动清单
B0DQZTVFTQ,KC4SGE03400,2026-W36,2026-W35,0.0,1.0,-100.0,0.0,945.13,-100.0,29.24,3.26,-29.24,256.88,,27.18,,,0.35,,单量下滑≥20%；销售额下滑≥20%,曝光/点击/CTR/CVR/ACOS/ROAS/活动清单
B0DQZV4K6K,KC4SGE00600,2026-W36,2026-W35,0.0,0.0,,0.0,0.0,,0.0,0.0,0.0,0.0,,,,,,,,曝光/点击/CTR/CVR/ACOS/ROAS/活动清单
B0DQZV53GG,KC4SGE04800,2026-W36,2026-W35,0.0,0.0,,0.0,0.0,,0.0,0.0,0.0,0.0,,,,,,,,曝光/点击/CTR/CVR/ACOS/ROAS/活动清单
B0DQZVHMQN,KC4SGE01800,2026-W36,2026-W35,0.0,0.0,,0.0,0.0,,0.0,0.0,0.0,0.0,,,,,,,,曝光/点击/CTR/CVR/ACOS/ROAS/活动清单
B0DQZVT6JV,KC4SGE01300,2026-W36,2026-W35,0.0,0.0,,0.0,0.0,,9.52,2.58,-9.52,-2.58,,,,,,,,曝光/点击/CTR/CVR/ACOS/ROAS/活动清单
B0DQZW2C1Q,KC4SGE04200,2026-W36,2026-W35,0.0,0.0,,0.0,0.0,,0.0,0.0,-1.16,-4.05,,,,,,,,曝光/点击/CTR/CVR/ACOS/ROAS/活动清单
B0DQZW5FXY,KC4SGE02400,2026-W36,2026-W35,0.0,1.0,-100.0,0.0,945.2,-100.0,16.39,17.75,-17.8,132.8,,14.05,,,1.88,,单量下滑≥20%；销售额下滑≥20%,曝光/点击/CTR/CVR/ACOS/ROAS/活动清单
B0DQZWB77C,KX4SGE15800,2026-W36,2026-W35,0.0,0.0,,0.0,0.0,,4.76,5.98,-12.45,-21.4,,,,,,,,曝光/点击/CTR/CVR/ACOS/ROAS/活动清单
B0DQZWJCFH,KC4SGE00400,2026-W36,2026-W35,0.0,0.0,,0.0,0.0,,0.0,0.0,0.0,0.0,,,,,,,,曝光/点击/CTR/CVR/ACOS/ROAS/活动清单
B0DQZWMH13,KC4SGE05300,2026-W36,2026-W35,0.0,0.0,,0.0,0.0,,2.72,0.0,-2.72,0.0,,,,,,,,曝光/点击/CTR/CVR/ACOS/ROAS/活动清单
B0DQZWXBL5,KC4SGE04100,2026-W36,2026-W35,0.0,0.0,,0.0,0.0,,0.0,0.0,0.0,0.0,,,,,,,,曝光/点击/CTR/CVR/ACOS/ROAS/活动清单
B0DQZWXRX3,KC4PSP16500,2026-W36,2026-W35,0.0,0.0,,0.0,0.0,,0.0,0.0,0.0,0.0,,,,,,,,曝光/点击/CTR/CVR/ACOS/ROAS/活动清单
B0DQZWZ38L,KX4SGE16500,2026-W36,2026-W35,0.0,0.0,,0.0,0.0,,0.0,0.0,0.0,0.0,,,,,,,,曝光/点击/CTR/CVR/ACOS/ROAS/活动清单
B0DQZWZSFM,KC4SGE02900,2026-W36,2026-W35,0.0,0.0,,0.0,0.0,,0.0,0.0,0.0,0.0,,,,,,,,曝光/点击/CTR/CVR/ACOS/ROAS/活动清单
B0DQZX2CXP,KC4SGE03000,2026-W36,2026-W35,0.0,0.0,,0.0,0.0,,2.72,1.97,-2.72,-1.97,,,,,,,,曝光/点击/CTR/CVR/ACOS/ROAS/活动清单
B0DQZX34G5,KC4SGE03100,2026-W36,2026-W35,0.0,1.0,-100.0,0.0,1489.13,-100.0,0.0,3.06,0.0,329.29,,22.11,,,0.21,,单量下滑≥20%；销售额下滑≥20%,曝光/点击/CTR/CVR/ACOS/ROAS/活动清单
B0DQZX7L79,KC4SGE05100,2026-W36,2026-W35,0.0,0.0,,0.0,0.0,,0.0,5.64,0.0,-5.64,,,,,,,,曝光/点击/CTR/CVR/ACOS/ROAS/活动清单
B0DQZXZWV1,KC4SGE01000,2026-W36,2026-W35,0.0,0.0,,0.0,0.0,,0.0,0.0,0.0,0.0,,,,,,,,曝光/点击/CTR/CVR/ACOS/ROAS/活动清单
B0DQZYK9KK,KC4SGE00300,2026-W36,2026-W35,0.0,0.0,,0.0,0.0,,0.0,0.0,0.0,0.0,,,,,,,,曝光/点击/CTR/CVR/ACOS/ROAS/活动清单
B0DR144TNH,KX4SGE10300,2026-W36,2026-W35,1.0,1.0,0.0,1156.0,1156.0,0.0,0.34,45.49,237.64,193.72,20.56,16.76,22.68,0.03,3.94,-99.25,,曝光/点击/CTR/CVR/ACOS/ROAS/活动清单
B0DR14RD2F,KC4SGE04600,2026-W36,2026-W35,0.0,0.0,,0.0,0.0,,0.0,0.0,0.0,0.0,,,,,,,,曝光/点击/CTR/CVR/ACOS/ROAS/活动清单
B0DR157SSK,KX4SGE13500,2026-W36,2026-W35,0.0,0.0,,0.0,0.0,,0.0,0.0,0.0,0.0,,,,,,,,曝光/点击/CTR/CVR/ACOS/ROAS/活动清单
B0DR1582JR,KX4SGE13700,2026-W36,2026-W35,0.0,0.0,,0.0,0.0,,0.0,0.0,0.0,0.0,,,,,,,,曝光/点击/CTR/CVR/ACOS/ROAS/活动清单
B0DR1582JY,KX4SGE11700,2026-W36,2026-W35,0.0,0.0,,0.0,0.0,,5.98,9.52,-5.98,-9.52,,,,,,,,曝光/点击/CTR/CVR/ACOS/ROAS/活动清单
B0DR158F59,KX4SGE08200,2026-W36,2026-W35,0.0,0.0,,0.0,0.0,,10.06,4.08,-10.06,-4.08,,,,,,,,曝光/点击/CTR/CVR/ACOS/ROAS/活动清单
B0DR1648XY,KX4SGE11100,2026-W36,2026-W35,0.0,1.0,-100.0,0.0,1308.93,-100.0,5.03,3.06,-6.99,228.86,,17.48,,,0.23,,单量下滑≥20%；销售额下滑≥20%,曝光/点击/CTR/CVR/ACOS/ROAS/活动清单
B0DR167V3Z,KX4SGE08600,2026-W36,2026-W35,0.0,0.0,,0.0,0.0,,23.94,40.19,-28.02,-57.5,,,,,,,,曝光/点击/CTR/CVR/ACOS/ROAS/活动清单
B0DR16MVLD,KX4SGE12100,2026-W36,2026-W35,0.0,0.0,,0.0,0.0,,0.0,0.0,0.0,0.0,,,,,,,,曝光/点击/CTR/CVR/ACOS/ROAS/活动清单
B0DR16VDGY,KX4SGE14900,2026-W36,2026-W35,0.0,0.0,,0.0,0.0,,0.0,0.0,0.0,0.0,,,,,,,,曝光/点击/CTR/CVR/ACOS/ROAS/活动清单
B0DR17PR85,KX4SGE14500,2026-W36,2026-W35,0.0,0.0,,0.0,0.0,,9.45,8.09,-9.45,-8.09,,,,,,,,曝光/点击/CTR/CVR/ACOS/ROAS/活动清单
B0DR1F3YDP,KX4SGE09300,2026-W36,2026-W35,0.0,0.0,,0.0,0.0,,0.0,0.0,0.0,0.0,,,,,,,,曝光/点击/CTR/CVR/ACOS/ROAS/活动清单
B0DR1JGJJF,KC4SGE01400,2026-W36,2026-W35,0.0,0.0,,0.0,0.0,,0.0,0.0,0.0,0.0,,,,,,,,曝光/点击/CTR/CVR/ACOS/ROAS/活动清单
B0DR1V4YFW,KX4SGE09700,2026-W36,2026-W35,0.0,0.0,,0.0,0.0,,0.0,0.0,0.0,0.0,,,,,,,,曝光/点击/CTR/CVR/ACOS/ROAS/活动清单
B0DR1V71K3,KX4SGE14700,2026-W36,2026-W35,0.0,0.0,,0.0,0.0,,0.0,0.0,0.0,0.0,,,,,,,,曝光/点击/CTR/CVR/ACOS/ROAS/活动清单
B0DR1XX4CV,KX4SGE10600,2026-W36,2026-W35,0.0,0.0,,0.0,0.0,,15.37,11.63,-15.37,-11.63,,,,,,,,曝光/点击/CTR/CVR/ACOS/ROAS/活动清单
B0DR211Y69,KX4SGE08000,2026-W36,2026-W35,0.0,0.0,,0.0,0.0,,0.0,0.0,0.0,0.0,,,,,,,,曝光/点击/CTR/CVR/ACOS/ROAS/活动清单
B0DR232T5S,KX4SGE17300,2026-W36,2026-W35,0.0,0.0,,0.0,0.0,,0.0,0.0,0.0,0.0,,,,,,,,曝光/点击/CTR/CVR/ACOS/ROAS/活动清单
B0DR2335TW,KX4SGE10900,2026-W36,2026-W35,0.0,0.0,,0.0,0.0,,0.0,0.0,0.0,0.0,,,,,,,,曝光/点击/CTR/CVR/ACOS/ROAS/活动清单
B0DR234TXG,KX4SGE08500,2026-W36,2026-W35,0.0,0.0,,0.0,0.0,,0.0,0.0,0.0,0.0,,,,,,,,曝光/点击/CTR/CVR/ACOS/ROAS/活动清单
B0DSDJV4NR,KX4SGE14000,2026-W36,2026-W35,0.0,0.0,,0.0,0.0,,6.39,8.57,-6.39,-8.57,,,,,,,,曝光/点击/CTR/CVR/ACOS/ROAS/活动清单
B0DSDKVX4J,KX4SGE18000,2026-W36,2026-W35,0.0,0.0,,0.0,0.0,,0.88,0.0,-0.88,0.0,,,,,,,,曝光/点击/CTR/CVR/ACOS/ROAS/活动清单
B0DSDMNPSC,KX4SGE15800,2026-W36,2026-W35,0.0,3.0,-100.0,0.0,3295.42,-100.0,5.64,20.94,-33.71,581.57,,17.65,,,0.64,,单量下滑≥20%；销售额下滑≥20%,曝光/点击/CTR/CVR/ACOS/ROAS/活动清单
B0DSDN54CH,KX4SGE08400,2026-W36,2026-W35,0.0,0.0,,0.0,0.0,,9.25,9.25,-9.25,-9.25,,,,,,,,曝光/点击/CTR/CVR/ACOS/ROAS/活动清单
B0DSDNHMWF,KX4SGE07700,2026-W36,2026-W35,0.0,0.0,,0.0,0.0,,8.16,8.02,-8.16,-8.02,,,,,,,,曝光/点击/CTR/CVR/ACOS/ROAS/活动清单
B0DSDP1VWQ,KC4SGE05300,2026-W36,2026-W35,0.0,0.0,,0.0,0.0,,8.36,7.14,-8.36,-7.14,,,,,,,,曝光/点击/CTR/CVR/ACOS/ROAS/活动清单
B0DSDP4HXC,KC4SGE04300,2026-W36,2026-W35,0.0,0.0,,0.0,0.0,,19.92,0.0,-19.92,0.0,,,,,,,,曝光/点击/CTR/CVR/ACOS/ROAS/活动清单
B0DSDP8SFX,KC4PSP17000,2026-W36,2026-W35,0.0,0.0,,0.0,0.0,,0.0,0.0,0.0,0.0,,,,,,,,曝光/点击/CTR/CVR/ACOS/ROAS/活动清单
B0DSDPLJZ3,KC4PSP18000,2026-W36,2026-W35,0.0,0.0,,0.0,0.0,,15.44,0.0,-15.44,0.0,,,,,,,,曝光/点击/CTR/CVR/ACOS/ROAS/活动清单
B0DSDPMZT6,KX4SGE17400,2026-W36,2026-W35,0.0,0.0,,0.0,0.0,,0.0,5.3,0.0,-5.3,,,,,,,,曝光/点击/CTR/CVR/ACOS/ROAS/活动清单
B0DSDPQQBJ,KC4SGE05100,2026-W36,2026-W35,0.0,0.0,,0.0,0.0,,0.0,0.0,0.0,0.0,,,,,,,,曝光/点击/CTR/CVR/ACOS/ROAS/活动清单
B0DSDQD8KV,KC4SGE00100,2026-W36,2026-W35,0.0,0.0,,0.0,0.0,,0.0,0.0,0.0,0.0,,,,,,,,曝光/点击/CTR/CVR/ACOS/ROAS/活动清单
B0DSDQJT1S,KC4SGE00500,2026-W36,2026-W35,0.0,2.0,-100.0,0.0,2584.0,-100.0,10.34,15.64,-18.95,523.78,,20.27,,,0.61,,单量下滑≥20%；销售额下滑≥20%,曝光/点击/CTR/CVR/ACOS/ROAS/活动清单
B0DSDQLG4Q,KC4SGE00800,2026-W36,2026-W35,0.0,1.0,-100.0,0.0,1565.7,-100.0,16.73,0.0,-16.73,420.87,,26.88,,,0.0,,单量下滑≥20%；销售额下滑≥20%,曝光/点击/CTR/CVR/ACOS/ROAS/活动清单
B0DSDQSMVY,KX4SGE09700,2026-W36,2026-W35,0.0,1.0,-100.0,0.0,1162.8,-100.0,13.87,7.75,-13.87,264.59,,22.75,,,0.67,,单量下滑≥20%；销售额下滑≥20%,曝光/点击/CTR/CVR/ACOS/ROAS/活动清单
B0DSDRZYNV,KC4SGE00900,2026-W36,2026-W35,0.0,0.0,,0.0,0.0,,0.0,0.0,0.0,0.0,,,,,,,,曝光/点击/CTR/CVR/ACOS/ROAS/活动清单
B0DSDS1MD1,KX4SGE14900,2026-W36,2026-W35,0.0,0.0,,0.0,0.0,,9.25,2.72,-9.25,-2.72,,,,,,,,曝光/点击/CTR/CVR/ACOS/ROAS/活动清单
B0DSDVMWFK,KX4SGE09300,2026-W36,2026-W35,0.0,0.0,,0.0,0.0,,7.41,4.49,-7.41,-4.49,,,,,,,,曝光/点击/CTR/CVR/ACOS/ROAS/活动清单
B0DSF2DRGY,KX4SGE10600,2026-W36,2026-W35,1.0,1.0,0.0,889.78,889.78,0.0,10.54,32.5,173.59,152.34,19.51,17.12,13.95,1.18,3.65,-67.57,,曝光/点击/CTR/CVR/ACOS/ROAS/活动清单
B0DSF3YM3M,KX4SGE08500,2026-W36,2026-W35,0.0,0.0,,0.0,0.0,,15.23,0.0,-15.23,0.0,,,,,,,,曝光/点击/CTR/CVR/ACOS/ROAS/活动清单
B0DSF696TB,KC4SGE01200,2026-W36,2026-W35,0.0,1.0,-100.0,0.0,1149.47,-100.0,42.57,9.32,-42.57,222.02,,19.32,,,0.81,,单量下滑≥20%；销售额下滑≥20%,曝光/点击/CTR/CVR/ACOS/ROAS/活动清单
B0DSPPMDT1,KC4SGE03200,2026-W36,2026-W35,0.0,0.0,,0.0,0.0,,0.0,0.0,0.0,0.0,,,,,,,,曝光/点击/CTR/CVR/ACOS/ROAS/活动清单
B0DSPPNS5J,KX4SGE14500,2026-W36,2026-W35,0.0,0.0,,0.0,0.0,,0.0,0.0,0.0,0.0,,,,,,,,曝光/点击/CTR/CVR/ACOS/ROAS/活动清单
B0DSPS8DR3,KX4SGE14700,2026-W36,2026-W35,0.0,0.0,,0.0,0.0,,0.0,0.0,0.0,0.0,,,,,,,,曝光/点击/CTR/CVR/ACOS/ROAS/活动清单
B0DSPSFKV2,KX4SGE17700,2026-W36,2026-W35,0.0,0.0,,0.0,0.0,,0.0,0.0,0.0,0.0,,,,,,,,曝光/点击/CTR/CVR/ACOS/ROAS/活动清单
B0DSPSG4C3,KC4SGE02500,2026-W36,2026-W35,0.0,0.0,,0.0,0.0,,0.0,0.0,0.0,0.0,,,,,,,,曝光/点击/CTR/CVR/ACOS/ROAS/活动清单
B0DSPSL9SX,KX4SGE11100,2026-W36,2026-W35,0.0,0.0,,0.0,0.0,,10.06,14.01,-10.06,-14.01,,,,,,,,曝光/点击/CTR/CVR/ACOS/ROAS/活动清单
B0DSPTZQ8C,KX4SGE11700,2026-W36,2026-W35,0.0,0.0,,0.0,0.0,,0.0,0.0,0.0,0.0,,,,,,,,曝光/点击/CTR/CVR/ACOS/ROAS/活动清单
B0DSPVZ77D,KC4SGE04100,2026-W36,2026-W35,0.0,0.0,,0.0,0.0,,0.0,0.0,0.0,0.0,,,,,,,,曝光/点击/CTR/CVR/ACOS/ROAS/活动清单
B0DSPW645Y,KC4PSP18000,2026-W36,2026-W35,0.0,0.0,,0.0,0.0,,0.0,0.0,0.0,0.0,,,,,,,,曝光/点击/CTR/CVR/ACOS/ROAS/活动清单
B0DSZKSVFS,KX4SGE12800,2026-W36,2026-W35,0.0,0.0,,0.0,0.0,,0.0,0.0,0.0,0.0,,,,,,,,曝光/点击/CTR/CVR/ACOS/ROAS/活动清单
B0DSZLTFTL,KX4SGE12700,2026-W36,2026-W35,0.0,0.0,,0.0,0.0,,18.84,40.6,-18.84,-40.6,,,,,,,,曝光/点击/CTR/CVR/ACOS/ROAS/活动清单
B0DSZPZY17,KX4SGE08800,2026-W36,2026-W35,0.0,0.0,,0.0,0.0,,8.91,7.21,-12.66,-20.35,,,,,,,,曝光/点击/CTR/CVR/ACOS/ROAS/活动清单
B0DSZQ5BCN,KX4SGE09200,2026-W36,2026-W35,0.0,1.0,-100.0,0.0,863.67,-100.0,0.0,29.72,0.0,34.73,,4.02,,,3.44,,单量下滑≥20%；销售额下滑≥20%,曝光/点击/CTR/CVR/ACOS/ROAS/活动清单
B0DSZS1MPG,KX4SGE12800,2026-W36,2026-W35,0.0,0.0,,0.0,0.0,,0.0,0.0,0.0,0.0,,,,,,,,曝光/点击/CTR/CVR/ACOS/ROAS/活动清单
B0DSZS6NF4,PT4SGE21100,2026-W36,2026-W35,0.0,0.0,,0.0,0.0,,0.0,0.0,0.0,0.0,,,,,,,,曝光/点击/CTR/CVR/ACOS/ROAS/活动清单
B0DSZVM93Q,KX4SGE08800,2026-W36,2026-W35,0.0,0.0,,0.0,0.0,,14.14,16.05,-23.44,-30.58,,,,,,,,曝光/点击/CTR/CVR/ACOS/ROAS/活动清单
B0DSZWN9RL,KX4SGE08900,2026-W36,2026-W35,0.0,1.0,-100.0,0.0,1271.6,-100.0,37.67,58.75,-124.56,164.82,,12.96,,,4.62,,单量下滑≥20%；销售额下滑≥20%,曝光/点击/CTR/CVR/ACOS/ROAS/活动清单
B0DT11L48N,KX4SGE09200,2026-W36,2026-W35,0.0,0.0,,0.0,0.0,,5.98,4.08,-5.98,-4.08,,,,,,,,曝光/点击/CTR/CVR/ACOS/ROAS/活动清单
B0DWJG1S64,KX4SGE07900,2026-W36,2026-W35,2.0,0.0,N/A,3821.46,0.0,N/A,10.34,25.5,1052.9,-25.5,27.55,,,0.27,,,,曝光/点击/CTR/CVR/ACOS/ROAS/活动清单
B0DWJLP9LW,KX4SGE08800,2026-W36,2026-W35,1.0,3.0,-66.67,1121.93,3365.8,-66.67,28.32,59.06,189.22,650.16,16.87,19.32,-12.69,2.52,1.75,43.87,单量下滑≥20%；销售额下滑≥20%；TACOS上升≥30%,曝光/点击/CTR/CVR/ACOS/ROAS/活动清单
B0DWJQ3GNZ,KX4SGE12800,2026-W36,2026-W35,0.0,2.0,-100.0,0.0,2583.86,-100.0,13.06,19.58,-13.06,572.99,,22.18,,,0.76,,单量下滑≥20%；销售额下滑≥20%,曝光/点击/CTR/CVR/ACOS/ROAS/活动清单
B0DWJQC5MN,KX4SGE14000,2026-W36,2026-W35,0.0,0.0,,0.0,0.0,,0.0,0.0,0.0,0.0,,,,,,,,曝光/点击/CTR/CVR/ACOS/ROAS/活动清单
B0DWJQCQJ2,KX4SGE17400,2026-W36,2026-W35,0.0,0.0,,0.0,0.0,,13.19,4.08,-13.19,-4.08,,,,,,,,曝光/点击/CTR/CVR/ACOS/ROAS/活动清单
B0DWJS6X85,KX4SGE13200,2026-W36,2026-W35,0.0,0.0,,0.0,0.0,,0.0,0.0,0.0,0.0,,,,,,,,曝光/点击/CTR/CVR/ACOS/ROAS/活动清单
B0DWJVN71Y,KX4SGE18000,2026-W36,2026-W35,0.0,0.0,,0.0,0.0,,23.53,28.02,-23.53,-28.02,,,,,,,,曝光/点击/CTR/CVR/ACOS/ROAS/活动清单
B0DWJXRXNM,KX4SGE17100,2026-W36,2026-W35,0.0,0.0,,0.0,0.0,,13.94,0.0,-13.94,0.0,,,,,,,,曝光/点击/CTR/CVR/ACOS/ROAS/活动清单
B0DWJZLMJ2,KC4PSP16900,2026-W36,2026-W35,10.0,6.0,66.67,11220.0,6732.0,66.67,49.78,126.75,1821.36,272.95,16.23,4.05,300.36,0.44,1.88,-76.44,,曝光/点击/CTR/CVR/ACOS/ROAS/活动清单
B0DWK1388B,KX4SGE09200,2026-W36,2026-W35,3.0,0.0,N/A,3365.8,0.0,N/A,12.65,17.2,775.29,-13.96,23.03,,,0.38,,,,曝光/点击/CTR/CVR/ACOS/ROAS/活动清单
B0DWK1657X,KC4PSP17400,2026-W36,2026-W35,0.0,0.0,,0.0,0.0,,0.0,0.0,0.0,0.0,,,,,,,,曝光/点击/CTR/CVR/ACOS/ROAS/活动清单
B0DWK1HVFF,KX4SGE12900,2026-W36,2026-W35,0.0,0.0,,0.0,0.0,,3.06,6.87,-3.06,-6.87,,,,,,,,曝光/点击/CTR/CVR/ACOS/ROAS/活动清单
B0DWMQS9GP,PT4SGE26500,2026-W36,2026-W35,0.0,0.0,,0.0,0.0,,0.0,0.0,0.0,0.0,,,,,,,,曝光/点击/CTR/CVR/ACOS/ROAS/活动清单
B0DWMS9Y4H,PT4SGE19600,2026-W36,2026-W35,0.0,0.0,,0.0,0.0,,0.0,0.0,0.0,0.0,,,,,,,,曝光/点击/CTR/CVR/ACOS/ROAS/活动清单
B0DWMSF77S,PT4SGE18700,2026-W36,2026-W35,0.0,0.0,,0.0,0.0,,0.0,0.0,-0.9,-3.83,,,,,,,,曝光/点击/CTR/CVR/ACOS/ROAS/活动清单
B0DWMSG3ML,KX4SGE15200,2026-W36,2026-W35,0.0,1.0,-100.0,0.0,1094.8,-100.0,37.94,90.37,-52.43,74.12,,6.77,,,8.25,,单量下滑≥20%；销售额下滑≥20%,曝光/点击/CTR/CVR/ACOS/ROAS/活动清单
B0DWMSHL7S,PT4SGE19600,2026-W36,2026-W35,1.0,0.0,N/A,584.8,0.0,N/A,36.04,8.77,24.71,-26.29,4.23,,,6.16,,,,曝光/点击/CTR/CVR/ACOS/ROAS/活动清单
B0DWMSSG1M,PT4SGE28100,2026-W36,2026-W35,1.0,1.0,0.0,1387.2,1387.2,0.0,30.74,30.94,303.29,301.89,21.86,21.76,0.47,2.22,2.23,-0.66,,曝光/点击/CTR/CVR/ACOS/ROAS/活动清单
B0DWMSW236,PT4SGE27300,2026-W36,2026-W35,0.0,0.0,,0.0,0.0,,0.0,0.0,0.0,0.0,,,,,,,,曝光/点击/CTR/CVR/ACOS/ROAS/活动清单
B0DWMT3VKB,PT4SGE19400,2026-W36,2026-W35,0.0,0.0,,0.0,0.0,,3.06,5.85,-3.06,-5.85,,,,,,,,曝光/点击/CTR/CVR/ACOS/ROAS/活动清单
B0DWMT4JDS,PT4SGE25600,2026-W36,2026-W35,2.0,1.0,100.0,2040.0,1020.0,100.0,18.16,37.06,392.79,155.66,19.25,15.26,26.17,0.89,3.63,-75.5,,曝光/点击/CTR/CVR/ACOS/ROAS/活动清单
B0DWMT5PY9,PT4SGE24300,2026-W36,2026-W35,1.0,2.0,-50.0,1210.33,2420.66,-50.0,6.53,6.32,278.07,562.88,22.97,23.25,-1.2,0.54,0.26,106.45,单量下滑≥20%；销售额下滑≥20%；TACOS上升≥30%,曝光/点击/CTR/CVR/ACOS/ROAS/活动清单
B0DWMT6F8P,PT4SGE24000,2026-W36,2026-W35,0.0,0.0,,0.0,0.0,,0.0,0.0,0.0,0.0,,,,,,,,曝光/点击/CTR/CVR/ACOS/ROAS/活动清单
B0DWMT7C59,PT4SGE24400,2026-W36,2026-W35,0.0,1.0,-100.0,0.0,1353.2,-100.0,14.89,11.29,-14.89,343.14,,25.36,,,0.83,,单量下滑≥20%；销售额下滑≥20%,曝光/点击/CTR/CVR/ACOS/ROAS/活动清单
B0DWMT83TF,KX4SGE10100,2026-W36,2026-W35,0.0,0.0,,0.0,0.0,,0.0,0.0,0.0,0.0,,,,,,,,曝光/点击/CTR/CVR/ACOS/ROAS/活动清单
B0DWMT91GZ,PT4SGE18600,2026-W36,2026-W35,0.0,0.0,,0.0,0.0,,21.62,34.48,-23.56,-41.26,,,,,,,,曝光/点击/CTR/CVR/ACOS/ROAS/活动清单
B0DWMTBPZG,KX4SGE12400,2026-W36,2026-W35,0.0,0.0,,0.0,0.0,,4.08,17.14,-21.89,-44.98,,,,,,,,曝光/点击/CTR/CVR/ACOS/ROAS/活动清单
B0DWMTCC74,PT4SGE19200,2026-W36,2026-W35,0.0,1.0,-100.0,0.0,584.8,-100.0,45.7,32.44,-50.57,84.9,,14.52,,,5.55,,单量下滑≥20%；销售额下滑≥20%,曝光/点击/CTR/CVR/ACOS/ROAS/活动清单
B0DWMTDNKW,PT4SGE26300,2026-W36,2026-W35,0.0,0.0,,0.0,0.0,,1.09,2.72,-1.09,-2.72,,,,,,,,曝光/点击/CTR/CVR/ACOS/ROAS/活动清单
B0DWMTDRJB,PT4SGE26200,2026-W36,2026-W35,0.0,0.0,,0.0,0.0,,11.83,0.0,-11.83,0.0,,,,,,,,曝光/点击/CTR/CVR/ACOS/ROAS/活动清单
B0DWMTG6H3,PT4SGE26800,2026-W36,2026-W35,0.0,1.0,-100.0,0.0,999.6,-100.0,16.18,19.11,-19.17,190.99,,19.11,,,1.91,,单量下滑≥20%；销售额下滑≥20%,曝光/点击/CTR/CVR/ACOS/ROAS/活动清单
B0DWMTK9F5,PT4SGE24400,2026-W36,2026-W35,0.0,0.0,,0.0,0.0,,7.34,0.95,-13.4,-26.66,,,,,,,,曝光/点击/CTR/CVR/ACOS/ROAS/活动清单
B0DWMTNSG6,PT4SGE20300,2026-W36,2026-W35,0.0,0.0,,0.0,0.0,,0.0,0.0,0.0,0.0,,,,,,,,曝光/点击/CTR/CVR/ACOS/ROAS/活动清单
B0DWMTNV1D,PT4SGE24900,2026-W36,2026-W35,0.0,0.0,,0.0,0.0,,2.72,0.0,-2.72,0.0,,,,,,,,曝光/点击/CTR/CVR/ACOS/ROAS/活动清单
B0DWMTNV4G,PT4SGE23100,2026-W36,2026-W35,0.0,0.0,,0.0,0.0,,0.0,0.0,0.0,0.0,,,,,,,,曝光/点击/CTR/CVR/ACOS/ROAS/活动清单
B0DWMTPJ43,PT4SGE21500,2026-W36,2026-W35,0.0,0.0,,0.0,0.0,,0.0,0.0,0.0,0.0,,,,,,,,曝光/点击/CTR/CVR/ACOS/ROAS/活动清单
B0DWMTPL8K,PT4SGE25800,2026-W36,2026-W35,0.0,0.0,,0.0,0.0,,0.0,0.0,0.0,0.0,,,,,,,,曝光/点击/CTR/CVR/ACOS/ROAS/活动清单
B0DWMTRDD2,PT4SGE26600,2026-W36,2026-W35,0.0,0.0,,0.0,0.0,,0.0,0.0,0.0,0.0,,,,,,,,曝光/点击/CTR/CVR/ACOS/ROAS/活动清单
B0DWMTVB9C,PT4SGE22500,2026-W36,2026-W35,1.0,0.0,N/A,1012.38,0.0,N/A,20.26,22.51,136.9,-51.77,13.52,,,2.0,,,,曝光/点击/CTR/CVR/ACOS/ROAS/活动清单
B0DWMTVC74,PT4SGE18300,2026-W36,2026-W35,0.0,0.0,,0.0,0.0,,21.35,0.0,-21.35,0.0,,,,,,,,曝光/点击/CTR/CVR/ACOS/ROAS/活动清单
B0DWMTVZ28,KC4PSP16300,2026-W36,2026-W35,0.0,0.0,,0.0,0.0,,3.26,0.0,-4.96,-5.93,,,,,,,,曝光/点击/CTR/CVR/ACOS/ROAS/活动清单
B0DWMTWGR8,PT4SGE19900,2026-W36,2026-W35,0.0,0.0,,0.0,0.0,,0.0,0.0,0.0,0.0,,,,,,,,曝光/点击/CTR/CVR/ACOS/ROAS/活动清单
B0DWMTWKBP,PT4SGE24700,2026-W36,2026-W35,0.0,0.0,,0.0,0.0,,5.98,3.88,-8.08,-11.22,,,,,,,,曝光/点击/CTR/CVR/ACOS/ROAS/活动清单
B0DWMTWWMP,PT4SGE20100,2026-W36,2026-W35,0.0,0.0,,0.0,0.0,,0.0,0.0,0.0,0.0,,,,,,,,曝光/点击/CTR/CVR/ACOS/ROAS/活动清单
B0DWMTXGTZ,PT4SGE21400,2026-W36,2026-W35,0.0,0.0,,0.0,0.0,,0.0,0.0,0.0,0.0,,,,,,,,曝光/点击/CTR/CVR/ACOS/ROAS/活动清单
B0DWMTXGXW,PT4SGE26000,2026-W36,2026-W35,0.0,0.0,,0.0,0.0,,0.0,0.0,0.0,0.0,,,,,,,,曝光/点击/CTR/CVR/ACOS/ROAS/活动清单
B0DWMTXJNQ,PT4SGE19500,2026-W36,2026-W35,0.0,1.0,-100.0,0.0,598.4,-100.0,0.0,9.38,0.0,144.56,,24.16,,,1.57,,单量下滑≥20%；销售额下滑≥20%,曝光/点击/CTR/CVR/ACOS/ROAS/活动清单
B0DWMTXN9Y,PT4SGE19700,2026-W36,2026-W35,0.0,0.0,,0.0,0.0,,0.0,0.0,0.0,0.0,,,,,,,,曝光/点击/CTR/CVR/ACOS/ROAS/活动清单
B0DWMTXQZK,PT4SGE19800,2026-W36,2026-W35,0.0,0.0,,0.0,0.0,,24.82,12.17,-28.88,-29.39,,,,,,,,曝光/点击/CTR/CVR/ACOS/ROAS/活动清单
B0DWMTY66B,PT4SGE22700,2026-W36,2026-W35,0.0,0.0,,0.0,0.0,,0.0,0.0,-1.11,-4.69,,,,,,,,曝光/点击/CTR/CVR/ACOS/ROAS/活动清单
B0DWMTZ8H1,PT4SGE26100,2026-W36,2026-W35,0.0,1.0,-100.0,0.0,852.72,-100.0,29.51,28.02,-51.3,255.77,,30.0,,,3.29,,单量下滑≥20%；销售额下滑≥20%,曝光/点击/CTR/CVR/ACOS/ROAS/活动清单
B0DWMTZCK3,PT4SGE23700,2026-W36,2026-W35,0.0,0.0,,0.0,0.0,,0.0,0.0,0.0,0.0,,,,,,,,曝光/点击/CTR/CVR/ACOS/ROAS/活动清单
B0DWMV24J4,PT4SGE21100,2026-W36,2026-W35,0.0,0.0,,0.0,0.0,,0.0,0.0,0.0,0.0,,,,,,,,曝光/点击/CTR/CVR/ACOS/ROAS/活动清单
B0DWMV2749,PT4SGE26800,2026-W36,2026-W35,0.0,0.0,,0.0,0.0,,0.0,0.0,0.0,0.0,,,,,,,,曝光/点击/CTR/CVR/ACOS/ROAS/活动清单
B0DWMV2FY1,PT4SGE24900,2026-W36,2026-W35,0.0,0.0,,0.0,0.0,,5.85,6.05,-5.85,-6.05,,,,,,,,曝光/点击/CTR/CVR/ACOS/ROAS/活动清单
B0DWMV2FZ4,PT4SGE27700,2026-W36,2026-W35,0.0,0.0,,0.0,0.0,,0.0,0.0,0.0,0.0,,,,,,,,曝光/点击/CTR/CVR/ACOS/ROAS/活动清单
B0DWMV3RPH,PT4SGE22200,2026-W36,2026-W35,1.0,2.0,-50.0,918.0,1836.0,-50.0,35.7,36.18,111.09,271.02,12.1,14.76,-18.02,3.89,1.97,97.37,单量下滑≥20%；销售额下滑≥20%；TACOS上升≥30%,曝光/点击/CTR/CVR/ACOS/ROAS/活动清单
B0DWMV3S49,PT4SGE21000,2026-W36,2026-W35,0.0,0.0,,0.0,0.0,,2.04,14.01,-2.04,-14.01,,,,,,,,曝光/点击/CTR/CVR/ACOS/ROAS/活动清单
B0DWMV6NGG,PT4SGE21000,2026-W36,2026-W35,0.0,0.0,,0.0,0.0,,0.0,0.0,0.0,0.0,,,,,,,,曝光/点击/CTR/CVR/ACOS/ROAS/活动清单
B0DWMV7693,PT4SGE24600,2026-W36,2026-W35,0.0,0.0,,0.0,0.0,,7.62,0.0,-7.62,0.0,,,,,,,,曝光/点击/CTR/CVR/ACOS/ROAS/活动清单
B0DWMV77TN,PT4SGE21400,2026-W36,2026-W35,0.0,0.0,,0.0,0.0,,0.0,0.0,0.0,0.0,,,,,,,,曝光/点击/CTR/CVR/ACOS/ROAS/活动清单
B0DWMV786B,PT4SGE22500,2026-W36,2026-W35,0.0,0.0,,0.0,0.0,,0.0,0.0,0.0,0.0,,,,,,,,曝光/点击/CTR/CVR/ACOS/ROAS/活动清单
B0DWMV85N5,PT4SGE27800,2026-W36,2026-W35,1.0,1.0,0.0,1149.13,1149.13,0.0,32.16,18.84,194.74,244.5,16.95,21.28,-20.35,2.8,1.64,70.76,TACOS上升≥30%,曝光/点击/CTR/CVR/ACOS/ROAS/活动清单
B0DWMV9MMG,PT4SGE24000,2026-W36,2026-W35,0.0,0.0,,0.0,0.0,,0.0,0.0,0.0,0.0,,,,,,,,曝光/点击/CTR/CVR/ACOS/ROAS/活动清单
B0DWMVBR7Q,PT4SGE27500,2026-W36,2026-W35,0.0,0.0,,0.0,0.0,,42.64,18.5,-44.02,-24.38,,,,,,,,曝光/点击/CTR/CVR/ACOS/ROAS/活动清单
B0DWMVBS9V,PT4SGE27900,2026-W36,2026-W35,1.0,1.0,0.0,1011.3,1011.3,0.0,13.67,14.21,186.6,189.42,18.45,18.73,-1.49,1.35,1.41,-3.83,,曝光/点击/CTR/CVR/ACOS/ROAS/活动清单
B0DWMVC8SP,PT4SGE20000,2026-W36,2026-W35,0.0,0.0,,0.0,0.0,,0.0,0.0,0.0,0.0,,,,,,,,曝光/点击/CTR/CVR/ACOS/ROAS/活动清单
B0DWMVCPWQ,PT4SGE26200,2026-W36,2026-W35,0.0,0.0,,0.0,0.0,,0.0,0.0,0.0,0.0,,,,,,,,曝光/点击/CTR/CVR/ACOS/ROAS/活动清单
B0DWMVF21W,PT4SGE21100,2026-W36,2026-W35,2.0,1.0,100.0,1196.8,598.4,100.0,0.0,0.0,113.34,54.32,9.47,9.08,4.32,0.0,0.0,,,曝光/点击/CTR/CVR/ACOS/ROAS/活动清单
B0DWMVF9JC,PT4SGE23400,2026-W36,2026-W35,0.0,0.0,,0.0,0.0,,0.0,0.0,0.0,0.0,,,,,,,,曝光/点击/CTR/CVR/ACOS/ROAS/活动清单
B0DWMVLDXS,PT4SGE21900,2026-W36,2026-W35,0.0,0.0,,0.0,0.0,,0.0,0.0,0.0,0.0,,,,,,,,曝光/点击/CTR/CVR/ACOS/ROAS/活动清单
B0DWMVMGP9,PT4SGE20800,2026-W36,2026-W35,0.0,0.0,,0.0,0.0,,0.0,0.0,0.0,0.0,,,,,,,,曝光/点击/CTR/CVR/ACOS/ROAS/活动清单
B0DWMVNYMS,PT4SGE25400,2026-W36,2026-W35,0.0,1.0,-100.0,0.0,1572.7,-100.0,15.64,23.05,-25.03,345.94,,22.0,,,1.47,,单量下滑≥20%；销售额下滑≥20%,曝光/点击/CTR/CVR/ACOS/ROAS/活动清单
B0DWMVNZQ2,PT4SGE22800,2026-W36,2026-W35,0.0,0.0,,0.0,0.0,,0.0,0.0,0.0,0.0,,,,,,,,曝光/点击/CTR/CVR/ACOS/ROAS/活动清单
B0DWMVNZQQ,PT4SGE25800,2026-W36,2026-W35,0.0,0.0,,0.0,0.0,,12.04,0.0,-12.04,0.0,,,,,,,,曝光/点击/CTR/CVR/ACOS/ROAS/活动清单
B0DWMVP2YN,PT4SGE25400,2026-W36,2026-W35,0.0,1.0,-100.0,0.0,1572.7,-100.0,14.42,12.58,-14.42,396.24,,25.19,,,0.8,,单量下滑≥20%；销售额下滑≥20%,曝光/点击/CTR/CVR/ACOS/ROAS/活动清单
B0DWMVQ3MR,PT4SGE23600,2026-W36,2026-W35,1.0,1.0,0.0,1518.92,1518.92,0.0,49.44,94.25,459.09,422.89,30.22,27.84,8.56,3.25,6.2,-47.55,,曝光/点击/CTR/CVR/ACOS/ROAS/活动清单
B0DWMVQGKD,PT4SGE27000,2026-W36,2026-W35,0.0,0.0,,0.0,0.0,,5.98,6.53,-5.98,-6.53,,,,,,,,曝光/点击/CTR/CVR/ACOS/ROAS/活动清单
B0DWMVQQ5W,PT4SGE26100,2026-W36,2026-W35,0.0,0.0,,0.0,0.0,,0.0,0.0,0.0,0.0,,,,,,,,曝光/点击/CTR/CVR/ACOS/ROAS/活动清单
B0DWMVR26F,PT4SGE23700,2026-W36,2026-W35,0.0,0.0,,0.0,0.0,,0.0,0.0,0.0,0.0,,,,,,,,曝光/点击/CTR/CVR/ACOS/ROAS/活动清单
B0DWMVRNCJ,KX4SGE13100,2026-W36,2026-W35,0.0,1.0,-100.0,0.0,1475.6,-100.0,32.71,40.87,-32.71,309.81,,21.0,,,2.77,,单量下滑≥20%；销售额下滑≥20%,曝光/点击/CTR/CVR/ACOS/ROAS/活动清单
B0DWMVS1WG,PT4SGE26700,2026-W36,2026-W35,2.0,0.0,N/A,1700.0,0.0,N/A,22.3,46.72,261.5,-46.72,15.38,,,1.31,,,,曝光/点击/CTR/CVR/ACOS/ROAS/活动清单
B0DWMVST5H,PT4SGE20500,2026-W36,2026-W35,0.0,0.0,,0.0,0.0,,9.72,3.13,-11.51,-10.7,,,,,,,,曝光/点击/CTR/CVR/ACOS/ROAS/活动清单
B0DWMVSV8M,PT4SGE23200,2026-W36,2026-W35,0.0,0.0,,0.0,0.0,,20.47,5.71,-20.47,-5.71,,,,,,,,曝光/点击/CTR/CVR/ACOS/ROAS/活动清单
B0DWMVTMVT,PT4SGE24600,2026-W36,2026-W35,0.0,0.0,,0.0,0.0,,0.0,0.0,0.0,0.0,,,,,,,,曝光/点击/CTR/CVR/ACOS/ROAS/活动清单
B0DWMVVZTC,PT4SGE18500,2026-W36,2026-W35,0.0,0.0,,0.0,0.0,,0.0,0.0,0.0,0.0,,,,,,,,曝光/点击/CTR/CVR/ACOS/ROAS/活动清单
B0DWMVW888,PT4SGE19800,2026-W36,2026-W35,0.0,0.0,,0.0,0.0,,9.79,4.9,-9.79,-4.9,,,,,,,,曝光/点击/CTR/CVR/ACOS/ROAS/活动清单
B0DWMVWJQB,KX4SGE13100,2026-W36,2026-W35,0.0,0.0,,0.0,0.0,,0.0,0.0,0.0,0.0,,,,,,,,曝光/点击/CTR/CVR/ACOS/ROAS/活动清单
B0DWMVXFQ5,PT4SGE23300,2026-W36,2026-W35,0.0,0.0,,0.0,0.0,,24.62,17.88,-24.62,-17.88,,,,,,,,曝光/点击/CTR/CVR/ACOS/ROAS/活动清单
B0DWMVYC9M,PT4SGE23400,2026-W36,2026-W35,0.0,0.0,,0.0,0.0,,0.0,14.96,0.0,-14.96,,,,,,,,曝光/点击/CTR/CVR/ACOS/ROAS/活动清单
B0DWMVZ3BX,PT4SGE24300,2026-W36,2026-W35,0.0,0.0,,0.0,0.0,,4.76,14.48,-4.76,-14.48,,,,,,,,曝光/点击/CTR/CVR/ACOS/ROAS/活动清单
B0DWMW19KX,PT4SGE26600,2026-W36,2026-W35,0.0,0.0,,0.0,0.0,,0.0,0.0,0.0,0.0,,,,,,,,曝光/点击/CTR/CVR/ACOS/ROAS/活动清单
B0DWMW2718,PT4SGE19700,2026-W36,2026-W35,2.0,4.0,-50.0,1458.33,2916.66,-50.0,118.39,110.91,359.13,808.59,24.63,27.72,-11.17,8.12,3.8,113.49,单量下滑≥20%；销售额下滑≥20%；TACOS上升≥30%,曝光/点击/CTR/CVR/ACOS/ROAS/活动清单
B0DWMW4MXR,PT4SGE20800,2026-W36,2026-W35,0.0,1.0,-100.0,0.0,642.8,-100.0,17.61,22.17,-17.61,142.32,,22.14,,,3.45,,单量下滑≥20%；销售额下滑≥20%,曝光/点击/CTR/CVR/ACOS/ROAS/活动清单
B0DWMW6BCK,PT4SGE18500,2026-W36,2026-W35,0.0,0.0,,0.0,0.0,,0.0,0.0,0.0,0.0,,,,,,,,曝光/点击/CTR/CVR/ACOS/ROAS/活动清单
B0DWMW7WG7,PT4SGE26000,2026-W36,2026-W35,0.0,0.0,,0.0,0.0,,0.0,0.0,0.0,0.0,,,,,,,,曝光/点击/CTR/CVR/ACOS/ROAS/活动清单
B0DWMW85HW,PT4SGE19100,2026-W36,2026-W35,0.0,0.0,,0.0,0.0,,13.4,19.04,-17.08,-24.81,,,,,,,,曝光/点击/CTR/CVR/ACOS/ROAS/活动清单
B0DWMW8QBM,PT4SGE23900,2026-W36,2026-W35,0.0,0.0,,0.0,0.0,,16.86,31.55,-19.16,-39.6,,,,,,,,曝光/点击/CTR/CVR/ACOS/ROAS/活动清单
B0DWMW8WBV,PT4SGE28200,2026-W36,2026-W35,3.0,1.0,200.0,3855.6,1285.2,200.0,4.69,0.41,1236.8,407.53,32.08,31.71,1.16,0.12,0.03,283.33,TACOS上升≥30%,曝光/点击/CTR/CVR/ACOS/ROAS/活动清单
B0DWMW8ZPH,PT4SGE23100,2026-W36,2026-W35,0.0,0.0,,0.0,0.0,,0.0,0.0,0.0,0.0,,,,,,,,曝光/点击/CTR/CVR/ACOS/ROAS/活动清单
B0DWMW9RDM,PT4SGE19400,2026-W36,2026-W35,0.0,0.0,,0.0,0.0,,0.0,0.0,0.0,0.0,,,,,,,,曝光/点击/CTR/CVR/ACOS/ROAS/活动清单
B0DWMWB1YB,PT4SGE27800,2026-W36,2026-W35,0.0,0.0,,0.0,0.0,,0.0,0.0,0.0,0.0,,,,,,,,曝光/点击/CTR/CVR/ACOS/ROAS/活动清单
B0DWMWBJ2Y,PT4SGE27600,2026-W36,2026-W35,0.0,0.0,,0.0,0.0,,0.0,0.0,0.0,0.0,,,,,,,,曝光/点击/CTR/CVR/ACOS/ROAS/活动清单
B0DWMWDCGG,PT4SGE19900,2026-W36,2026-W35,0.0,0.0,,0.0,0.0,,15.03,0.0,-15.03,0.0,,,,,,,,曝光/点击/CTR/CVR/ACOS/ROAS/活动清单
B0DWMWDHTG,PT4SGE26500,2026-W36,2026-W35,0.0,0.0,,0.0,0.0,,0.0,0.0,0.0,0.0,,,,,,,,曝光/点击/CTR/CVR/ACOS/ROAS/活动清单
B0DWMWDMSG,PT4SGE20100,2026-W36,2026-W35,0.0,0.0,,0.0,0.0,,3.26,5.98,-3.26,-5.98,,,,,,,,曝光/点击/CTR/CVR/ACOS/ROAS/活动清单
B0DWMWF3M3,PT4SGE23600,2026-W36,2026-W35,0.0,0.0,,0.0,0.0,,0.0,0.0,0.0,0.0,,,,,,,,曝光/点击/CTR/CVR/ACOS/ROAS/活动清单
B0DWMWFPJL,KC4PSP16300,2026-W36,2026-W35,0.0,0.0,,0.0,0.0,,3.06,0.0,-3.06,0.0,,,,,,,,曝光/点击/CTR/CVR/ACOS/ROAS/活动清单
B0DWMWHW6D,PT4SGE28100,2026-W36,2026-W35,0.0,0.0,,0.0,0.0,,0.0,0.0,0.0,0.0,,,,,,,,曝光/点击/CTR/CVR/ACOS/ROAS/活动清单
B0DWMWHXPT,PT4SGE18400,2026-W36,2026-W35,0.0,0.0,,0.0,0.0,,0.0,0.0,0.0,0.0,,,,,,,,曝光/点击/CTR/CVR/ACOS/ROAS/活动清单
B0DWMWJ28T,PT4SGE27900,2026-W36,2026-W35,0.0,0.0,,0.0,0.0,,0.0,0.0,0.0,0.0,,,,,,,,曝光/点击/CTR/CVR/ACOS/ROAS/活动清单
B0DWMWJ4YX,PT4SGE19500,2026-W36,2026-W35,0.0,0.0,,0.0,0.0,,0.0,0.0,0.0,0.0,,,,,,,,曝光/点击/CTR/CVR/ACOS/ROAS/活动清单
B0DWMWJ67H,PT4SGE27000,2026-W36,2026-W35,0.0,0.0,,0.0,0.0,,25.84,32.03,-25.84,-32.03,,,,,,,,曝光/点击/CTR/CVR/ACOS/ROAS/活动清单
B0DWMWJS7F,PT4SGE20300,2026-W36,2026-W35,0.0,2.0,-100.0,0.0,1617.72,-100.0,3.06,3.06,-5.76,459.22,,28.39,,,0.19,,单量下滑≥20%；销售额下滑≥20%,曝光/点击/CTR/CVR/ACOS/ROAS/活动清单
B0DWMWKKRN,PT4SGE22800,2026-W36,2026-W35,0.0,0.0,,0.0,0.0,,2.04,5.78,-3.44,-10.66,,,,,,,,曝光/点击/CTR/CVR/ACOS/ROAS/活动清单
B0DWMWKTNS,PT4SGE21500,2026-W36,2026-W35,0.0,0.0,,0.0,0.0,,0.0,0.0,0.0,0.0,,,,,,,,曝光/点击/CTR/CVR/ACOS/ROAS/活动清单
B0DWMWLGF3,PT4SGE26300,2026-W36,2026-W35,0.0,1.0,-100.0,0.0,673.2,-100.0,31.42,17.48,-31.42,188.4,,27.99,,,2.6,,单量下滑≥20%；销售额下滑≥20%,曝光/点击/CTR/CVR/ACOS/ROAS/活动清单
B0DWMWLPP3,PT4SGE27500,2026-W36,2026-W35,0.0,0.0,,0.0,0.0,,11.42,0.0,-11.42,0.0,,,,,,,,曝光/点击/CTR/CVR/ACOS/ROAS/活动清单
B0DWMWM7RD,PT4SGE18600,2026-W36,2026-W35,0.0,0.0,,0.0,0.0,,9.79,7.96,-9.79,-7.96,,,,,,,,曝光/点击/CTR/CVR/ACOS/ROAS/活动清单
B0DWMWNV9V,PT4SGE23900,2026-W36,2026-W35,0.0,0.0,,0.0,0.0,,12.31,15.1,-12.31,-15.1,,,,,,,,曝光/点击/CTR/CVR/ACOS/ROAS/活动清单
B0DWMWPHXF,PT4SGE27700,2026-W36,2026-W35,0.0,0.0,,0.0,0.0,,0.0,0.0,0.0,0.0,,,,,,,,曝光/点击/CTR/CVR/ACOS/ROAS/活动清单
B0DWMWQTGG,PT4SGE23200,2026-W36,2026-W35,1.0,0.0,N/A,1353.2,0.0,N/A,23.66,22.44,496.19,-22.44,36.67,,,1.75,,,,曝光/点击/CTR/CVR/ACOS/ROAS/活动清单
B0DWMWR57F,PT4SGE20000,2026-W36,2026-W35,0.0,0.0,,0.0,0.0,,0.0,0.0,0.0,0.0,,,,,,,,曝光/点击/CTR/CVR/ACOS/ROAS/活动清单
B0DWMWRL4Y,PT4SGE18700,2026-W36,2026-W35,0.0,0.0,,0.0,0.0,,0.0,0.0,0.0,0.0,,,,,,,,曝光/点击/CTR/CVR/ACOS/ROAS/活动清单
B0DWMWRW4J,PT4SGE18300,2026-W36,2026-W35,0.0,0.0,,0.0,0.0,,6.12,0.0,-6.12,0.0,,,,,,,,曝光/点击/CTR/CVR/ACOS/ROAS/活动清单
B0DWMWSC1F,PT4SGE18800,2026-W36,2026-W35,0.0,0.0,,0.0,0.0,,0.0,0.0,0.0,0.0,,,,,,,,曝光/点击/CTR/CVR/ACOS/ROAS/活动清单
B0DWMWSW64,PT4SGE19100,2026-W36,2026-W35,0.0,0.0,,0.0,0.0,,0.0,6.66,0.0,-6.66,,,,,,,,曝光/点击/CTR/CVR/ACOS/ROAS/活动清单
B0DWMWW13T,PT4SGE21900,2026-W36,2026-W35,0.0,0.0,,0.0,0.0,,0.0,0.0,-19.45,-40.63,,,,,,,,曝光/点击/CTR/CVR/ACOS/ROAS/活动清单
B0DWMWW45F,KX4SGE12400,2026-W36,2026-W35,1.0,0.0,N/A,1292.0,0.0,N/A,45.56,21.35,163.35,-21.35,12.64,,,3.53,,,,曝光/点击/CTR/CVR/ACOS/ROAS/活动清单
B0DWMWXN5W,KX4SGE10100,2026-W36,2026-W35,1.0,1.0,0.0,1142.4,1142.4,0.0,11.9,4.01,172.0,195.01,15.06,17.07,-11.8,1.04,0.35,196.61,TACOS上升≥30%,曝光/点击/CTR/CVR/ACOS/ROAS/活动清单
B0DWMX43HG,PT4SGE22700,2026-W36,2026-W35,0.0,0.0,,0.0,0.0,,0.0,0.0,0.0,0.0,,,,,,,,曝光/点击/CTR/CVR/ACOS/ROAS/活动清单
B0DWMX4BRG,KX4SGE15200,2026-W36,2026-W35,0.0,0.0,,0.0,0.0,,38.56,17.14,-38.56,-17.14,,,,,,,,曝光/点击/CTR/CVR/ACOS/ROAS/活动清单
B0DWMXBCS8,PT4SGE27600,2026-W36,2026-W35,1.0,1.0,0.0,1353.2,1353.2,0.0,6.94,8.16,334.74,334.74,24.74,24.74,0.0,0.51,0.6,-15.0,,曝光/点击/CTR/CVR/ACOS/ROAS/活动清单
B0DWMXF64B,PT4SGE20500,2026-W36,2026-W35,0.0,0.0,,0.0,0.0,,0.0,0.0,0.0,0.0,,,,,,,,曝光/点击/CTR/CVR/ACOS/ROAS/活动清单
B0DWMXGGK4,PT4SGE25600,2026-W36,2026-W35,0.0,0.0,,0.0,0.0,,0.0,0.0,0.0,0.0,,,,,,,,曝光/点击/CTR/CVR/ACOS/ROAS/活动清单
B0DWMXKTLC,PT4SGE28200,2026-W36,2026-W35,0.0,0.0,,0.0,0.0,,5.78,5.98,-5.78,-5.98,,,,,,,,曝光/点击/CTR/CVR/ACOS/ROAS/活动清单
B0DWMY68C8,PT4SGE18800,2026-W36,2026-W35,0.0,0.0,,0.0,0.0,,0.0,0.0,0.0,0.0,,,,,,,,曝光/点击/CTR/CVR/ACOS/ROAS/活动清单
B0DWMYH5XW,PT4SGE22200,2026-W36,2026-W35,0.0,0.0,,0.0,0.0,,0.0,0.0,0.0,0.0,,,,,,,,曝光/点击/CTR/CVR/ACOS/ROAS/活动清单
B0DWMYH5ZG,PT4SGE18400,2026-W36,2026-W35,0.0,0.0,,0.0,0.0,,0.0,0.0,0.0,0.0,,,,,,,,曝光/点击/CTR/CVR/ACOS/ROAS/活动清单
B0DWSC41SP,KX4SGE08500,2026-W36,2026-W35,0.0,0.0,,0.0,0.0,,0.0,0.0,0.0,0.0,,,,,,,,曝光/点击/CTR/CVR/ACOS/ROAS/活动清单
B0F18628CX,PT4SGE19400,2026-W36,2026-W35,0.0,0.0,,0.0,0.0,,0.0,0.0,0.0,0.0,,,,,,,,曝光/点击/CTR/CVR/ACOS/ROAS/活动清单
B0F186R1FQ,PT4SGE24000,2026-W36,2026-W35,0.0,0.0,,0.0,0.0,,0.0,0.0,0.0,0.0,,,,,,,,曝光/点击/CTR/CVR/ACOS/ROAS/活动清单
B0F186SW7J,KC4PSP16300,2026-W36,2026-W35,0.0,0.0,,0.0,0.0,,0.0,0.0,0.0,0.0,,,,,,,,曝光/点击/CTR/CVR/ACOS/ROAS/活动清单
B0F18B5J2V,PT4SGE24400,2026-W36,2026-W35,0.0,0.0,,0.0,0.0,,0.0,1.43,0.0,-1.43,,,,,,,,曝光/点击/CTR/CVR/ACOS/ROAS/活动清单
B0F18BPNFH,PT4SGE19700,2026-W36,2026-W35,0.0,0.0,,0.0,0.0,,0.0,0.0,0.0,0.0,,,,,,,,曝光/点击/CTR/CVR/ACOS/ROAS/活动清单
B0F18CHKSG,KX4SGE15200,2026-W36,2026-W35,1.0,2.0,-50.0,1094.8,2189.6,-50.0,8.84,0.0,184.09,422.16,16.82,19.28,-12.79,0.81,0.0,N/A,单量下滑≥20%；销售额下滑≥20%,曝光/点击/CTR/CVR/ACOS/ROAS/活动清单
B0F18DTWD5,PT4SGE27600,2026-W36,2026-W35,0.0,0.0,,0.0,0.0,,0.0,0.0,0.0,0.0,,,,,,,,曝光/点击/CTR/CVR/ACOS/ROAS/活动清单
B0F18DYHQ7,PT4SGE23100,2026-W36,2026-W35,0.0,0.0,,0.0,0.0,,0.0,0.0,0.0,0.0,,,,,,,,曝光/点击/CTR/CVR/ACOS/ROAS/活动清单
B0F18M5THF,PT4SGE26000,2026-W36,2026-W35,0.0,0.0,,0.0,0.0,,0.0,0.0,0.0,0.0,,,,,,,,曝光/点击/CTR/CVR/ACOS/ROAS/活动清单
B0F18R2YW4,PT4SGE19800,2026-W36,2026-W35,1.0,0.0,N/A,680.0,0.0,N/A,24.55,35.5,154.4,-39.8,22.71,,,3.61,,,,曝光/点击/CTR/CVR/ACOS/ROAS/活动清单
B0F18WTNZF,PT4SGE23900,2026-W36,2026-W35,0.0,0.0,,0.0,0.0,,0.0,0.0,0.0,0.0,,,,,,,,曝光/点击/CTR/CVR/ACOS/ROAS/活动清单
B0F18WYS7C,PT4SGE27000,2026-W36,2026-W35,0.0,0.0,,0.0,0.0,,0.0,0.0,0.0,0.0,,,,,,,,曝光/点击/CTR/CVR/ACOS/ROAS/活动清单
B0F18X2D7K,PT4SGE27800,2026-W36,2026-W35,0.0,0.0,,0.0,0.0,,0.0,0.0,0.0,0.0,,,,,,,,曝光/点击/CTR/CVR/ACOS/ROAS/活动清单
B0F43KHJC2,KC4PSP16300,2026-W36,2026-W35,0.0,0.0,,0.0,0.0,,89.78,69.12,-115.16,-83.52,,,,,,,,曝光/点击/CTR/CVR/ACOS/ROAS/活动清单
B0F43NQY7N,KC4SGE04300,2026-W36,2026-W35,0.0,0.0,,0.0,0.0,,2.72,0.0,-2.72,0.0,,,,,,,,曝光/点击/CTR/CVR/ACOS/ROAS/活动清单
B0F43P82KJ,KC4SGE05500,2026-W36,2026-W35,0.0,1.0,-100.0,0.0,591.6,-100.0,14.14,25.43,-14.14,116.53,,19.7,,,4.3,,单量下滑≥20%；销售额下滑≥20%,曝光/点击/CTR/CVR/ACOS/ROAS/活动清单
B0F52XDM8T,PT4SGE21500,2026-W36,2026-W35,0.0,0.0,,0.0,0.0,,7.14,0.0,-7.14,0.0,,,,,,,,曝光/点击/CTR/CVR/ACOS/ROAS/活动清单
B0F52XS7Y7,KC4SGE04800,2026-W36,2026-W35,0.0,0.0,,0.0,0.0,,10.61,14.35,-10.61,-14.35,,,,,,,,曝光/点击/CTR/CVR/ACOS/ROAS/活动清单
B0F531Y2YC,KC4PSP16800,2026-W36,2026-W35,0.0,1.0,-100.0,0.0,1128.8,-100.0,0.0,0.0,0.0,309.01,,27.37,,,0.0,,单量下滑≥20%；销售额下滑≥20%,曝光/点击/CTR/CVR/ACOS/ROAS/活动清单
B0F5324ZWR,KC4SGE03200,2026-W36,2026-W35,0.0,0.0,,0.0,0.0,,12.1,28.7,-12.1,-28.7,,,,,,,,曝光/点击/CTR/CVR/ACOS/ROAS/活动清单
B0F5362LX9,KX4SGE08000,2026-W36,2026-W35,0.0,0.0,,0.0,0.0,,0.0,0.0,0.0,0.0,,,,,,,,曝光/点击/CTR/CVR/ACOS/ROAS/活动清单
B0F536RR47,KC4SGE05200,2026-W36,2026-W35,0.0,0.0,,0.0,0.0,,8.36,3.06,-8.36,-3.06,,,,,,,,曝光/点击/CTR/CVR/ACOS/ROAS/活动清单
B0F537GH49,KC4SGE03200,2026-W36,2026-W35,0.0,0.0,,0.0,0.0,,0.0,0.0,0.0,0.0,,,,,,,,曝光/点击/CTR/CVR/ACOS/ROAS/活动清单
B0F539BRTN,KC4SGE04300,2026-W36,2026-W35,0.0,0.0,,0.0,0.0,,0.0,0.0,0.0,0.0,,,,,,,,曝光/点击/CTR/CVR/ACOS/ROAS/活动清单
B0F53BT2RC,KC4SGE05500,2026-W36,2026-W35,1.0,1.0,0.0,591.6,591.6,0.0,7.68,0.0,134.52,140.3,22.74,23.72,-4.12,1.3,0.0,N/A,,曝光/点击/CTR/CVR/ACOS/ROAS/活动清单
B0F53BTL67,KC4SGE04800,2026-W36,2026-W35,0.0,0.0,,0.0,0.0,,8.57,3.06,-8.57,-3.06,,,,,,,,曝光/点击/CTR/CVR/ACOS/ROAS/活动清单
B0F53C1RFK,KX4SGE08000,2026-W36,2026-W35,0.0,0.0,,0.0,0.0,,0.0,0.0,0.0,0.0,,,,,,,,曝光/点击/CTR/CVR/ACOS/ROAS/活动清单
B0F53D9CK6,KC4PSP16800,2026-W36,2026-W35,0.0,0.0,,0.0,0.0,,0.0,0.0,0.0,0.0,,,,,,,,曝光/点击/CTR/CVR/ACOS/ROAS/活动清单
B0F53DF7MR,PT4SGE21500,2026-W36,2026-W35,0.0,0.0,,0.0,0.0,,0.0,8.64,0.0,-8.64,,,,,,,,曝光/点击/CTR/CVR/ACOS/ROAS/活动清单
B0F53DJQ49,KC4SGE05400,2026-W36,2026-W35,0.0,0.0,,0.0,0.0,,0.0,0.0,0.0,0.0,,,,,,,,曝光/点击/CTR/CVR/ACOS/ROAS/活动清单
B0F66V9CSK,KX4SGE09700,2026-W36,2026-W35,0.0,0.0,,0.0,0.0,,0.0,0.0,0.0,0.0,,,,,,,,曝光/点击/CTR/CVR/ACOS/ROAS/活动清单
B0F66W9Z4G,KC4SGE01100,2026-W36,2026-W35,0.0,0.0,,0.0,0.0,,0.0,0.0,0.0,0.0,,,,,,,,曝光/点击/CTR/CVR/ACOS/ROAS/活动清单
B0F66WFMZK,KC4SGE02800,2026-W36,2026-W35,0.0,0.0,,0.0,0.0,,0.0,0.0,0.0,0.0,,,,,,,,曝光/点击/CTR/CVR/ACOS/ROAS/活动清单
B0F66X11Z5,KX4SGE14700,2026-W36,2026-W35,0.0,0.0,,0.0,0.0,,0.0,0.0,0.0,0.0,,,,,,,,曝光/点击/CTR/CVR/ACOS/ROAS/活动清单
B0F66XCGWM,KC4SGE01800,2026-W36,2026-W35,0.0,0.0,,0.0,0.0,,0.0,0.0,0.0,0.0,,,,,,,,曝光/点击/CTR/CVR/ACOS/ROAS/活动清单
B0F66XF6T5,PT4SGE26200,2026-W36,2026-W35,0.0,0.0,,0.0,0.0,,0.0,0.0,0.0,0.0,,,,,,,,曝光/点击/CTR/CVR/ACOS/ROAS/活动清单
B0F66XGRMT,KX4SGE09100,2026-W36,2026-W35,0.0,0.0,,0.0,0.0,,0.0,0.0,0.0,0.0,,,,,,,,曝光/点击/CTR/CVR/ACOS/ROAS/活动清单
B0F66XPZRH,PT4SGE22700,2026-W36,2026-W35,0.0,0.0,,0.0,0.0,,0.0,0.0,0.0,0.0,,,,,,,,曝光/点击/CTR/CVR/ACOS/ROAS/活动清单
B0F66XTD4Z,KX4SGE13500,2026-W36,2026-W35,0.0,0.0,,0.0,0.0,,0.0,0.0,0.0,0.0,,,,,,,,曝光/点击/CTR/CVR/ACOS/ROAS/活动清单
B0F66Y1ZRR,KC4SGE02700,2026-W36,2026-W35,1.0,3.0,-66.67,952.0,2856.0,-66.67,14.14,23.53,170.64,523.64,17.92,18.33,-2.24,1.49,0.82,80.35,单量下滑≥20%；销售额下滑≥20%；TACOS上升≥30%,曝光/点击/CTR/CVR/ACOS/ROAS/活动清单
B0F66Y1ZW8,KX4SGE15800,2026-W36,2026-W35,0.0,0.0,,0.0,0.0,,0.0,0.0,0.0,0.0,,,,,,,,曝光/点击/CTR/CVR/ACOS/ROAS/活动清单
B0F66YCL47,KC4SGE04300,2026-W36,2026-W35,0.0,0.0,,0.0,0.0,,0.0,0.0,0.0,0.0,,,,,,,,曝光/点击/CTR/CVR/ACOS/ROAS/活动清单
B0F66YL93N,KC4PSP16200,2026-W36,2026-W35,0.0,0.0,,0.0,0.0,,5.44,0.0,-5.44,0.0,,,,,,,,曝光/点击/CTR/CVR/ACOS/ROAS/活动清单
B0F66YL9ZW,KC4SGE04600,2026-W36,2026-W35,0.0,0.0,,0.0,0.0,,0.0,0.0,0.0,0.0,,,,,,,,曝光/点击/CTR/CVR/ACOS/ROAS/活动清单
B0F66YQD1K,KX4SGE10200,2026-W36,2026-W35,0.0,0.0,,0.0,0.0,,18.77,3.26,-18.77,-3.26,,,,,,,,曝光/点击/CTR/CVR/ACOS/ROAS/活动清单
B0F66YQDJ8,KX4SGE17000,2026-W36,2026-W35,0.0,0.0,,0.0,0.0,,0.0,0.0,0.0,0.0,,,,,,,,曝光/点击/CTR/CVR/ACOS/ROAS/活动清单
B0F66YTQ19,PT4SGE20100,2026-W36,2026-W35,0.0,0.0,,0.0,0.0,,0.0,0.0,0.0,0.0,,,,,,,,曝光/点击/CTR/CVR/ACOS/ROAS/活动清单
B0F66YVWDZ,KC4PSP16800,2026-W36,2026-W35,0.0,0.0,,0.0,0.0,,0.0,0.0,0.0,0.0,,,,,,,,曝光/点击/CTR/CVR/ACOS/ROAS/活动清单
B0F66YVWHD,KC4SGE02400,2026-W36,2026-W35,0.0,0.0,,0.0,0.0,,0.0,0.0,0.0,0.0,,,,,,,,曝光/点击/CTR/CVR/ACOS/ROAS/活动清单
B0F66YWHZR,KX4SGE17700,2026-W36,2026-W35,0.0,0.0,,0.0,0.0,,0.0,0.0,0.0,0.0,,,,,,,,曝光/点击/CTR/CVR/ACOS/ROAS/活动清单
B0F66YZG6G,PT4SGE27900,2026-W36,2026-W35,0.0,0.0,,0.0,0.0,,5.51,0.0,-5.51,0.0,,,,,,,,曝光/点击/CTR/CVR/ACOS/ROAS/活动清单
B0F66Z1367,PT4SGE25600,2026-W36,2026-W35,0.0,0.0,,0.0,0.0,,0.0,0.0,0.0,0.0,,,,,,,,曝光/点击/CTR/CVR/ACOS/ROAS/活动清单
B0F66Z6WZ7,KC4SGE03200,2026-W36,2026-W35,0.0,0.0,,0.0,0.0,,0.0,4.35,0.0,-4.35,,,,,,,,曝光/点击/CTR/CVR/ACOS/ROAS/活动清单
B0F66ZFBPR,PT4SGE28200,2026-W36,2026-W35,0.0,0.0,,0.0,0.0,,0.0,0.0,0.0,0.0,,,,,,,,曝光/点击/CTR/CVR/ACOS/ROAS/活动清单
B0F66ZGCVQ,KX4SGE09200,2026-W36,2026-W35,1.0,1.0,0.0,1151.17,1151.17,0.0,18.97,19.79,269.31,268.02,23.39,23.28,0.48,1.65,1.72,-4.12,,曝光/点击/CTR/CVR/ACOS/ROAS/活动清单
B0F66ZGNY8,KX4SGE14500,2026-W36,2026-W35,0.0,0.0,,0.0,0.0,,32.78,18.7,-32.78,-17.91,,,,,,,,曝光/点击/CTR/CVR/ACOS/ROAS/活动清单
B0F66ZKJFN,KC4SGE05000,2026-W36,2026-W35,0.0,0.0,,0.0,0.0,,0.0,0.0,0.0,0.0,,,,,,,,曝光/点击/CTR/CVR/ACOS/ROAS/活动清单
B0F66ZM5HY,PT4SGE26500,2026-W36,2026-W35,0.0,0.0,,0.0,0.0,,0.0,0.0,0.0,0.0,,,,,,,,曝光/点击/CTR/CVR/ACOS/ROAS/活动清单
B0F66ZM5JS,PT4SGE19800,2026-W36,2026-W35,0.0,0.0,,0.0,0.0,,0.0,0.0,0.0,0.0,,,,,,,,曝光/点击/CTR/CVR/ACOS/ROAS/活动清单
B0F66ZMYLS,KX4SGE15400,2026-W36,2026-W35,0.0,0.0,,0.0,0.0,,0.0,0.0,0.0,0.0,,,,,,,,曝光/点击/CTR/CVR/ACOS/ROAS/活动清单
B0F66ZRNSS,KC4PSP17600,2026-W36,2026-W35,0.0,0.0,,0.0,0.0,,0.0,0.0,0.0,0.0,,,,,,,,曝光/点击/CTR/CVR/ACOS/ROAS/活动清单
B0F66ZVPJT,KC4PSP16700,2026-W36,2026-W35,0.0,0.0,,0.0,0.0,,7.89,4.76,-7.89,-4.76,,,,,,,,曝光/点击/CTR/CVR/ACOS/ROAS/活动清单
B0F66ZWC45,KX4SGE16800,2026-W36,2026-W35,1.0,0.0,N/A,782.0,0.0,N/A,18.56,15.23,89.04,-30.85,11.39,,,2.37,,,,曝光/点击/CTR/CVR/ACOS/ROAS/活动清单
B0F66ZWGQD,KC4SGE00900,2026-W36,2026-W35,0.0,0.0,,0.0,0.0,,0.0,0.0,0.0,0.0,,,,,,,,曝光/点击/CTR/CVR/ACOS/ROAS/活动清单
B0F66ZYR9M,KC4SGE03300,2026-W36,2026-W35,0.0,0.0,,0.0,0.0,,0.0,0.0,0.0,0.0,,,,,,,,曝光/点击/CTR/CVR/ACOS/ROAS/活动清单
B0F66ZYSY6,PT4SGE22200,2026-W36,2026-W35,0.0,0.0,,0.0,0.0,,0.0,0.0,0.0,0.0,,,,,,,,曝光/点击/CTR/CVR/ACOS/ROAS/活动清单
B0F6711TJJ,KC4SGE02900,2026-W36,2026-W35,0.0,0.0,,0.0,0.0,,0.0,0.0,0.0,0.0,,,,,,,,曝光/点击/CTR/CVR/ACOS/ROAS/活动清单
B0F67143SL,PT4SGE27500,2026-W36,2026-W35,0.0,0.0,,0.0,0.0,,0.0,0.0,0.0,0.0,,,,,,,,曝光/点击/CTR/CVR/ACOS/ROAS/活动清单
B0F6714QJN,PT4SGE26000,2026-W36,2026-W35,0.0,0.0,,0.0,0.0,,0.0,0.0,0.0,0.0,,,,,,,,曝光/点击/CTR/CVR/ACOS/ROAS/活动清单
B0F6714ZFF,KC4SGE01000,2026-W36,2026-W35,0.0,0.0,,0.0,0.0,,0.0,0.0,0.0,0.0,,,,,,,,曝光/点击/CTR/CVR/ACOS/ROAS/活动清单
B0F6718664,KX4SGE09300,2026-W36,2026-W35,0.0,0.0,,0.0,0.0,,0.0,0.0,0.0,0.0,,,,,,,,曝光/点击/CTR/CVR/ACOS/ROAS/活动清单
B0F6719J4Y,PT4SGE27700,2026-W36,2026-W35,0.0,0.0,,0.0,0.0,,0.0,0.0,0.0,0.0,,,,,,,,曝光/点击/CTR/CVR/ACOS/ROAS/活动清单
B0F6719M57,KC4SGE01700,2026-W36,2026-W35,0.0,0.0,,0.0,0.0,,0.0,0.0,0.0,0.0,,,,,,,,曝光/点击/CTR/CVR/ACOS/ROAS/活动清单
B0F6719MHL,KX4SGE07900,2026-W36,2026-W35,0.0,0.0,,0.0,0.0,,0.0,0.0,0.0,0.0,,,,,,,,曝光/点击/CTR/CVR/ACOS/ROAS/活动清单
B0F6719MVD,PT4SGE18700,2026-W36,2026-W35,0.0,0.0,,0.0,0.0,,0.0,0.0,0.0,0.0,,,,,,,,曝光/点击/CTR/CVR/ACOS/ROAS/活动清单
B0F671CRBG,KX4SGE08400,2026-W36,2026-W35,0.0,0.0,,0.0,0.0,,0.0,0.0,0.0,0.0,,,,,,,,曝光/点击/CTR/CVR/ACOS/ROAS/活动清单
B0F671DGB8,KC4SGE01600,2026-W36,2026-W35,0.0,0.0,,0.0,0.0,,0.0,0.0,0.0,0.0,,,,,,,,曝光/点击/CTR/CVR/ACOS/ROAS/活动清单
B0F671H2XC,KX4SGE13300,2026-W36,2026-W35,0.0,0.0,,0.0,0.0,,2.04,0.0,-2.04,1.12,,,,,,,,曝光/点击/CTR/CVR/ACOS/ROAS/活动清单
B0F671HGDH,KC4SGE00700,2026-W36,2026-W35,0.0,0.0,,0.0,0.0,,6.32,0.0,-15.62,-14.53,,,,,,,,曝光/点击/CTR/CVR/ACOS/ROAS/活动清单
B0F671K3LF,KX4SGE10100,2026-W36,2026-W35,0.0,0.0,,0.0,0.0,,0.0,10.2,0.0,-10.2,,,,,,,,曝光/点击/CTR/CVR/ACOS/ROAS/活动清单
B0F671KRVL,PT4SGE21400,2026-W36,2026-W35,0.0,0.0,,0.0,0.0,,0.0,0.0,0.0,0.0,,,,,,,,曝光/点击/CTR/CVR/ACOS/ROAS/活动清单
B0F671L76Z,KC4SGE03000,2026-W36,2026-W35,0.0,0.0,,0.0,0.0,,10.74,19.58,-10.74,-19.58,,,,,,,,曝光/点击/CTR/CVR/ACOS/ROAS/活动清单
B0F671LQDV,PT4SGE20500,2026-W36,2026-W35,0.0,0.0,,0.0,0.0,,0.0,6.8,0.0,-6.8,,,,,,,,曝光/点击/CTR/CVR/ACOS/ROAS/活动清单
B0F671MSR1,PT4SGE24400,2026-W36,2026-W35,0.0,0.0,,0.0,0.0,,0.0,10.2,0.0,-10.2,,,,,,,,曝光/点击/CTR/CVR/ACOS/ROAS/活动清单
B0F671N1LF,PT4SGE18400,2026-W36,2026-W35,0.0,0.0,,0.0,0.0,,0.0,0.0,0.0,0.0,,,,,,,,曝光/点击/CTR/CVR/ACOS/ROAS/活动清单
B0F671N4VM,KC4SGE03900,2026-W36,2026-W35,0.0,0.0,,0.0,0.0,,0.0,0.0,0.0,0.0,,,,,,,,曝光/点击/CTR/CVR/ACOS/ROAS/活动清单
B0F671N77Y,PT4SGE20300,2026-W36,2026-W35,0.0,0.0,,0.0,0.0,,0.0,0.0,0.0,0.0,,,,,,,,曝光/点击/CTR/CVR/ACOS/ROAS/活动清单
B0F671NLJ9,PT4SGE20000,2026-W36,2026-W35,1.0,1.0,0.0,639.2,639.2,0.0,0.0,0.0,94.35,76.77,14.76,12.01,22.91,0.0,0.0,,,曝光/点击/CTR/CVR/ACOS/ROAS/活动清单
B0F671NLKP,KC4PSP18200,2026-W36,2026-W35,2.0,3.0,-33.33,2312.0,3468.0,-33.33,28.56,40.05,471.66,709.31,20.4,20.45,-0.26,1.24,1.15,6.96,单量下滑≥20%；销售额下滑≥20%,曝光/点击/CTR/CVR/ACOS/ROAS/活动清单
B0F671Q8R8,KC4SGE01500,2026-W36,2026-W35,0.0,0.0,,0.0,0.0,,7.14,0.0,-7.14,0.0,,,,,,,,曝光/点击/CTR/CVR/ACOS/ROAS/活动清单
B0F671QM9C,KC4SGE02500,2026-W36,2026-W35,0.0,0.0,,0.0,0.0,,0.0,0.0,0.0,0.0,,,,,,,,曝光/点击/CTR/CVR/ACOS/ROAS/活动清单
B0F671RJBT,KX4SGE12900,2026-W36,2026-W35,0.0,0.0,,0.0,0.0,,0.0,0.0,0.0,0.0,,,,,,,,曝光/点击/CTR/CVR/ACOS/ROAS/活动清单
B0F671RJZY,PT4SGE19100,2026-W36,2026-W35,0.0,0.0,,0.0,0.0,,0.0,0.0,0.0,0.0,,,,,,,,曝光/点击/CTR/CVR/ACOS/ROAS/活动清单
B0F671RLY9,KX4SGE12100,2026-W36,2026-W35,0.0,0.0,,0.0,0.0,,0.0,0.0,0.0,0.0,,,,,,,,曝光/点击/CTR/CVR/ACOS/ROAS/活动清单
B0F671T3GH,KX4SGE18000,2026-W36,2026-W35,0.0,0.0,,0.0,0.0,,0.0,0.0,0.0,0.0,,,,,,,,曝光/点击/CTR/CVR/ACOS/ROAS/活动清单
B0F671V3L2,PT4SGE22800,2026-W36,2026-W35,0.0,0.0,,0.0,0.0,,0.0,0.0,0.0,0.0,,,,,,,,曝光/点击/CTR/CVR/ACOS/ROAS/活动清单
B0F671WTP3,PT4SGE19500,2026-W36,2026-W35,0.0,2.0,-100.0,0.0,1196.8,-100.0,10.61,29.1,-30.55,279.35,,23.34,,,2.43,,单量下滑≥20%；销售额下滑≥20%,曝光/点击/CTR/CVR/ACOS/ROAS/活动清单
B0F671WXMY,PT4SGE18500,2026-W36,2026-W35,0.0,0.0,,0.0,0.0,,0.0,8.36,0.0,-8.36,,,,,,,,曝光/点击/CTR/CVR/ACOS/ROAS/活动清单
B0F671WXY4,PT4SGE24600,2026-W36,2026-W35,0.0,0.0,,0.0,0.0,,0.0,0.0,0.0,0.0,,,,,,,,曝光/点击/CTR/CVR/ACOS/ROAS/活动清单
B0F671XDVV,KC4SGE05400,2026-W36,2026-W35,0.0,0.0,,0.0,0.0,,0.0,0.0,0.0,0.0,,,,,,,,曝光/点击/CTR/CVR/ACOS/ROAS/活动清单
B0F671XPRK,KX4SGE08800,2026-W36,2026-W35,0.0,1.0,-100.0,0.0,1135.6,-100.0,2.99,0.0,-2.99,275.84,,24.29,,,0.0,,单量下滑≥20%；销售额下滑≥20%,曝光/点击/CTR/CVR/ACOS/ROAS/活动清单
B0F671XZ98,PT4SGE26600,2026-W36,2026-W35,0.0,1.0,-100.0,0.0,741.2,-100.0,12.72,3.06,-12.72,241.17,,32.54,,,0.41,,单量下滑≥20%；销售额下滑≥20%,曝光/点击/CTR/CVR/ACOS/ROAS/活动清单
B0F671XZCR,KX4SGE08200,2026-W36,2026-W35,0.0,0.0,,0.0,0.0,,0.0,0.0,0.0,0.0,,,,,,,,曝光/点击/CTR/CVR/ACOS/ROAS/活动清单
B0F671Y9K7,PT4SGE24000,2026-W36,2026-W35,0.0,0.0,,0.0,0.0,,0.0,0.0,0.0,0.0,,,,,,,,曝光/点击/CTR/CVR/ACOS/ROAS/活动清单
B0F672214Z,KC4SGE03500,2026-W36,2026-W35,0.0,0.0,,0.0,0.0,,0.0,0.0,0.0,0.0,,,,,,,,曝光/点击/CTR/CVR/ACOS/ROAS/活动清单
B0F6722NW4,PT4SGE27600,2026-W36,2026-W35,0.0,0.0,,0.0,0.0,,0.0,0.0,0.0,0.0,,,,,,,,曝光/点击/CTR/CVR/ACOS/ROAS/活动清单
B0F6723QX8,KC4SGE00400,2026-W36,2026-W35,0.0,0.0,,0.0,0.0,,0.0,0.0,0.0,0.0,,,,,,,,曝光/点击/CTR/CVR/ACOS/ROAS/活动清单
B0F6723ZP2,KX4SGE08600,2026-W36,2026-W35,0.0,0.0,,0.0,0.0,,0.0,0.0,0.0,0.0,,,,,,,,曝光/点击/CTR/CVR/ACOS/ROAS/活动清单
B0F6723ZTS,KC4PSP17100,2026-W36,2026-W35,0.0,0.0,,0.0,0.0,,2.72,0.0,-2.72,0.0,,,,,,,,曝光/点击/CTR/CVR/ACOS/ROAS/活动清单
B0F67248GG,PT4SGE22500,2026-W36,2026-W35,0.0,0.0,,0.0,0.0,,0.0,0.0,0.0,0.0,,,,,,,,曝光/点击/CTR/CVR/ACOS/ROAS/活动清单
B0F6724S5Z,KC4SGE04700,2026-W36,2026-W35,0.0,0.0,,0.0,0.0,,0.0,0.0,0.0,0.0,,,,,,,,曝光/点击/CTR/CVR/ACOS/ROAS/活动清单
B0F6725CL7,KX4SGE10600,2026-W36,2026-W35,0.0,0.0,,0.0,0.0,,5.78,12.78,-5.78,-12.78,,,,,,,,曝光/点击/CTR/CVR/ACOS/ROAS/活动清单
B0F6725W6J,KX4SGE12400,2026-W36,2026-W35,0.0,0.0,,0.0,0.0,,0.0,0.0,0.0,0.0,,,,,,,,曝光/点击/CTR/CVR/ACOS/ROAS/活动清单
B0F67279T9,PT4SGE18600,2026-W36,2026-W35,0.0,0.0,,0.0,0.0,,8.7,4.08,-8.7,-4.08,,,,,,,,曝光/点击/CTR/CVR/ACOS/ROAS/活动清单
B0F6727LV5,KC4SGE01200,2026-W36,2026-W35,0.0,0.0,,0.0,0.0,,0.0,0.0,0.0,0.0,,,,,,,,曝光/点击/CTR/CVR/ACOS/ROAS/活动清单
B0F6728CD8,KX4SGE11100,2026-W36,2026-W35,0.0,0.0,,0.0,0.0,,0.0,0.0,0.0,0.0,,,,,,,,曝光/点击/CTR/CVR/ACOS/ROAS/活动清单
B0F6728J8K,KX4SGE10700,2026-W36,2026-W35,0.0,0.0,,0.0,0.0,,0.0,0.0,0.0,0.0,,,,,,,,曝光/点击/CTR/CVR/ACOS/ROAS/活动清单
B0F6728X5S,KC4SGE05500,2026-W36,2026-W35,0.0,0.0,,0.0,0.0,,0.0,0.0,0.0,0.0,,,,,,,,曝光/点击/CTR/CVR/ACOS/ROAS/活动清单
B0F6729QCQ,KC4SGE05100,2026-W36,2026-W35,0.0,0.0,,0.0,0.0,,0.0,0.0,0.0,0.0,,,,,,,,曝光/点击/CTR/CVR/ACOS/ROAS/活动清单
B0F672B1QN,KC4PSP16600,2026-W36,2026-W35,0.0,0.0,,0.0,0.0,,0.0,0.0,0.0,0.0,,,,,,,,曝光/点击/CTR/CVR/ACOS/ROAS/活动清单
B0F672B6NS,KC4SGE02500,2026-W36,2026-W35,0.0,0.0,,0.0,0.0,,0.0,0.0,0.0,0.0,,,,,,,,曝光/点击/CTR/CVR/ACOS/ROAS/活动清单
B0F672BHPC,KX4SGE16500,2026-W36,2026-W35,0.0,0.0,,0.0,0.0,,3.26,0.0,-3.26,0.0,,,,,,,,曝光/点击/CTR/CVR/ACOS/ROAS/活动清单
B0F672R5VW,KX4SGE10300,2026-W36,2026-W35,0.0,0.0,,0.0,0.0,,0.0,0.75,0.0,-0.75,,,,,,,,曝光/点击/CTR/CVR/ACOS/ROAS/活动清单
B0F672S2VT,KC4SGE04800,2026-W36,2026-W35,0.0,0.0,,0.0,0.0,,0.0,0.0,0.0,0.0,,,,,,,,曝光/点击/CTR/CVR/ACOS/ROAS/活动清单
B0F672SLXV,KX4SGE12600,2026-W36,2026-W35,0.0,0.0,,0.0,0.0,,2.04,3.47,-2.04,-3.47,,,,,,,,曝光/点击/CTR/CVR/ACOS/ROAS/活动清单
B0F672SQQP,KX4SGE13700,2026-W36,2026-W35,0.0,0.0,,0.0,0.0,,0.0,0.0,0.0,0.0,,,,,,,,曝光/点击/CTR/CVR/ACOS/ROAS/活动清单
B0F672TDWG,KC4SGE04900,2026-W36,2026-W35,0.0,0.0,,0.0,0.0,,0.0,0.0,0.0,0.0,,,,,,,,曝光/点击/CTR/CVR/ACOS/ROAS/活动清单
B0F672VQYZ,KX4SGE10900,2026-W36,2026-W35,0.0,1.0,-100.0,0.0,1190.0,-100.0,52.36,38.62,-52.36,221.42,,18.61,,,3.25,,单量下滑≥20%；销售额下滑≥20%,曝光/点击/CTR/CVR/ACOS/ROAS/活动清单
B0F672W1G5,KC4PSP16400,2026-W36,2026-W35,0.0,0.0,,0.0,0.0,,0.0,0.0,0.0,0.0,,,,,,,,曝光/点击/CTR/CVR/ACOS/ROAS/活动清单
B0F672W45Q,PT4SGE25800,2026-W36,2026-W35,0.0,0.0,,0.0,0.0,,17.54,11.42,-17.54,-11.42,,,,,,,,曝光/点击/CTR/CVR/ACOS/ROAS/活动清单
B0F672X9FD,PT4SGE27300,2026-W36,2026-W35,0.0,0.0,,0.0,0.0,,0.0,0.0,0.0,0.0,,,,,,,,曝光/点击/CTR/CVR/ACOS/ROAS/活动清单
B0F672XC81,PT4SGE21100,2026-W36,2026-W35,0.0,0.0,,0.0,0.0,,0.0,0.0,0.0,0.0,,,,,,,,曝光/点击/CTR/CVR/ACOS/ROAS/活动清单
B0F672XXMY,KC4SGE00500,2026-W36,2026-W35,1.0,0.0,N/A,1292.0,0.0,N/A,9.25,18.84,264.76,-18.84,20.49,,,0.72,,,,曝光/点击/CTR/CVR/ACOS/ROAS/活动清单
B0F672ZZWG,PT4SGE28100,2026-W36,2026-W35,0.0,0.0,,0.0,0.0,,0.0,0.0,0.0,0.0,,,,,,,,曝光/点击/CTR/CVR/ACOS/ROAS/活动清单
B0F6731LXC,PT4SGE27800,2026-W36,2026-W35,0.0,0.0,,0.0,0.0,,0.0,0.0,0.0,0.0,,,,,,,,曝光/点击/CTR/CVR/ACOS/ROAS/活动清单
B0F67322ZM,KC4PSP17700,2026-W36,2026-W35,2.0,0.0,N/A,1781.6,0.0,N/A,5.78,0.0,123.84,-8.9,6.95,,,0.32,,,,曝光/点击/CTR/CVR/ACOS/ROAS/活动清单
B0F6732G7C,KX4SGE14900,2026-W36,2026-W35,0.0,0.0,,0.0,0.0,,0.0,3.06,0.0,-3.06,,,,,,,,曝光/点击/CTR/CVR/ACOS/ROAS/活动清单
B0F6734N9K,KC4SGE01400,2026-W36,2026-W35,0.0,0.0,,0.0,0.0,,0.0,0.0,0.0,0.0,,,,,,,,曝光/点击/CTR/CVR/ACOS/ROAS/活动清单
B0F6734V72,KX4SGE12700,2026-W36,2026-W35,1.0,0.0,N/A,1394.0,0.0,N/A,16.93,20.4,385.92,-19.39,27.68,,,1.21,,,,曝光/点击/CTR/CVR/ACOS/ROAS/活动清单
B0F6735N2M,KX4SGE08100,2026-W36,2026-W35,0.0,0.0,,0.0,0.0,,0.0,0.0,0.0,0.0,,,,,,,,曝光/点击/CTR/CVR/ACOS/ROAS/活动清单
B0F673B41S,KC4PSP17300,2026-W36,2026-W35,0.0,0.0,,0.0,0.0,,0.0,0.0,0.0,0.0,,,,,,,,曝光/点击/CTR/CVR/ACOS/ROAS/活动清单
B0F673DP4W,KC4PSP16000,2026-W36,2026-W35,0.0,0.0,,0.0,0.0,,0.0,0.0,0.0,0.0,,,,,,,,曝光/点击/CTR/CVR/ACOS/ROAS/活动清单
B0F673F69B,PT4SGE21900,2026-W36,2026-W35,0.0,0.0,,0.0,0.0,,0.0,0.0,0.0,0.0,,,,,,,,曝光/点击/CTR/CVR/ACOS/ROAS/活动清单
B0F673H415,PT4SGE26700,2026-W36,2026-W35,0.0,0.0,,0.0,0.0,,3.26,2.58,-3.26,-2.58,,,,,,,,曝光/点击/CTR/CVR/ACOS/ROAS/活动清单
B0F673HJC1,KC4SGE03100,2026-W36,2026-W35,0.0,0.0,,0.0,0.0,,0.0,0.0,0.0,0.0,,,,,,,,曝光/点击/CTR/CVR/ACOS/ROAS/活动清单
B0F673JP6T,PT4SGE21000,2026-W36,2026-W35,0.0,0.0,,0.0,0.0,,0.0,0.0,0.0,0.0,,,,,,,,曝光/点击/CTR/CVR/ACOS/ROAS/活动清单
B0F673JP96,KX4SGE15200,2026-W36,2026-W35,0.0,0.0,,0.0,0.0,,8.23,2.72,-8.23,-2.72,,,,,,,,曝光/点击/CTR/CVR/ACOS/ROAS/活动清单
B0F673JSV8,KC4SGE00200,2026-W36,2026-W35,0.0,0.0,,0.0,0.0,,0.0,0.0,0.0,0.0,,,,,,,,曝光/点击/CTR/CVR/ACOS/ROAS/活动清单
B0F673KL4M,KX4SGE17400,2026-W36,2026-W35,0.0,0.0,,0.0,0.0,,0.0,4.69,0.0,-4.69,,,,,,,,曝光/点击/CTR/CVR/ACOS/ROAS/活动清单
B0F673LWGL,PT4SGE19900,2026-W36,2026-W35,0.0,0.0,,0.0,0.0,,0.0,0.0,0.0,0.0,,,,,,,,曝光/点击/CTR/CVR/ACOS/ROAS/活动清单
B0F673N895,KC4SGE00800,2026-W36,2026-W35,0.0,0.0,,0.0,0.0,,0.0,0.0,0.0,0.0,,,,,,,,曝光/点击/CTR/CVR/ACOS/ROAS/活动清单
B0F673NRMS,PT4SGE19700,2026-W36,2026-W35,0.0,0.0,,0.0,0.0,,0.0,0.0,0.0,0.0,,,,,,,,曝光/点击/CTR/CVR/ACOS/ROAS/活动清单
B0F673Q69B,KC4SGE01300,2026-W36,2026-W35,0.0,0.0,,0.0,0.0,,5.98,2.72,-5.98,-2.72,,,,,,,,曝光/点击/CTR/CVR/ACOS/ROAS/活动清单
B0F673QG8L,KC4PSP17800,2026-W36,2026-W35,0.0,0.0,,0.0,0.0,,2.04,2.72,-2.04,-2.72,,,,,,,,曝光/点击/CTR/CVR/ACOS/ROAS/活动清单
B0F673R2FD,KX4SGE17300,2026-W36,2026-W35,0.0,0.0,,0.0,0.0,,0.0,0.0,0.0,0.0,,,,,,,,曝光/点击/CTR/CVR/ACOS/ROAS/活动清单
B0F673R339,KC4PSP16500,2026-W36,2026-W35,0.0,0.0,,0.0,0.0,,0.0,0.0,0.0,0.0,,,,,,,,曝光/点击/CTR/CVR/ACOS/ROAS/活动清单
B0F673RTJZ,KC4SGE03800,2026-W36,2026-W35,0.0,0.0,,0.0,0.0,,0.0,0.0,0.0,0.0,,,,,,,,曝光/点击/CTR/CVR/ACOS/ROAS/活动清单
B0F673V66M,KX4SGE11700,2026-W36,2026-W35,0.0,0.0,,0.0,0.0,,0.0,0.0,0.0,0.0,,,,,,,,曝光/点击/CTR/CVR/ACOS/ROAS/活动清单
B0F673V9LW,KX4SGE12200,2026-W36,2026-W35,0.0,0.0,,0.0,0.0,,0.0,0.0,0.0,0.0,,,,,,,,曝光/点击/CTR/CVR/ACOS/ROAS/活动清单
B0F673XCCG,PT4SGE21100,2026-W36,2026-W35,0.0,0.0,,0.0,0.0,,3.47,3.47,-3.47,-3.47,,,,,,,,曝光/点击/CTR/CVR/ACOS/ROAS/活动清单
B0F673XD5H,PT4SGE23600,2026-W36,2026-W35,0.0,0.0,,0.0,0.0,,0.0,0.0,0.0,0.0,,,,,,,,曝光/点击/CTR/CVR/ACOS/ROAS/活动清单
B0F673YB29,KX4SGE13200,2026-W36,2026-W35,0.0,0.0,,0.0,0.0,,0.0,4.9,0.0,-4.9,,,,,,,,曝光/点击/CTR/CVR/ACOS/ROAS/活动清单
B0F673YCRF,KC4SGE00100,2026-W36,2026-W35,0.0,0.0,,0.0,0.0,,8.77,20.2,-8.77,-20.2,,,,,,,,曝光/点击/CTR/CVR/ACOS/ROAS/活动清单
B0F673ZG8W,PT4SGE23400,2026-W36,2026-W35,0.0,0.0,,0.0,0.0,,0.0,0.0,0.0,0.0,,,,,,,,曝光/点击/CTR/CVR/ACOS/ROAS/活动清单
B0F673ZGGP,KX4SGE08900,2026-W36,2026-W35,0.0,0.0,,0.0,0.0,,25.5,17.2,-34.27,-30.92,,,,,,,,曝光/点击/CTR/CVR/ACOS/ROAS/活动清单
B0F673ZYHW,KC4PSP16100,2026-W36,2026-W35,0.0,0.0,,0.0,0.0,,0.0,0.0,0.0,0.0,,,,,,,,曝光/点击/CTR/CVR/ACOS/ROAS/活动清单
B0F6741NZW,KC4PSP17500,2026-W36,2026-W35,0.0,0.0,,0.0,0.0,,0.0,0.0,0.0,0.0,,,,,,,,曝光/点击/CTR/CVR/ACOS/ROAS/活动清单
B0F6742S7G,PT4SGE23900,2026-W36,2026-W35,0.0,0.0,,0.0,0.0,,0.0,0.0,0.0,0.0,,,,,,,,曝光/点击/CTR/CVR/ACOS/ROAS/活动清单
B0F6745R7K,PT4SGE27000,2026-W36,2026-W35,0.0,0.0,,0.0,0.0,,0.0,0.0,0.0,0.0,,,,,,,,曝光/点击/CTR/CVR/ACOS/ROAS/活动清单
B0F6746BRN,KC4PSP15900,2026-W36,2026-W35,0.0,0.0,,0.0,0.0,,0.0,0.0,0.0,0.0,,,,,,,,曝光/点击/CTR/CVR/ACOS/ROAS/活动清单
B0F6746Y4S,KX4SGE10400,2026-W36,2026-W35,1.0,0.0,N/A,829.6,0.0,N/A,0.0,7.07,125.35,-7.07,15.11,,,0.0,,,,曝光/点击/CTR/CVR/ACOS/ROAS/活动清单
B0F67477ML,KC4SGE04200,2026-W36,2026-W35,0.0,0.0,,0.0,0.0,,0.0,0.0,0.0,0.0,,,,,,,,曝光/点击/CTR/CVR/ACOS/ROAS/活动清单
B0F6747XR5,KC4SGE00600,2026-W36,2026-W35,0.0,0.0,,0.0,0.0,,0.0,0.0,0.0,0.0,,,,,,,,曝光/点击/CTR/CVR/ACOS/ROAS/活动清单
B0F6749JM8,PT4SGE26100,2026-W36,2026-W35,0.0,0.0,,0.0,0.0,,5.3,8.16,-5.3,-8.16,,,,,,,,曝光/点击/CTR/CVR/ACOS/ROAS/活动清单
B0F674J4JD,PT4SGE19600,2026-W36,2026-W35,0.0,0.0,,0.0,0.0,,1.7,3.06,-1.7,-3.06,,,,,,,,曝光/点击/CTR/CVR/ACOS/ROAS/活动清单
B0F674J8K1,PT4SGE26300,2026-W36,2026-W35,0.0,0.0,,0.0,0.0,,0.0,0.0,0.0,0.0,,,,,,,,曝光/点击/CTR/CVR/ACOS/ROAS/活动清单
B0F674LGB2,PT4SGE19200,2026-W36,2026-W35,0.0,0.0,,0.0,0.0,,8.84,10.34,-8.84,-10.34,,,,,,,,曝光/点击/CTR/CVR/ACOS/ROAS/活动清单
B0F674NQZH,KX4SGE08300,2026-W36,2026-W35,0.0,0.0,,0.0,0.0,,3.26,0.0,-3.26,0.0,,,,,,,,曝光/点击/CTR/CVR/ACOS/ROAS/活动清单
B0F674RDT5,PT4SGE25400,2026-W36,2026-W35,0.0,0.0,,0.0,0.0,,0.0,0.0,0.0,0.0,,,,,,,,曝光/点击/CTR/CVR/ACOS/ROAS/活动清单
B0F674RQLQ,PT4SGE18800,2026-W36,2026-W35,0.0,0.0,,0.0,0.0,,0.0,0.0,0.0,0.0,,,,,,,,曝光/点击/CTR/CVR/ACOS/ROAS/活动清单
B0F674VB7L,PT4SGE23700,2026-W36,2026-W35,0.0,0.0,,0.0,0.0,,0.0,0.0,0.0,0.0,,,,,,,,曝光/点击/CTR/CVR/ACOS/ROAS/活动清单
B0F6753T3Z,KC4PSP17200,2026-W36,2026-W35,0.0,0.0,,0.0,0.0,,0.0,3.26,0.0,-3.26,,,,,,,,曝光/点击/CTR/CVR/ACOS/ROAS/活动清单
B0F67594GG,KC4PSP15800,2026-W36,2026-W35,0.0,0.0,,0.0,0.0,,0.0,0.0,0.0,0.0,,,,,,,,曝光/点击/CTR/CVR/ACOS/ROAS/活动清单
B0F675NJF7,KC4PSP18000,2026-W36,2026-W35,0.0,0.0,,0.0,0.0,,0.0,15.5,0.0,-15.5,,,,,,,,曝光/点击/CTR/CVR/ACOS/ROAS/活动清单
B0F675TRNY,KC4SGE05300,2026-W36,2026-W35,0.0,0.0,,0.0,0.0,,0.0,0.0,0.0,0.0,,,,,,,,曝光/点击/CTR/CVR/ACOS/ROAS/活动清单
B0F675V3M4,PT4SGE19400,2026-W36,2026-W35,0.0,0.0,,0.0,0.0,,5.98,5.24,-5.98,-5.24,,,,,,,,曝光/点击/CTR/CVR/ACOS/ROAS/活动清单
B0F675XZ7M,KC4PSP18100,2026-W36,2026-W35,0.0,0.0,,0.0,0.0,,26.86,35.5,-26.86,-35.5,,,,,,,,曝光/点击/CTR/CVR/ACOS/ROAS/活动清单
B0F6LJ6TSH,PT4SGE19400,2026-W36,2026-W35,0.0,0.0,,0.0,0.0,,5.85,6.53,-5.85,-6.53,,,,,,,,曝光/点击/CTR/CVR/ACOS/ROAS/活动清单
B0F6LJ7BNY,KC4PSP17700,2026-W36,2026-W35,1.0,0.0,N/A,1054.0,0.0,N/A,20.2,2.72,196.27,-2.72,18.62,,,1.92,,,,曝光/点击/CTR/CVR/ACOS/ROAS/活动清单
B0F6LJ7SHC,KX4SGE12600,2026-W36,2026-W35,0.0,0.0,,0.0,0.0,,28.76,19.72,-28.76,-19.72,,,,,,,,曝光/点击/CTR/CVR/ACOS/ROAS/活动清单
B0F6LJ7SV7,PT4SGE24400,2026-W36,2026-W35,0.0,0.0,,0.0,0.0,,2.72,3.94,-2.72,-3.94,,,,,,,,曝光/点击/CTR/CVR/ACOS/ROAS/活动清单
B0F6LJ85SB,KX4SGE12100,2026-W36,2026-W35,0.0,0.0,,0.0,0.0,,49.37,27.81,-49.37,-27.81,,,,,,,,曝光/点击/CTR/CVR/ACOS/ROAS/活动清单
B0F6LJ8BR9,PT4SGE27500,2026-W36,2026-W35,0.0,0.0,,0.0,0.0,,12.51,0.0,-12.51,0.0,,,,,,,,曝光/点击/CTR/CVR/ACOS/ROAS/活动清单
B0F6LJ8MML,PT4SGE21100,2026-W36,2026-W35,0.0,0.0,,0.0,0.0,,0.0,0.0,0.0,0.0,,,,,,,,曝光/点击/CTR/CVR/ACOS/ROAS/活动清单
B0F6LJ93D9,PT4SGE24600,2026-W36,2026-W35,0.0,0.0,,0.0,0.0,,0.0,0.0,0.0,0.0,,,,,,,,曝光/点击/CTR/CVR/ACOS/ROAS/活动清单
B0F6LJ961H,KX4SGE10400,2026-W36,2026-W35,0.0,0.0,,0.0,0.0,,10.95,11.56,-19.15,-11.56,,,,,,,,曝光/点击/CTR/CVR/ACOS/ROAS/活动清单
B0F6LJ9JYR,KC4SGE00500,2026-W36,2026-W35,0.0,0.0,,0.0,0.0,,0.0,0.0,0.0,0.0,,,,,,,,曝光/点击/CTR/CVR/ACOS/ROAS/活动清单
B0F6LJ9NDC,KX4SGE14900,2026-W36,2026-W35,0.0,0.0,,0.0,0.0,,0.0,0.0,0.0,0.0,,,,,,,,曝光/点击/CTR/CVR/ACOS/ROAS/活动清单
B0F6LJ9VDS,KC4SGE00700,2026-W36,2026-W35,2.0,0.0,N/A,2909.72,0.0,N/A,0.0,7.75,645.65,-7.75,22.19,,,0.0,,,,曝光/点击/CTR/CVR/ACOS/ROAS/活动清单
B0F6LJ9ZMP,PT4SGE27300,2026-W36,2026-W35,0.0,0.0,,0.0,0.0,,0.0,0.0,0.0,0.0,,,,,,,,曝光/点击/CTR/CVR/ACOS/ROAS/活动清单
B0F6LJB1MX,PT4SGE19600,2026-W36,2026-W35,0.0,0.0,,0.0,0.0,,0.0,0.0,0.0,0.0,,,,,,,,曝光/点击/CTR/CVR/ACOS/ROAS/活动清单
B0F6LJB2C1,PT4SGE19100,2026-W36,2026-W35,0.0,1.0,-100.0,0.0,577.59,-100.0,0.0,3.67,0.0,99.09,,17.16,,,0.64,,单量下滑≥20%；销售额下滑≥20%,曝光/点击/CTR/CVR/ACOS/ROAS/活动清单
B0F6LJB6ZD,PT4SGE26100,2026-W36,2026-W35,0.0,0.0,,0.0,0.0,,0.0,0.0,0.0,0.0,,,,,,,,曝光/点击/CTR/CVR/ACOS/ROAS/活动清单
B0F6LJBFD3,PT4SGE28200,2026-W36,2026-W35,0.0,0.0,,0.0,0.0,,0.0,0.0,0.0,0.0,,,,,,,,曝光/点击/CTR/CVR/ACOS/ROAS/活动清单
B0F6LJBX7T,PT4SGE23400,2026-W36,2026-W35,0.0,0.0,,0.0,0.0,,0.0,0.0,0.0,0.0,,,,,,,,曝光/点击/CTR/CVR/ACOS/ROAS/活动清单
B0F6LJBYMX,KC4SGE03300,2026-W36,2026-W35,1.0,0.0,N/A,1101.53,0.0,N/A,7.75,19.24,272.25,-19.24,24.72,,,0.7,,,,曝光/点击/CTR/CVR/ACOS/ROAS/活动清单
B0F6LJBYPH,PT4SGE18600,2026-W36,2026-W35,0.0,0.0,,0.0,0.0,,0.0,0.0,0.0,0.0,,,,,,,,曝光/点击/CTR/CVR/ACOS/ROAS/活动清单
B0F6LJBZWX,PT4SGE18700,2026-W36,2026-W35,0.0,0.0,,0.0,0.0,,0.0,0.0,0.0,0.0,,,,,,,,曝光/点击/CTR/CVR/ACOS/ROAS/活动清单
B0F6LJC2ZZ,KX4SGE16800,2026-W36,2026-W35,0.0,0.0,,0.0,0.0,,4.9,7.07,-4.9,-7.07,,,,,,,,曝光/点击/CTR/CVR/ACOS/ROAS/活动清单
B0F6LJCDCK,KX4SGE08300,2026-W36,2026-W35,1.0,1.0,0.0,1093.71,1093.71,0.0,0.0,14.35,260.03,246.03,23.77,22.5,5.69,0.0,1.31,-100.0,,曝光/点击/CTR/CVR/ACOS/ROAS/活动清单
B0F6LJCG2Q,KC4SGE03100,2026-W36,2026-W35,0.0,0.0,,0.0,0.0,,0.0,0.0,0.0,0.0,,,,,,,,曝光/点击/CTR/CVR/ACOS/ROAS/活动清单
B0F6LJCHXW,KC4SGE05500,2026-W36,2026-W35,0.0,2.0,-100.0,0.0,1183.2,-100.0,15.23,5.78,-15.23,276.05,,23.33,,,0.49,,单量下滑≥20%；销售额下滑≥20%,曝光/点击/CTR/CVR/ACOS/ROAS/活动清单
B0F6LJCMF1,KC4SGE04200,2026-W36,2026-W35,0.0,0.0,,0.0,0.0,,5.44,3.26,-5.44,-3.26,,,,,,,,曝光/点击/CTR/CVR/ACOS/ROAS/活动清单
B0F6LJCNJ5,KX4SGE10200,2026-W36,2026-W35,0.0,1.0,-100.0,0.0,1380.4,-100.0,5.17,20.47,-5.17,285.21,,20.66,,,1.48,,单量下滑≥20%；销售额下滑≥20%,曝光/点击/CTR/CVR/ACOS/ROAS/活动清单
B0F6LJDDTH,PT4SGE25600,2026-W36,2026-W35,0.0,0.0,,0.0,0.0,,0.0,0.0,0.0,0.0,,,,,,,,曝光/点击/CTR/CVR/ACOS/ROAS/活动清单
B0F6LJDM2N,PT4SGE28100,2026-W36,2026-W35,0.0,0.0,,0.0,0.0,,0.0,0.0,0.0,0.0,,,,,,,,曝光/点击/CTR/CVR/ACOS/ROAS/活动清单
B0F6LJDXLF,KX4SGE08100,2026-W36,2026-W35,0.0,0.0,,0.0,0.0,,0.0,0.0,0.0,0.0,,,,,,,,曝光/点击/CTR/CVR/ACOS/ROAS/活动清单
B0F6LJFGNZ,KX4SGE09100,2026-W36,2026-W35,0.0,0.0,,0.0,0.0,,0.0,0.0,0.0,0.0,,,,,,,,曝光/点击/CTR/CVR/ACOS/ROAS/活动清单
B0F6LMJ5S2,PT4SGE18800,2026-W36,2026-W35,0.0,0.0,,0.0,0.0,,0.0,0.0,0.0,0.0,,,,,,,,曝光/点击/CTR/CVR/ACOS/ROAS/活动清单
B0F6LMJFW7,KC4PSP16200,2026-W36,2026-W35,0.0,0.0,,0.0,0.0,,42.84,30.12,-42.84,-30.12,,,,,,,,曝光/点击/CTR/CVR/ACOS/ROAS/活动清单
B0F6LMJQMC,KC4PSP16000,2026-W36,2026-W35,0.0,0.0,,0.0,0.0,,0.0,0.0,0.0,0.0,,,,,,,,曝光/点击/CTR/CVR/ACOS/ROAS/活动清单
B0F6LMJT5D,PT4SGE19700,2026-W36,2026-W35,0.0,0.0,,0.0,0.0,,0.0,3.26,0.0,-3.26,,,,,,,,曝光/点击/CTR/CVR/ACOS/ROAS/活动清单
B0F6LMK7RW,PT4SGE20100,2026-W36,2026-W35,0.0,0.0,,0.0,0.0,,0.0,0.0,0.0,0.0,,,,,,,,曝光/点击/CTR/CVR/ACOS/ROAS/活动清单
B0F6LMKBQ2,KC4SGE02400,2026-W36,2026-W35,0.0,0.0,,0.0,0.0,,0.0,5.24,0.0,-5.24,,,,,,,,曝光/点击/CTR/CVR/ACOS/ROAS/活动清单
B0F6LMKCDD,KC4SGE03700,2026-W36,2026-W35,0.0,0.0,,0.0,0.0,,3.13,0.0,-3.13,0.0,,,,,,,,曝光/点击/CTR/CVR/ACOS/ROAS/活动清单
B0F6LMKF5M,KC4SGE05300,2026-W36,2026-W35,0.0,0.0,,0.0,0.0,,6.39,5.64,-6.39,-5.64,,,,,,,,曝光/点击/CTR/CVR/ACOS/ROAS/活动清单
B0F6LMKJLT,PT4SGE27800,2026-W36,2026-W35,0.0,0.0,,0.0,0.0,,0.0,0.0,0.0,0.0,,,,,,,,曝光/点击/CTR/CVR/ACOS/ROAS/活动清单
B0F6LMKLYR,KX4SGE10300,2026-W36,2026-W35,0.0,0.0,,0.0,0.0,,0.0,0.0,0.0,0.0,,,,,,,,曝光/点击/CTR/CVR/ACOS/ROAS/活动清单
B0F6LMKRSQ,KC4SGE05400,2026-W36,2026-W35,0.0,0.0,,0.0,0.0,,0.0,0.0,0.0,0.0,,,,,,,,曝光/点击/CTR/CVR/ACOS/ROAS/活动清单
B0F6LMKTP6,KC4PSP17800,2026-W36,2026-W35,0.0,0.0,,0.0,0.0,,0.0,0.0,0.0,0.0,,,,,,,,曝光/点击/CTR/CVR/ACOS/ROAS/活动清单
B0F6LML89P,PT4SGE27000,2026-W36,2026-W35,0.0,0.0,,0.0,0.0,,0.0,0.0,0.0,0.0,,,,,,,,曝光/点击/CTR/CVR/ACOS/ROAS/活动清单
B0F6LML94M,KX4SGE09200,2026-W36,2026-W35,0.0,0.0,,0.0,0.0,,0.0,0.0,0.0,0.0,,,,,,,,曝光/点击/CTR/CVR/ACOS/ROAS/活动清单
B0F6LMLB78,KX4SGE11100,2026-W36,2026-W35,0.0,0.0,,0.0,0.0,,0.0,3.06,0.0,-3.06,,,,,,,,曝光/点击/CTR/CVR/ACOS/ROAS/活动清单
B0F6LMLWCS,KX4SGE13500,2026-W36,2026-W35,0.0,0.0,,0.0,0.0,,0.0,0.0,0.0,0.0,,,,,,,,曝光/点击/CTR/CVR/ACOS/ROAS/活动清单
B0F6LMLY8H,PT4SGE23900,2026-W36,2026-W35,0.0,0.0,,0.0,0.0,,0.0,0.0,0.0,0.0,,,,,,,,曝光/点击/CTR/CVR/ACOS/ROAS/活动清单
B0F6LMM4W3,KC4SGE03200,2026-W36,2026-W35,0.0,0.0,,0.0,0.0,,0.0,0.0,0.0,0.0,,,,,,,,曝光/点击/CTR/CVR/ACOS/ROAS/活动清单
B0F6LMMSSG,PT4SGE23100,2026-W36,2026-W35,0.0,0.0,,0.0,0.0,,0.0,0.0,0.0,0.0,,,,,,,,曝光/点击/CTR/CVR/ACOS/ROAS/活动清单
B0F6LMMY9R,KC4SGE00400,2026-W36,2026-W35,0.0,0.0,,0.0,0.0,,0.0,0.0,0.0,0.0,,,,,,,,曝光/点击/CTR/CVR/ACOS/ROAS/活动清单
B0F6LMN155,KC4SGE00200,2026-W36,2026-W35,0.0,0.0,,0.0,0.0,,0.0,0.0,0.0,0.0,,,,,,,,曝光/点击/CTR/CVR/ACOS/ROAS/活动清单
B0F6LMN3ZN,KX4SGE16500,2026-W36,2026-W35,0.0,0.0,,0.0,0.0,,0.0,0.0,0.0,0.0,,,,,,,,曝光/点击/CTR/CVR/ACOS/ROAS/活动清单
B0F6LPGFHP,KC4PSP17300,2026-W36,2026-W35,0.0,0.0,,0.0,0.0,,0.0,0.0,0.0,0.0,,,,,,,,曝光/点击/CTR/CVR/ACOS/ROAS/活动清单
B0F6LPL4WY,KC4PSP16400,2026-W36,2026-W35,0.0,0.0,,0.0,0.0,,0.0,0.0,-7.69,-12.02,,,,,,,,曝光/点击/CTR/CVR/ACOS/ROAS/活动清单
B0F6LPLFQG,KX4SGE15200,2026-W36,2026-W35,0.0,0.0,,0.0,0.0,,0.0,0.0,0.0,0.0,,,,,,,,曝光/点击/CTR/CVR/ACOS/ROAS/活动清单
B0F6LQ1J5Y,KC4PSP17600,2026-W36,2026-W35,0.0,0.0,,0.0,0.0,,34.27,15.03,-34.27,-15.03,,,,,,,,曝光/点击/CTR/CVR/ACOS/ROAS/活动清单
B0F6LQ1KNV,KX4SGE14500,2026-W36,2026-W35,0.0,0.0,,0.0,0.0,,26.32,8.02,-29.95,-6.45,,,,,,,,曝光/点击/CTR/CVR/ACOS/ROAS/活动清单
B0F6LQ79V3,PT4SGE26600,2026-W36,2026-W35,0.0,0.0,,0.0,0.0,,0.0,0.0,0.0,0.0,,,,,,,,曝光/点击/CTR/CVR/ACOS/ROAS/活动清单
B0F6LQBYQM,KC4SGE02500,2026-W36,2026-W35,0.0,0.0,,0.0,0.0,,0.0,0.0,0.0,0.0,,,,,,,,曝光/点击/CTR/CVR/ACOS/ROAS/活动清单
B0F6LQCN51,KC4SGE01100,2026-W36,2026-W35,0.0,0.0,,0.0,0.0,,0.0,0.0,0.0,0.0,,,,,,,,曝光/点击/CTR/CVR/ACOS/ROAS/活动清单
B0F6LQG5DJ,KX4SGE12700,2026-W36,2026-W35,0.0,0.0,,0.0,0.0,,0.0,0.0,0.0,0.0,,,,,,,,曝光/点击/CTR/CVR/ACOS/ROAS/活动清单
B0F6LQGPDS,KX4SGE12200,2026-W36,2026-W35,0.0,0.0,,0.0,0.0,,0.0,0.0,0.0,0.0,,,,,,,,曝光/点击/CTR/CVR/ACOS/ROAS/活动清单
B0F6LQJQYC,PT4SGE18400,2026-W36,2026-W35,0.0,0.0,,0.0,0.0,,0.0,0.0,0.0,0.0,,,,,,,,曝光/点击/CTR/CVR/ACOS/ROAS/活动清单
B0F6LQKQC1,PT4SGE19800,2026-W36,2026-W35,0.0,0.0,,0.0,0.0,,5.78,0.0,-5.78,0.0,,,,,,,,曝光/点击/CTR/CVR/ACOS/ROAS/活动清单
B0F6LQLBKT,PT4SGE22500,2026-W36,2026-W35,0.0,0.0,,0.0,0.0,,0.0,0.0,0.0,0.0,,,,,,,,曝光/点击/CTR/CVR/ACOS/ROAS/活动清单
B0F6LQTF1Y,KC4SGE02700,2026-W36,2026-W35,1.0,0.0,N/A,952.0,0.0,N/A,13.06,0.0,169.97,0.0,17.85,,,1.37,,,,曝光/点击/CTR/CVR/ACOS/ROAS/活动清单
B0F6LQX4LL,KC4SGE01200,2026-W36,2026-W35,0.0,0.0,,0.0,0.0,,0.0,0.0,0.0,0.0,,,,,,,,曝光/点击/CTR/CVR/ACOS/ROAS/活动清单
B0F6LQYD4F,PT4SGE22200,2026-W36,2026-W35,0.0,0.0,,0.0,0.0,,5.3,1.22,-5.3,-1.22,,,,,,,,曝光/点击/CTR/CVR/ACOS/ROAS/活动清单
B0F6LQYSKJ,KC4SGE00600,2026-W36,2026-W35,0.0,0.0,,0.0,0.0,,0.0,0.0,0.0,0.0,,,,,,,,曝光/点击/CTR/CVR/ACOS/ROAS/活动清单
B0F6LQYSQ6,KX4SGE17300,2026-W36,2026-W35,1.0,0.0,N/A,1217.13,0.0,N/A,11.7,5.37,171.88,-5.37,14.12,,,0.96,,,,曝光/点击/CTR/CVR/ACOS/ROAS/活动清单
B0F6LR13QQ,KC4SGE01600,2026-W36,2026-W35,0.0,0.0,,0.0,0.0,,0.0,0.0,0.0,0.0,,,,,,,,曝光/点击/CTR/CVR/ACOS/ROAS/活动清单
B0F6LR1MT4,KC4SGE02800,2026-W36,2026-W35,0.0,0.0,,0.0,0.0,,0.0,0.0,0.0,0.0,,,,,,,,曝光/点击/CTR/CVR/ACOS/ROAS/活动清单
B0F6LR2N91,KC4PSP16500,2026-W36,2026-W35,0.0,0.0,,0.0,0.0,,0.0,0.0,0.0,0.0,,,,,,,,曝光/点击/CTR/CVR/ACOS/ROAS/活动清单
B0F6LR3XNC,PT4SGE27600,2026-W36,2026-W35,0.0,0.0,,0.0,0.0,,6.32,10.88,-6.32,-10.88,,,,,,,,曝光/点击/CTR/CVR/ACOS/ROAS/活动清单
B0F6LR6C1N,KC4SGE00800,2026-W36,2026-W35,0.0,0.0,,0.0,0.0,,0.0,0.0,0.0,0.0,,,,,,,,曝光/点击/CTR/CVR/ACOS/ROAS/活动清单
B0F6LR7MQX,PT4SGE26200,2026-W36,2026-W35,0.0,0.0,,0.0,0.0,,0.0,0.0,0.0,0.0,,,,,,,,曝光/点击/CTR/CVR/ACOS/ROAS/活动清单
B0F6LR8W9G,PT4SGE27900,2026-W36,2026-W35,0.0,0.0,,0.0,0.0,,0.0,5.98,0.0,-5.98,,,,,,,,曝光/点击/CTR/CVR/ACOS/ROAS/活动清单
B0F6LRBY6L,KX4SGE13300,2026-W36,2026-W35,0.0,0.0,,0.0,0.0,,0.0,0.0,0.0,0.0,,,,,,,,曝光/点击/CTR/CVR/ACOS/ROAS/活动清单
B0F6LRCGWZ,KX4SGE08600,2026-W36,2026-W35,0.0,0.0,,0.0,0.0,,0.0,0.0,0.0,0.0,,,,,,,,曝光/点击/CTR/CVR/ACOS/ROAS/活动清单
B0F6LRDKQQ,KC4SGE04800,2026-W36,2026-W35,0.0,0.0,,0.0,0.0,,0.0,0.0,0.0,0.0,,,,,,,,曝光/点击/CTR/CVR/ACOS/ROAS/活动清单
B0F6LRGJ5K,PT4SGE19900,2026-W36,2026-W35,0.0,0.0,,0.0,0.0,,0.0,0.0,0.0,0.0,,,,,,,,曝光/点击/CTR/CVR/ACOS/ROAS/活动清单
B0F6LRGZDM,PT4SGE21000,2026-W36,2026-W35,0.0,0.0,,0.0,0.0,,0.0,0.0,0.0,0.0,,,,,,,,曝光/点击/CTR/CVR/ACOS/ROAS/活动清单
B0F6LRGZGY,KC4SGE01700,2026-W36,2026-W35,0.0,0.0,,0.0,0.0,,0.0,0.0,0.0,0.0,,,,,,,,曝光/点击/CTR/CVR/ACOS/ROAS/活动清单
B0F6LRJSGY,KC4PSP18200,2026-W36,2026-W35,1.0,1.0,0.0,1354.02,1354.02,0.0,33.59,2.58,376.89,400.47,27.83,29.58,-5.89,2.48,0.19,1200.0,TACOS上升≥30%,曝光/点击/CTR/CVR/ACOS/ROAS/活动清单
B0F6LRKPVM,KC4PSP17100,2026-W36,2026-W35,0.0,0.0,,0.0,0.0,,0.0,0.0,0.0,0.0,,,,,,,,曝光/点击/CTR/CVR/ACOS/ROAS/活动清单
B0F6LRKXS2,PT4SGE21500,2026-W36,2026-W35,0.0,0.0,,0.0,0.0,,10.4,4.96,-10.4,-4.96,,,,,,,,曝光/点击/CTR/CVR/ACOS/ROAS/活动清单
B0F6LRKXZD,KC4SGE03900,2026-W36,2026-W35,0.0,0.0,,0.0,0.0,,0.0,0.0,0.0,0.0,,,,,,,,曝光/点击/CTR/CVR/ACOS/ROAS/活动清单
B0F6LRKYBK,KX4SGE08900,2026-W36,2026-W35,0.0,0.0,,0.0,0.0,,0.0,0.0,0.0,0.0,,,,,,,,曝光/点击/CTR/CVR/ACOS/ROAS/活动清单
B0F6LRKZ3F,KX4SGE08800,2026-W36,2026-W35,0.0,0.0,,0.0,0.0,,2.72,0.0,-2.72,0.0,,,,,,,,曝光/点击/CTR/CVR/ACOS/ROAS/活动清单
B0F6LRLBNS,KC4PSP16100,2026-W36,2026-W35,0.0,0.0,,0.0,0.0,,0.0,0.0,0.0,0.0,,,,,,,,曝光/点击/CTR/CVR/ACOS/ROAS/活动清单
B0F6LRLF6S,KX4SGE13200,2026-W36,2026-W35,0.0,0.0,,0.0,0.0,,0.0,0.0,0.0,0.0,,,,,,,,曝光/点击/CTR/CVR/ACOS/ROAS/活动清单
B0F6LRLGMV,PT4SGE21100,2026-W36,2026-W35,0.0,0.0,,0.0,0.0,,0.0,0.0,0.0,0.0,,,,,,,,曝光/点击/CTR/CVR/ACOS/ROAS/活动清单
B0F6LRLLWT,KC4SGE01300,2026-W36,2026-W35,0.0,0.0,,0.0,0.0,,0.0,0.0,0.0,0.0,,,,,,,,曝光/点击/CTR/CVR/ACOS/ROAS/活动清单
B0F6LRLPF2,KC4SGE01800,2026-W36,2026-W35,0.0,0.0,,0.0,0.0,,0.0,0.0,0.0,0.0,,,,,,,,曝光/点击/CTR/CVR/ACOS/ROAS/活动清单
B0F6LRLRF5,KC4SGE01000,2026-W36,2026-W35,0.0,0.0,,0.0,0.0,,0.0,0.0,0.0,0.0,,,,,,,,曝光/点击/CTR/CVR/ACOS/ROAS/活动清单
B0F6LRLWDB,KC4SGE01400,2026-W36,2026-W35,0.0,0.0,,0.0,0.0,,0.0,0.0,0.0,0.0,,,,,,,,曝光/点击/CTR/CVR/ACOS/ROAS/活动清单
B0F6LRLZDS,KC4SGE03800,2026-W36,2026-W35,0.0,0.0,,0.0,0.0,,0.0,0.0,0.0,0.0,,,,,,,,曝光/点击/CTR/CVR/ACOS/ROAS/活动清单
B0F6LRMMY2,KC4PSP15800,2026-W36,2026-W35,0.0,0.0,,0.0,0.0,,10.81,0.0,-10.81,0.0,,,,,,,,曝光/点击/CTR/CVR/ACOS/ROAS/活动清单
B0F6LRN8DD,PT4SGE23600,2026-W36,2026-W35,0.0,0.0,,0.0,0.0,,0.0,0.0,0.0,0.0,,,,,,,,曝光/点击/CTR/CVR/ACOS/ROAS/活动清单
B0F6LRNGJS,KX4SGE10700,2026-W36,2026-W35,2.0,0.0,N/A,1833.01,0.0,N/A,40.19,14.35,426.4,-14.35,23.26,,,2.19,,,,曝光/点击/CTR/CVR/ACOS/ROAS/活动清单
B0F6LRNH8T,KC4SGE02900,2026-W36,2026-W35,0.0,0.0,,0.0,0.0,,0.0,0.0,0.0,0.0,,,,,,,,曝光/点击/CTR/CVR/ACOS/ROAS/活动清单
B0F6LRNHYQ,KX4SGE17400,2026-W36,2026-W35,0.0,0.0,,0.0,0.0,,0.0,0.0,0.0,0.0,,,,,,,,曝光/点击/CTR/CVR/ACOS/ROAS/活动清单
B0F6LRNM1K,KX4SGE10100,2026-W36,2026-W35,0.0,0.0,,0.0,0.0,,0.0,0.0,0.0,0.0,,,,,,,,曝光/点击/CTR/CVR/ACOS/ROAS/活动清单
B0F6LRP4ZW,KC4PSP15900,2026-W36,2026-W35,0.0,0.0,,0.0,0.0,,17.34,16.32,-17.34,-16.32,,,,,,,,曝光/点击/CTR/CVR/ACOS/ROAS/活动清单
B0F6LRPG2S,PT4SGE22700,2026-W36,2026-W35,0.0,0.0,,0.0,0.0,,0.0,0.0,0.0,0.0,,,,,,,,曝光/点击/CTR/CVR/ACOS/ROAS/活动清单
B0F6LRPJTB,KC4SGE04600,2026-W36,2026-W35,0.0,0.0,,0.0,0.0,,0.0,0.0,0.0,0.0,,,,,,,,曝光/点击/CTR/CVR/ACOS/ROAS/活动清单
B0F6LRPTGW,PT4SGE26700,2026-W36,2026-W35,0.0,0.0,,0.0,0.0,,2.04,0.0,-2.04,0.0,,,,,,,,曝光/点击/CTR/CVR/ACOS/ROAS/活动清单
B0F6LRQ5L6,KX4SGE18000,2026-W36,2026-W35,0.0,0.0,,0.0,0.0,,0.0,0.0,0.0,0.0,,,,,,,,曝光/点击/CTR/CVR/ACOS/ROAS/活动清单
B0F6LTGRJH,KX4SGE09700,2026-W36,2026-W35,0.0,0.0,,0.0,0.0,,0.0,0.0,0.0,0.0,,,,,,,,曝光/点击/CTR/CVR/ACOS/ROAS/活动清单
B0F6LTKFT2,KC4SGE03400,2026-W36,2026-W35,0.0,0.0,,0.0,0.0,,0.0,0.0,0.0,0.0,,,,,,,,曝光/点击/CTR/CVR/ACOS/ROAS/活动清单
B0F6LTKT6G,KX4SGE08400,2026-W36,2026-W35,0.0,0.0,,0.0,0.0,,0.0,8.16,0.0,-8.16,,,,,,,,曝光/点击/CTR/CVR/ACOS/ROAS/活动清单
B0F6LTL5H6,KC4SGE02500,2026-W36,2026-W35,0.0,0.0,,0.0,0.0,,0.0,0.0,0.0,0.0,,,,,,,,曝光/点击/CTR/CVR/ACOS/ROAS/活动清单
B0F6LTL5L9,KX4SGE07900,2026-W36,2026-W35,0.0,0.0,,0.0,0.0,,0.0,0.0,0.0,0.0,,,,,,,,曝光/点击/CTR/CVR/ACOS/ROAS/活动清单
B0F6LTM8G3,KC4PSP16700,2026-W36,2026-W35,0.0,0.0,,0.0,0.0,,0.0,0.0,0.0,0.0,,,,,,,,曝光/点击/CTR/CVR/ACOS/ROAS/活动清单
B0F6LTS591,KC4SGE04900,2026-W36,2026-W35,0.0,0.0,,0.0,0.0,,0.0,0.0,0.0,0.0,,,,,,,,曝光/点击/CTR/CVR/ACOS/ROAS/活动清单
B0F6LTV6D2,KX4SGE08500,2026-W36,2026-W35,0.0,0.0,,0.0,0.0,,0.0,0.0,0.0,0.0,,,,,,,,曝光/点击/CTR/CVR/ACOS/ROAS/活动清单
B0F6LTW3WQ,PT4SGE21900,2026-W36,2026-W35,0.0,0.0,,0.0,0.0,,0.0,0.0,0.0,0.0,,,,,,,,曝光/点击/CTR/CVR/ACOS/ROAS/活动清单
B0F6LTY2R7,KC4PSP16800,2026-W36,2026-W35,0.0,0.0,,0.0,0.0,,0.0,0.0,0.0,0.0,,,,,,,,曝光/点击/CTR/CVR/ACOS/ROAS/活动清单
B0F6LTZ1PB,PT4SGE20500,2026-W36,2026-W35,0.0,0.0,,0.0,0.0,,16.52,5.71,-16.52,-5.71,,,,,,,,曝光/点击/CTR/CVR/ACOS/ROAS/活动清单
B0F6LV1CVP,KC4SGE05000,2026-W36,2026-W35,0.0,0.0,,0.0,0.0,,3.74,4.08,-3.74,-4.08,,,,,,,,曝光/点击/CTR/CVR/ACOS/ROAS/活动清单
B0F6LV2CD1,KC4SGE01500,2026-W36,2026-W35,0.0,0.0,,0.0,0.0,,0.0,0.0,0.0,0.0,,,,,,,,曝光/点击/CTR/CVR/ACOS/ROAS/活动清单
B0F6LV3X79,KC4SGE00100,2026-W36,2026-W35,0.0,0.0,,0.0,0.0,,0.0,0.0,0.0,0.0,,,,,,,,曝光/点击/CTR/CVR/ACOS/ROAS/活动清单
B0F6LV7QK6,KX4SGE14700,2026-W36,2026-W35,0.0,0.0,,0.0,0.0,,0.0,0.0,0.0,0.0,,,,,,,,曝光/点击/CTR/CVR/ACOS/ROAS/活动清单
B0F6LV8PG1,PT4SGE25400,2026-W36,2026-W35,0.0,0.0,,0.0,0.0,,0.0,0.0,0.0,0.0,,,,,,,,曝光/点击/CTR/CVR/ACOS/ROAS/活动清单
B0F6LV9KBN,KC4SGE03000,2026-W36,2026-W35,0.0,0.0,,0.0,0.0,,0.0,0.0,0.0,0.0,,,,,,,,曝光/点击/CTR/CVR/ACOS/ROAS/活动清单
B0F6LV9RY4,PT4SGE20000,2026-W36,2026-W35,1.0,0.0,N/A,605.2,0.0,N/A,0.0,0.0,17.26,0.0,2.85,,,0.0,,,,曝光/点击/CTR/CVR/ACOS/ROAS/活动清单
B0F6LVBWGF,KX4SGE09300,2026-W36,2026-W35,0.0,0.0,,0.0,0.0,,0.0,0.0,0.0,0.0,,,,,,,,曝光/点击/CTR/CVR/ACOS/ROAS/活动清单
B0F6LVCF71,PT4SGE26800,2026-W36,2026-W35,0.0,0.0,,0.0,0.0,,0.0,0.0,0.0,0.0,,,,,,,,曝光/点击/CTR/CVR/ACOS/ROAS/活动清单
B0F6LVDZ4B,KX4SGE10900,2026-W36,2026-W35,0.0,0.0,,0.0,0.0,,0.0,0.0,0.0,0.0,,,,,,,,曝光/点击/CTR/CVR/ACOS/ROAS/活动清单
B0F6LVFPSB,PT4SGE20300,2026-W36,2026-W35,0.0,1.0,-100.0,0.0,808.86,-100.0,20.6,31.28,-20.6,201.36,,24.89,,,3.87,,单量下滑≥20%；销售额下滑≥20%,曝光/点击/CTR/CVR/ACOS/ROAS/活动清单
B0F6LVFRX8,PT4SGE26500,2026-W36,2026-W35,0.0,0.0,,0.0,0.0,,0.0,0.0,0.0,0.0,,,,,,,,曝光/点击/CTR/CVR/ACOS/ROAS/活动清单
B0F6LVGT92,KC4SGE00900,2026-W36,2026-W35,0.0,0.0,,0.0,0.0,,0.0,0.0,0.0,0.0,,,,,,,,曝光/点击/CTR/CVR/ACOS/ROAS/活动清单
B0F6LVHLM8,KX4SGE12900,2026-W36,2026-W35,0.0,0.0,,0.0,0.0,,8.64,19.58,-8.64,-19.58,,,,,,,,曝光/点击/CTR/CVR/ACOS/ROAS/活动清单
B0F6LVKCVH,KX4SGE11700,2026-W36,2026-W35,0.0,0.0,,0.0,0.0,,0.0,6.32,0.0,-6.32,,,,,,,,曝光/点击/CTR/CVR/ACOS/ROAS/活动清单
B0F6LVNVBG,PT4SGE22800,2026-W36,2026-W35,0.0,0.0,,0.0,0.0,,10.74,3.4,-10.74,-3.4,,,,,,,,曝光/点击/CTR/CVR/ACOS/ROAS/活动清单
B0F6LVQPX9,KC4PSP17500,2026-W36,2026-W35,0.0,0.0,,0.0,0.0,,0.0,0.0,0.0,0.0,,,,,,,,曝光/点击/CTR/CVR/ACOS/ROAS/活动清单
B0F6LVQR5X,PT4SGE24000,2026-W36,2026-W35,0.0,0.0,,0.0,0.0,,0.0,0.0,0.0,0.0,,,,,,,,曝光/点击/CTR/CVR/ACOS/ROAS/活动清单
B0F6LVVW4Q,PT4SGE21400,2026-W36,2026-W35,0.0,0.0,,0.0,0.0,,0.0,0.0,0.0,0.0,,,,,,,,曝光/点击/CTR/CVR/ACOS/ROAS/活动清单
B0F6LVWBQP,KC4SGE05100,2026-W36,2026-W35,0.0,0.0,,0.0,0.0,,0.0,0.0,0.0,0.0,,,,,,,,曝光/点击/CTR/CVR/ACOS/ROAS/活动清单
B0F6LVWXXV,PT4SGE19500,2026-W36,2026-W35,0.0,0.0,,0.0,0.0,,7.34,4.69,-7.34,-4.69,,,,,,,,曝光/点击/CTR/CVR/ACOS/ROAS/活动清单
B0F6LVXTQ4,KC4PSP18100,2026-W36,2026-W35,0.0,0.0,,0.0,0.0,,0.0,0.0,0.0,0.0,,,,,,,,曝光/点击/CTR/CVR/ACOS/ROAS/活动清单
B0F6LW2D1V,KC4PSP17200,2026-W36,2026-W35,0.0,0.0,,0.0,0.0,,0.0,0.0,0.0,0.0,,,,,,,,曝光/点击/CTR/CVR/ACOS/ROAS/活动清单
B0F6LW4Y6Y,KC4PSP16600,2026-W36,2026-W35,0.0,0.0,,0.0,0.0,,0.0,0.0,0.0,0.0,,,,,,,,曝光/点击/CTR/CVR/ACOS/ROAS/活动清单
B0F6LW5CRB,PT4SGE18500,2026-W36,2026-W35,0.0,0.0,,0.0,0.0,,0.0,0.0,0.0,0.0,,,,,,,,曝光/点击/CTR/CVR/ACOS/ROAS/活动清单
B0F6LWCHLG,KX4SGE17700,2026-W36,2026-W35,0.0,0.0,,0.0,0.0,,4.08,6.12,-4.08,-6.12,,,,,,,,曝光/点击/CTR/CVR/ACOS/ROAS/活动清单
B0F6LWF86H,KX4SGE15400,2026-W36,2026-W35,0.0,0.0,,0.0,0.0,,0.0,3.06,0.0,-3.06,,,,,,,,曝光/点击/CTR/CVR/ACOS/ROAS/活动清单
B0F6LWH37L,KX4SGE10600,2026-W36,2026-W35,0.0,0.0,,0.0,0.0,,0.0,0.0,0.0,0.0,,,,,,,,曝光/点击/CTR/CVR/ACOS/ROAS/活动清单
B0F6LWJJTM,KX4SGE15800,2026-W36,2026-W35,0.0,0.0,,0.0,0.0,,0.0,0.0,0.0,0.0,,,,,,,,曝光/点击/CTR/CVR/ACOS/ROAS/活动清单
B0F6LWKX3Z,KX4SGE12400,2026-W36,2026-W35,1.0,0.0,N/A,1394.41,0.0,N/A,0.0,4.01,279.62,-4.01,20.05,,,0.0,,,,曝光/点击/CTR/CVR/ACOS/ROAS/活动清单
B0F6LWLX32,PT4SGE26300,2026-W36,2026-W35,0.0,0.0,,0.0,0.0,,0.0,0.0,0.0,0.0,,,,,,,,曝光/点击/CTR/CVR/ACOS/ROAS/活动清单
B0F6LWPP68,PT4SGE23700,2026-W36,2026-W35,0.0,0.0,,0.0,0.0,,0.0,0.0,0.0,0.0,,,,,,,,曝光/点击/CTR/CVR/ACOS/ROAS/活动清单
B0F6LWR6VX,PT4SGE27700,2026-W36,2026-W35,0.0,0.0,,0.0,0.0,,0.0,0.0,0.0,0.0,,,,,,,,曝光/点击/CTR/CVR/ACOS/ROAS/活动清单
B0F6LWSKQG,KC4SGE03500,2026-W36,2026-W35,0.0,0.0,,0.0,0.0,,0.0,0.0,0.0,0.0,,,,,,,,曝光/点击/CTR/CVR/ACOS/ROAS/活动清单
B0F6LWVFSN,PT4SGE19200,2026-W36,2026-W35,0.0,0.0,,0.0,0.0,,0.0,0.0,0.0,0.0,,,,,,,,曝光/点击/CTR/CVR/ACOS/ROAS/活动清单
B0F6LX2WBF,PT4SGE26000,2026-W36,2026-W35,0.0,0.0,,0.0,0.0,,0.0,0.0,0.0,0.0,,,,,,,,曝光/点击/CTR/CVR/ACOS/ROAS/活动清单
B0F6LXG9SD,PT4SGE25800,2026-W36,2026-W35,0.0,0.0,,0.0,0.0,,0.0,0.0,0.0,0.0,,,,,,,,曝光/点击/CTR/CVR/ACOS/ROAS/活动清单
B0F6LXKKVW,KC4SGE04300,2026-W36,2026-W35,0.0,0.0,,0.0,0.0,,0.0,0.0,0.0,0.0,,,,,,,,曝光/点击/CTR/CVR/ACOS/ROAS/活动清单
B0F6LXPQZQ,KX4SGE08200,2026-W36,2026-W35,1.0,0.0,N/A,952.0,0.0,N/A,0.0,0.0,171.72,0.0,18.04,,,0.0,,,,曝光/点击/CTR/CVR/ACOS/ROAS/活动清单
B0F6MPHQ3M,KC4PSP17900,2026-W36,2026-W35,2.0,0.0,N/A,1972.0,0.0,N/A,3.26,2.72,387.39,-2.72,19.64,,,0.17,,,,曝光/点击/CTR/CVR/ACOS/ROAS/活动清单
B0F6XTQLZM,KC4PSP16300,2026-W36,2026-W35,0.0,0.0,,0.0,0.0,,0.0,0.0,0.0,0.0,,,,,,,,曝光/点击/CTR/CVR/ACOS/ROAS/活动清单
B0F6Y17NGH,KC4SGE05200,2026-W36,2026-W35,0.0,0.0,,0.0,0.0,,0.0,0.0,0.0,0.0,,,,,,,,曝光/点击/CTR/CVR/ACOS/ROAS/活动清单
B0F6Y1FFYQ,KX4SGE16700,2026-W36,2026-W35,0.0,0.0,,0.0,0.0,,0.0,3.74,0.0,-3.74,,,,,,,,曝光/点击/CTR/CVR/ACOS/ROAS/活动清单
B0F6Y1ML4R,KX4SGE17100,2026-W36,2026-W35,0.0,0.0,,0.0,0.0,,0.0,0.0,0.0,0.0,,,,,,,,曝光/点击/CTR/CVR/ACOS/ROAS/活动清单
B0F6Y1Q67S,PT4SGE18300,2026-W36,2026-W35,0.0,0.0,,0.0,0.0,,4.9,6.12,-4.9,-6.12,,,,,,,,曝光/点击/CTR/CVR/ACOS/ROAS/活动清单
B0F6Y2H9YX,PT4SGE24900,2026-W36,2026-W35,0.0,0.0,,0.0,0.0,,0.0,0.0,0.0,0.0,,,,,,,,曝光/点击/CTR/CVR/ACOS/ROAS/活动清单
B0F6Y2VP1F,PT4SGE20800,2026-W36,2026-W35,0.0,0.0,,0.0,0.0,,3.54,4.28,-3.54,-4.28,,,,,,,,曝光/点击/CTR/CVR/ACOS/ROAS/活动清单
B0F6Y32Y6D,KX4SGE17200,2026-W36,2026-W35,0.0,0.0,,0.0,0.0,,0.0,0.0,0.0,0.0,,,,,,,,曝光/点击/CTR/CVR/ACOS/ROAS/活动清单
B0F6Y35SXM,KX4SGE12800,2026-W36,2026-W35,0.0,0.0,,0.0,0.0,,0.0,0.0,0.0,0.0,,,,,,,,曝光/点击/CTR/CVR/ACOS/ROAS/活动清单
B0F6Y36RDS,KC4SGE00300,2026-W36,2026-W35,0.0,0.0,,0.0,0.0,,0.0,0.0,0.0,0.0,,,,,,,,曝光/点击/CTR/CVR/ACOS/ROAS/活动清单
B0F6Y3D8Y5,PT4SGE24900,2026-W36,2026-W35,0.0,0.0,,0.0,0.0,,0.0,0.0,0.0,0.0,,,,,,,,曝光/点击/CTR/CVR/ACOS/ROAS/活动清单
B0F6Y3GWKJ,KX4SGE13100,2026-W36,2026-W35,0.0,0.0,,0.0,0.0,,0.0,5.92,0.0,-5.92,,,,,,,,曝光/点击/CTR/CVR/ACOS/ROAS/活动清单
B0F6Y3L6PG,KC4PSP17000,2026-W36,2026-W35,0.0,0.0,,0.0,0.0,,0.0,0.0,0.0,0.0,,,,,,,,曝光/点击/CTR/CVR/ACOS/ROAS/活动清单
B0F6Y3MNMY,KX4SGE08000,2026-W36,2026-W35,0.0,0.0,,0.0,0.0,,0.0,0.0,0.0,0.0,,,,,,,,曝光/点击/CTR/CVR/ACOS/ROAS/活动清单
B0F6Y3MXDZ,KX4SGE13100,2026-W36,2026-W35,0.0,0.0,,0.0,0.0,,1.02,12.65,-1.02,-12.65,,,,,,,,曝光/点击/CTR/CVR/ACOS/ROAS/活动清单
B0F6Y3N8LV,KC4PSP16300,2026-W36,2026-W35,0.0,0.0,,0.0,0.0,,0.0,0.0,0.0,0.0,,,,,,,,曝光/点击/CTR/CVR/ACOS/ROAS/活动清单
B0F6Y3V6MH,KC4SGE05200,2026-W36,2026-W35,0.0,0.0,,0.0,0.0,,0.0,0.0,0.0,0.0,,,,,,,,曝光/点击/CTR/CVR/ACOS/ROAS/活动清单
B0F6Y3XB21,KX4SGE12800,2026-W36,2026-W35,0.0,0.0,,0.0,0.0,,0.0,0.0,0.0,0.0,,,,,,,,曝光/点击/CTR/CVR/ACOS/ROAS/活动清单
B0F6Y3XFTY,KX4SGE16700,2026-W36,2026-W35,0.0,0.0,,0.0,0.0,,0.0,0.0,0.0,0.0,,,,,,,,曝光/点击/CTR/CVR/ACOS/ROAS/活动清单
B0F6Y42CRP,KX4SGE17100,2026-W36,2026-W35,0.0,0.0,,0.0,0.0,,0.0,0.0,0.0,0.0,,,,,,,,曝光/点击/CTR/CVR/ACOS/ROAS/活动清单
B0F6Y4LGL2,KX4SGE08000,2026-W36,2026-W35,0.0,0.0,,0.0,0.0,,0.0,0.0,0.0,0.0,,,,,,,,曝光/点击/CTR/CVR/ACOS/ROAS/活动清单
B0F6Y6JS91,KC4PSP16300,2026-W36,2026-W35,0.0,0.0,,0.0,0.0,,0.0,0.0,0.0,0.0,,,,,,,,曝光/点击/CTR/CVR/ACOS/ROAS/活动清单
B0F6Y6VZRV,KX4SGE17200,2026-W36,2026-W35,0.0,0.0,,0.0,0.0,,0.0,0.0,0.0,0.0,,,,,,,,曝光/点击/CTR/CVR/ACOS/ROAS/活动清单
B0F6Y7D6Q2,PT4SGE18300,2026-W36,2026-W35,0.0,0.0,,0.0,0.0,,2.72,0.0,-2.72,0.0,,,,,,,,曝光/点击/CTR/CVR/ACOS/ROAS/活动清单
B0F6Y7HHRS,KC4SGE00300,2026-W36,2026-W35,0.0,0.0,,0.0,0.0,,0.0,0.0,0.0,0.0,,,,,,,,曝光/点击/CTR/CVR/ACOS/ROAS/活动清单
B0F6Y8246N,KC4PSP16300,2026-W36,2026-W35,0.0,0.0,,0.0,0.0,,0.0,0.0,0.0,0.0,,,,,,,,曝光/点击/CTR/CVR/ACOS/ROAS/活动清单
B0F6Y8GRD1,KC4PSP17000,2026-W36,2026-W35,0.0,0.0,,0.0,0.0,,0.0,0.0,0.0,0.0,,,,,,,,曝光/点击/CTR/CVR/ACOS/ROAS/活动清单
B0F9NYHK1Y,KX4SGE07900,2026-W36,2026-W35,0.0,0.0,,0.0,0.0,,0.0,0.0,0.0,0.0,,,,,,,,曝光/点击/CTR/CVR/ACOS/ROAS/活动清单
B0F9NZF4YG,KX4SGE09100,2026-W36,2026-W35,0.0,0.0,,0.0,0.0,,6.32,0.0,-6.32,0.0,,,,,,,,曝光/点击/CTR/CVR/ACOS/ROAS/活动清单
B0F9NZGVB8,KC4PSP16200,2026-W36,2026-W35,0.0,0.0,,0.0,0.0,,0.0,17.41,0.0,-17.41,,,,,,,,曝光/点击/CTR/CVR/ACOS/ROAS/活动清单
B0F9NZMJ4V,KX4SGE10300,2026-W36,2026-W35,0.0,0.0,,0.0,0.0,,0.0,0.0,0.0,0.0,,,,,,,,曝光/点击/CTR/CVR/ACOS/ROAS/活动清单
B0F9NZVHXN,KC4PSP15900,2026-W36,2026-W35,0.0,0.0,,0.0,0.0,,0.0,0.0,0.0,0.0,,,,,,,,曝光/点击/CTR/CVR/ACOS/ROAS/活动清单
B0F9P1429X,PT4SGE27000,2026-W36,2026-W35,0.0,0.0,,0.0,0.0,,0.0,0.0,0.0,0.0,,,,,,,,曝光/点击/CTR/CVR/ACOS/ROAS/活动清单
B0F9P15CFH,KC4SGE04600,2026-W36,2026-W35,0.0,0.0,,0.0,0.0,,3.06,7.75,-35.73,-7.75,,,,,,,,曝光/点击/CTR/CVR/ACOS/ROAS/活动清单
B0F9P15RQC,KC4PSP18100,2026-W36,2026-W35,0.0,0.0,,0.0,0.0,,0.0,0.0,0.0,0.0,,,,,,,,曝光/点击/CTR/CVR/ACOS/ROAS/活动清单
B0F9P16L52,KC4SGE01700,2026-W36,2026-W35,0.0,0.0,,0.0,0.0,,0.0,0.0,0.0,0.0,,,,,,,,曝光/点击/CTR/CVR/ACOS/ROAS/活动清单
B0F9P1736P,KC4SGE03800,2026-W36,2026-W35,0.0,0.0,,0.0,0.0,,0.0,0.0,0.0,0.0,,,,,,,,曝光/点击/CTR/CVR/ACOS/ROAS/活动清单
B0F9P17MGC,PT4SGE27300,2026-W36,2026-W35,0.0,0.0,,0.0,0.0,,8.98,2.72,-8.98,-2.72,,,,,,,,曝光/点击/CTR/CVR/ACOS/ROAS/活动清单
B0F9P1QSQ9,KC4SGE03100,2026-W36,2026-W35,0.0,0.0,,0.0,0.0,,5.98,7.68,-5.98,-7.68,,,,,,,,曝光/点击/CTR/CVR/ACOS/ROAS/活动清单
B0F9P1SCYX,KX4SGE14900,2026-W36,2026-W35,0.0,0.0,,0.0,0.0,,0.0,0.0,0.0,0.0,,,,,,,,曝光/点击/CTR/CVR/ACOS/ROAS/活动清单
B0F9P1TM2T,KC4PSP17800,2026-W36,2026-W35,0.0,0.0,,0.0,0.0,,0.0,0.0,0.0,0.0,,,,,,,,曝光/点击/CTR/CVR/ACOS/ROAS/活动清单
B0F9P245M5,KC4PSP16000,2026-W36,2026-W35,0.0,0.0,,0.0,0.0,,0.0,0.0,0.0,0.0,,,,,,,,曝光/点击/CTR/CVR/ACOS/ROAS/活动清单
B0F9P262ZZ,KC4SGE05400,2026-W36,2026-W35,0.0,0.0,,0.0,0.0,,0.0,0.0,0.0,0.0,,,,,,,,曝光/点击/CTR/CVR/ACOS/ROAS/活动清单
B0F9P27NXR,KC4SGE00200,2026-W36,2026-W35,0.0,0.0,,0.0,0.0,,0.0,0.0,0.0,0.0,,,,,,,,曝光/点击/CTR/CVR/ACOS/ROAS/活动清单
B0F9P29199,KX4SGE18000,2026-W36,2026-W35,0.0,0.0,,0.0,0.0,,0.0,0.0,0.0,0.0,,,,,,,,曝光/点击/CTR/CVR/ACOS/ROAS/活动清单
B0F9P2BMDF,KC4SGE01500,2026-W36,2026-W35,0.0,0.0,,0.0,0.0,,0.0,0.0,0.0,0.0,,,,,,,,曝光/点击/CTR/CVR/ACOS/ROAS/活动清单
B0F9P2BSL6,KC4SGE03500,2026-W36,2026-W35,0.0,0.0,,0.0,0.0,,0.0,0.0,0.0,0.0,,,,,,,,曝光/点击/CTR/CVR/ACOS/ROAS/活动清单
B0F9P2D1ZC,PT4SGE24400,2026-W36,2026-W35,0.0,0.0,,0.0,0.0,,0.0,0.0,0.0,0.0,,,,,,,,曝光/点击/CTR/CVR/ACOS/ROAS/活动清单
B0F9P2DR6L,PT4SGE19700,2026-W36,2026-W35,0.0,0.0,,0.0,0.0,,0.0,0.0,0.0,0.0,,,,,,,,曝光/点击/CTR/CVR/ACOS/ROAS/活动清单
B0F9P2FVVS,KC4PSP17600,2026-W36,2026-W35,0.0,0.0,,0.0,0.0,,0.0,0.0,0.0,0.0,,,,,,,,曝光/点击/CTR/CVR/ACOS/ROAS/活动清单
B0F9P2H5QG,PT4SGE26700,2026-W36,2026-W35,0.0,0.0,,0.0,0.0,,0.0,0.0,0.0,0.0,,,,,,,,曝光/点击/CTR/CVR/ACOS/ROAS/活动清单
B0F9P2JFN9,KC4PSP16400,2026-W36,2026-W35,1.0,0.0,N/A,1305.6,0.0,N/A,2.72,3.26,307.34,-11.53,23.54,,,0.21,,,,曝光/点击/CTR/CVR/ACOS/ROAS/活动清单
B0F9P2M14Q,KC4PSP16700,2026-W36,2026-W35,0.0,0.0,,0.0,0.0,,0.0,0.0,0.0,0.0,,,,,,,,曝光/点击/CTR/CVR/ACOS/ROAS/活动清单
B0F9P2Q5WS,KC4SGE00700,2026-W36,2026-W35,0.0,0.0,,0.0,0.0,,0.0,0.0,0.0,0.0,,,,,,,,曝光/点击/CTR/CVR/ACOS/ROAS/活动清单
B0F9P2Q85P,KC4PSP17100,2026-W36,2026-W35,2.0,0.0,N/A,2298.67,0.0,N/A,6.94,2.99,441.55,-2.99,19.21,,,0.3,,,,曝光/点击/CTR/CVR/ACOS/ROAS/活动清单
B0F9P2QBDW,KC4SGE02700,2026-W36,2026-W35,0.0,0.0,,0.0,0.0,,0.0,7.89,-17.71,-7.89,,,,,,,,曝光/点击/CTR/CVR/ACOS/ROAS/活动清单
B0F9P2QBSV,KC4SGE01200,2026-W36,2026-W35,0.0,0.0,,0.0,0.0,,0.0,0.0,0.0,0.0,,,,,,,,曝光/点击/CTR/CVR/ACOS/ROAS/活动清单
B0F9P2QX6Z,KX4SGE13500,2026-W36,2026-W35,0.0,0.0,,0.0,0.0,,56.37,75.14,-56.37,-75.14,,,,,,,,曝光/点击/CTR/CVR/ACOS/ROAS/活动清单
B0F9P2VZBP,PT4SGE26500,2026-W36,2026-W35,0.0,0.0,,0.0,0.0,,0.0,0.0,0.0,0.0,,,,,,,,曝光/点击/CTR/CVR/ACOS/ROAS/活动清单
B0F9P2W6CW,KC4PSP17700,2026-W36,2026-W35,0.0,0.0,,0.0,0.0,,0.0,0.0,0.0,0.0,,,,,,,,曝光/点击/CTR/CVR/ACOS/ROAS/活动清单
B0F9P2WH5D,KC4SGE01400,2026-W36,2026-W35,0.0,0.0,,0.0,0.0,,0.0,0.0,0.0,0.0,,,,,,,,曝光/点击/CTR/CVR/ACOS/ROAS/活动清单
B0F9P2XBR2,KC4PSP16600,2026-W36,2026-W35,0.0,0.0,,0.0,0.0,,0.0,0.0,0.0,0.0,,,,,,,,曝光/点击/CTR/CVR/ACOS/ROAS/活动清单
B0F9P2Y523,KX4SGE12600,2026-W36,2026-W35,0.0,1.0,-100.0,0.0,1400.26,-100.0,7.68,9.11,-7.68,288.59,,20.61,,,0.65,,单量下滑≥20%；销售额下滑≥20%,曝光/点击/CTR/CVR/ACOS/ROAS/活动清单
B0F9P2YZ89,KX4SGE13200,2026-W36,2026-W35,0.0,0.0,,0.0,0.0,,0.0,0.0,-2.09,-8.87,,,,,,,,曝光/点击/CTR/CVR/ACOS/ROAS/活动清单
B0F9P2ZWQF,KX4SGE15400,2026-W36,2026-W35,0.0,0.0,,0.0,0.0,,0.0,0.0,0.0,0.0,,,,,,,,曝光/点击/CTR/CVR/ACOS/ROAS/活动清单
B0F9P2ZWVH,KX4SGE13700,2026-W36,2026-W35,0.0,0.0,,0.0,0.0,,0.0,9.11,0.0,-9.11,,,,,,,,曝光/点击/CTR/CVR/ACOS/ROAS/活动清单
B0F9P325K4,KC4SGE03300,2026-W36,2026-W35,0.0,0.0,,0.0,0.0,,0.0,0.0,0.0,0.0,,,,,,,,曝光/点击/CTR/CVR/ACOS/ROAS/活动清单
B0F9P32PJQ,KX4SGE08000,2026-W36,2026-W35,0.0,0.0,,0.0,0.0,,0.0,0.0,0.0,0.0,,,,,,,,曝光/点击/CTR/CVR/ACOS/ROAS/活动清单
B0F9P3352C,KX4SGE08600,2026-W36,2026-W35,2.0,2.0,0.0,1822.4,1822.4,0.0,33.31,23.05,198.91,244.45,10.91,13.41,-18.63,1.83,1.26,44.51,TACOS上升≥30%,曝光/点击/CTR/CVR/ACOS/ROAS/活动清单
B0F9P33RVM,KC4SGE04200,2026-W36,2026-W35,0.0,0.0,,0.0,0.0,,0.0,0.0,0.0,0.0,,,,,,,,曝光/点击/CTR/CVR/ACOS/ROAS/活动清单
B0F9P34GKZ,PT4SGE19700,2026-W36,2026-W35,0.0,0.0,,0.0,0.0,,0.0,0.0,0.0,0.0,,,,,,,,曝光/点击/CTR/CVR/ACOS/ROAS/活动清单
B0F9P34MZ9,KC4PSP17000,2026-W36,2026-W35,0.0,0.0,,0.0,0.0,,0.0,0.0,0.0,0.0,,,,,,,,曝光/点击/CTR/CVR/ACOS/ROAS/活动清单
B0F9P3639R,PT4SGE24000,2026-W36,2026-W35,0.0,0.0,,0.0,0.0,,0.0,0.0,0.0,0.0,,,,,,,,曝光/点击/CTR/CVR/ACOS/ROAS/活动清单
B0F9P363PW,PT4SGE27700,2026-W36,2026-W35,0.0,0.0,,0.0,0.0,,0.0,0.0,0.0,0.0,,,,,,,,曝光/点击/CTR/CVR/ACOS/ROAS/活动清单
B0F9P38NR7,KC4SGE02800,2026-W36,2026-W35,0.0,0.0,,0.0,0.0,,4.08,21.56,-4.08,-21.56,,,,,,,,曝光/点击/CTR/CVR/ACOS/ROAS/活动清单
B0F9P39BQ3,KC4SGE05100,2026-W36,2026-W35,0.0,0.0,,0.0,0.0,,5.98,3.26,-5.98,-3.26,,,,,,,,曝光/点击/CTR/CVR/ACOS/ROAS/活动清单
B0F9P39LSF,KX4SGE07900,2026-W36,2026-W35,0.0,0.0,,0.0,0.0,,0.0,0.0,0.0,0.0,,,,,,,,曝光/点击/CTR/CVR/ACOS/ROAS/活动清单
B0F9P3D4RC,KC4PSP16300,2026-W36,2026-W35,0.0,0.0,,0.0,0.0,,0.0,0.0,0.0,0.0,,,,,,,,曝光/点击/CTR/CVR/ACOS/ROAS/活动清单
B0F9P3MWHL,KC4SGE01500,2026-W36,2026-W35,0.0,0.0,,0.0,0.0,,0.0,0.0,0.0,0.0,,,,,,,,曝光/点击/CTR/CVR/ACOS/ROAS/活动清单
B0F9P3N6DH,KC4SGE05400,2026-W36,2026-W35,0.0,0.0,,0.0,0.0,,5.44,15.1,-5.44,-15.1,,,,,,,,曝光/点击/CTR/CVR/ACOS/ROAS/活动清单
B0F9P3ND1Z,KC4PSP17000,2026-W36,2026-W35,0.0,0.0,,0.0,0.0,,0.0,0.0,0.0,0.0,,,,,,,,曝光/点击/CTR/CVR/ACOS/ROAS/活动清单
B0F9P3PCC3,PT4SGE27600,2026-W36,2026-W35,0.0,0.0,,0.0,0.0,,0.0,0.0,0.0,0.0,,,,,,,,曝光/点击/CTR/CVR/ACOS/ROAS/活动清单
B0F9P3PX48,KC4SGE01700,2026-W36,2026-W35,0.0,0.0,,0.0,0.0,,0.0,0.0,0.0,0.0,,,,,,,,曝光/点击/CTR/CVR/ACOS/ROAS/活动清单
B0F9P3PZCS,PT4SGE19700,2026-W36,2026-W35,0.0,0.0,,0.0,0.0,,0.0,0.0,0.0,0.0,,,,,,,,曝光/点击/CTR/CVR/ACOS/ROAS/活动清单
B0F9P3PZR2,PT4SGE26700,2026-W36,2026-W35,0.0,0.0,,0.0,0.0,,0.0,0.0,0.0,0.0,,,,,,,,曝光/点击/CTR/CVR/ACOS/ROAS/活动清单
B0F9P3QW3M,KC4PSP15900,2026-W36,2026-W35,0.0,0.0,,0.0,0.0,,0.0,0.0,0.0,0.0,,,,,,,,曝光/点击/CTR/CVR/ACOS/ROAS/活动清单
B0F9P3R4ZP,KC4PSP17700,2026-W36,2026-W35,0.0,0.0,,0.0,0.0,,0.0,0.0,0.0,0.0,,,,,,,,曝光/点击/CTR/CVR/ACOS/ROAS/活动清单
B0F9P3RPWF,KX4SGE09100,2026-W36,2026-W35,0.0,0.0,,0.0,0.0,,0.0,0.0,0.0,0.0,,,,,,,,曝光/点击/CTR/CVR/ACOS/ROAS/活动清单
B0F9P3VHDL,KX4SGE12200,2026-W36,2026-W35,0.0,0.0,,0.0,0.0,,0.0,0.0,0.0,0.0,,,,,,,,曝光/点击/CTR/CVR/ACOS/ROAS/活动清单
B0F9P3YMVH,KC4SGE00300,2026-W36,2026-W35,0.0,0.0,,0.0,0.0,,0.0,0.0,0.0,0.0,,,,,,,,曝光/点击/CTR/CVR/ACOS/ROAS/活动清单
B0F9P451QY,KC4SGE03900,2026-W36,2026-W35,0.0,0.0,,0.0,0.0,,0.0,0.0,0.0,0.0,,,,,,,,曝光/点击/CTR/CVR/ACOS/ROAS/活动清单
B0F9P45CHY,PT4SGE26500,2026-W36,2026-W35,1.0,0.0,N/A,628.05,0.0,N/A,0.0,0.0,138.67,-6.27,22.08,,,0.0,,,,曝光/点击/CTR/CVR/ACOS/ROAS/活动清单
B0F9P4C3HG,PT4SGE27600,2026-W36,2026-W35,0.0,0.0,,0.0,0.0,,0.0,0.0,0.0,0.0,,,,,,,,曝光/点击/CTR/CVR/ACOS/ROAS/活动清单
B0F9P4CDDW,KX4SGE08200,2026-W36,2026-W35,0.0,0.0,,0.0,0.0,,8.16,0.0,-9.58,-6.03,,,,,,,,曝光/点击/CTR/CVR/ACOS/ROAS/活动清单
B0F9P4CQWD,PT4SGE27000,2026-W36,2026-W35,0.0,0.0,,0.0,0.0,,0.0,0.0,0.0,0.0,,,,,,,,曝光/点击/CTR/CVR/ACOS/ROAS/活动清单
B0F9P4GSSS,KX4SGE13700,2026-W36,2026-W35,0.0,0.0,,0.0,0.0,,0.0,0.0,0.0,0.0,,,,,,,,曝光/点击/CTR/CVR/ACOS/ROAS/活动清单
B0F9P4HWT4,KC4SGE00800,2026-W36,2026-W35,0.0,0.0,,0.0,0.0,,0.0,0.0,0.0,0.0,,,,,,,,曝光/点击/CTR/CVR/ACOS/ROAS/活动清单
B0F9P4PD4Z,PT4SGE24000,2026-W36,2026-W35,0.0,0.0,,0.0,0.0,,0.0,31.08,0.0,-31.08,,,,,,,,曝光/点击/CTR/CVR/ACOS/ROAS/活动清单
B0F9P4R1H4,KX4SGE10700,2026-W36,2026-W35,0.0,1.0,-100.0,0.0,916.5,-100.0,0.0,0.0,0.0,231.49,,25.26,,,0.0,,单量下滑≥20%；销售额下滑≥20%,曝光/点击/CTR/CVR/ACOS/ROAS/活动清单
B0F9P4VHVF,KC4PSP18100,2026-W36,2026-W35,0.0,0.0,,0.0,0.0,,0.0,0.0,0.0,0.0,,,,,,,,曝光/点击/CTR/CVR/ACOS/ROAS/活动清单
B0F9P51MXT,KC4SGE02700,2026-W36,2026-W35,0.0,0.0,,0.0,0.0,,0.0,0.0,0.0,0.0,,,,,,,,曝光/点击/CTR/CVR/ACOS/ROAS/活动清单
B0F9P53F72,KX4SGE17400,2026-W36,2026-W35,0.0,0.0,,0.0,0.0,,0.0,0.0,0.0,0.0,,,,,,,,曝光/点击/CTR/CVR/ACOS/ROAS/活动清单
B0F9P56J5K,KC4SGE05100,2026-W36,2026-W35,0.0,0.0,,0.0,0.0,,16.18,6.53,-16.18,-6.53,,,,,,,,曝光/点击/CTR/CVR/ACOS/ROAS/活动清单
B0F9P57HY9,KC4SGE00800,2026-W36,2026-W35,0.0,0.0,,0.0,0.0,,0.0,0.0,0.0,0.0,,,,,,,,曝光/点击/CTR/CVR/ACOS/ROAS/活动清单
B0F9P58SC6,KX4SGE15800,2026-W36,2026-W35,0.0,0.0,,0.0,0.0,,0.0,6.12,0.0,-6.12,,,,,,,,曝光/点击/CTR/CVR/ACOS/ROAS/活动清单
B0F9P5HDDQ,KC4SGE01000,2026-W36,2026-W35,0.0,0.0,,0.0,0.0,,0.0,0.0,0.0,0.0,,,,,,,,曝光/点击/CTR/CVR/ACOS/ROAS/活动清单
B0F9P5L5QJ,KX4SGE18000,2026-W36,2026-W35,0.0,0.0,,0.0,0.0,,0.0,0.0,0.0,0.0,,,,,,,,曝光/点击/CTR/CVR/ACOS/ROAS/活动清单
B0F9P5MGVH,KC4SGE03300,2026-W36,2026-W35,0.0,0.0,,0.0,0.0,,0.0,0.0,0.0,0.0,,,,,,,,曝光/点击/CTR/CVR/ACOS/ROAS/活动清单
B0F9P5PCHK,PT4SGE27300,2026-W36,2026-W35,0.0,0.0,,0.0,0.0,,0.0,0.0,0.0,0.0,,,,,,,,曝光/点击/CTR/CVR/ACOS/ROAS/活动清单
B0F9P5PYS8,KX4SGE14500,2026-W36,2026-W35,0.0,0.0,,0.0,0.0,,0.0,0.0,0.0,0.0,,,,,,,,曝光/点击/CTR/CVR/ACOS/ROAS/活动清单
B0F9P5Q5TX,KC4SGE03500,2026-W36,2026-W35,0.0,0.0,,0.0,0.0,,0.0,0.0,0.0,0.0,,,,,,,,曝光/点击/CTR/CVR/ACOS/ROAS/活动清单
B0F9P5S24R,KC4PSP16000,2026-W36,2026-W35,0.0,0.0,,0.0,0.0,,3.74,0.0,-3.74,0.0,,,,,,,,曝光/点击/CTR/CVR/ACOS/ROAS/活动清单
B0F9P5VBX7,KC4SGE00200,2026-W36,2026-W35,0.0,0.0,,0.0,0.0,,0.0,0.0,0.0,0.0,,,,,,,,曝光/点击/CTR/CVR/ACOS/ROAS/活动清单
B0F9P6FVZP,KC4SGE03900,2026-W36,2026-W35,0.0,0.0,,0.0,0.0,,0.0,0.0,0.0,0.0,,,,,,,,曝光/点击/CTR/CVR/ACOS/ROAS/活动清单
B0F9P6GH7T,KC4PSP16500,2026-W36,2026-W35,0.0,0.0,,0.0,0.0,,0.0,0.0,0.0,0.0,,,,,,,,曝光/点击/CTR/CVR/ACOS/ROAS/活动清单
B0F9P6HCXT,KC4SGE05500,2026-W36,2026-W35,0.0,0.0,,0.0,0.0,,0.0,0.0,0.0,0.0,,,,,,,,曝光/点击/CTR/CVR/ACOS/ROAS/活动清单
B0F9P6LYT4,KX4SGE13200,2026-W36,2026-W35,0.0,0.0,,0.0,0.0,,0.0,0.0,0.0,0.0,,,,,,,,曝光/点击/CTR/CVR/ACOS/ROAS/活动清单
B0F9P6NNK3,KC4SGE04600,2026-W36,2026-W35,0.0,0.0,,0.0,0.0,,0.0,0.0,0.0,0.0,,,,,,,,曝光/点击/CTR/CVR/ACOS/ROAS/活动清单
B0F9P6QSYV,KC4SGE02500,2026-W36,2026-W35,0.0,0.0,,0.0,0.0,,0.0,0.0,0.0,0.0,,,,,,,,曝光/点击/CTR/CVR/ACOS/ROAS/活动清单
B0F9P6R93Z,KC4SGE02800,2026-W36,2026-W35,0.0,0.0,,0.0,0.0,,6.53,0.0,-6.53,0.0,,,,,,,,曝光/点击/CTR/CVR/ACOS/ROAS/活动清单
B0F9P6TCDJ,KC4SGE01400,2026-W36,2026-W35,0.0,0.0,,0.0,0.0,,0.0,0.0,0.0,0.0,,,,,,,,曝光/点击/CTR/CVR/ACOS/ROAS/活动清单
B0F9P6TGR8,KC4SGE02900,2026-W36,2026-W35,0.0,0.0,,0.0,0.0,,4.28,0.0,-4.28,0.0,,,,,,,,曝光/点击/CTR/CVR/ACOS/ROAS/活动清单
B0F9P6Z4J9,PT4SGE24400,2026-W36,2026-W35,0.0,0.0,,0.0,0.0,,0.0,8.36,0.0,-8.36,,,,,,,,曝光/点击/CTR/CVR/ACOS/ROAS/活动清单
B0F9P6ZFM7,KC4PSP17800,2026-W36,2026-W35,0.0,0.0,,0.0,0.0,,0.0,0.0,0.0,0.0,,,,,,,,曝光/点击/CTR/CVR/ACOS/ROAS/活动清单
B0F9P738HC,KC4PSP17100,2026-W36,2026-W35,0.0,0.0,,0.0,0.0,,0.0,0.0,0.0,0.0,,,,,,,,曝光/点击/CTR/CVR/ACOS/ROAS/活动清单
B0F9P741LY,KX4SGE12100,2026-W36,2026-W35,0.0,0.0,,0.0,0.0,,0.0,0.0,0.0,0.0,,,,,,,,曝光/点击/CTR/CVR/ACOS/ROAS/活动清单
B0F9P74TV3,KX4SGE10200,2026-W36,2026-W35,0.0,0.0,,0.0,0.0,,0.0,7.14,0.0,-7.14,,,,,,,,曝光/点击/CTR/CVR/ACOS/ROAS/活动清单
B0F9P75415,KX4SGE17100,2026-W36,2026-W35,0.0,0.0,,0.0,0.0,,0.0,0.0,0.0,0.0,,,,,,,,曝光/点击/CTR/CVR/ACOS/ROAS/活动清单
B0F9P76199,KC4PSP16600,2026-W36,2026-W35,0.0,0.0,,0.0,0.0,,0.0,0.0,0.0,0.0,,,,,,,,曝光/点击/CTR/CVR/ACOS/ROAS/活动清单
B0F9P76CD5,KX4SGE08000,2026-W36,2026-W35,0.0,0.0,,0.0,0.0,,0.0,0.0,0.0,0.0,,,,,,,,曝光/点击/CTR/CVR/ACOS/ROAS/活动清单
B0F9P777HP,KC4PSP16200,2026-W36,2026-W35,0.0,0.0,,0.0,0.0,,0.0,0.0,0.0,0.0,,,,,,,,曝光/点击/CTR/CVR/ACOS/ROAS/活动清单
B0F9P7BKQX,KX4SGE12200,2026-W36,2026-W35,0.0,0.0,,0.0,0.0,,0.0,0.0,0.0,0.0,,,,,,,,曝光/点击/CTR/CVR/ACOS/ROAS/活动清单
B0F9P7D591,KC4PSP16400,2026-W36,2026-W35,0.0,0.0,,0.0,0.0,,0.0,0.0,0.0,0.0,,,,,,,,曝光/点击/CTR/CVR/ACOS/ROAS/活动清单
B0F9P7FY3D,KX4SGE17700,2026-W36,2026-W35,0.0,0.0,,0.0,0.0,,13.12,21.83,-13.12,-21.83,,,,,,,,曝光/点击/CTR/CVR/ACOS/ROAS/活动清单
B0F9P7GNTS,KX4SGE12600,2026-W36,2026-W35,0.0,0.0,,0.0,0.0,,0.0,0.0,0.0,0.0,,,,,,,,曝光/点击/CTR/CVR/ACOS/ROAS/活动清单
B0F9P7HCWC,KC4SGE03100,2026-W36,2026-W35,0.0,0.0,,0.0,0.0,,0.0,0.0,0.0,0.0,,,,,,,,曝光/点击/CTR/CVR/ACOS/ROAS/活动清单
B0F9P7JHMQ,KC4SGE04200,2026-W36,2026-W35,0.0,0.0,,0.0,0.0,,3.06,6.53,-3.06,-6.53,,,,,,,,曝光/点击/CTR/CVR/ACOS/ROAS/活动清单
B0F9P7JSJF,KC4SGE03200,2026-W36,2026-W35,0.0,0.0,,0.0,0.0,,0.0,0.0,0.0,0.0,,,,,,,,曝光/点击/CTR/CVR/ACOS/ROAS/活动清单
B0F9P7JT94,KC4PSP17600,2026-W36,2026-W35,0.0,0.0,,0.0,0.0,,0.0,0.0,0.0,0.0,,,,,,,,曝光/点击/CTR/CVR/ACOS/ROAS/活动清单
B0F9P7P6MF,KC4SGE01200,2026-W36,2026-W35,0.0,0.0,,0.0,0.0,,0.0,0.0,0.0,0.0,,,,,,,,曝光/点击/CTR/CVR/ACOS/ROAS/活动清单
B0F9P7QWCZ,KC4SGE03800,2026-W36,2026-W35,0.0,0.0,,0.0,0.0,,0.0,0.0,0.0,0.0,,,,,,,,曝光/点击/CTR/CVR/ACOS/ROAS/活动清单
B0F9P7R4ZM,KX4SGE10700,2026-W36,2026-W35,0.0,1.0,-100.0,0.0,916.5,-100.0,13.12,11.02,-13.12,220.48,,24.06,,,1.2,,单量下滑≥20%；销售额下滑≥20%,曝光/点击/CTR/CVR/ACOS/ROAS/活动清单
B0F9P7T83Z,KX4SGE08200,2026-W36,2026-W35,0.0,0.0,,0.0,0.0,,0.0,0.0,0.0,0.0,,,,,,,,曝光/点击/CTR/CVR/ACOS/ROAS/活动清单
B0F9P7XLG5,KX4SGE10900,2026-W36,2026-W35,0.0,0.0,,0.0,0.0,,0.0,0.0,0.0,0.0,,,,,,,,曝光/点击/CTR/CVR/ACOS/ROAS/活动清单
B0F9P88JT2,KC4PSP16100,2026-W36,2026-W35,0.0,0.0,,0.0,0.0,,0.0,0.0,0.0,0.0,,,,,,,,曝光/点击/CTR/CVR/ACOS/ROAS/活动清单
B0F9P89JS1,PT4SGE27700,2026-W36,2026-W35,0.0,0.0,,0.0,0.0,,0.0,0.0,0.0,0.0,,,,,,,,曝光/点击/CTR/CVR/ACOS/ROAS/活动清单
B0F9P8BM2K,KX4SGE15400,2026-W36,2026-W35,0.0,0.0,,0.0,0.0,,0.0,0.0,0.0,0.0,,,,,,,,曝光/点击/CTR/CVR/ACOS/ROAS/活动清单
B0F9P8BQMG,KC4SGE01300,2026-W36,2026-W35,0.0,0.0,,0.0,0.0,,0.0,0.0,0.0,0.0,,,,,,,,曝光/点击/CTR/CVR/ACOS/ROAS/活动清单
B0F9P8CMT1,KX4SGE08600,2026-W36,2026-W35,0.0,0.0,,0.0,0.0,,6.12,10.2,-6.12,-10.2,,,,,,,,曝光/点击/CTR/CVR/ACOS/ROAS/活动清单
B0F9P8CRVS,KC4SGE00300,2026-W36,2026-W35,0.0,0.0,,0.0,0.0,,0.0,0.0,0.0,0.0,,,,,,,,曝光/点击/CTR/CVR/ACOS/ROAS/活动清单
B0F9P8D7PT,KX4SGE10300,2026-W36,2026-W35,0.0,0.0,,0.0,0.0,,0.0,0.0,0.0,0.0,,,,,,,,曝光/点击/CTR/CVR/ACOS/ROAS/活动清单
B0F9P8FDPJ,KC4PSP16700,2026-W36,2026-W35,0.0,0.0,,0.0,0.0,,0.0,0.0,0.0,0.0,,,,,,,,曝光/点击/CTR/CVR/ACOS/ROAS/活动清单
B0F9P8K7KW,KX4SGE14900,2026-W36,2026-W35,0.0,0.0,,0.0,0.0,,0.0,0.0,0.0,0.0,,,,,,,,曝光/点击/CTR/CVR/ACOS/ROAS/活动清单
B0F9P8MK9F,KX4SGE13500,2026-W36,2026-W35,0.0,0.0,,0.0,0.0,,0.0,0.0,0.0,0.0,,,,,,,,曝光/点击/CTR/CVR/ACOS/ROAS/活动清单
B0F9P8PT7D,KX4SGE08300,2026-W36,2026-W35,0.0,0.0,,0.0,0.0,,0.0,0.0,0.0,0.0,,,,,,,,曝光/点击/CTR/CVR/ACOS/ROAS/活动清单
B0F9P8R4SX,KC4SGE03400,2026-W36,2026-W35,0.0,0.0,,0.0,0.0,,0.0,0.0,0.0,0.0,,,,,,,,曝光/点击/CTR/CVR/ACOS/ROAS/活动清单
B0F9P8Y3Q1,KC4PSP17200,2026-W36,2026-W35,0.0,0.0,,0.0,0.0,,0.0,0.0,0.0,0.0,,,,,,,,曝光/点击/CTR/CVR/ACOS/ROAS/活动清单
B0F9P93MYF,KC4SGE00700,2026-W36,2026-W35,0.0,0.0,,0.0,0.0,,0.0,0.0,0.0,0.0,,,,,,,,曝光/点击/CTR/CVR/ACOS/ROAS/活动清单
B0FCWSVZXX,PT4SGE19800,2026-W36,2026-W35,0.0,0.0,,0.0,0.0,,0.0,0.0,0.0,0.0,,,,,,,,曝光/点击/CTR/CVR/ACOS/ROAS/活动清单
B0FCX1MN1M,KC4SGE03200,2026-W36,2026-W35,0.0,0.0,,0.0,0.0,,0.0,0.0,0.0,0.0,,,,,,,,曝光/点击/CTR/CVR/ACOS/ROAS/活动清单
B0FCX1SSRR,KC4SGE00400,2026-W36,2026-W35,0.0,0.0,,0.0,0.0,,0.0,0.0,0.0,0.0,,,,,,,,曝光/点击/CTR/CVR/ACOS/ROAS/活动清单
B0FCX1SSRT,KC4SGE05100,2026-W36,2026-W35,0.0,0.0,,0.0,0.0,,0.0,0.0,0.0,0.0,,,,,,,,曝光/点击/CTR/CVR/ACOS/ROAS/活动清单
B0FCX4JTT4,KX4SGE12100,2026-W36,2026-W35,0.0,0.0,,0.0,0.0,,0.0,0.0,0.0,0.0,,,,,,,,曝光/点击/CTR/CVR/ACOS/ROAS/活动清单
B0FCXDS4HF,KC4SGE03900,2026-W36,2026-W35,0.0,0.0,,0.0,0.0,,0.0,0.0,0.0,0.0,,,,,,,,曝光/点击/CTR/CVR/ACOS/ROAS/活动清单
B0FCXDSJY6,KX4SGE17700,2026-W36,2026-W35,0.0,0.0,,0.0,0.0,,0.0,0.0,0.0,0.0,,,,,,,,曝光/点击/CTR/CVR/ACOS/ROAS/活动清单
B0FCXDWK9W,KC4SGE00700,2026-W36,2026-W35,0.0,0.0,,0.0,0.0,,11.15,2.99,-11.15,-2.99,,,,,,,,曝光/点击/CTR/CVR/ACOS/ROAS/活动清单
B0FCXDY8GG,PT4SGE23600,2026-W36,2026-W35,0.0,0.0,,0.0,0.0,,0.0,0.0,0.0,0.0,,,,,,,,曝光/点击/CTR/CVR/ACOS/ROAS/活动清单
B0FCXDZB1H,KC4SGE00500,2026-W36,2026-W35,0.0,0.0,,0.0,0.0,,0.0,0.0,0.0,0.0,,,,,,,,曝光/点击/CTR/CVR/ACOS/ROAS/活动清单
B0FCXF11MB,PT4SGE20000,2026-W36,2026-W35,0.0,0.0,,0.0,0.0,,0.0,0.0,0.0,0.0,,,,,,,,曝光/点击/CTR/CVR/ACOS/ROAS/活动清单
B0FCXKRQ4Q,PT4SGE20100,2026-W36,2026-W35,0.0,0.0,,0.0,0.0,,0.0,0.0,0.0,0.0,,,,,,,,曝光/点击/CTR/CVR/ACOS/ROAS/活动清单
B0FCXKRQ4R,KX4SGE13100,2026-W36,2026-W35,0.0,0.0,,0.0,0.0,,0.0,0.0,0.0,0.0,,,,,,,,曝光/点击/CTR/CVR/ACOS/ROAS/活动清单
B0FCXKSXJ2,KC4SGE02900,2026-W36,2026-W35,0.0,0.0,,0.0,0.0,,0.0,0.0,0.0,0.0,,,,,,,,曝光/点击/CTR/CVR/ACOS/ROAS/活动清单
B0FCXKTPVG,PT4SGE19300,2026-W36,2026-W35,1.0,0.0,N/A,1053.93,0.0,N/A,6.39,4.69,446.53,-25.74,42.37,,,0.61,,,,曝光/点击/CTR/CVR/ACOS/ROAS/活动清单
B0FCXKV3P2,PT4SGE20300,2026-W36,2026-W35,0.0,1.0,-100.0,0.0,808.86,-100.0,5.1,12.38,-5.1,219.1,,27.09,,,1.53,,单量下滑≥20%；销售额下滑≥20%,曝光/点击/CTR/CVR/ACOS/ROAS/活动清单
B0FCXKW3Q2,PT4SGE26100,2026-W36,2026-W35,0.0,0.0,,0.0,0.0,,0.0,0.0,0.0,0.0,,,,,,,,曝光/点击/CTR/CVR/ACOS/ROAS/活动清单
B0FCXKWTCM,KX4SGE11100,2026-W36,2026-W35,0.0,0.0,,0.0,0.0,,0.0,0.0,0.0,0.0,,,,,,,,曝光/点击/CTR/CVR/ACOS/ROAS/活动清单
B0FCXKXGYB,PT4SGE24100,2026-W36,2026-W35,0.0,0.0,,0.0,0.0,,0.0,0.0,0.0,0.0,,,,,,,,曝光/点击/CTR/CVR/ACOS/ROAS/活动清单
B0FCXKZ2TP,KX4SGE10300,2026-W36,2026-W35,0.0,0.0,,0.0,0.0,,0.0,0.0,0.0,0.0,,,,,,,,曝光/点击/CTR/CVR/ACOS/ROAS/活动清单
B0FCXL4T7H,PT4SGE23100,2026-W36,2026-W35,0.0,0.0,,0.0,0.0,,0.0,0.0,0.0,0.0,,,,,,,,曝光/点击/CTR/CVR/ACOS/ROAS/活动清单
B0FCXL79DD,KC4SGE00200,2026-W36,2026-W35,0.0,0.0,,0.0,0.0,,0.0,0.0,0.0,0.0,,,,,,,,曝光/点击/CTR/CVR/ACOS/ROAS/活动清单
B0FCXL81L4,KC4SGE02700,2026-W36,2026-W35,0.0,0.0,,0.0,0.0,,0.0,0.0,0.0,0.0,,,,,,,,曝光/点击/CTR/CVR/ACOS/ROAS/活动清单
B0FCXLCSNF,KX4SGE09100,2026-W36,2026-W35,0.0,0.0,,0.0,0.0,,0.0,0.0,0.0,0.0,,,,,,,,曝光/点击/CTR/CVR/ACOS/ROAS/活动清单
B0FCXLHG8L,PT4SGE19700,2026-W36,2026-W35,0.0,1.0,-100.0,0.0,729.16,-100.0,0.0,0.0,0.0,229.98,,31.54,,,0.0,,单量下滑≥20%；销售额下滑≥20%,曝光/点击/CTR/CVR/ACOS/ROAS/活动清单
B0FCXLPVC9,KX4SGE17400,2026-W36,2026-W35,0.0,0.0,,0.0,0.0,,0.0,0.0,0.0,0.0,,,,,,,,曝光/点击/CTR/CVR/ACOS/ROAS/活动清单
B0FCXLS2R9,KC4SGE01000,2026-W36,2026-W35,0.0,0.0,,0.0,0.0,,0.0,0.0,0.0,0.0,,,,,,,,曝光/点击/CTR/CVR/ACOS/ROAS/活动清单
B0FCXLT1YC,KC4SGE03300,2026-W36,2026-W35,0.0,0.0,,0.0,0.0,,0.0,0.0,0.0,0.0,,,,,,,,曝光/点击/CTR/CVR/ACOS/ROAS/活动清单
B0FCXPG77X,KC4PSP16300,2026-W36,2026-W35,0.0,0.0,,0.0,0.0,,0.0,0.0,0.0,0.0,,,,,,,,曝光/点击/CTR/CVR/ACOS/ROAS/活动清单
B0FCXPJZ2K,KC4SGE00900,2026-W36,2026-W35,0.0,0.0,,0.0,0.0,,11.63,0.0,-11.63,0.0,,,,,,,,曝光/点击/CTR/CVR/ACOS/ROAS/活动清单
B0FCXPKBL5,KC4PSP15900,2026-W36,2026-W35,0.0,0.0,,0.0,0.0,,0.0,0.0,0.0,0.0,,,,,,,,曝光/点击/CTR/CVR/ACOS/ROAS/活动清单
B0FCXPWBXD,KC4SGE01600,2026-W36,2026-W35,0.0,0.0,,0.0,0.0,,0.0,0.0,0.0,0.0,,,,,,,,曝光/点击/CTR/CVR/ACOS/ROAS/活动清单
B0FCXPYNMK,KX4SGE16700,2026-W36,2026-W35,0.0,0.0,,0.0,0.0,,0.0,0.0,0.0,0.0,,,,,,,,曝光/点击/CTR/CVR/ACOS/ROAS/活动清单
B0FCXQ23VC,KX4SGE09700,2026-W36,2026-W35,0.0,0.0,,0.0,0.0,,0.0,0.0,0.0,0.0,,,,,,,,曝光/点击/CTR/CVR/ACOS/ROAS/活动清单
B0FCXQ7839,KX4SGE10400,2026-W36,2026-W35,0.0,0.0,,0.0,0.0,,15.78,14.28,-15.78,-14.28,,,,,,,,曝光/点击/CTR/CVR/ACOS/ROAS/活动清单
B0FCXQK488,PT4SGE20500,2026-W36,2026-W35,0.0,1.0,-100.0,0.0,597.99,-100.0,5.71,1.77,-5.71,121.81,,20.37,,,0.3,,单量下滑≥20%；销售额下滑≥20%,曝光/点击/CTR/CVR/ACOS/ROAS/活动清单
B0FCXQMKCS,KC4SGE04600,2026-W36,2026-W35,0.0,0.0,,0.0,0.0,,19.99,14.62,-19.99,-14.62,,,,,,,,曝光/点击/CTR/CVR/ACOS/ROAS/活动清单
B0FCXQNBL4,PT4SGE27000,2026-W36,2026-W35,0.0,0.0,,0.0,0.0,,0.0,0.0,0.0,0.0,,,,,,,,曝光/点击/CTR/CVR/ACOS/ROAS/活动清单
B0FCXQNNJR,PT4SGE21500,2026-W36,2026-W35,0.0,0.0,,0.0,0.0,,18.56,20.88,-18.56,-20.88,,,,,,,,曝光/点击/CTR/CVR/ACOS/ROAS/活动清单
B0FCXQW27N,KX4SGE15200,2026-W36,2026-W35,0.0,0.0,,0.0,0.0,,0.0,0.0,0.0,0.0,,,,,,,,曝光/点击/CTR/CVR/ACOS/ROAS/活动清单
B0FCXR4MMG,PT4SGE26000,2026-W36,2026-W35,0.0,0.0,,0.0,0.0,,0.0,0.0,0.0,0.0,,,,,,,,曝光/点击/CTR/CVR/ACOS/ROAS/活动清单
B0FCXR51DX,KC4SGE02500,2026-W36,2026-W35,0.0,0.0,,0.0,0.0,,10.95,6.6,-10.95,-6.6,,,,,,,,曝光/点击/CTR/CVR/ACOS/ROAS/活动清单
B0FCXR68F2,KC4SGE02400,2026-W36,2026-W35,0.0,0.0,,0.0,0.0,,0.0,0.0,0.0,0.0,,,,,,,,曝光/点击/CTR/CVR/ACOS/ROAS/活动清单
B0FCXR68F3,KC4PSP16400,2026-W36,2026-W35,0.0,0.0,,0.0,0.0,,0.0,0.0,0.0,0.0,,,,,,,,曝光/点击/CTR/CVR/ACOS/ROAS/活动清单
B0FCXRDFJM,PT4SGE19400,2026-W36,2026-W35,0.0,0.0,,0.0,0.0,,0.0,0.0,0.0,0.0,,,,,,,,曝光/点击/CTR/CVR/ACOS/ROAS/活动清单
B0FCXRGZS1,KX4SGE11700,2026-W36,2026-W35,0.0,0.0,,0.0,0.0,,0.0,0.0,0.0,0.0,,,,,,,,曝光/点击/CTR/CVR/ACOS/ROAS/活动清单
B0FCXRJGDS,KC4SGE01800,2026-W36,2026-W35,0.0,0.0,,0.0,0.0,,0.0,0.0,0.0,0.0,,,,,,,,曝光/点击/CTR/CVR/ACOS/ROAS/活动清单
B0FCXRLK3L,KX4SGE13700,2026-W36,2026-W35,0.0,1.0,-100.0,0.0,1075.83,-100.0,3.26,5.98,-3.26,202.69,,18.84,,,0.56,,单量下滑≥20%；销售额下滑≥20%,曝光/点击/CTR/CVR/ACOS/ROAS/活动清单
B0FCXRN1NH,KX4SGE10100,2026-W36,2026-W35,0.0,0.0,,0.0,0.0,,3.26,3.06,-3.26,-3.06,,,,,,,,曝光/点击/CTR/CVR/ACOS/ROAS/活动清单
B0FCXRRJ9D,KX4SGE12200,2026-W36,2026-W35,0.0,0.0,,0.0,0.0,,0.0,0.0,0.0,0.0,,,,,,,,曝光/点击/CTR/CVR/ACOS/ROAS/活动清单
B0FCXRV9TR,KC4SGE04200,2026-W36,2026-W35,0.0,0.0,,0.0,0.0,,0.0,0.0,0.0,0.0,,,,,,,,曝光/点击/CTR/CVR/ACOS/ROAS/活动清单
B0FCXRVNRV,KC4SGE00300,2026-W36,2026-W35,0.0,0.0,,0.0,0.0,,9.21,7.68,-9.21,-7.68,,,,,,,,曝光/点击/CTR/CVR/ACOS/ROAS/活动清单
B0FCXRVNRZ,PT4SGE19100,2026-W36,2026-W35,0.0,0.0,,0.0,0.0,,12.1,14.01,-12.1,-14.01,,,,,,,,曝光/点击/CTR/CVR/ACOS/ROAS/活动清单
B0FCXRYWWR,PT4SGE26600,2026-W36,2026-W35,0.0,0.0,,0.0,0.0,,0.0,0.0,0.0,0.0,,,,,,,,曝光/点击/CTR/CVR/ACOS/ROAS/活动清单
B0FCXS1D44,KC4SGE04700,2026-W36,2026-W35,0.0,0.0,,0.0,0.0,,0.0,0.0,0.0,0.0,,,,,,,,曝光/点击/CTR/CVR/ACOS/ROAS/活动清单
B0FCXS4WX3,KX4SGE10900,2026-W36,2026-W35,0.0,0.0,,0.0,0.0,,0.0,8.23,0.0,-8.23,,,,,,,,曝光/点击/CTR/CVR/ACOS/ROAS/活动清单
B0FCXS5XSK,KX4SGE15400,2026-W36,2026-W35,0.0,0.0,,0.0,0.0,,0.0,0.0,0.0,0.0,,,,,,,,曝光/点击/CTR/CVR/ACOS/ROAS/活动清单
B0FCXSZ7MB,PT4SGE18400,2026-W36,2026-W35,0.0,0.0,,0.0,0.0,,0.0,0.0,0.0,0.0,,,,,,,,曝光/点击/CTR/CVR/ACOS/ROAS/活动清单
B0FCXT2347,KC4PSP16600,2026-W36,2026-W35,0.0,0.0,,0.0,0.0,,8.7,4.35,-8.7,-4.35,,,,,,,,曝光/点击/CTR/CVR/ACOS/ROAS/活动清单
B0FCXT57NG,PT4SGE25600,2026-W36,2026-W35,0.0,0.0,,0.0,0.0,,0.0,0.0,0.0,0.0,,,,,,,,曝光/点击/CTR/CVR/ACOS/ROAS/活动清单
B0FCXT6K2H,KC4SGE02800,2026-W36,2026-W35,0.0,0.0,,0.0,0.0,,0.0,0.0,0.0,0.0,,,,,,,,曝光/点击/CTR/CVR/ACOS/ROAS/活动清单
B0FCXT7VTC,KC4SGE03500,2026-W36,2026-W35,0.0,0.0,,0.0,0.0,,0.0,0.0,0.0,0.0,,,,,,,,曝光/点击/CTR/CVR/ACOS/ROAS/活动清单
B0FCXTDSQP,PT4SGE22200,2026-W36,2026-W35,0.0,0.0,,0.0,0.0,,0.0,0.0,0.0,0.0,,,,,,,,曝光/点击/CTR/CVR/ACOS/ROAS/活动清单
B0FCXTLYFD,KX4SGE14700,2026-W36,2026-W35,0.0,0.0,,0.0,0.0,,0.0,0.0,0.0,0.0,,,,,,,,曝光/点击/CTR/CVR/ACOS/ROAS/活动清单
B0FCXTNFZ1,KC4SGE01700,2026-W36,2026-W35,0.0,0.0,,0.0,0.0,,0.0,0.0,0.0,0.0,,,,,,,,曝光/点击/CTR/CVR/ACOS/ROAS/活动清单
B0FCXTSHJB,KX4SGE16500,2026-W36,2026-W35,0.0,0.0,,0.0,0.0,,0.0,0.0,0.0,0.0,,,,,,,,曝光/点击/CTR/CVR/ACOS/ROAS/活动清单
B0FCXTT4Z3,KC4PSP17200,2026-W36,2026-W35,0.0,0.0,,0.0,0.0,,0.0,0.0,0.0,0.0,,,,,,,,曝光/点击/CTR/CVR/ACOS/ROAS/活动清单
B0FCXTTHDV,PT4SGE25800,2026-W36,2026-W35,0.0,0.0,,0.0,0.0,,0.0,0.0,0.0,0.0,,,,,,,,曝光/点击/CTR/CVR/ACOS/ROAS/活动清单
B0FCXTWBHN,PT4SGE18500,2026-W36,2026-W35,0.0,0.0,,0.0,0.0,,0.0,0.0,0.0,0.0,,,,,,,,曝光/点击/CTR/CVR/ACOS/ROAS/活动清单
B0FCXV7FCZ,PT4SGE24400,2026-W36,2026-W35,0.0,0.0,,0.0,0.0,,0.0,0.0,0.0,0.0,,,,,,,,曝光/点击/CTR/CVR/ACOS/ROAS/活动清单
B0FCXV83P4,KC4PSP17500,2026-W36,2026-W35,0.0,0.0,,0.0,0.0,,0.0,0.0,0.0,0.0,,,,,,,,曝光/点击/CTR/CVR/ACOS/ROAS/活动清单
B0FCXV9YB4,KX4SGE12600,2026-W36,2026-W35,0.0,0.0,,0.0,0.0,,0.0,0.0,0.0,0.0,,,,,,,,曝光/点击/CTR/CVR/ACOS/ROAS/活动清单
B0FCXVCVR2,KC4PSP16000,2026-W36,2026-W35,0.0,0.0,,0.0,0.0,,0.0,0.0,0.0,0.0,,,,,,,,曝光/点击/CTR/CVR/ACOS/ROAS/活动清单
B0FCXVKMRB,KC4SGE01500,2026-W36,2026-W35,0.0,0.0,,0.0,0.0,,0.0,0.0,0.0,0.0,,,,,,,,曝光/点击/CTR/CVR/ACOS/ROAS/活动清单
B0FCXVMN66,PT4SGE24000,2026-W36,2026-W35,0.0,0.0,,0.0,0.0,,0.0,0.0,0.0,0.0,,,,,,,,曝光/点击/CTR/CVR/ACOS/ROAS/活动清单
B0FCXVNLJ6,KX4SGE12900,2026-W36,2026-W35,0.0,0.0,,0.0,0.0,,0.0,0.0,0.0,0.0,,,,,,,,曝光/点击/CTR/CVR/ACOS/ROAS/活动清单
B0FCXVNXV2,PT4SGE28100,2026-W36,2026-W35,0.0,0.0,,0.0,0.0,,0.0,0.0,0.0,0.0,,,,,,,,曝光/点击/CTR/CVR/ACOS/ROAS/活动清单
B0FCXVPPY5,KC4PSP18100,2026-W36,2026-W35,0.0,0.0,,0.0,0.0,,0.0,0.0,0.0,0.0,,,,,,,,曝光/点击/CTR/CVR/ACOS/ROAS/活动清单
B0FCXVQSV6,KC4SGE05400,2026-W36,2026-W35,0.0,0.0,,0.0,0.0,,2.72,0.0,-2.72,0.0,,,,,,,,曝光/点击/CTR/CVR/ACOS/ROAS/活动清单
B0FCXVZSGS,KC4SGE01300,2026-W36,2026-W35,0.0,0.0,,0.0,0.0,,0.0,0.0,0.0,0.0,,,,,,,,曝光/点击/CTR/CVR/ACOS/ROAS/活动清单
B0FCXW3856,KC4SGE05200,2026-W36,2026-W35,0.0,0.0,,0.0,0.0,,0.0,4.62,0.0,-4.62,,,,,,,,曝光/点击/CTR/CVR/ACOS/ROAS/活动清单
B0FCXW3857,KX4SGE08100,2026-W36,2026-W35,0.0,0.0,,0.0,0.0,,0.0,0.0,0.0,0.0,,,,,,,,曝光/点击/CTR/CVR/ACOS/ROAS/活动清单
B0FCXW3KZ5,KC4SGE03000,2026-W36,2026-W35,0.0,0.0,,0.0,0.0,,0.0,0.0,0.0,0.0,,,,,,,,曝光/点击/CTR/CVR/ACOS/ROAS/活动清单
B0FCXW4ZY3,KX4SGE10700,2026-W36,2026-W35,0.0,0.0,,0.0,0.0,,0.0,0.0,0.0,0.0,,,,,,,,曝光/点击/CTR/CVR/ACOS/ROAS/活动清单
B0FCXW7BZW,PT4SGE24600,2026-W36,2026-W35,0.0,0.0,,0.0,0.0,,0.0,0.0,0.0,0.0,,,,,,,,曝光/点击/CTR/CVR/ACOS/ROAS/活动清单
B0FCXXNBP4,KX4SGE08400,2026-W36,2026-W35,0.0,0.0,,0.0,0.0,,9.79,2.72,-9.79,-2.72,,,,,,,,曝光/点击/CTR/CVR/ACOS/ROAS/活动清单
B0FCXXP5Q5,KC4PSP17100,2026-W36,2026-W35,0.0,0.0,,0.0,0.0,,0.0,0.0,0.0,0.0,,,,,,,,曝光/点击/CTR/CVR/ACOS/ROAS/活动清单
B0FCXXQYT3,KX4SGE08000,2026-W36,2026-W35,0.0,0.0,,0.0,0.0,,0.0,0.0,0.0,0.0,,,,,,,,曝光/点击/CTR/CVR/ACOS/ROAS/活动清单
B0FCXXTN63,KC4SGE01400,2026-W36,2026-W35,0.0,0.0,,0.0,0.0,,2.52,0.0,-2.52,0.0,,,,,,,,曝光/点击/CTR/CVR/ACOS/ROAS/活动清单
B0FCXXXZHZ,KC4SGE05300,2026-W36,2026-W35,0.0,0.0,,0.0,0.0,,0.0,0.0,0.0,0.0,,,,,,,,曝光/点击/CTR/CVR/ACOS/ROAS/活动清单
B0FCXXYDNV,KC4PSP17000,2026-W36,2026-W35,0.0,0.0,,0.0,0.0,,0.0,0.0,0.0,0.0,,,,,,,,曝光/点击/CTR/CVR/ACOS/ROAS/活动清单
B0FCXXZFXY,KC4SGE01200,2026-W36,2026-W35,0.0,0.0,,0.0,0.0,,0.0,0.0,0.0,0.0,,,,,,,,曝光/点击/CTR/CVR/ACOS/ROAS/活动清单
B0FCXY3LLS,KC4SGE04900,2026-W36,2026-W35,0.0,0.0,,0.0,0.0,,0.0,0.0,0.0,0.0,,,,,,,,曝光/点击/CTR/CVR/ACOS/ROAS/活动清单
B0FCXY85QD,KX4SGE10200,2026-W36,2026-W35,0.0,0.0,,0.0,0.0,,17.27,12.31,-17.27,-12.31,,,,,,,,曝光/点击/CTR/CVR/ACOS/ROAS/活动清单
B0FCXYFGT8,PT4SGE27300,2026-W36,2026-W35,0.0,0.0,,0.0,0.0,,0.0,0.0,0.0,0.0,,,,,,,,曝光/点击/CTR/CVR/ACOS/ROAS/活动清单
B0FCXYG5CX,KC4PSP18000,2026-W36,2026-W35,0.0,0.0,,0.0,0.0,,0.0,0.0,0.0,0.0,,,,,,,,曝光/点击/CTR/CVR/ACOS/ROAS/活动清单
B0FCXYHDYD,KC4SGE03700,2026-W36,2026-W35,0.0,0.0,,0.0,0.0,,0.0,0.0,0.0,0.0,,,,,,,,曝光/点击/CTR/CVR/ACOS/ROAS/活动清单
B0FCXYLX1Q,KC4SGE04800,2026-W36,2026-W35,0.0,0.0,,0.0,0.0,,0.0,0.0,0.0,0.0,,,,,,,,曝光/点击/CTR/CVR/ACOS/ROAS/活动清单
B0FCXYP1JK,KX4SGE08600,2026-W36,2026-W35,0.0,0.0,,0.0,0.0,,9.59,0.0,-9.59,0.0,,,,,,,,曝光/点击/CTR/CVR/ACOS/ROAS/活动清单
B0FCXYT3H6,KX4SGE17200,2026-W36,2026-W35,0.0,0.0,,0.0,0.0,,0.0,0.0,0.0,0.0,,,,,,,,曝光/点击/CTR/CVR/ACOS/ROAS/活动清单
B0FCXYVK2N,PT4SGE20800,2026-W36,2026-W35,0.0,0.0,,0.0,0.0,,0.0,0.0,0.0,0.0,,,,,,,,曝光/点击/CTR/CVR/ACOS/ROAS/活动清单
B0FCY1GJ2D,PT4SGE28200,2026-W36,2026-W35,0.0,0.0,,0.0,0.0,,10.95,0.0,-10.95,0.0,,,,,,,,曝光/点击/CTR/CVR/ACOS/ROAS/活动清单
B0FCY1JLTV,KX4SGE17300,2026-W36,2026-W35,0.0,0.0,,0.0,0.0,,0.0,0.0,0.0,0.0,,,,,,,,曝光/点击/CTR/CVR/ACOS/ROAS/活动清单
B0FCY1K8N5,KX4SGE10600,2026-W36,2026-W35,0.0,0.0,,0.0,0.0,,0.0,0.0,0.0,0.0,,,,,,,,曝光/点击/CTR/CVR/ACOS/ROAS/活动清单
B0FCY1P9YD,KX4SGE15800,2026-W36,2026-W35,0.0,0.0,,0.0,0.0,,12.24,0.0,-12.24,0.0,,,,,,,,曝光/点击/CTR/CVR/ACOS/ROAS/活动清单
B0FCY1ZRZT,PT4SGE27900,2026-W36,2026-W35,1.0,0.0,N/A,1011.3,0.0,N/A,12.31,12.38,192.27,-12.38,19.01,,,1.22,,,,曝光/点击/CTR/CVR/ACOS/ROAS/活动清单
B0FCY1ZS15,KC4SGE03800,2026-W36,2026-W35,0.0,0.0,,0.0,0.0,,3.88,5.78,-3.88,-5.78,,,,,,,,曝光/点击/CTR/CVR/ACOS/ROAS/活动清单
B0FCY28VSK,PT4SGE22800,2026-W36,2026-W35,0.0,0.0,,0.0,0.0,,0.0,0.0,0.0,0.0,,,,,,,,曝光/点击/CTR/CVR/ACOS/ROAS/活动清单
B0FCY2KMVF,KX4SGE07900,2026-W36,2026-W35,0.0,0.0,,0.0,0.0,,0.0,0.0,0.0,0.0,,,,,,,,曝光/点击/CTR/CVR/ACOS/ROAS/活动清单
B0FCY2LP4W,PT4SGE18700,2026-W36,2026-W35,0.0,0.0,,0.0,0.0,,0.0,0.0,0.0,0.0,,,,,,,,曝光/点击/CTR/CVR/ACOS/ROAS/活动清单
B0FCY2LP4X,KX4SGE08300,2026-W36,2026-W35,0.0,0.0,,0.0,0.0,,0.0,0.0,0.0,0.0,,,,,,,,曝光/点击/CTR/CVR/ACOS/ROAS/活动清单
B0FCY2P3VF,PT4SGE21900,2026-W36,2026-W35,0.0,0.0,,0.0,0.0,,0.0,0.0,0.0,0.0,,,,,,,,曝光/点击/CTR/CVR/ACOS/ROAS/活动清单
B0FCY2PH1H,KC4SGE00600,2026-W36,2026-W35,0.0,0.0,,0.0,0.0,,9.25,0.0,-9.25,0.0,,,,,,,,曝光/点击/CTR/CVR/ACOS/ROAS/活动清单
B0FCY2PTVP,KX4SGE08200,2026-W36,2026-W35,0.0,0.0,,0.0,0.0,,0.0,0.0,0.0,0.0,,,,,,,,曝光/点击/CTR/CVR/ACOS/ROAS/活动清单
B0FCY2SJ1V,KC4SGE05000,2026-W36,2026-W35,0.0,1.0,-100.0,0.0,988.72,-100.0,35.97,0.82,-35.97,199.01,,20.13,,,0.08,,单量下滑≥20%；销售额下滑≥20%,曝光/点击/CTR/CVR/ACOS/ROAS/活动清单
B0FCY2T9PW,PT4SGE19600,2026-W36,2026-W35,0.0,0.0,,0.0,0.0,,0.0,0.0,0.0,0.0,,,,,,,,曝光/点击/CTR/CVR/ACOS/ROAS/活动清单
B0FCY2TRZD,PT4SGE27700,2026-W36,2026-W35,0.0,0.0,,0.0,0.0,,0.0,0.0,0.0,0.0,,,,,,,,曝光/点击/CTR/CVR/ACOS/ROAS/活动清单
B0FCY2YN5G,PT4SGE26300,2026-W36,2026-W35,0.0,0.0,,0.0,0.0,,0.0,0.0,0.0,0.0,,,,,,,,曝光/点击/CTR/CVR/ACOS/ROAS/活动清单
B0FCY31KGJ,KX4SGE13500,2026-W36,2026-W35,0.0,0.0,,0.0,0.0,,0.0,0.0,0.0,0.0,,,,,,,,曝光/点击/CTR/CVR/ACOS/ROAS/活动清单
B0FCY35J53,KX4SGE12400,2026-W36,2026-W35,0.0,0.0,,0.0,0.0,,0.0,0.0,0.0,0.0,,,,,,,,曝光/点击/CTR/CVR/ACOS/ROAS/活动清单
B0FCY35XL7,KC4PSP16500,2026-W36,2026-W35,0.0,0.0,,0.0,0.0,,0.0,0.0,0.0,0.0,,,,,,,,曝光/点击/CTR/CVR/ACOS/ROAS/活动清单
B0FCY39NR5,PT4SGE18800,2026-W36,2026-W35,0.0,0.0,,0.0,0.0,,0.0,0.0,0.0,0.0,,,,,,,,曝光/点击/CTR/CVR/ACOS/ROAS/活动清单
B0FCY3CWLC,KX4SGE13300,2026-W36,2026-W35,0.0,0.0,,0.0,0.0,,0.0,0.0,0.0,0.0,,,,,,,,曝光/点击/CTR/CVR/ACOS/ROAS/活动清单
B0FCY3D9JR,KC4PSP17600,2026-W36,2026-W35,0.0,0.0,,0.0,0.0,,0.0,0.0,0.0,0.0,,,,,,,,曝光/点击/CTR/CVR/ACOS/ROAS/活动清单
B0FCY3HWGP,PT4SGE21100,2026-W36,2026-W35,0.0,0.0,,0.0,0.0,,0.0,0.0,0.0,0.0,,,,,,,,曝光/点击/CTR/CVR/ACOS/ROAS/活动清单
B0FCY3HWGX,KC4SGE05500,2026-W36,2026-W35,0.0,0.0,,0.0,0.0,,0.0,2.04,0.0,-2.04,,,,,,,,曝光/点击/CTR/CVR/ACOS/ROAS/活动清单
B0FCY3KFN7,KC4SGE00800,2026-W36,2026-W35,0.0,0.0,,0.0,0.0,,0.0,0.0,0.0,0.0,,,,,,,,曝光/点击/CTR/CVR/ACOS/ROAS/活动清单
B0FCY3LQ22,KX4SGE18000,2026-W36,2026-W35,0.0,0.0,,0.0,0.0,,0.0,0.0,0.0,0.0,,,,,,,,曝光/点击/CTR/CVR/ACOS/ROAS/活动清单
B0FCY3MWW2,KC4SGE01100,2026-W36,2026-W35,0.0,0.0,,0.0,0.0,,5.44,17.14,-5.44,-17.14,,,,,,,,曝光/点击/CTR/CVR/ACOS/ROAS/活动清单
B0FCY49VLV,KX4SGE13200,2026-W36,2026-W35,0.0,0.0,,0.0,0.0,,3.26,7.62,-3.26,-7.62,,,,,,,,曝光/点击/CTR/CVR/ACOS/ROAS/活动清单
B0FCY4CL3C,PT4SGE26200,2026-W36,2026-W35,0.0,0.0,,0.0,0.0,,0.0,0.0,0.0,0.0,,,,,,,,曝光/点击/CTR/CVR/ACOS/ROAS/活动清单
B0FCY4G83J,KC4PSP16800,2026-W36,2026-W35,0.0,0.0,,0.0,0.0,,0.0,0.0,0.0,0.0,,,,,,,,曝光/点击/CTR/CVR/ACOS/ROAS/活动清单
B0FCY4HGCF,KX4SGE16800,2026-W36,2026-W35,2.0,0.0,N/A,1564.0,0.0,N/A,28.76,44.4,270.6,-44.4,17.3,,,1.84,,,,曝光/点击/CTR/CVR/ACOS/ROAS/活动清单
B0FCY4LB3B,KC4SGE00100,2026-W36,2026-W35,0.0,0.0,,0.0,0.0,,0.0,0.0,0.0,0.0,,,,,,,,曝光/点击/CTR/CVR/ACOS/ROAS/活动清单
B0FCY4LN7W,KC4SGE03100,2026-W36,2026-W35,0.0,0.0,,0.0,0.0,,0.0,0.0,0.0,0.0,,,,,,,,曝光/点击/CTR/CVR/ACOS/ROAS/活动清单
B0FCY4MFMV,PT4SGE19900,2026-W36,2026-W35,0.0,0.0,,0.0,0.0,,0.0,0.0,0.0,0.0,,,,,,,,曝光/点击/CTR/CVR/ACOS/ROAS/活动清单
B0FCY52SGG,PT4SGE25400,2026-W36,2026-W35,0.0,0.0,,0.0,0.0,,0.0,0.0,0.0,0.0,,,,,,,,曝光/点击/CTR/CVR/ACOS/ROAS/活动清单
B0FCY543ZW,PT4SGE27500,2026-W36,2026-W35,0.0,0.0,,0.0,0.0,,0.0,0.0,0.0,0.0,,,,,,,,曝光/点击/CTR/CVR/ACOS/ROAS/活动清单
B0FCY54KWG,KX4SGE08500,2026-W36,2026-W35,0.0,0.0,,0.0,0.0,,26.18,2.86,-26.18,-2.86,,,,,,,,曝光/点击/CTR/CVR/ACOS/ROAS/活动清单
B0FCY54XXK,PT4SGE24900,2026-W36,2026-W35,0.0,0.0,,0.0,0.0,,0.0,0.0,0.0,0.0,,,,,,,,曝光/点击/CTR/CVR/ACOS/ROAS/活动清单
B0FCY55RFB,KC4PSP17700,2026-W36,2026-W35,0.0,0.0,,0.0,0.0,,0.0,0.0,0.0,0.0,,,,,,,,曝光/点击/CTR/CVR/ACOS/ROAS/活动清单
B0FCY5953S,KX4SGE17100,2026-W36,2026-W35,0.0,0.0,,0.0,0.0,,0.0,0.0,0.0,0.0,,,,,,,,曝光/点击/CTR/CVR/ACOS/ROAS/活动清单
B0FCY59VCT,KC4PSP16200,2026-W36,2026-W35,0.0,0.0,,0.0,0.0,,0.0,0.0,0.0,0.0,,,,,,,,曝光/点击/CTR/CVR/ACOS/ROAS/活动清单
B0FCY5DXQT,KC4PSP15800,2026-W36,2026-W35,0.0,0.0,,0.0,0.0,,29.58,9.25,-29.58,-9.25,,,,,,,,曝光/点击/CTR/CVR/ACOS/ROAS/活动清单
B0FCY5H7WH,PT4SGE21400,2026-W36,2026-W35,0.0,0.0,,0.0,0.0,,0.0,0.0,0.0,0.0,,,,,,,,曝光/点击/CTR/CVR/ACOS/ROAS/活动清单
B0FCY5HNQN,KX4SGE08900,2026-W36,2026-W35,0.0,0.0,,0.0,0.0,,5.64,3.26,-5.64,-3.26,,,,,,,,曝光/点击/CTR/CVR/ACOS/ROAS/活动清单
B0FCY5HZKG,KC4PSP18200,2026-W36,2026-W35,0.0,0.0,,0.0,0.0,,0.0,0.0,0.0,0.0,,,,,,,,曝光/点击/CTR/CVR/ACOS/ROAS/活动清单
B0FCY5JYPT,PT4SGE23700,2026-W36,2026-W35,0.0,0.0,,0.0,0.0,,0.0,0.0,0.0,0.0,,,,,,,,曝光/点击/CTR/CVR/ACOS/ROAS/活动清单
B0FCY5WSVD,KC4PSP17300,2026-W36,2026-W35,0.0,0.0,,0.0,0.0,,0.0,0.0,0.0,0.0,,,,,,,,曝光/点击/CTR/CVR/ACOS/ROAS/活动清单
B0FCY5YS4Z,KX4SGE12700,2026-W36,2026-W35,0.0,0.0,,0.0,0.0,,0.0,0.0,0.0,0.0,,,,,,,,曝光/点击/CTR/CVR/ACOS/ROAS/活动清单
B0FCY5ZTQ1,PT4SGE27800,2026-W36,2026-W35,0.0,0.0,,0.0,0.0,,0.0,0.0,0.0,0.0,,,,,,,,曝光/点击/CTR/CVR/ACOS/ROAS/活动清单
B0FCY83HS4,PT4SGE26700,2026-W36,2026-W35,0.0,0.0,,0.0,0.0,,0.0,0.0,0.0,0.0,,,,,,,,曝光/点击/CTR/CVR/ACOS/ROAS/活动清单
B0FCY83HS6,KC4PSP16700,2026-W36,2026-W35,0.0,0.0,,0.0,0.0,,0.0,0.0,0.0,0.0,,,,,,,,曝光/点击/CTR/CVR/ACOS/ROAS/活动清单
B0FCY84ZJV,PT4SGE22700,2026-W36,2026-W35,0.0,0.0,,0.0,0.0,,0.0,0.0,0.0,0.0,,,,,,,,曝光/点击/CTR/CVR/ACOS/ROAS/活动清单
B0FCY894BF,PT4SGE22500,2026-W36,2026-W35,0.0,0.0,,0.0,0.0,,0.0,0.0,0.0,0.0,,,,,,,,曝光/点击/CTR/CVR/ACOS/ROAS/活动清单
B0FCY89GNF,KX4SGE14000,2026-W36,2026-W35,0.0,0.0,,0.0,0.0,,0.0,0.0,0.0,0.0,,,,,,,,曝光/点击/CTR/CVR/ACOS/ROAS/活动清单
B0FCY8FXX8,KX4SGE14500,2026-W36,2026-W35,0.0,0.0,,0.0,0.0,,0.0,0.0,0.0,0.0,,,,,,,,曝光/点击/CTR/CVR/ACOS/ROAS/活动清单
B0FCY8N99M,PT4SGE27600,2026-W36,2026-W35,0.0,0.0,,0.0,0.0,,3.26,0.0,-3.26,0.0,,,,,,,,曝光/点击/CTR/CVR/ACOS/ROAS/活动清单
B0FCY8YV7W,PT4SGE19500,2026-W36,2026-W35,0.0,0.0,,0.0,0.0,,0.0,0.0,0.0,0.0,,,,,,,,曝光/点击/CTR/CVR/ACOS/ROAS/活动清单
B0FCY93RGM,PT4SGE23300,2026-W36,2026-W35,0.0,0.0,,0.0,0.0,,0.0,0.0,0.0,0.0,,,,,,,,曝光/点击/CTR/CVR/ACOS/ROAS/活动清单
B0FCYC9H4P,KX4SGE07700,2026-W36,2026-W35,0.0,0.0,,0.0,0.0,,0.0,0.0,0.0,0.0,,,,,,,,曝光/点击/CTR/CVR/ACOS/ROAS/活动清单
B0FCYCC1R7,KX4SGE16100,2026-W36,2026-W35,0.0,0.0,,0.0,0.0,,0.0,0.0,0.0,0.0,,,,,,,,曝光/点击/CTR/CVR/ACOS/ROAS/活动清单
B0FFMLVFRY,KC4SGE01800,2026-W36,2026-W35,0.0,0.0,,0.0,0.0,,0.0,0.0,0.0,0.0,,,,,,,,曝光/点击/CTR/CVR/ACOS/ROAS/活动清单
B0FFMMFX2Z,KX4SGE08400,2026-W36,2026-W35,0.0,0.0,,0.0,0.0,,0.0,0.0,0.0,0.0,,,,,,,,曝光/点击/CTR/CVR/ACOS/ROAS/活动清单
B0FH6PX98Y,KX4SGE17200,2026-W36,2026-W35,0.0,0.0,,0.0,0.0,,0.0,0.0,0.0,0.0,,,,,,,,曝光/点击/CTR/CVR/ACOS/ROAS/活动清单
B0FH6QJNT1,KX4SGE17200,2026-W36,2026-W35,0.0,0.0,,0.0,0.0,,0.0,0.0,0.0,0.0,,,,,,,,曝光/点击/CTR/CVR/ACOS/ROAS/活动清单
B0FH6QKKB6,KX4SGE15800,2026-W36,2026-W35,1.0,0.0,N/A,1210.4,0.0,N/A,0.0,10.13,301.61,-10.13,24.92,,,0.0,,,,曝光/点击/CTR/CVR/ACOS/ROAS/活动清单
B0FH6R2H4X,KX4SGE17200,2026-W36,2026-W35,0.0,0.0,,0.0,0.0,,0.0,0.0,0.0,0.0,,,,,,,,曝光/点击/CTR/CVR/ACOS/ROAS/活动清单
B0FH6SNJD4,KC4PSP18000,2026-W36,2026-W35,0.0,0.0,,0.0,0.0,,0.0,0.0,0.0,0.0,,,,,,,,曝光/点击/CTR/CVR/ACOS/ROAS/活动清单
B0FLXYZC67,KC4PSP18100,2026-W36,2026-W35,0.0,0.0,,0.0,0.0,,4.22,8.43,-4.22,-8.43,,,,,,,,曝光/点击/CTR/CVR/ACOS/ROAS/活动清单
B0FLXYZT3C,KC4SGE04200,2026-W36,2026-W35,0.0,0.0,,0.0,0.0,,0.0,0.0,0.0,0.0,,,,,,,,曝光/点击/CTR/CVR/ACOS/ROAS/活动清单
B0FLXZBDZB,PT4SGE19900,2026-W36,2026-W35,0.0,0.0,,0.0,0.0,,0.0,0.0,0.0,0.0,,,,,,,,曝光/点击/CTR/CVR/ACOS/ROAS/活动清单
B0FLXZC36P,KC4SGE01600,2026-W36,2026-W35,0.0,0.0,,0.0,0.0,,0.0,0.0,0.0,0.0,,,,,,,,曝光/点击/CTR/CVR/ACOS/ROAS/活动清单
B0FLXZWS2B,KC4SGE02400,2026-W36,2026-W35,0.0,0.0,,0.0,0.0,,0.0,0.0,0.0,0.0,,,,,,,,曝光/点击/CTR/CVR/ACOS/ROAS/活动清单
B0FLY19C6P,KC4PSP18200,2026-W36,2026-W35,0.0,0.0,,0.0,0.0,,0.0,0.0,0.0,0.0,,,,,,,,曝光/点击/CTR/CVR/ACOS/ROAS/活动清单
B0FLY1BWD5,KX4SGE15400,2026-W36,2026-W35,0.0,1.0,-100.0,0.0,1224.0,-100.0,32.98,24.89,-32.98,410.94,,33.57,,,2.03,,单量下滑≥20%；销售额下滑≥20%,曝光/点击/CTR/CVR/ACOS/ROAS/活动清单
B0FLY1FW2T,KC4PSP16400,2026-W36,2026-W35,0.0,0.0,,0.0,0.0,,0.0,0.0,0.0,0.0,,,,,,,,曝光/点击/CTR/CVR/ACOS/ROAS/活动清单
B0FLY1MW81,KC4SGE05100,2026-W36,2026-W35,0.0,0.0,,0.0,0.0,,3.26,3.13,-3.26,-3.13,,,,,,,,曝光/点击/CTR/CVR/ACOS/ROAS/活动清单
B0FLY1RDS5,KC4SGE04300,2026-W36,2026-W35,0.0,0.0,,0.0,0.0,,0.0,0.0,0.0,0.0,,,,,,,,曝光/点击/CTR/CVR/ACOS/ROAS/活动清单
B0FLY1TWFX,KC4SGE05300,2026-W36,2026-W35,0.0,0.0,,0.0,0.0,,6.53,11.49,-6.53,-11.49,,,,,,,,曝光/点击/CTR/CVR/ACOS/ROAS/活动清单
B0FLY1Z92N,KX4SGE12900,2026-W36,2026-W35,0.0,0.0,,0.0,0.0,,0.0,0.0,0.0,0.0,,,,,,,,曝光/点击/CTR/CVR/ACOS/ROAS/活动清单
B0FLY1ZTCY,KX4SGE10100,2026-W36,2026-W35,0.0,0.0,,0.0,0.0,,0.0,0.0,0.0,0.0,,,,,,,,曝光/点击/CTR/CVR/ACOS/ROAS/活动清单
B0FLY2466W,PT4SGE20300,2026-W36,2026-W35,0.0,0.0,,0.0,0.0,,0.0,0.0,0.0,0.0,,,,,,,,曝光/点击/CTR/CVR/ACOS/ROAS/活动清单
B0FLY24B9B,PT4SGE23400,2026-W36,2026-W35,0.0,0.0,,0.0,0.0,,0.0,0.0,0.0,0.0,,,,,,,,曝光/点击/CTR/CVR/ACOS/ROAS/活动清单
B0FLY28YG6,PT4SGE18800,2026-W36,2026-W35,0.0,0.0,,0.0,0.0,,0.0,0.0,0.0,0.0,,,,,,,,曝光/点击/CTR/CVR/ACOS/ROAS/活动清单
B0FLY2BV2N,KC4SGE01300,2026-W36,2026-W35,0.0,0.0,,0.0,0.0,,0.0,0.0,0.0,0.0,,,,,,,,曝光/点击/CTR/CVR/ACOS/ROAS/活动清单
B0FLY2F8RS,KX4SGE12700,2026-W36,2026-W35,0.0,0.0,,0.0,0.0,,0.0,0.0,0.0,0.0,,,,,,,,曝光/点击/CTR/CVR/ACOS/ROAS/活动清单
B0FLY2GTQK,KC4PSP18000,2026-W36,2026-W35,0.0,0.0,,0.0,0.0,,0.0,0.0,0.0,0.0,,,,,,,,曝光/点击/CTR/CVR/ACOS/ROAS/活动清单
B0FLY2GTR9,KC4SGE02500,2026-W36,2026-W35,0.0,0.0,,0.0,0.0,,7.48,0.0,-7.48,0.0,,,,,,,,曝光/点击/CTR/CVR/ACOS/ROAS/活动清单
B0FLY2GZJL,PT4SGE19400,2026-W36,2026-W35,0.0,0.0,,0.0,0.0,,0.0,0.0,0.0,0.0,,,,,,,,曝光/点击/CTR/CVR/ACOS/ROAS/活动清单
B0FLY2J9PM,PT4SGE22500,2026-W36,2026-W35,0.0,0.0,,0.0,0.0,,0.0,0.0,0.0,0.0,,,,,,,,曝光/点击/CTR/CVR/ACOS/ROAS/活动清单
B0FLY2JP16,PT4SGE18400,2026-W36,2026-W35,0.0,0.0,,0.0,0.0,,0.0,0.0,0.0,0.0,,,,,,,,曝光/点击/CTR/CVR/ACOS/ROAS/活动清单
B0FLY2KT3V,PT4SGE21400,2026-W36,2026-W35,0.0,0.0,,0.0,0.0,,0.0,0.0,0.0,0.0,,,,,,,,曝光/点击/CTR/CVR/ACOS/ROAS/活动清单
B0FLY2M1P7,PT4SGE25800,2026-W36,2026-W35,0.0,0.0,,0.0,0.0,,0.0,0.0,0.0,0.0,,,,,,,,曝光/点击/CTR/CVR/ACOS/ROAS/活动清单
B0FLY2PBTG,KX4SGE10700,2026-W36,2026-W35,0.0,0.0,,0.0,0.0,,0.0,0.0,0.0,0.0,,,,,,,,曝光/点击/CTR/CVR/ACOS/ROAS/活动清单
B0FLY2RZS3,KC4PSP16200,2026-W36,2026-W35,0.0,0.0,,0.0,0.0,,0.0,0.0,0.0,0.0,,,,,,,,曝光/点击/CTR/CVR/ACOS/ROAS/活动清单
B0FLY2W3KJ,PT4SGE18500,2026-W36,2026-W35,1.0,0.0,N/A,530.33,0.0,N/A,0.0,2.72,87.2,-2.72,16.44,,,0.0,,,,曝光/点击/CTR/CVR/ACOS/ROAS/活动清单
B0FLY2WCF7,PT4SGE21500,2026-W36,2026-W35,0.0,0.0,,0.0,0.0,,0.0,0.0,0.0,0.0,,,,,,,,曝光/点击/CTR/CVR/ACOS/ROAS/活动清单
B0FLY2XPMB,KC4PSP17200,2026-W36,2026-W35,0.0,0.0,,0.0,0.0,,0.0,0.0,0.0,0.0,,,,,,,,曝光/点击/CTR/CVR/ACOS/ROAS/活动清单
B0FLY2ZKV6,KC4PSP17900,2026-W36,2026-W35,0.0,0.0,,0.0,0.0,,0.0,0.0,0.0,0.0,,,,,,,,曝光/点击/CTR/CVR/ACOS/ROAS/活动清单
B0FLY31RNF,PT4SGE21100,2026-W36,2026-W35,0.0,0.0,,0.0,0.0,,0.0,0.0,0.0,0.0,,,,,,,,曝光/点击/CTR/CVR/ACOS/ROAS/活动清单
B0FLY32TD9,PT4SGE19700,2026-W36,2026-W35,0.0,0.0,,0.0,0.0,,0.0,0.0,0.0,0.0,,,,,,,,曝光/点击/CTR/CVR/ACOS/ROAS/活动清单
B0FLY32YDH,PT4SGE27300,2026-W36,2026-W35,0.0,0.0,,0.0,0.0,,0.0,0.0,0.0,0.0,,,,,,,,曝光/点击/CTR/CVR/ACOS/ROAS/活动清单
B0FLY34QJX,PT4SGE24400,2026-W36,2026-W35,0.0,0.0,,0.0,0.0,,0.0,0.0,0.0,0.0,,,,,,,,曝光/点击/CTR/CVR/ACOS/ROAS/活动清单
B0FLY35Z5B,PT4SGE28200,2026-W36,2026-W35,0.0,0.0,,0.0,0.0,,0.0,0.0,0.0,0.0,,,,,,,,曝光/点击/CTR/CVR/ACOS/ROAS/活动清单
B0FLY36FK3,KC4PSP17700,2026-W36,2026-W35,0.0,0.0,,0.0,0.0,,5.3,0.0,-5.3,0.0,,,,,,,,曝光/点击/CTR/CVR/ACOS/ROAS/活动清单
B0FLY36KJ4,KX4SGE08900,2026-W36,2026-W35,0.0,0.0,,0.0,0.0,,2.04,0.0,-2.04,0.0,,,,,,,,曝光/点击/CTR/CVR/ACOS/ROAS/活动清单
B0FLY37LYN,PT4SGE20000,2026-W36,2026-W35,0.0,0.0,,0.0,0.0,,0.0,0.0,0.0,0.0,,,,,,,,曝光/点击/CTR/CVR/ACOS/ROAS/活动清单
B0FLY37WMG,KX4SGE14900,2026-W36,2026-W35,0.0,0.0,,0.0,0.0,,0.0,0.0,0.0,0.0,,,,,,,,曝光/点击/CTR/CVR/ACOS/ROAS/活动清单
B0FLY3D314,KC4PSP15800,2026-W36,2026-W35,0.0,0.0,,0.0,0.0,,0.0,0.0,0.0,0.0,,,,,,,,曝光/点击/CTR/CVR/ACOS/ROAS/活动清单
B0FLY3D8C9,KX4SGE14700,2026-W36,2026-W35,0.0,0.0,,0.0,0.0,,0.0,0.0,0.0,0.0,,,,,,,,曝光/点击/CTR/CVR/ACOS/ROAS/活动清单
B0FLY3F7FP,KC4SGE00800,2026-W36,2026-W35,0.0,0.0,,0.0,0.0,,0.0,0.0,0.0,0.0,,,,,,,,曝光/点击/CTR/CVR/ACOS/ROAS/活动清单
B0FLY3FFWP,KC4PSP16600,2026-W36,2026-W35,0.0,0.0,,0.0,0.0,,0.0,0.0,0.0,0.0,,,,,,,,曝光/点击/CTR/CVR/ACOS/ROAS/活动清单
B0FLY3FFY4,KX4SGE13700,2026-W36,2026-W35,0.0,0.0,,0.0,0.0,,0.0,0.0,0.0,0.0,,,,,,,,曝光/点击/CTR/CVR/ACOS/ROAS/活动清单
B0FLY3FSSJ,PT4SGE23900,2026-W36,2026-W35,0.0,0.0,,0.0,0.0,,0.0,0.0,0.0,0.0,,,,,,,,曝光/点击/CTR/CVR/ACOS/ROAS/活动清单
B0FLY3GXTZ,KC4PSP16500,2026-W36,2026-W35,0.0,0.0,,0.0,0.0,,0.0,0.0,0.0,0.0,,,,,,,,曝光/点击/CTR/CVR/ACOS/ROAS/活动清单
B0FLY3JLG2,PT4SGE23100,2026-W36,2026-W35,0.0,0.0,,0.0,0.0,,0.0,0.0,0.0,0.0,,,,,,,,曝光/点击/CTR/CVR/ACOS/ROAS/活动清单
B0FLY3JV9J,KX4SGE12200,2026-W36,2026-W35,0.0,2.0,-100.0,0.0,1876.8,-100.0,0.0,0.0,-7.23,185.4,,9.88,,,0.0,,单量下滑≥20%；销售额下滑≥20%,曝光/点击/CTR/CVR/ACOS/ROAS/活动清单
B0FLY3JZ29,PT4SGE19600,2026-W36,2026-W35,0.0,0.0,,0.0,0.0,,0.0,0.0,0.0,0.0,,,,,,,,曝光/点击/CTR/CVR/ACOS/ROAS/活动清单
B0FLY3NCF8,KC4SGE03500,2026-W36,2026-W35,0.0,0.0,,0.0,0.0,,0.0,0.0,0.0,0.0,,,,,,,,曝光/点击/CTR/CVR/ACOS/ROAS/活动清单
B0FLY3NPJ7,KC4SGE05000,2026-W36,2026-W35,0.0,0.0,,0.0,0.0,,0.0,0.0,0.0,0.0,,,,,,,,曝光/点击/CTR/CVR/ACOS/ROAS/活动清单
B0FLY3RCPZ,PT4SGE26800,2026-W36,2026-W35,0.0,0.0,,0.0,0.0,,0.0,0.0,0.0,0.0,,,,,,,,曝光/点击/CTR/CVR/ACOS/ROAS/活动清单
B0FLY3TFV5,KC4SGE05200,2026-W36,2026-W35,0.0,0.0,,0.0,0.0,,0.0,0.0,0.0,0.0,,,,,,,,曝光/点击/CTR/CVR/ACOS/ROAS/活动清单
B0FLY3V5CQ,KC4PSP17100,2026-W36,2026-W35,0.0,0.0,,0.0,0.0,,0.0,0.0,0.0,0.0,,,,,,,,曝光/点击/CTR/CVR/ACOS/ROAS/活动清单
B0FLY3VDV4,PT4SGE18700,2026-W36,2026-W35,0.0,0.0,,0.0,0.0,,5.03,2.04,-5.03,-2.04,,,,,,,,曝光/点击/CTR/CVR/ACOS/ROAS/活动清单
B0FLY3VXF3,PT4SGE24000,2026-W36,2026-W35,0.0,0.0,,0.0,0.0,,0.0,0.0,0.0,0.0,,,,,,,,曝光/点击/CTR/CVR/ACOS/ROAS/活动清单
B0FLY3W2K1,KX4SGE17700,2026-W36,2026-W35,0.0,0.0,,0.0,0.0,,0.0,0.0,0.0,0.0,,,,,,,,曝光/点击/CTR/CVR/ACOS/ROAS/活动清单
B0FLY3WB8L,PT4SGE19500,2026-W36,2026-W35,0.0,0.0,,0.0,0.0,,0.0,0.0,0.0,0.0,,,,,,,,曝光/点击/CTR/CVR/ACOS/ROAS/活动清单
B0FLY3X7MD,KX4SGE11100,2026-W36,2026-W35,0.0,0.0,,0.0,0.0,,0.0,0.0,0.0,0.0,,,,,,,,曝光/点击/CTR/CVR/ACOS/ROAS/活动清单
B0FLY3Z4ZH,KC4SGE03100,2026-W36,2026-W35,0.0,0.0,,0.0,0.0,,0.0,0.0,0.0,0.0,,,,,,,,曝光/点击/CTR/CVR/ACOS/ROAS/活动清单
B0FLY42612,KC4PSP16000,2026-W36,2026-W35,0.0,0.0,,0.0,0.0,,0.0,0.0,0.0,0.0,,,,,,,,曝光/点击/CTR/CVR/ACOS/ROAS/活动清单
B0FLY42TVV,KX4SGE12600,2026-W36,2026-W35,0.0,0.0,,0.0,0.0,,0.0,0.0,0.0,0.0,,,,,,,,曝光/点击/CTR/CVR/ACOS/ROAS/活动清单
B0FLY43CDC,KC4PSP17000,2026-W36,2026-W35,0.0,0.0,,0.0,0.0,,0.0,0.0,0.0,0.0,,,,,,,,曝光/点击/CTR/CVR/ACOS/ROAS/活动清单
B0FLY441X1,PT4SGE20500,2026-W36,2026-W35,0.0,0.0,,0.0,0.0,,0.0,0.0,0.0,0.0,,,,,,,,曝光/点击/CTR/CVR/ACOS/ROAS/活动清单
B0FLY447MD,KX4SGE13500,2026-W36,2026-W35,0.0,0.0,,0.0,0.0,,0.0,0.0,0.0,0.0,,,,,,,,曝光/点击/CTR/CVR/ACOS/ROAS/活动清单
B0FLY452DR,KC4SGE00900,2026-W36,2026-W35,0.0,0.0,,0.0,0.0,,0.0,0.0,0.0,0.0,,,,,,,,曝光/点击/CTR/CVR/ACOS/ROAS/活动清单
B0FLY46423,KX4SGE12400,2026-W36,2026-W35,0.0,0.0,,0.0,0.0,,9.59,0.0,-9.59,0.0,,,,,,,,曝光/点击/CTR/CVR/ACOS/ROAS/活动清单
B0FLY467RB,KX4SGE18000,2026-W36,2026-W35,0.0,0.0,,0.0,0.0,,5.78,14.55,-5.78,-14.55,,,,,,,,曝光/点击/CTR/CVR/ACOS/ROAS/活动清单
B0FLY46QRH,KX4SGE11700,2026-W36,2026-W35,0.0,0.0,,0.0,0.0,,0.0,0.0,0.0,0.0,,,,,,,,曝光/点击/CTR/CVR/ACOS/ROAS/活动清单
B0FLY481FD,KX4SGE10200,2026-W36,2026-W35,0.0,0.0,,0.0,0.0,,0.0,0.0,0.0,0.0,,,,,,,,曝光/点击/CTR/CVR/ACOS/ROAS/活动清单
B0FLY482KW,KC4SGE01500,2026-W36,2026-W35,0.0,0.0,,0.0,0.0,,0.0,0.0,0.0,0.0,,,,,,,,曝光/点击/CTR/CVR/ACOS/ROAS/活动清单
B0FLY48FKB,KC4SGE00100,2026-W36,2026-W35,0.0,0.0,,0.0,0.0,,0.0,0.0,0.0,0.0,,,,,,,,曝光/点击/CTR/CVR/ACOS/ROAS/活动清单
B0FLY49L3D,KC4SGE03900,2026-W36,2026-W35,0.0,0.0,,0.0,0.0,,0.0,0.0,0.0,0.0,,,,,,,,曝光/点击/CTR/CVR/ACOS/ROAS/活动清单
B0FLY49XQF,PT4SGE23700,2026-W36,2026-W35,0.0,0.0,,0.0,0.0,,0.0,0.0,0.0,0.0,,,,,,,,曝光/点击/CTR/CVR/ACOS/ROAS/活动清单
B0FLY4BKT4,KC4PSP17300,2026-W36,2026-W35,0.0,0.0,,0.0,0.0,,0.0,0.0,0.0,0.0,,,,,,,,曝光/点击/CTR/CVR/ACOS/ROAS/活动清单
B0FLY4DW72,KC4SGE04600,2026-W36,2026-W35,0.0,0.0,,0.0,0.0,,0.0,0.0,0.0,0.0,,,,,,,,曝光/点击/CTR/CVR/ACOS/ROAS/活动清单
B0FLY4FFWJ,PT4SGE27900,2026-W36,2026-W35,0.0,0.0,,0.0,0.0,,0.0,0.0,0.0,0.0,,,,,,,,曝光/点击/CTR/CVR/ACOS/ROAS/活动清单
B0FLY4FLYR,KX4SGE16800,2026-W36,2026-W35,1.0,1.0,0.0,782.0,782.0,0.0,8.77,22.3,138.47,115.61,17.71,14.78,19.78,1.12,2.85,-60.67,,曝光/点击/CTR/CVR/ACOS/ROAS/活动清单
B0FLY4GPSN,KX4SGE17100,2026-W36,2026-W35,0.0,0.0,,0.0,0.0,,0.0,0.0,0.0,0.0,,,,,,,,曝光/点击/CTR/CVR/ACOS/ROAS/活动清单
B0FLY4HB7G,KC4SGE03300,2026-W36,2026-W35,0.0,0.0,,0.0,0.0,,0.0,0.0,0.0,0.0,,,,,,,,曝光/点击/CTR/CVR/ACOS/ROAS/活动清单
B0FLY4HY86,PT4SGE27600,2026-W36,2026-W35,0.0,0.0,,0.0,0.0,,0.0,0.0,0.0,0.0,,,,,,,,曝光/点击/CTR/CVR/ACOS/ROAS/活动清单
B0FLY4J24Z,PT4SGE26100,2026-W36,2026-W35,0.0,2.0,-100.0,0.0,1550.4,-100.0,12.85,24.07,-15.17,505.71,,32.62,,,1.55,,单量下滑≥20%；销售额下滑≥20%,曝光/点击/CTR/CVR/ACOS/ROAS/活动清单
B0FLY4J8Y4,KC4PSP17500,2026-W36,2026-W35,0.0,0.0,,0.0,0.0,,0.0,0.0,0.0,0.0,,,,,,,,曝光/点击/CTR/CVR/ACOS/ROAS/活动清单
B0FLY4JKWH,KC4SGE03200,2026-W36,2026-W35,0.0,0.0,,0.0,0.0,,0.0,0.0,-4.87,-20.67,,,,,,,,曝光/点击/CTR/CVR/ACOS/ROAS/活动清单
B0FLY4KQY3,KC4SGE01400,2026-W36,2026-W35,0.0,0.0,,0.0,0.0,,0.0,0.0,0.0,0.0,,,,,,,,曝光/点击/CTR/CVR/ACOS/ROAS/活动清单
B0FLY4LHCC,PT4SGE25400,2026-W36,2026-W35,0.0,0.0,,0.0,0.0,,0.0,0.0,0.0,0.0,,,,,,,,曝光/点击/CTR/CVR/ACOS/ROAS/活动清单
B0FLY4LLPN,PT4SGE23300,2026-W36,2026-W35,0.0,0.0,,0.0,0.0,,0.0,5.98,0.0,-5.98,,,,,,,,曝光/点击/CTR/CVR/ACOS/ROAS/活动清单
B0FLY4PR4R,KC4SGE00400,2026-W36,2026-W35,0.0,0.0,,0.0,0.0,,0.0,0.0,0.0,0.0,,,,,,,,曝光/点击/CTR/CVR/ACOS/ROAS/活动清单
B0FLY4RF9P,KX4SGE09700,2026-W36,2026-W35,0.0,0.0,,0.0,0.0,,0.0,0.0,0.0,0.0,,,,,,,,曝光/点击/CTR/CVR/ACOS/ROAS/活动清单
B0FLY4V89X,KC4SGE02900,2026-W36,2026-W35,0.0,0.0,,0.0,0.0,,0.0,0.0,0.0,0.0,,,,,,,,曝光/点击/CTR/CVR/ACOS/ROAS/活动清单
B0FLY4VQC6,KX4SGE12100,2026-W36,2026-W35,0.0,0.0,,0.0,0.0,,0.0,0.0,0.0,0.0,,,,,,,,曝光/点击/CTR/CVR/ACOS/ROAS/活动清单
B0FLY4VYM2,KX4SGE08600,2026-W36,2026-W35,0.0,0.0,,0.0,0.0,,0.0,0.0,0.0,0.0,,,,,,,,曝光/点击/CTR/CVR/ACOS/ROAS/活动清单
B0FLY4WF5X,KX4SGE08300,2026-W36,2026-W35,0.0,0.0,,0.0,0.0,,0.0,0.0,0.0,0.0,,,,,,,,曝光/点击/CTR/CVR/ACOS/ROAS/活动清单
B0FLY4WPS4,KX4SGE17300,2026-W36,2026-W35,0.0,0.0,,0.0,0.0,,0.0,0.0,0.0,0.0,,,,,,,,曝光/点击/CTR/CVR/ACOS/ROAS/活动清单
B0FLY4XR7G,KX4SGE14000,2026-W36,2026-W35,0.0,0.0,,0.0,0.0,,0.0,0.0,0.0,0.0,,,,,,,,曝光/点击/CTR/CVR/ACOS/ROAS/活动清单
B0FLY4YYPT,KX4SGE10600,2026-W36,2026-W35,0.0,0.0,,0.0,0.0,,0.0,0.0,0.0,0.0,,,,,,,,曝光/点击/CTR/CVR/ACOS/ROAS/活动清单
B0FLY517CP,KC4PSP17800,2026-W36,2026-W35,0.0,0.0,,0.0,0.0,,0.0,0.0,0.0,0.0,,,,,,,,曝光/点击/CTR/CVR/ACOS/ROAS/活动清单
B0FLY51YPT,KC4SGE00600,2026-W36,2026-W35,0.0,0.0,,0.0,0.0,,0.0,0.0,0.0,0.0,,,,,,,,曝光/点击/CTR/CVR/ACOS/ROAS/活动清单
B0FLY52DK8,KC4SGE00700,2026-W36,2026-W35,0.0,0.0,,0.0,0.0,,0.0,0.0,0.0,0.0,,,,,,,,曝光/点击/CTR/CVR/ACOS/ROAS/活动清单
B0FLY54LZQ,KC4SGE03000,2026-W36,2026-W35,0.0,0.0,,0.0,0.0,,0.0,0.0,0.0,0.0,,,,,,,,曝光/点击/CTR/CVR/ACOS/ROAS/活动清单
B0FLY54TRB,KC4SGE01000,2026-W36,2026-W35,0.0,0.0,,0.0,0.0,,0.0,0.0,0.0,0.0,,,,,,,,曝光/点击/CTR/CVR/ACOS/ROAS/活动清单
B0FLY56QLT,PT4SGE25600,2026-W36,2026-W35,0.0,0.0,,0.0,0.0,,0.0,0.0,0.0,0.0,,,,,,,,曝光/点击/CTR/CVR/ACOS/ROAS/活动清单
B0FLY5731K,PT4SGE19800,2026-W36,2026-W35,0.0,0.0,,0.0,0.0,,0.0,0.0,0.0,0.0,,,,,,,,曝光/点击/CTR/CVR/ACOS/ROAS/活动清单
B0FLY5BLX8,PT4SGE20100,2026-W36,2026-W35,0.0,0.0,,0.0,0.0,,0.0,0.0,0.0,0.0,,,,,,,,曝光/点击/CTR/CVR/ACOS/ROAS/活动清单
B0FLY5D7G9,KX4SGE09100,2026-W36,2026-W35,0.0,0.0,,0.0,0.0,,0.0,0.0,0.0,0.0,,,,,,,,曝光/点击/CTR/CVR/ACOS/ROAS/活动清单
B0FLY5HJBM,KC4SGE01800,2026-W36,2026-W35,0.0,0.0,,0.0,0.0,,0.0,0.0,0.0,0.0,,,,,,,,曝光/点击/CTR/CVR/ACOS/ROAS/活动清单
B0FLY5KJMG,PT4SGE26600,2026-W36,2026-W35,0.0,0.0,,0.0,0.0,,0.0,0.0,0.0,0.0,,,,,,,,曝光/点击/CTR/CVR/ACOS/ROAS/活动清单
B0FLY5KZV2,PT4SGE22700,2026-W36,2026-W35,0.0,0.0,,0.0,0.0,,0.0,0.0,0.0,0.0,,,,,,,,曝光/点击/CTR/CVR/ACOS/ROAS/活动清单
B0FLY5LBB8,KC4SGE01100,2026-W36,2026-W35,0.0,0.0,,0.0,0.0,,0.0,0.0,0.0,0.0,,,,,,,,曝光/点击/CTR/CVR/ACOS/ROAS/活动清单
B0FLY5M38Y,PT4SGE24600,2026-W36,2026-W35,0.0,0.0,,0.0,0.0,,0.0,0.0,0.0,0.0,,,,,,,,曝光/点击/CTR/CVR/ACOS/ROAS/活动清单
B0FLY5P3B6,KX4SGE14500,2026-W36,2026-W35,0.0,0.0,,0.0,0.0,,0.0,0.0,0.0,0.0,,,,,,,,曝光/点击/CTR/CVR/ACOS/ROAS/活动清单
B0FLY5Q2JY,KC4SGE05400,2026-W36,2026-W35,0.0,0.0,,0.0,0.0,,3.26,0.0,-3.26,0.0,,,,,,,,曝光/点击/CTR/CVR/ACOS/ROAS/活动清单
B0FLY5QBRL,KC4SGE01200,2026-W36,2026-W35,0.0,0.0,,0.0,0.0,,0.0,0.0,0.0,0.0,,,,,,,,曝光/点击/CTR/CVR/ACOS/ROAS/活动清单
B0FLY5RYYD,KC4SGE00300,2026-W36,2026-W35,0.0,0.0,,0.0,0.0,,0.0,0.0,0.0,0.0,,,,,,,,曝光/点击/CTR/CVR/ACOS/ROAS/活动清单
B0FLY5V2G8,KX4SGE17200,2026-W36,2026-W35,0.0,0.0,,0.0,0.0,,0.0,0.0,0.0,0.0,,,,,,,,曝光/点击/CTR/CVR/ACOS/ROAS/活动清单
B0FLY5WTN1,KX4SGE07900,2026-W36,2026-W35,1.0,0.0,N/A,1808.8,0.0,N/A,6.12,6.12,445.72,-6.12,24.64,,,0.34,,,,曝光/点击/CTR/CVR/ACOS/ROAS/活动清单
B0FLY5YYVX,PT4SGE18600,2026-W36,2026-W35,0.0,0.0,,0.0,0.0,,0.0,0.0,0.0,0.0,,,,,,,,曝光/点击/CTR/CVR/ACOS/ROAS/活动清单
B0FLY5Z19R,PT4SGE27800,2026-W36,2026-W35,0.0,0.0,,0.0,0.0,,0.0,0.0,0.0,0.0,,,,,,,,曝光/点击/CTR/CVR/ACOS/ROAS/活动清单
B0FLY619LM,PT4SGE26500,2026-W36,2026-W35,0.0,0.0,,0.0,0.0,,0.0,0.0,0.0,0.0,,,,,,,,曝光/点击/CTR/CVR/ACOS/ROAS/活动清单
B0FLY635CP,KX4SGE09200,2026-W36,2026-W35,0.0,0.0,,0.0,0.0,,0.0,0.0,0.0,0.0,,,,,,,,曝光/点击/CTR/CVR/ACOS/ROAS/活动清单
B0FLY63STB,KX4SGE08100,2026-W36,2026-W35,0.0,0.0,,0.0,0.0,,0.0,0.0,0.0,0.0,,,,,,,,曝光/点击/CTR/CVR/ACOS/ROAS/活动清单
B0FLY63Z5L,PT4SGE22800,2026-W36,2026-W35,0.0,0.0,,0.0,0.0,,0.0,0.0,0.0,0.0,,,,,,,,曝光/点击/CTR/CVR/ACOS/ROAS/活动清单
B0FLY648TN,PT4SGE19100,2026-W36,2026-W35,0.0,1.0,-100.0,0.0,578.0,-100.0,10.88,13.6,-12.61,82.73,,14.31,,,2.35,,单量下滑≥20%；销售额下滑≥20%,曝光/点击/CTR/CVR/ACOS/ROAS/活动清单
B0FLY6582J,KX4SGE17400,2026-W36,2026-W35,0.0,0.0,,0.0,0.0,,0.0,0.0,0.0,0.0,,,,,,,,曝光/点击/CTR/CVR/ACOS/ROAS/活动清单
B0FLY67HZ7,PT4SGE26000,2026-W36,2026-W35,0.0,0.0,,0.0,0.0,,0.0,0.0,0.0,0.0,,,,,,,,曝光/点击/CTR/CVR/ACOS/ROAS/活动清单
B0FLY6GXC8,PT4SGE27700,2026-W36,2026-W35,0.0,0.0,,0.0,0.0,,0.0,0.0,0.0,0.0,,,,,,,,曝光/点击/CTR/CVR/ACOS/ROAS/活动清单
B0FLY6M65F,KC4SGE01700,2026-W36,2026-W35,0.0,0.0,,0.0,0.0,,0.0,0.0,0.0,0.0,,,,,,,,曝光/点击/CTR/CVR/ACOS/ROAS/活动清单
B0FLY6SC71,PT4SGE19200,2026-W36,2026-W35,1.0,1.0,0.0,686.8,686.8,0.0,13.94,0.0,183.17,196.78,26.67,28.65,-6.92,2.03,0.0,N/A,,曝光/点击/CTR/CVR/ACOS/ROAS/活动清单
B0FLY76M8N,KX4SGE16700,2026-W36,2026-W35,0.0,0.0,,0.0,0.0,,0.0,2.65,0.0,-2.65,,,,,,,,曝光/点击/CTR/CVR/ACOS/ROAS/活动清单
B0FLY773XG,KC4PSP16300,2026-W36,2026-W35,0.0,0.0,,0.0,0.0,,20.67,0.0,-36.34,-66.48,,,,,,,,曝光/点击/CTR/CVR/ACOS/ROAS/活动清单
B0FLY7Y3ZS,KC4SGE04800,2026-W36,2026-W35,0.0,0.0,,0.0,0.0,,10.06,7.75,-14.23,-25.4,,,,,,,,曝光/点击/CTR/CVR/ACOS/ROAS/活动清单
B0FLY7ZZXZ,KX4SGE08200,2026-W36,2026-W35,0.0,0.0,,0.0,0.0,,0.0,0.0,0.0,0.0,,,,,,,,曝光/点击/CTR/CVR/ACOS/ROAS/活动清单
B0FLY84VCJ,KX4SGE10300,2026-W36,2026-W35,0.0,0.0,,0.0,0.0,,0.0,0.0,0.0,0.0,,,,,,,,曝光/点击/CTR/CVR/ACOS/ROAS/活动清单
B0FLY89DF8,PT4SGE28100,2026-W36,2026-W35,0.0,0.0,,0.0,0.0,,0.0,0.0,0.0,0.0,,,,,,,,曝光/点击/CTR/CVR/ACOS/ROAS/活动清单
B0FLY8CP8C,PT4SGE27000,2026-W36,2026-W35,0.0,0.0,,0.0,0.0,,0.0,0.0,0.0,0.0,,,,,,,,曝光/点击/CTR/CVR/ACOS/ROAS/活动清单
B0FQP3C98S,KX4SGE13300,2026-W36,2026-W35,0.0,0.0,,0.0,0.0,,0.0,0.0,0.0,0.0,,,,,,,,曝光/点击/CTR/CVR/ACOS/ROAS/活动清单
B0FQP418JJ,KC4SGE00200,2026-W36,2026-W35,0.0,0.0,,0.0,0.0,,0.0,0.0,0.0,0.0,,,,,,,,曝光/点击/CTR/CVR/ACOS/ROAS/活动清单
B0FQP41GGZ,KC4PSP18000,2026-W36,2026-W35,0.0,0.0,,0.0,0.0,,0.0,0.0,0.0,0.0,,,,,,,,曝光/点击/CTR/CVR/ACOS/ROAS/活动清单
B0FQP41R5T,KC4SGE00100,2026-W36,2026-W35,0.0,0.0,,0.0,0.0,,0.0,0.0,0.0,0.0,,,,,,,,曝光/点击/CTR/CVR/ACOS/ROAS/活动清单
B0FQP41T5F,KC4PSP17000,2026-W36,2026-W35,0.0,0.0,,0.0,0.0,,0.0,0.0,0.0,0.0,,,,,,,,曝光/点击/CTR/CVR/ACOS/ROAS/活动清单
B0FQP4RZ8M,KX4SGE10100,2026-W36,2026-W35,0.0,0.0,,0.0,0.0,,0.0,0.0,0.0,0.0,,,,,,,,曝光/点击/CTR/CVR/ACOS/ROAS/活动清单
B0FQP4ZLQM,PT4SGE21000,2026-W36,2026-W35,0.0,0.0,,0.0,0.0,,0.0,0.0,0.0,0.0,,,,,,,,曝光/点击/CTR/CVR/ACOS/ROAS/活动清单
B0FQP5BQ2Q,PT4SGE24400,2026-W36,2026-W35,0.0,0.0,,0.0,0.0,,0.0,5.78,0.0,-5.78,,,,,,,,曝光/点击/CTR/CVR/ACOS/ROAS/活动清单
B0FQP666B6,PT4SGE18300,2026-W36,2026-W35,0.0,0.0,,0.0,0.0,,0.0,3.06,0.0,-3.06,,,,,,,,曝光/点击/CTR/CVR/ACOS/ROAS/活动清单
B0FQP69G5D,KX4SGE12200,2026-W36,2026-W35,0.0,0.0,,0.0,0.0,,0.0,0.0,0.0,0.0,,,,,,,,曝光/点击/CTR/CVR/ACOS/ROAS/活动清单
B0FQP6BT33,KC4SGE04800,2026-W36,2026-W35,0.0,0.0,,0.0,0.0,,0.0,0.0,0.0,0.0,,,,,,,,曝光/点击/CTR/CVR/ACOS/ROAS/活动清单
B0FQP6BVPQ,KC4PSP16300,2026-W36,2026-W35,0.0,0.0,,0.0,0.0,,13.74,0.0,-13.74,0.0,,,,,,,,曝光/点击/CTR/CVR/ACOS/ROAS/活动清单
B0FQP6GFX9,KC4SGE05300,2026-W36,2026-W35,0.0,0.0,,0.0,0.0,,0.0,0.0,0.0,0.0,,,,,,,,曝光/点击/CTR/CVR/ACOS/ROAS/活动清单
B0FQP6YC7T,KX4SGE08000,2026-W36,2026-W35,0.0,0.0,,0.0,0.0,,0.0,0.0,0.0,0.0,,,,,,,,曝光/点击/CTR/CVR/ACOS/ROAS/活动清单
B0FQP6ZRDH,PT4SGE23900,2026-W36,2026-W35,0.0,0.0,,0.0,0.0,,0.0,0.0,0.0,0.0,,,,,,,,曝光/点击/CTR/CVR/ACOS/ROAS/活动清单
B0FQP738Z5,PT4SGE18600,2026-W36,2026-W35,0.0,0.0,,0.0,0.0,,3.26,0.0,-3.26,0.0,,,,,,,,曝光/点击/CTR/CVR/ACOS/ROAS/活动清单
B0FQP7C3MN,KX4SGE08500,2026-W36,2026-W35,1.0,0.0,N/A,1047.2,0.0,N/A,3.06,0.0,176.95,0.0,16.9,,,0.29,,,,曝光/点击/CTR/CVR/ACOS/ROAS/活动清单
B0FQP7FWXC,KX4SGE08900,2026-W36,2026-W35,0.0,0.0,,0.0,0.0,,0.0,0.0,0.0,0.0,,,,,,,,曝光/点击/CTR/CVR/ACOS/ROAS/活动清单
B0FQP7GRZJ,KX4SGE12100,2026-W36,2026-W35,0.0,0.0,,0.0,0.0,,0.0,0.0,0.0,0.0,,,,,,,,曝光/点击/CTR/CVR/ACOS/ROAS/活动清单
B0FQP7JRMM,PT4SGE18400,2026-W36,2026-W35,0.0,0.0,,0.0,0.0,,0.0,0.0,0.0,0.0,,,,,,,,曝光/点击/CTR/CVR/ACOS/ROAS/活动清单
B0FQP7JW2Z,KX4SGE17300,2026-W36,2026-W35,0.0,0.0,,0.0,0.0,,0.0,0.0,0.0,0.0,,,,,,,,曝光/点击/CTR/CVR/ACOS/ROAS/活动清单
B0FQP7L545,PT4SGE20100,2026-W36,2026-W35,0.0,0.0,,0.0,0.0,,0.0,0.0,0.0,0.0,,,,,,,,曝光/点击/CTR/CVR/ACOS/ROAS/活动清单
B0FQP7LT8R,PT4SGE20800,2026-W36,2026-W35,0.0,0.0,,0.0,0.0,,0.0,0.0,0.0,0.0,,,,,,,,曝光/点击/CTR/CVR/ACOS/ROAS/活动清单
B0FQP7Z1L6,PT4SGE21400,2026-W36,2026-W35,0.0,0.0,,0.0,0.0,,0.0,0.0,0.0,0.0,,,,,,,,曝光/点击/CTR/CVR/ACOS/ROAS/活动清单
B0FQP7ZVKB,PT4SGE19800,2026-W36,2026-W35,0.0,0.0,,0.0,0.0,,0.0,0.0,0.0,0.0,,,,,,,,曝光/点击/CTR/CVR/ACOS/ROAS/活动清单
B0FQP86LWR,KC4SGE03500,2026-W36,2026-W35,0.0,0.0,,0.0,0.0,,0.0,0.0,0.0,0.0,,,,,,,,曝光/点击/CTR/CVR/ACOS/ROAS/活动清单
B0FQP875JR,KC4SGE03000,2026-W36,2026-W35,0.0,0.0,,0.0,0.0,,0.0,0.0,0.0,0.0,,,,,,,,曝光/点击/CTR/CVR/ACOS/ROAS/活动清单
B0FQP8FH6Y,KC4SGE04600,2026-W36,2026-W35,0.0,0.0,,0.0,0.0,,0.0,0.0,0.0,0.0,,,,,,,,曝光/点击/CTR/CVR/ACOS/ROAS/活动清单
B0FQP8JY84,KX4SGE11100,2026-W36,2026-W35,0.0,0.0,,0.0,0.0,,0.0,0.0,0.0,0.0,,,,,,,,曝光/点击/CTR/CVR/ACOS/ROAS/活动清单
B0FQP8PTDC,KX4SGE16800,2026-W36,2026-W35,0.0,0.0,,0.0,0.0,,0.0,0.0,0.0,0.0,,,,,,,,曝光/点击/CTR/CVR/ACOS/ROAS/活动清单
B0FQP8RZVP,KC4SGE00400,2026-W36,2026-W35,0.0,0.0,,0.0,0.0,,0.0,0.0,0.0,0.0,,,,,,,,曝光/点击/CTR/CVR/ACOS/ROAS/活动清单
B0FQP8V15C,KX4SGE10200,2026-W36,2026-W35,0.0,0.0,,0.0,0.0,,0.0,0.0,0.0,0.0,,,,,,,,曝光/点击/CTR/CVR/ACOS/ROAS/活动清单
B0FQP8XBNT,PT4SGE21900,2026-W36,2026-W35,0.0,0.0,,0.0,0.0,,0.0,0.0,0.0,0.0,,,,,,,,曝光/点击/CTR/CVR/ACOS/ROAS/活动清单
B0FQP914XL,KX4SGE17700,2026-W36,2026-W35,0.0,0.0,,0.0,0.0,,0.0,0.0,0.0,0.0,,,,,,,,曝光/点击/CTR/CVR/ACOS/ROAS/活动清单
B0FQP95QTB,KX4SGE16500,2026-W36,2026-W35,0.0,0.0,,0.0,0.0,,0.0,0.0,0.0,0.0,,,,,,,,曝光/点击/CTR/CVR/ACOS/ROAS/活动清单
B0FQP9B7CR,KC4PSP17600,2026-W36,2026-W35,0.0,0.0,,0.0,0.0,,0.0,0.0,0.0,0.0,,,,,,,,曝光/点击/CTR/CVR/ACOS/ROAS/活动清单
B0FQP9FHHK,KC4PSP15800,2026-W36,2026-W35,0.0,0.0,,0.0,0.0,,0.0,0.0,0.0,0.0,,,,,,,,曝光/点击/CTR/CVR/ACOS/ROAS/活动清单
B0FQP9PJ7T,KX4SGE08600,2026-W36,2026-W35,0.0,0.0,,0.0,0.0,,0.0,0.0,0.0,0.0,,,,,,,,曝光/点击/CTR/CVR/ACOS/ROAS/活动清单
B0FQP9TQ7Y,PT4SGE20500,2026-W36,2026-W35,0.0,0.0,,0.0,0.0,,0.0,0.0,0.0,0.0,,,,,,,,曝光/点击/CTR/CVR/ACOS/ROAS/活动清单
B0FQPC8MG6,KC4SGE00700,2026-W36,2026-W35,0.0,0.0,,0.0,0.0,,0.0,0.0,0.0,0.0,,,,,,,,曝光/点击/CTR/CVR/ACOS/ROAS/活动清单
B0FQPCJPH1,PT4SGE23400,2026-W36,2026-W35,0.0,0.0,,0.0,0.0,,0.0,0.0,0.0,0.0,,,,,,,,曝光/点击/CTR/CVR/ACOS/ROAS/活动清单
B0FQPCXL51,PT4SGE23600,2026-W36,2026-W35,0.0,0.0,,0.0,0.0,,0.0,0.0,0.0,0.0,,,,,,,,曝光/点击/CTR/CVR/ACOS/ROAS/活动清单
B0FQPGCCXD,KX4SGE07900,2026-W36,2026-W35,2.0,0.0,N/A,3862.4,0.0,N/A,0.0,0.0,1094.45,0.0,28.34,,,0.0,,,,曝光/点击/CTR/CVR/ACOS/ROAS/活动清单
B0FQPHLCC4,PT4SGE24400,2026-W36,2026-W35,0.0,0.0,,0.0,0.0,,0.0,0.0,0.0,0.0,,,,,,,,曝光/点击/CTR/CVR/ACOS/ROAS/活动清单
B0FQPHT2W8,KX4SGE08600,2026-W36,2026-W35,0.0,0.0,,0.0,0.0,,0.0,0.0,0.0,0.0,,,,,,,,曝光/点击/CTR/CVR/ACOS/ROAS/活动清单
B0FQPHX5VH,KX4SGE12600,2026-W36,2026-W35,0.0,0.0,,0.0,0.0,,0.0,0.0,0.0,0.0,,,,,,,,曝光/点击/CTR/CVR/ACOS/ROAS/活动清单
B0FQPJ8B21,PT4SGE23400,2026-W36,2026-W35,0.0,0.0,,0.0,0.0,,0.0,3.74,0.0,-3.74,,,,,,,,曝光/点击/CTR/CVR/ACOS/ROAS/活动清单
B0FQPLN98N,KC4SGE00100,2026-W36,2026-W35,0.0,0.0,,0.0,0.0,,0.0,0.0,0.0,0.0,,,,,,,,曝光/点击/CTR/CVR/ACOS/ROAS/活动清单
B0FQQ4LTHV,KC4SGE00700,2026-W36,2026-W35,0.0,0.0,,0.0,0.0,,0.0,0.0,0.0,0.0,,,,,,,,曝光/点击/CTR/CVR/ACOS/ROAS/活动清单
B0FQQYWW7C,PT4SGE18300,2026-W36,2026-W35,0.0,0.0,,0.0,0.0,,0.0,0.0,0.0,0.0,,,,,,,,曝光/点击/CTR/CVR/ACOS/ROAS/活动清单
B0G2BRNN1K,KC4PSP16100,2026-W36,2026-W35,0.0,0.0,,0.0,0.0,,0.0,2.04,0.0,-2.04,,,,,,,,曝光/点击/CTR/CVR/ACOS/ROAS/活动清单
B0G2BTBPYN,KX4SGE08200,2026-W36,2026-W35,0.0,0.0,,0.0,0.0,,0.0,0.0,0.0,0.0,,,,,,,,曝光/点击/CTR/CVR/ACOS/ROAS/活动清单
B0G2BY8ZV2,KC4SGE02800,2026-W36,2026-W35,0.0,0.0,,0.0,0.0,,0.0,0.0,0.0,0.0,,,,,,,,曝光/点击/CTR/CVR/ACOS/ROAS/活动清单
B0G2C17JDG,PT4SGE18600,2026-W36,2026-W35,0.0,0.0,,0.0,0.0,,8.7,5.17,-8.7,-4.74,,,,,,,,曝光/点击/CTR/CVR/ACOS/ROAS/活动清单
B0G3N75T6W,KC4SGE00200,2026-W36,2026-W35,0.0,0.0,,0.0,0.0,,0.0,0.0,0.0,0.0,,,,,,,,曝光/点击/CTR/CVR/ACOS/ROAS/活动清单
B0G7HT21MV,KX4SGE10900,2026-W36,2026-W35,0.0,0.0,,0.0,0.0,,5.1,0.0,-5.1,0.0,,,,,,,,曝光/点击/CTR/CVR/ACOS/ROAS/活动清单
B0G7HT2H8V,KX4SGE08100,2026-W36,2026-W35,0.0,0.0,,0.0,0.0,,0.0,5.1,0.0,-5.1,,,,,,,,曝光/点击/CTR/CVR/ACOS/ROAS/活动清单
B0G7J4KXRC,KC4PSP15900,2026-W36,2026-W35,0.0,0.0,,0.0,0.0,,0.0,0.0,0.0,0.0,,,,,,,,曝光/点击/CTR/CVR/ACOS/ROAS/活动清单
B0G7J4KXT9,KC4SGE00900,2026-W36,2026-W35,0.0,0.0,,0.0,0.0,,3.06,0.0,-18.16,-64.04,,,,,,,,曝光/点击/CTR/CVR/ACOS/ROAS/活动清单
B0G7J4NXJP,KC4PSP17700,2026-W36,2026-W35,0.0,0.0,,0.0,0.0,,10.0,0.0,-10.0,0.0,,,,,,,,曝光/点击/CTR/CVR/ACOS/ROAS/活动清单
B0G7JBPQVX,KC4SGE01800,2026-W36,2026-W35,0.0,0.0,,0.0,0.0,,0.0,0.0,0.0,0.0,,,,,,,,曝光/点击/CTR/CVR/ACOS/ROAS/活动清单
B0G7JCDQJT,PT4SGE21900,2026-W36,2026-W35,0.0,0.0,,0.0,0.0,,0.0,0.0,0.0,0.0,,,,,,,,曝光/点击/CTR/CVR/ACOS/ROAS/活动清单
B0G7JFKKVT,KC4SGE04100,2026-W36,2026-W35,0.0,0.0,,0.0,0.0,,3.26,0.0,-3.26,0.0,,,,,,,,曝光/点击/CTR/CVR/ACOS/ROAS/活动清单
B0G7JFNSJF,PT4SGE26300,2026-W36,2026-W35,0.0,0.0,,0.0,0.0,,9.79,0.0,-9.79,0.0,,,,,,,,曝光/点击/CTR/CVR/ACOS/ROAS/活动清单
B0G7JHVH43,PT4SGE26800,2026-W36,2026-W35,0.0,0.0,,0.0,0.0,,0.0,0.0,0.0,0.0,,,,,,,,曝光/点击/CTR/CVR/ACOS/ROAS/活动清单
B0G7JL5X1V,KX4SGE12700,2026-W36,2026-W35,0.0,0.0,,0.0,0.0,,0.0,0.0,0.0,0.0,,,,,,,,曝光/点击/CTR/CVR/ACOS/ROAS/活动清单
B0G7JLC1HH,PT4SGE18800,2026-W36,2026-W35,0.0,0.0,,0.0,0.0,,0.0,0.0,0.0,0.0,,,,,,,,曝光/点击/CTR/CVR/ACOS/ROAS/活动清单
B0G7JLMTGR,KC4SGE05300,2026-W36,2026-W35,0.0,0.0,,0.0,0.0,,0.0,2.72,0.0,-2.72,,,,,,,,曝光/点击/CTR/CVR/ACOS/ROAS/活动清单
B0G7JMS6RP,PT4SGE28200,2026-W36,2026-W35,0.0,0.0,,0.0,0.0,,8.64,3.06,-8.64,-3.06,,,,,,,,曝光/点击/CTR/CVR/ACOS/ROAS/活动清单
B0G7JVVRK2,KX4SGE17300,2026-W36,2026-W35,0.0,0.0,,0.0,0.0,,0.0,0.0,-3.63,-15.41,,,,,,,,曝光/点击/CTR/CVR/ACOS/ROAS/活动清单
B0G7JWTSN6,KX4SGE12900,2026-W36,2026-W35,0.0,0.0,,0.0,0.0,,0.0,11.7,-6.17,-37.87,,,,,,,,曝光/点击/CTR/CVR/ACOS/ROAS/活动清单
B0G7K7V3RD,KC4SGE03100,2026-W36,2026-W35,0.0,0.0,,0.0,0.0,,0.0,0.0,0.0,0.0,,,,,,,,曝光/点击/CTR/CVR/ACOS/ROAS/活动清单
B0G7KF2FB2,PT4SGE18700,2026-W36,2026-W35,0.0,0.0,,0.0,0.0,,6.94,0.0,-6.94,0.0,,,,,,,,曝光/点击/CTR/CVR/ACOS/ROAS/活动清单
B0G7KKJQ5H,KX4SGE17700,2026-W36,2026-W35,0.0,0.0,,0.0,0.0,,0.0,0.0,0.0,0.0,,,,,,,,曝光/点击/CTR/CVR/ACOS/ROAS/活动清单
B0G7KM1PKV,KC4SGE02700,2026-W36,2026-W35,0.0,0.0,,0.0,0.0,,3.26,0.61,-3.26,-0.61,,,,,,,,曝光/点击/CTR/CVR/ACOS/ROAS/活动清单
B0GCLN66DN,KC4SGE03100,2026-W36,2026-W35,0.0,0.0,,0.0,0.0,,0.0,0.0,0.0,0.0,,,,,,,,曝光/点击/CTR/CVR/ACOS/ROAS/活动清单
B0GCLNMCXZ,KC4SGE05500,2026-W36,2026-W35,0.0,0.0,,0.0,0.0,,0.0,3.26,0.0,-3.26,,,,,,,,曝光/点击/CTR/CVR/ACOS/ROAS/活动清单
B0GCLNT37B,KC4PSP16600,2026-W36,2026-W35,0.0,0.0,,0.0,0.0,,2.92,0.0,-2.92,0.0,,,,,,,,曝光/点击/CTR/CVR/ACOS/ROAS/活动清单
B0GCM38QK4,PT4SGE24700,2026-W36,2026-W35,1.0,1.0,0.0,1387.13,1387.13,0.0,4.08,2.72,292.45,294.71,21.08,21.25,-0.77,0.29,0.2,50.0,TACOS上升≥30%,曝光/点击/CTR/CVR/ACOS/ROAS/活动清单
B0GCM4SZ8D,PT4SGE24100,2026-W36,2026-W35,3.0,4.0,-25.0,4855.0,6473.33,-25.0,6.32,29.58,1032.61,1352.39,21.27,20.89,1.81,0.13,0.46,-71.49,单量下滑≥20%；销售额下滑≥20%,曝光/点击/CTR/CVR/ACOS/ROAS/活动清单
B0GCM51F8V,KC4PSP16600,2026-W36,2026-W35,0.0,0.0,,0.0,0.0,,0.0,0.0,-13.62,-57.78,,,,,,,,曝光/点击/CTR/CVR/ACOS/ROAS/活动清单
B0GCMDW1JT,KX4SGE11700,2026-W36,2026-W35,0.0,0.0,,0.0,0.0,,0.0,0.0,0.0,0.0,,,,,,,,曝光/点击/CTR/CVR/ACOS/ROAS/活动清单
B0GCMGPV1W,KC4PSP16900,2026-W36,2026-W35,0.0,0.0,,0.0,0.0,,85.54,86.43,-85.54,-86.43,,,,,,,,曝光/点击/CTR/CVR/ACOS/ROAS/活动清单
B0GCMM1G3Z,KC4PSP16900,2026-W36,2026-W35,0.0,0.0,,0.0,0.0,,0.0,0.0,0.0,0.0,,,,,,,,曝光/点击/CTR/CVR/ACOS/ROAS/活动清单
B0GCMSMYTT,KC4SGE04600,2026-W36,2026-W35,0.0,0.0,,0.0,0.0,,0.0,1.9,0.0,-1.9,,,,,,,,曝光/点击/CTR/CVR/ACOS/ROAS/活动清单
B0GCMTMPTY,KC4SGE05400,2026-W36,2026-W35,0.0,0.0,,0.0,0.0,,3.26,0.0,-3.26,0.0,,,,,,,,曝光/点击/CTR/CVR/ACOS/ROAS/活动清单
B0GCN4Q5WQ,KC4SGE04300,2026-W36,2026-W35,0.0,0.0,,0.0,0.0,,3.13,0.0,-3.13,0.0,,,,,,,,曝光/点击/CTR/CVR/ACOS/ROAS/活动清单
B0GCN5PMDG,PT4SGE22500,2026-W36,2026-W35,0.0,0.0,,0.0,0.0,,0.0,1.02,0.0,-1.02,,,,,,,,曝光/点击/CTR/CVR/ACOS/ROAS/活动清单
B0GCNDR2G5,KX4SGE08500,2026-W36,2026-W35,1.0,0.0,N/A,931.6,0.0,N/A,18.36,5.1,72.17,-5.1,7.75,,,1.97,,,,曝光/点击/CTR/CVR/ACOS/ROAS/活动清单
B0GCNX9YLW,PT4SGE24100,2026-W36,2026-W35,0.0,0.0,,0.0,0.0,,0.0,10.4,0.0,-10.4,,,,,,,,曝光/点击/CTR/CVR/ACOS/ROAS/活动清单
B0GCYHLH13,KC4SGE05000,2026-W36,2026-W35,0.0,0.0,,0.0,0.0,,3.26,3.26,-3.26,-3.26,,,,,,,,曝光/点击/CTR/CVR/ACOS/ROAS/活动清单
B0GHYS5NLV,KX4SGE09100,2026-W36,2026-W35,1.0,0.0,N/A,1040.33,0.0,N/A,0.0,0.0,55.38,0.0,5.32,,,0.0,,,,曝光/点击/CTR/CVR/ACOS/ROAS/活动清单
B0GHYTGJ93,KX4SGE13200,2026-W36,2026-W35,0.0,0.0,,0.0,0.0,,0.0,0.0,0.0,0.0,,,,,,,,曝光/点击/CTR/CVR/ACOS/ROAS/活动清单
B0GHYZWJKB,KC4PSP16600,2026-W36,2026-W35,0.0,0.0,,0.0,0.0,,0.0,0.0,0.0,-632.65,,,,,,,,曝光/点击/CTR/CVR/ACOS/ROAS/活动清单
B0GHZ2H7L3,KC4PSP17800,2026-W36,2026-W35,0.0,0.0,,0.0,0.0,,0.0,0.0,0.0,0.0,,,,,,,,曝光/点击/CTR/CVR/ACOS/ROAS/活动清单
B0GHZCCP58,OO4SGE37000,2026-W36,2026-W35,0.0,0.0,,0.0,0.0,,6.53,11.22,-6.53,-11.22,,,,,,,,曝光/点击/CTR/CVR/ACOS/ROAS/活动清单
B0GJ2LP3NS,OO4SGE37000,2026-W36,2026-W35,0.0,0.0,,0.0,0.0,,0.0,9.32,0.0,-9.32,,,,,,,,曝光/点击/CTR/CVR/ACOS/ROAS/活动清单
B0GQZ1RZM9,KC4PSP16400,2026-W36,2026-W35,0.0,0.0,,0.0,0.0,,11.15,0.0,-11.15,0.0,,,,,,,,曝光/点击/CTR/CVR/ACOS/ROAS/活动清单
B0GQZ2QPKT,PT4SGE21100,2026-W36,2026-W35,0.0,0.0,,0.0,0.0,,7.89,7.55,-7.89,-7.55,,,,,,,,曝光/点击/CTR/CVR/ACOS/ROAS/活动清单
B0GQZ3245R,PT4SGE23400,2026-W36,2026-W35,0.0,0.0,,0.0,0.0,,0.0,7.48,0.0,-7.48,,,,,,,,曝光/点击/CTR/CVR/ACOS/ROAS/活动清单
B0GQZ3DG39,KC4PSP17800,2026-W36,2026-W35,0.0,0.0,,0.0,0.0,,0.0,0.0,0.0,0.0,,,,,,,,曝光/点击/CTR/CVR/ACOS/ROAS/活动清单
B0GQZ3FQDS,KX4SGE09700,2026-W36,2026-W35,0.0,0.0,,0.0,0.0,,3.06,0.0,-3.06,0.0,,,,,,,,曝光/点击/CTR/CVR/ACOS/ROAS/活动清单
B0GQZ4J7Y3,KX4SGE08000,2026-W36,2026-W35,0.0,0.0,,0.0,0.0,,0.0,0.0,0.0,0.0,,,,,,,,曝光/点击/CTR/CVR/ACOS/ROAS/活动清单
B0GQZ56VB2,KC4SGE00600,2026-W36,2026-W35,2.0,1.0,100.0,3332.0,1666.0,100.0,15.23,11.7,542.66,245.44,16.29,14.73,10.55,0.46,0.7,-34.88,,曝光/点击/CTR/CVR/ACOS/ROAS/活动清单
B0GQZ57Y5J,KC4SGE00400,2026-W36,2026-W35,0.0,0.0,,0.0,0.0,,0.0,0.0,0.0,0.0,,,,,,,,曝光/点击/CTR/CVR/ACOS/ROAS/活动清单
B0GQZ5R5M4,KC4SGE01500,2026-W36,2026-W35,0.0,0.0,,0.0,0.0,,0.0,4.56,0.0,-4.56,,,,,,,,曝光/点击/CTR/CVR/ACOS/ROAS/活动清单
B0GQZ5T8T1,PT4SGE23200,2026-W36,2026-W35,0.0,0.0,,0.0,0.0,,4.08,0.0,-4.08,0.0,,,,,,,,曝光/点击/CTR/CVR/ACOS/ROAS/活动清单
B0GQZ5WZFL,KC4SGE02700,2026-W36,2026-W35,0.0,0.0,,0.0,0.0,,0.0,9.59,-1.51,-16.0,,,,,,,,曝光/点击/CTR/CVR/ACOS/ROAS/活动清单
B0GQZ5YHNS,PT4SGE19400,2026-W36,2026-W35,0.0,0.0,,0.0,0.0,,14.08,0.0,-14.08,0.0,,,,,,,,曝光/点击/CTR/CVR/ACOS/ROAS/活动清单
B0GQZ61FG1,KC4SGE00800,2026-W36,2026-W35,0.0,0.0,,0.0,0.0,,7.48,0.0,-7.48,0.0,,,,,,,,曝光/点击/CTR/CVR/ACOS/ROAS/活动清单
B0GQZ61J8N,KC4PSP18200,2026-W36,2026-W35,0.0,1.0,-100.0,0.0,1353.2,-100.0,5.78,20.4,-13.86,350.32,,25.89,,,1.51,,单量下滑≥20%；销售额下滑≥20%,曝光/点击/CTR/CVR/ACOS/ROAS/活动清单
B0GQZ66J1B,KC4PSP17100,2026-W36,2026-W35,0.0,0.0,,0.0,0.0,,0.0,4.08,0.0,-4.08,,,,,,,,曝光/点击/CTR/CVR/ACOS/ROAS/活动清单
B0GQZ68DTZ,KX4SGE09200,2026-W36,2026-W35,5.0,0.0,N/A,5746.0,0.0,N/A,36.86,0.0,1390.57,9.14,24.2,,,0.64,,,,曝光/点击/CTR/CVR/ACOS/ROAS/活动清单
B0GQZ6KTDJ,KC4SGE03700,2026-W36,2026-W35,0.0,0.0,,0.0,0.0,,0.0,0.0,0.0,0.0,,,,,,,,曝光/点击/CTR/CVR/ACOS/ROAS/活动清单
B0GQZ6L1DY,KX4SGE09300,2026-W36,2026-W35,0.0,0.0,,0.0,0.0,,0.0,0.0,0.0,0.0,,,,,,,,曝光/点击/CTR/CVR/ACOS/ROAS/活动清单
B0GQZ7P26X,KC4SGE01000,2026-W36,2026-W35,0.0,0.0,,0.0,0.0,,9.66,9.25,-9.66,-9.25,,,,,,,,曝光/点击/CTR/CVR/ACOS/ROAS/活动清单
B0GQZ7SP9P,PT4SGE22200,2026-W36,2026-W35,0.0,0.0,,0.0,0.0,,2.58,0.0,-2.58,0.0,,,,,,,,曝光/点击/CTR/CVR/ACOS/ROAS/活动清单
B0GQZ8BTP9,KC4PSP17700,2026-W36,2026-W35,0.0,1.0,-100.0,0.0,1054.0,-100.0,15.03,22.92,-16.6,185.68,,17.62,,,2.17,,单量下滑≥20%；销售额下滑≥20%,曝光/点击/CTR/CVR/ACOS/ROAS/活动清单
B0GQZ8FW2P,KC4PSP15900,2026-W36,2026-W35,0.0,0.0,,0.0,0.0,,0.0,8.84,-1.36,-14.61,,,,,,,,曝光/点击/CTR/CVR/ACOS/ROAS/活动清单
B0GQZ8T7R1,KC4SGE02400,2026-W36,2026-W35,1.0,0.0,N/A,1128.8,0.0,N/A,6.39,3.13,286.07,-31.72,25.34,,,0.57,,,,曝光/点击/CTR/CVR/ACOS/ROAS/活动清单
B0GQZ8VJFR,KC4SGE04100,2026-W36,2026-W35,0.0,0.0,,0.0,0.0,,6.32,9.45,-6.32,-9.45,,,,,,,,曝光/点击/CTR/CVR/ACOS/ROAS/活动清单
B0GQZ8YXLD,KX4SGE11100,2026-W36,2026-W35,0.0,0.0,,0.0,0.0,,0.0,0.0,0.0,0.0,,,,,,,,曝光/点击/CTR/CVR/ACOS/ROAS/活动清单
B0GQZB7LVN,KC4PSP16600,2026-W36,2026-W35,0.0,0.0,,0.0,0.0,,10.95,15.5,-10.95,-15.5,,,,,,,,曝光/点击/CTR/CVR/ACOS/ROAS/活动清单
B0GQZB7W6N,KX4SGE12100,2026-W36,2026-W35,0.0,0.0,,0.0,0.0,,45.56,34.68,-45.56,-34.68,,,,,,,,曝光/点击/CTR/CVR/ACOS/ROAS/活动清单
B0GQZB98RM,KC4SGE02800,2026-W36,2026-W35,0.0,0.0,,0.0,0.0,,0.0,0.0,0.0,0.0,,,,,,,,曝光/点击/CTR/CVR/ACOS/ROAS/活动清单
B0GQZBFLBD,KC4SGE00200,2026-W36,2026-W35,0.0,0.0,,0.0,0.0,,4.08,12.24,-4.08,-12.24,,,,,,,,曝光/点击/CTR/CVR/ACOS/ROAS/活动清单
B0GQZBFSJX,PT4SGE19300,2026-W36,2026-W35,0.0,0.0,,0.0,0.0,,0.0,7.82,0.0,-7.82,,,,,,,,曝光/点击/CTR/CVR/ACOS/ROAS/活动清单
B0GQZBGPHP,KC4SGE00300,2026-W36,2026-W35,0.0,0.0,,0.0,0.0,,3.26,0.0,-3.26,0.0,,,,,,,,曝光/点击/CTR/CVR/ACOS/ROAS/活动清单
B0GQZBJHLY,KX4SGE08900,2026-W36,2026-W35,0.0,0.0,,0.0,0.0,,0.0,3.06,-2.05,-11.76,,,,,,,,曝光/点击/CTR/CVR/ACOS/ROAS/活动清单
B0GQZBK3H6,KC4PSP16100,2026-W36,2026-W35,0.0,0.0,,0.0,0.0,,10.61,2.04,-13.82,-15.65,,,,,,,,曝光/点击/CTR/CVR/ACOS/ROAS/活动清单
B0GQZBLKNZ,PT4SGE21500,2026-W36,2026-W35,0.0,0.0,,0.0,0.0,,12.44,19.52,-12.44,-19.52,,,,,,,,曝光/点击/CTR/CVR/ACOS/ROAS/活动清单
B0GQZBWGFC,KC4SGE03900,2026-W36,2026-W35,0.0,0.0,,0.0,0.0,,0.0,0.0,0.0,0.0,,,,,,,,曝光/点击/CTR/CVR/ACOS/ROAS/活动清单
B0GQZBWLRX,KC4SGE00700,2026-W36,2026-W35,0.0,1.0,-100.0,0.0,1455.2,-100.0,28.76,38.15,-35.28,256.75,,17.64,,,2.62,,单量下滑≥20%；销售额下滑≥20%,曝光/点击/CTR/CVR/ACOS/ROAS/活动清单
B0GQZBWXZK,KX4SGE08600,2026-W36,2026-W35,0.0,0.0,,0.0,0.0,,7.55,0.0,-7.55,0.0,,,,,,,,曝光/点击/CTR/CVR/ACOS/ROAS/活动清单
B0GQZCB8W1,KC4PSP17200,2026-W36,2026-W35,4.0,0.0,N/A,4787.2,0.0,N/A,42.5,32.1,700.53,-54.83,14.63,,,0.89,,,,曝光/点击/CTR/CVR/ACOS/ROAS/活动清单
B0GQZCKYLB,KC4SGE03000,2026-W36,2026-W35,0.0,0.0,,0.0,0.0,,0.0,0.0,0.0,0.0,,,,,,,,曝光/点击/CTR/CVR/ACOS/ROAS/活动清单
B0GQZCPKQ3,KX4SGE08100,2026-W36,2026-W35,1.0,0.0,N/A,1652.4,0.0,N/A,3.06,6.32,335.3,-6.32,20.29,,,0.19,,,,曝光/点击/CTR/CVR/ACOS/ROAS/活动清单
B0GQZCPRV6,PT4SGE24300,2026-W36,2026-W35,0.0,0.0,,0.0,0.0,,15.1,4.56,-15.1,-4.56,,,,,,,,曝光/点击/CTR/CVR/ACOS/ROAS/活动清单
B0GQZCYLNP,PT4SGE18600,2026-W36,2026-W35,1.0,0.0,N/A,598.4,0.0,N/A,6.53,10.95,127.81,-10.08,21.36,,,1.09,,,,曝光/点击/CTR/CVR/ACOS/ROAS/活动清单
B0GQZDB9RJ,KX4SGE10900,2026-W36,2026-W35,1.0,0.0,N/A,1190.0,0.0,N/A,4.08,18.09,226.78,-43.66,19.06,,,0.34,,,,曝光/点击/CTR/CVR/ACOS/ROAS/活动清单
B0GQZDL2NS,PT4SGE20100,2026-W36,2026-W35,0.0,0.0,,0.0,0.0,,3.06,3.47,-3.06,-3.47,,,,,,,,曝光/点击/CTR/CVR/ACOS/ROAS/活动清单
B0GQZF2QYL,KC4SGE00100,2026-W36,2026-W35,0.0,0.0,,0.0,0.0,,9.52,4.08,-9.52,-4.08,,,,,,,,曝光/点击/CTR/CVR/ACOS/ROAS/活动清单
B0GQZFFJLK,KC4SGE01800,2026-W36,2026-W35,1.0,1.0,0.0,1060.8,1060.8,0.0,42.7,58.07,172.72,124.9,16.28,11.77,38.28,4.03,5.47,-26.46,,曝光/点击/CTR/CVR/ACOS/ROAS/活动清单
B0GQZFFQ5Q,PT4SGE20300,2026-W36,2026-W35,1.0,0.0,N/A,809.2,0.0,N/A,2.11,10.34,229.73,-10.34,28.39,,,0.26,,,,曝光/点击/CTR/CVR/ACOS/ROAS/活动清单
B0GQZFJG9F,KC4PSP17900,2026-W36,2026-W35,0.0,0.0,,0.0,0.0,,0.0,0.0,0.0,0.0,,,,,,,,曝光/点击/CTR/CVR/ACOS/ROAS/活动清单
B0GQZFL2B1,KC4SGE01200,2026-W36,2026-W35,0.0,0.0,,0.0,0.0,,0.0,0.0,0.0,0.0,,,,,,,,曝光/点击/CTR/CVR/ACOS/ROAS/活动清单
B0GQZFR5GF,KX4SGE09100,2026-W36,2026-W35,0.0,1.0,-100.0,0.0,1098.13,-100.0,8.98,0.0,-8.98,98.99,,9.01,,,0.0,,单量下滑≥20%；销售额下滑≥20%,曝光/点击/CTR/CVR/ACOS/ROAS/活动清单
B0GQZFT9DT,KX4SGE08800,2026-W36,2026-W35,0.0,0.0,,0.0,0.0,,0.0,0.0,0.0,0.0,,,,,,,,曝光/点击/CTR/CVR/ACOS/ROAS/活动清单
B0GQZFXTGB,KC4PSP18100,2026-W36,2026-W35,0.0,0.0,,0.0,0.0,,8.43,4.22,-8.43,-4.22,,,,,,,,曝光/点击/CTR/CVR/ACOS/ROAS/活动清单
B0GQZG42WY,KC4PSP16200,2026-W36,2026-W35,0.0,1.0,-100.0,0.0,1475.6,-100.0,4.22,3.13,-10.82,290.99,,19.72,,,0.21,,单量下滑≥20%；销售额下滑≥20%,曝光/点击/CTR/CVR/ACOS/ROAS/活动清单
B0GQZG719H,KC4PSP18000,2026-W36,2026-W35,0.0,0.0,,0.0,0.0,,30.4,5.98,-63.24,-5.98,,,,,,,,曝光/点击/CTR/CVR/ACOS/ROAS/活动清单
B0GQZG8LSC,PT4SGE22500,2026-W36,2026-W35,0.0,0.0,,0.0,0.0,,0.0,0.0,-3.02,-12.83,,,,,,,,曝光/点击/CTR/CVR/ACOS/ROAS/活动清单
B0GQZG8LWW,PT4SGE19500,2026-W36,2026-W35,0.0,0.0,,0.0,0.0,,3.06,13.46,-3.06,-13.46,,,,,,,,曝光/点击/CTR/CVR/ACOS/ROAS/活动清单
B0GQZGNF8J,PT4SGE19200,2026-W36,2026-W35,0.0,0.0,,0.0,0.0,,3.06,5.51,-3.06,-5.51,,,,,,,,曝光/点击/CTR/CVR/ACOS/ROAS/活动清单
B0GQZGPBM2,PT4SGE20800,2026-W36,2026-W35,0.0,2.0,-100.0,0.0,1292.0,-100.0,0.0,2.79,-1.93,324.19,,25.09,,,0.22,,单量下滑≥20%；销售额下滑≥20%,曝光/点击/CTR/CVR/ACOS/ROAS/活动清单
B0GQZGRDST,PT4SGE18700,2026-W36,2026-W35,0.0,0.0,,0.0,0.0,,0.0,0.0,0.0,0.0,,,,,,,,曝光/点击/CTR/CVR/ACOS/ROAS/活动清单
B0GQZGS3VD,PT4SGE23600,2026-W36,2026-W35,0.0,0.0,,0.0,0.0,,3.33,0.0,-3.33,0.0,,,,,,,,曝光/点击/CTR/CVR/ACOS/ROAS/活动清单
B0GQZH1RRD,KX4SGE10600,2026-W36,2026-W35,0.0,1.0,-100.0,0.0,972.4,-100.0,11.15,6.53,-14.05,229.95,,23.65,,,0.67,,单量下滑≥20%；销售额下滑≥20%,曝光/点击/CTR/CVR/ACOS/ROAS/活动清单
B0GQZH2W2D,KC4PSP17600,2026-W36,2026-W35,0.0,0.0,,0.0,0.0,,0.0,0.0,0.0,0.0,,,,,,,,曝光/点击/CTR/CVR/ACOS/ROAS/活动清单
B0GQZHBVX9,KC4PSP16500,2026-W36,2026-W35,0.0,0.0,,0.0,0.0,,0.0,4.22,0.0,-4.22,,,,,,,,曝光/点击/CTR/CVR/ACOS/ROAS/活动清单
B0GQZJJ997,KX4SGE08300,2026-W36,2026-W35,1.0,0.0,N/A,1094.8,0.0,N/A,2.65,9.11,259.63,-9.11,23.72,,,0.24,,,,曝光/点击/CTR/CVR/ACOS/ROAS/活动清单
B0GQZJT9VW,KC4SGE01300,2026-W36,2026-W35,0.0,0.0,,0.0,0.0,,3.26,0.0,-3.26,0.0,,,,,,,,曝光/点击/CTR/CVR/ACOS/ROAS/活动清单
B0GQZL16GG,KC4SGE00500,2026-W36,2026-W35,0.0,0.0,,0.0,0.0,,0.0,0.0,0.0,0.0,,,,,,,,曝光/点击/CTR/CVR/ACOS/ROAS/活动清单
B0GQZL4118,KX4SGE11700,2026-W36,2026-W35,3.0,1.0,200.0,3325.2,1108.4,200.0,9.04,7.34,919.57,302.05,27.65,27.25,1.48,0.27,0.66,-58.95,,曝光/点击/CTR/CVR/ACOS/ROAS/活动清单
B0GQZL592F,KC4SGE01700,2026-W36,2026-W35,0.0,0.0,,0.0,0.0,,3.54,0.0,-3.54,0.0,,,,,,,,曝光/点击/CTR/CVR/ACOS/ROAS/活动清单
B0GQZL8DZD,KC4SGE00900,2026-W36,2026-W35,0.0,0.0,,0.0,0.0,,0.0,0.0,-12.59,-53.39,,,,,,,,曝光/点击/CTR/CVR/ACOS/ROAS/活动清单
B0GQZLBNRQ,PT4SGE24100,2026-W36,2026-W35,0.0,0.0,,0.0,0.0,,0.0,0.0,0.0,0.0,,,,,,,,曝光/点击/CTR/CVR/ACOS/ROAS/活动清单
B0GQZLCCK2,PT4SGE21900,2026-W36,2026-W35,0.0,0.0,,0.0,0.0,,0.0,0.0,0.0,0.0,,,,,,,,曝光/点击/CTR/CVR/ACOS/ROAS/活动清单
B0GQZLCFWN,KC4PSP17000,2026-W36,2026-W35,0.0,0.0,,0.0,0.0,,7.7,24.74,-7.7,-24.74,,,,,,,,曝光/点击/CTR/CVR/ACOS/ROAS/活动清单
B0GQZLQTNH,KX4SGE10200,2026-W36,2026-W35,0.0,0.0,,0.0,0.0,,14.42,15.16,-14.42,-15.16,,,,,,,,曝光/点击/CTR/CVR/ACOS/ROAS/活动清单
B0GQZLS7PZ,KC4SGE04600,2026-W36,2026-W35,0.0,1.0,-100.0,0.0,1360.0,-100.0,2.72,9.32,-4.75,298.68,,21.96,,,0.69,,单量下滑≥20%；销售额下滑≥20%,曝光/点击/CTR/CVR/ACOS/ROAS/活动清单
B0GQZM88B7,KX4SGE08400,2026-W36,2026-W35,0.0,2.0,-100.0,0.0,2067.2,-100.0,9.25,0.0,-12.33,466.65,,22.57,,,0.0,,单量下滑≥20%；销售额下滑≥20%,曝光/点击/CTR/CVR/ACOS/ROAS/活动清单
B0GQZMBCHQ,KC4SGE02500,2026-W36,2026-W35,0.0,0.0,,0.0,0.0,,21.08,0.0,-21.08,0.0,,,,,,,,曝光/点击/CTR/CVR/ACOS/ROAS/活动清单
B0GQZP2R34,PT4SGE20500,2026-W36,2026-W35,0.0,0.0,,0.0,0.0,,4.08,0.0,-4.08,0.0,,,,,,,,曝光/点击/CTR/CVR/ACOS/ROAS/活动清单
B0GQZP4YW1,KX4SGE10300,2026-W36,2026-W35,0.0,0.0,,0.0,0.0,,2.72,2.04,-4.51,-9.62,,,,,,,,曝光/点击/CTR/CVR/ACOS/ROAS/活动清单
B0GQZPS8SY,KX4SGE10100,2026-W36,2026-W35,0.0,0.0,,0.0,0.0,,0.0,3.54,0.0,-3.54,,,,,,,,曝光/点击/CTR/CVR/ACOS/ROAS/活动清单
B0GQZPSNSN,KC4SGE04200,2026-W36,2026-W35,0.0,0.0,,0.0,0.0,,2.72,3.26,-2.72,-3.26,,,,,,,,曝光/点击/CTR/CVR/ACOS/ROAS/活动清单
B0GR2JB11S,PT4SGE25400,2026-W36,2026-W35,0.0,0.0,,0.0,0.0,,10.2,3.26,-10.2,-3.26,,,,,,,,曝光/点击/CTR/CVR/ACOS/ROAS/活动清单
B0GR2KNS32,PT4SGE24700,2026-W36,2026-W35,0.0,1.0,-100.0,0.0,1387.2,-100.0,0.0,3.06,-2.07,283.79,,20.46,,,0.22,,单量下滑≥20%；销售额下滑≥20%,曝光/点击/CTR/CVR/ACOS/ROAS/活动清单
B0GR2LTYYB,PT4SGE26000,2026-W36,2026-W35,0.0,0.0,,0.0,0.0,,0.0,5.03,0.0,-5.03,,,,,,,,曝光/点击/CTR/CVR/ACOS/ROAS/活动清单
B0GR2N4GF1,KC4SGE04800,2026-W36,2026-W35,0.0,0.0,,0.0,0.0,,0.0,0.0,0.0,0.0,,,,,,,,曝光/点击/CTR/CVR/ACOS/ROAS/活动清单
B0GR2P2HL1,KC4SGE05200,2026-W36,2026-W35,0.0,0.0,,0.0,0.0,,0.0,0.0,0.0,0.0,,,,,,,,曝光/点击/CTR/CVR/ACOS/ROAS/活动清单
B0GR2R1SSP,PT4SGE22700,2026-W36,2026-W35,0.0,0.0,,0.0,0.0,,0.0,4.69,0.0,-4.69,,,,,,,,曝光/点击/CTR/CVR/ACOS/ROAS/活动清单
B0GR2RS2P2,PT4SGE18300,2026-W36,2026-W35,1.0,0.0,N/A,564.4,0.0,N/A,30.19,3.06,83.09,-3.06,14.72,,,5.35,,,,曝光/点击/CTR/CVR/ACOS/ROAS/活动清单
B0GR2RS662,PT4SGE27800,2026-W36,2026-W35,0.0,0.0,,0.0,0.0,,0.0,7.21,0.0,-7.21,,,,,,,,曝光/点击/CTR/CVR/ACOS/ROAS/活动清单
B0GR2RSK79,KX4SGE17100,2026-W36,2026-W35,0.0,0.0,,0.0,0.0,,4.28,10.27,-4.28,-10.27,,,,,,,,曝光/点击/CTR/CVR/ACOS/ROAS/活动清单
B0GR2RTL92,KX4SGE12600,2026-W36,2026-W35,1.0,0.0,N/A,1400.8,0.0,N/A,30.06,20.88,269.46,-20.88,19.24,,,2.15,,,,曝光/点击/CTR/CVR/ACOS/ROAS/活动清单
B0GR2RVVV3,KC4SGE03200,2026-W36,2026-W35,0.0,0.0,,0.0,0.0,,7.68,2.72,-7.68,-2.72,,,,,,,,曝光/点击/CTR/CVR/ACOS/ROAS/活动清单
B0GR2RWQ4Q,KC4SGE04300,2026-W36,2026-W35,0.0,0.0,,0.0,0.0,,0.0,0.0,0.0,0.0,,,,,,,,曝光/点击/CTR/CVR/ACOS/ROAS/活动清单
B0GR2S1K2W,PT4SGE27900,2026-W36,2026-W35,0.0,1.0,-100.0,0.0,1013.2,-100.0,0.0,0.0,0.0,205.11,,20.24,,,0.0,,单量下滑≥20%；销售额下滑≥20%,曝光/点击/CTR/CVR/ACOS/ROAS/活动清单
B0GR2TGJN9,PT4SGE26600,2026-W36,2026-W35,0.0,0.0,,0.0,0.0,,10.81,7.07,-10.81,-7.07,,,,,,,,曝光/点击/CTR/CVR/ACOS/ROAS/活动清单
B0GR2TR2DP,PT4SGE18500,2026-W36,2026-W35,0.0,0.0,,0.0,0.0,,18.29,12.24,-18.29,-12.24,,,,,,,,曝光/点击/CTR/CVR/ACOS/ROAS/活动清单
B0GR2TT15G,KX4SGE13700,2026-W36,2026-W35,0.0,1.0,-100.0,0.0,1074.4,-100.0,0.0,4.08,0.0,200.92,,18.7,,,0.38,,单量下滑≥20%；销售额下滑≥20%,曝光/点击/CTR/CVR/ACOS/ROAS/活动清单
B0GR2TWC5H,PT4SGE27000,2026-W36,2026-W35,0.0,0.0,,0.0,0.0,,0.0,0.0,0.0,0.0,,,,,,,,曝光/点击/CTR/CVR/ACOS/ROAS/活动清单
B0GR2V4Y4F,KC4SGE05400,2026-W36,2026-W35,1.0,0.0,N/A,1353.2,0.0,N/A,19.31,9.79,277.03,-9.79,20.47,,,1.43,,,,曝光/点击/CTR/CVR/ACOS/ROAS/活动清单
B0GR2V8QBG,KX4SGE12400,2026-W36,2026-W35,0.0,1.0,-100.0,0.0,1502.8,-100.0,3.06,7.96,-3.06,361.29,,24.04,,,0.53,,单量下滑≥20%；销售额下滑≥20%,曝光/点击/CTR/CVR/ACOS/ROAS/活动清单
B0GR2VM5S8,PT4SGE23700,2026-W36,2026-W35,0.0,0.0,,0.0,0.0,,0.41,3.26,-0.41,-3.26,,,,,,,,曝光/点击/CTR/CVR/ACOS/ROAS/活动清单
B0GR2VPMNH,KX4SGE17700,2026-W36,2026-W35,0.0,0.0,,0.0,0.0,,3.06,3.26,-3.06,-3.26,,,,,,,,曝光/点击/CTR/CVR/ACOS/ROAS/活动清单
B0GR2WBPMS,PT4SGE26800,2026-W36,2026-W35,0.0,0.0,,0.0,0.0,,0.0,3.06,0.0,-3.06,,,,,,,,曝光/点击/CTR/CVR/ACOS/ROAS/活动清单
B0GR2YLFN4,PT4SGE19800,2026-W36,2026-W35,0.0,0.0,,0.0,0.0,,0.0,0.0,0.0,0.0,,,,,,,,曝光/点击/CTR/CVR/ACOS/ROAS/活动清单
B0GR2ZS711,KC4SGE03400,2026-W36,2026-W35,0.0,0.0,,0.0,0.0,,5.1,0.0,-5.1,0.0,,,,,,,,曝光/点击/CTR/CVR/ACOS/ROAS/活动清单
B0GR317V49,PT4SGE25800,2026-W36,2026-W35,1.0,0.0,N/A,578.0,0.0,N/A,10.68,12.1,115.42,-12.1,19.97,,,1.85,,,,曝光/点击/CTR/CVR/ACOS/ROAS/活动清单
B0GR31HQBF,PT4SGE28200,2026-W36,2026-W35,0.0,0.0,,0.0,0.0,,4.83,5.98,-4.83,-5.98,,,,,,,,曝光/点击/CTR/CVR/ACOS/ROAS/活动清单
B0GR31KW4H,KX4SGE07700,2026-W36,2026-W35,3.0,2.0,50.0,5650.8,3767.2,50.0,23.6,16.46,1402.53,928.7,24.82,24.65,0.68,0.42,0.44,-4.41,,曝光/点击/CTR/CVR/ACOS/ROAS/活动清单
B0GR31KW94,KX4SGE16700,2026-W36,2026-W35,0.0,0.0,,0.0,0.0,,2.72,0.0,-2.72,0.0,,,,,,,,曝光/点击/CTR/CVR/ACOS/ROAS/活动清单
B0GR31VB2G,KC4SGE04700,2026-W36,2026-W35,0.0,0.0,,0.0,0.0,,0.0,4.49,0.0,-4.49,,,,,,,,曝光/点击/CTR/CVR/ACOS/ROAS/活动清单
B0GR322BJM,PT4SGE19100,2026-W36,2026-W35,0.0,1.0,-100.0,0.0,578.0,-100.0,36.04,26.38,-47.83,69.94,,12.1,,,4.56,,单量下滑≥20%；销售额下滑≥20%,曝光/点击/CTR/CVR/ACOS/ROAS/活动清单
B0GR32H6WX,PT4SGE26700,2026-W36,2026-W35,0.0,0.0,,0.0,0.0,,5.92,5.78,-5.92,-5.78,,,,,,,,曝光/点击/CTR/CVR/ACOS/ROAS/活动清单
B0GR33RCBC,KX4SGE12900,2026-W36,2026-W35,0.0,0.0,,0.0,0.0,,0.0,0.0,0.0,0.0,,,,,,,,曝光/点击/CTR/CVR/ACOS/ROAS/活动清单
B0GR345J7B,KC4SGE03300,2026-W36,2026-W35,0.0,0.0,,0.0,0.0,,17.14,3.13,-18.79,-10.15,,,,,,,,曝光/点击/CTR/CVR/ACOS/ROAS/活动清单
B0GR34B6Q7,PT4SGE27500,2026-W36,2026-W35,0.0,0.0,,0.0,0.0,,5.44,0.0,-5.44,0.0,,,,,,,,曝光/点击/CTR/CVR/ACOS/ROAS/活动清单
B0GR34KY99,PT4SGE26100,2026-W36,2026-W35,0.0,0.0,,0.0,0.0,,0.0,9.18,-1.27,-14.56,,,,,,,,曝光/点击/CTR/CVR/ACOS/ROAS/活动清单
B0GR34LPDQ,KX4SGE15200,2026-W36,2026-W35,0.0,0.0,,0.0,0.0,,11.42,6.94,-38.38,-6.94,,,,,,,,曝光/点击/CTR/CVR/ACOS/ROAS/活动清单
B0GR34N98F,KX4SGE15800,2026-W36,2026-W35,0.0,0.0,,0.0,0.0,,0.0,0.0,0.0,0.0,,,,,,,,曝光/点击/CTR/CVR/ACOS/ROAS/活动清单
B0GR34PLB8,KX4SGE16500,2026-W36,2026-W35,0.0,0.0,,0.0,0.0,,9.04,9.79,-9.04,-9.79,,,,,,,,曝光/点击/CTR/CVR/ACOS/ROAS/活动清单
B0GR34S7JX,KX4SGE15400,2026-W36,2026-W35,0.0,0.0,,0.0,0.0,,0.0,3.06,0.0,-3.06,,,,,,,,曝光/点击/CTR/CVR/ACOS/ROAS/活动清单
B0GR36VYQS,PT4SGE19900,2026-W36,2026-W35,0.0,0.0,,0.0,0.0,,13.19,23.53,-13.19,-23.53,,,,,,,,曝光/点击/CTR/CVR/ACOS/ROAS/活动清单
B0GR3787KB,KX4SGE14500,2026-W36,2026-W35,0.0,0.0,,0.0,0.0,,2.72,0.0,-2.72,0.0,,,,,,,,曝光/点击/CTR/CVR/ACOS/ROAS/活动清单
B0GR37HV17,KX4SGE13200,2026-W36,2026-W35,0.0,0.0,,0.0,0.0,,3.26,0.0,-3.26,0.0,,,,,,,,曝光/点击/CTR/CVR/ACOS/ROAS/活动清单
B0GR37L92C,KC4SGE04900,2026-W36,2026-W35,0.0,0.0,,0.0,0.0,,0.0,0.0,0.0,0.0,,,,,,,,曝光/点击/CTR/CVR/ACOS/ROAS/活动清单
B0GR37MB24,KX4SGE13300,2026-W36,2026-W35,0.0,0.0,,0.0,0.0,,0.0,0.0,0.0,0.0,,,,,,,,曝光/点击/CTR/CVR/ACOS/ROAS/活动清单
B0GR397JMP,PT4SGE18400,2026-W36,2026-W35,0.0,0.0,,0.0,0.0,,0.2,0.0,-0.2,0.0,,,,,,,,曝光/点击/CTR/CVR/ACOS/ROAS/活动清单
B0GR39CKDS,KC4SGE05500,2026-W36,2026-W35,1.0,0.0,N/A,591.6,0.0,N/A,14.35,25.09,127.19,-25.09,21.5,,,2.43,,,,曝光/点击/CTR/CVR/ACOS/ROAS/活动清单
B0GR39PG5F,KX4SGE14700,2026-W36,2026-W35,0.0,0.0,,0.0,0.0,,0.0,7.55,0.0,-7.55,,,,,,,,曝光/点击/CTR/CVR/ACOS/ROAS/活动清单
B0GR39QZSK,PT4SGE25600,2026-W36,2026-W35,0.0,0.0,,0.0,0.0,,4.08,0.0,-4.08,0.0,,,,,,,,曝光/点击/CTR/CVR/ACOS/ROAS/活动清单
B0GR39T55F,KX4SGE17300,2026-W36,2026-W35,0.0,1.0,-100.0,0.0,1366.8,-100.0,3.26,11.08,-5.3,276.09,,20.2,,,0.81,,单量下滑≥20%；销售额下滑≥20%,曝光/点击/CTR/CVR/ACOS/ROAS/活动清单
B0GR39YKFT,KC4SGE05300,2026-W36,2026-W35,0.0,2.0,-100.0,0.0,1455.2,-100.0,0.0,4.08,0.0,320.76,,22.04,,,0.28,,单量下滑≥20%；销售额下滑≥20%,曝光/点击/CTR/CVR/ACOS/ROAS/活动清单
B0GR3B22MS,PT4SGE24400,2026-W36,2026-W35,0.0,0.0,,0.0,0.0,,3.54,3.26,-3.54,-3.26,,,,,,,,曝光/点击/CTR/CVR/ACOS/ROAS/活动清单
B0GR3B3S1F,KX4SGE16800,2026-W36,2026-W35,0.0,0.0,,0.0,0.0,,22.71,8.43,-22.71,-7.8,,,,,,,,曝光/点击/CTR/CVR/ACOS/ROAS/活动清单
B0GR3BW2B8,KX4SGE12700,2026-W36,2026-W35,0.0,0.0,,0.0,0.0,,0.0,43.25,0.0,-43.25,,,,,,,,曝光/点击/CTR/CVR/ACOS/ROAS/活动清单
B0GR3C2BNZ,OO4SGE37000,2026-W36,2026-W35,0.0,0.0,,0.0,0.0,,0.0,0.41,0.0,-0.41,,,,,,,,曝光/点击/CTR/CVR/ACOS/ROAS/活动清单
B0GR3CCY48,PT4SGE23100,2026-W36,2026-W35,0.0,0.0,,0.0,0.0,,0.0,5.98,0.0,-5.98,,,,,,,,曝光/点击/CTR/CVR/ACOS/ROAS/活动清单
B0GR3CK745,KC4SGE03500,2026-W36,2026-W35,0.0,1.0,-100.0,0.0,605.2,-100.0,16.93,33.59,-16.93,143.86,,23.77,,,5.55,,单量下滑≥20%；销售额下滑≥20%,曝光/点击/CTR/CVR/ACOS/ROAS/活动清单
B0GR3FTPG4,KX4SGE14900,2026-W36,2026-W35,0.0,0.0,,0.0,0.0,,1.5,6.46,-1.5,-5.48,,,,,,,,曝光/点击/CTR/CVR/ACOS/ROAS/活动清单
B0GR3G1TLW,KC4SGE05100,2026-W36,2026-W35,1.0,0.0,N/A,1502.8,0.0,N/A,3.26,0.0,387.78,0.0,25.8,,,0.22,,,,曝光/点击/CTR/CVR/ACOS/ROAS/活动清单
B0GR3G81M3,KX4SGE13500,2026-W36,2026-W35,0.0,0.0,,0.0,0.0,,0.0,0.0,0.0,0.0,,,,,,,,曝光/点击/CTR/CVR/ACOS/ROAS/活动清单
B0GR3G98M1,PT4SGE22800,2026-W36,2026-W35,0.0,1.0,-100.0,0.0,1108.4,-100.0,9.59,6.6,-9.59,242.9,,21.91,,,0.6,,单量下滑≥20%；销售额下滑≥20%,曝光/点击/CTR/CVR/ACOS/ROAS/活动清单
B0GR3G9TGM,PT4SGE24900,2026-W36,2026-W35,0.0,0.0,,0.0,0.0,,0.0,9.66,0.0,-9.66,,,,,,,,曝光/点击/CTR/CVR/ACOS/ROAS/活动清单
B0GR3HFYXR,KC4SGE05000,2026-W36,2026-W35,0.0,0.0,,0.0,0.0,,0.0,0.0,0.0,0.0,,,,,,,,曝光/点击/CTR/CVR/ACOS/ROAS/活动清单
B0GR3HTY84,PT4SGE26500,2026-W36,2026-W35,0.0,0.0,,0.0,0.0,,6.39,0.0,-6.39,0.0,,,,,,,,曝光/点击/CTR/CVR/ACOS/ROAS/活动清单
B0GR3S5PMY,KX4SGE08900,2026-W36,2026-W35,0.0,0.0,,0.0,0.0,,3.06,4.08,-3.06,-4.08,,,,,,,,曝光/点击/CTR/CVR/ACOS/ROAS/活动清单
B0GR3S95R7,KX4SGE07700,2026-W36,2026-W35,1.0,0.0,N/A,1883.6,0.0,N/A,20.06,0.0,455.23,0.0,24.17,,,1.06,,,,曝光/点击/CTR/CVR/ACOS/ROAS/活动清单
B0GR3WH3NJ,KC4SGE00100,2026-W36,2026-W35,0.0,0.0,,0.0,0.0,,13.4,3.4,-13.4,-3.4,,,,,,,,曝光/点击/CTR/CVR/ACOS/ROAS/活动清单
B0GR3WPSRN,PT4SGE19200,2026-W36,2026-W35,0.0,0.0,,0.0,0.0,,0.0,0.0,0.0,0.0,,,,,,,,曝光/点击/CTR/CVR/ACOS/ROAS/活动清单
B0GR3WS86L,KC4PSP18000,2026-W36,2026-W35,0.0,0.0,,0.0,0.0,,9.79,22.3,-9.79,-22.3,,,,,,,,曝光/点击/CTR/CVR/ACOS/ROAS/活动清单
B0GR3XL2LK,PT4SGE21000,2026-W36,2026-W35,0.0,0.0,,0.0,0.0,,9.11,13.87,-9.11,-13.87,,,,,,,,曝光/点击/CTR/CVR/ACOS/ROAS/活动清单
B0GR3YCSD2,KX4SGE16700,2026-W36,2026-W35,0.0,0.0,,0.0,0.0,,3.06,0.0,-3.06,0.0,,,,,,,,曝光/点击/CTR/CVR/ACOS/ROAS/活动清单
B0GR3YK82S,KX4SGE10100,2026-W36,2026-W35,0.0,0.0,,0.0,0.0,,0.0,0.0,0.0,0.0,,,,,,,,曝光/点击/CTR/CVR/ACOS/ROAS/活动清单
B0GR3YN74C,PT4SGE24700,2026-W36,2026-W35,0.0,0.0,,0.0,0.0,,0.0,0.0,0.0,0.0,,,,,,,,曝光/点击/CTR/CVR/ACOS/ROAS/活动清单
B0GR3YN8NQ,PT4SGE18700,2026-W36,2026-W35,0.0,0.0,,0.0,0.0,,0.0,0.0,0.0,0.0,,,,,,,,曝光/点击/CTR/CVR/ACOS/ROAS/活动清单
B0GR3YN8S1,KX4SGE14500,2026-W36,2026-W35,0.0,0.0,,0.0,0.0,,0.0,0.0,0.0,0.0,,,,,,,,曝光/点击/CTR/CVR/ACOS/ROAS/活动清单
B0GR3YR5Z8,PT4SGE20500,2026-W36,2026-W35,0.0,0.0,,0.0,0.0,,0.0,4.08,0.0,-4.08,,,,,,,,曝光/点击/CTR/CVR/ACOS/ROAS/活动清单
B0GR3YXHBC,KC4SGE00800,2026-W36,2026-W35,0.0,0.0,,0.0,0.0,,0.0,0.0,0.0,0.0,,,,,,,,曝光/点击/CTR/CVR/ACOS/ROAS/活动清单
B0GR3Z3FT5,PT4SGE18500,2026-W36,2026-W35,0.0,0.0,,0.0,0.0,,0.0,0.0,0.0,0.0,,,,,,,,曝光/点击/CTR/CVR/ACOS/ROAS/活动清单
B0GR3Z8FHX,KC4SGE00600,2026-W36,2026-W35,0.0,0.0,,0.0,0.0,,28.83,16.46,-28.83,-16.46,,,,,,,,曝光/点击/CTR/CVR/ACOS/ROAS/活动清单
B0GR3ZCV78,KC4PSP17600,2026-W36,2026-W35,0.0,0.0,,0.0,0.0,,0.0,0.0,0.0,0.0,,,,,,,,曝光/点击/CTR/CVR/ACOS/ROAS/活动清单
B0GR3ZM7FZ,PT4SGE19300,2026-W36,2026-W35,0.0,0.0,,0.0,0.0,,0.0,0.0,0.0,0.0,,,,,,,,曝光/点击/CTR/CVR/ACOS/ROAS/活动清单
B0GR3ZNJT9,KC4SGE02800,2026-W36,2026-W35,0.0,0.0,,0.0,0.0,,4.08,0.0,-4.08,0.0,,,,,,,,曝光/点击/CTR/CVR/ACOS/ROAS/活动清单
B0GR3ZSDBQ,KC4SGE04600,2026-W36,2026-W35,0.0,0.0,,0.0,0.0,,0.0,0.0,0.0,0.0,,,,,,,,曝光/点击/CTR/CVR/ACOS/ROAS/活动清单
B0GR3ZV3TR,KC4SGE00500,2026-W36,2026-W35,0.0,0.0,,0.0,0.0,,6.12,11.97,-6.12,-11.97,,,,,,,,曝光/点击/CTR/CVR/ACOS/ROAS/活动清单
B0GR411G4V,PT4SGE20100,2026-W36,2026-W35,0.0,0.0,,0.0,0.0,,0.0,3.13,0.0,-3.13,,,,,,,,曝光/点击/CTR/CVR/ACOS/ROAS/活动清单
B0GR42KYVW,KX4SGE07900,2026-W36,2026-W35,0.0,0.0,,0.0,0.0,,0.0,0.0,0.0,0.0,,,,,,,,曝光/点击/CTR/CVR/ACOS/ROAS/活动清单
B0GR42M1FL,KC4PSP18000,2026-W36,2026-W35,0.0,1.0,-100.0,0.0,1366.8,-100.0,3.33,0.0,-3.33,371.21,,27.16,,,0.0,,单量下滑≥20%；销售额下滑≥20%,曝光/点击/CTR/CVR/ACOS/ROAS/活动清单
B0GR42MZ7S,PT4SGE19800,2026-W36,2026-W35,0.0,1.0,-100.0,0.0,680.0,-100.0,8.5,0.0,-8.5,201.11,,29.57,,,0.0,,单量下滑≥20%；销售额下滑≥20%,曝光/点击/CTR/CVR/ACOS/ROAS/活动清单
B0GR42WDJ3,KC4SGE02500,2026-W36,2026-W35,0.0,0.0,,0.0,0.0,,10.06,0.0,-10.06,0.0,,,,,,,,曝光/点击/CTR/CVR/ACOS/ROAS/活动清单
B0GR434V63,KC4PSP16500,2026-W36,2026-W35,0.0,0.0,,0.0,0.0,,2.92,4.22,-2.92,-4.22,,,,,,,,曝光/点击/CTR/CVR/ACOS/ROAS/活动清单
B0GR4355NW,PT4SGE23600,2026-W36,2026-W35,0.0,0.0,,0.0,0.0,,0.0,2.72,0.0,-2.72,,,,,,,,曝光/点击/CTR/CVR/ACOS/ROAS/活动清单
B0GR4377DH,KX4SGE13500,2026-W36,2026-W35,0.0,0.0,,0.0,0.0,,9.18,14.28,-9.18,-14.28,,,,,,,,曝光/点击/CTR/CVR/ACOS/ROAS/活动清单
B0GR4395WW,KC4SGE01800,2026-W36,2026-W35,0.0,1.0,-100.0,0.0,1060.8,-100.0,10.4,7.75,-10.4,250.96,,23.66,,,0.73,,单量下滑≥20%；销售额下滑≥20%,曝光/点击/CTR/CVR/ACOS/ROAS/活动清单
B0GR43M38W,KX4SGE07900,2026-W36,2026-W35,0.0,0.0,,0.0,0.0,,2.72,3.06,-2.72,-3.06,,,,,,,,曝光/点击/CTR/CVR/ACOS/ROAS/活动清单
B0GR43WPY3,KX4SGE08300,2026-W36,2026-W35,0.0,0.0,,0.0,0.0,,0.0,9.59,0.0,-9.59,,,,,,,,曝光/点击/CTR/CVR/ACOS/ROAS/活动清单
B0GR43Y8DM,KC4SGE03100,2026-W36,2026-W35,0.0,0.0,,0.0,0.0,,0.0,3.26,0.0,-3.26,,,,,,,,曝光/点击/CTR/CVR/ACOS/ROAS/活动清单
B0GR448D5C,KX4SGE15200,2026-W36,2026-W35,0.0,0.0,,0.0,0.0,,0.0,0.0,0.0,0.0,,,,,,,,曝光/点击/CTR/CVR/ACOS/ROAS/活动清单
B0GR44TSPR,KX4SGE14500,2026-W36,2026-W35,0.0,0.0,,0.0,0.0,,3.06,4.49,-3.06,-4.49,,,,,,,,曝光/点击/CTR/CVR/ACOS/ROAS/活动清单
B0GR452NGN,KX4SGE13700,2026-W36,2026-W35,0.0,0.0,,0.0,0.0,,3.06,4.08,-3.06,-4.08,,,,,,,,曝光/点击/CTR/CVR/ACOS/ROAS/活动清单
B0GR454Y3M,KC4PSP17500,2026-W36,2026-W35,1.0,0.0,N/A,1128.8,0.0,N/A,0.0,0.0,186.57,0.0,16.53,,,0.0,,,,曝光/点击/CTR/CVR/ACOS/ROAS/活动清单
B0GR45633P,KX4SGE08100,2026-W36,2026-W35,0.0,0.0,,0.0,0.0,,0.0,5.44,0.0,-5.44,,,,,,,,曝光/点击/CTR/CVR/ACOS/ROAS/活动清单
B0GR456L19,PT4SGE27800,2026-W36,2026-W35,0.0,0.0,,0.0,0.0,,9.59,13.26,-9.59,-13.26,,,,,,,,曝光/点击/CTR/CVR/ACOS/ROAS/活动清单
B0GR4598HK,KC4SGE01800,2026-W36,2026-W35,0.0,0.0,,0.0,0.0,,6.8,0.0,-6.8,0.0,,,,,,,,曝光/点击/CTR/CVR/ACOS/ROAS/活动清单
B0GR45NK9S,KC4PSP18100,2026-W36,2026-W35,0.0,1.0,-100.0,0.0,1434.8,-100.0,15.64,15.84,-15.64,261.02,,18.19,,,1.1,,单量下滑≥20%；销售额下滑≥20%,曝光/点击/CTR/CVR/ACOS/ROAS/活动清单
B0GR45RYFH,KC4SGE03400,2026-W36,2026-W35,0.0,0.0,,0.0,0.0,,5.98,0.0,-5.98,0.0,,,,,,,,曝光/点击/CTR/CVR/ACOS/ROAS/活动清单
B0GR45SYDD,PT4SGE19100,2026-W36,2026-W35,0.0,0.0,,0.0,0.0,,8.98,25.84,-8.98,-25.84,,,,,,,,曝光/点击/CTR/CVR/ACOS/ROAS/活动清单
B0GR45VKKR,PT4SGE24900,2026-W36,2026-W35,0.0,0.0,,0.0,0.0,,10.13,15.16,-10.13,-15.16,,,,,,,,曝光/点击/CTR/CVR/ACOS/ROAS/活动清单
B0GR45X65X,KX4SGE14900,2026-W36,2026-W35,0.0,0.0,,0.0,0.0,,0.0,10.4,0.0,-9.42,,,,,,,,曝光/点击/CTR/CVR/ACOS/ROAS/活动清单
B0GR45XNHQ,KX4SGE15400,2026-W36,2026-W35,0.0,0.0,,0.0,0.0,,2.86,0.0,-2.86,0.0,,,,,,,,曝光/点击/CTR/CVR/ACOS/ROAS/活动清单
B0GR45YTCV,PT4SGE20300,2026-W36,2026-W35,0.0,0.0,,0.0,0.0,,0.0,17.75,0.0,-17.75,,,,,,,,曝光/点击/CTR/CVR/ACOS/ROAS/活动清单
B0GR45Z3RB,PT4SGE25400,2026-W36,2026-W35,0.0,0.0,,0.0,0.0,,13.26,0.0,-13.26,0.0,,,,,,,,曝光/点击/CTR/CVR/ACOS/ROAS/活动清单
B0GR462F31,KX4SGE12100,2026-W36,2026-W35,0.0,0.0,,0.0,0.0,,0.0,0.0,0.0,0.0,,,,,,,,曝光/点击/CTR/CVR/ACOS/ROAS/活动清单
B0GR467465,KC4PSP16300,2026-W36,2026-W35,0.0,0.0,,0.0,0.0,,5.1,0.0,-5.1,0.0,,,,,,,,曝光/点击/CTR/CVR/ACOS/ROAS/活动清单
B0GR4683H2,KX4SGE17300,2026-W36,2026-W35,0.0,0.0,,0.0,0.0,,0.0,3.6,0.0,-3.6,,,,,,,,曝光/点击/CTR/CVR/ACOS/ROAS/活动清单
B0GR46BM7S,KC4PSP17600,2026-W36,2026-W35,0.0,0.0,,0.0,0.0,,0.0,0.0,0.0,0.0,,,,,,,,曝光/点击/CTR/CVR/ACOS/ROAS/活动清单
B0GR46D9N4,PT4SGE26800,2026-W36,2026-W35,0.0,0.0,,0.0,0.0,,3.06,3.06,-3.06,-3.06,,,,,,,,曝光/点击/CTR/CVR/ACOS/ROAS/活动清单
B0GR46H9H5,KC4SGE01700,2026-W36,2026-W35,0.0,0.0,,0.0,0.0,,6.8,3.54,-6.8,-3.54,,,,,,,,曝光/点击/CTR/CVR/ACOS/ROAS/活动清单
B0GR46HMN7,PT4SGE22200,2026-W36,2026-W35,1.0,0.0,N/A,918.0,0.0,N/A,9.59,0.0,174.4,0.0,19.0,,,1.04,,,,曝光/点击/CTR/CVR/ACOS/ROAS/活动清单
B0GR46J8VG,KC4PSP15900,2026-W36,2026-W35,0.0,0.0,,0.0,0.0,,4.42,0.0,-4.42,0.0,,,,,,,,曝光/点击/CTR/CVR/ACOS/ROAS/活动清单
B0GR46KN36,KC4SGE00900,2026-W36,2026-W35,0.0,0.0,,0.0,0.0,,10.88,16.39,-10.88,-16.39,,,,,,,,曝光/点击/CTR/CVR/ACOS/ROAS/活动清单
B0GR46YW5Z,KC4SGE01000,2026-W36,2026-W35,0.0,0.0,,0.0,0.0,,4.08,0.0,-4.08,0.0,,,,,,,,曝光/点击/CTR/CVR/ACOS/ROAS/活动清单
B0GR46YYHN,KX4SGE12100,2026-W36,2026-W35,0.0,0.0,,0.0,0.0,,0.0,5.37,0.0,-5.37,,,,,,,,曝光/点击/CTR/CVR/ACOS/ROAS/活动清单
B0GR4719CR,KX4SGE13300,2026-W36,2026-W35,0.0,1.0,-100.0,0.0,1550.4,-100.0,3.26,6.19,-3.26,458.68,,29.58,,,0.4,,单量下滑≥20%；销售额下滑≥20%,曝光/点击/CTR/CVR/ACOS/ROAS/活动清单
B0GR489418,KC4SGE00100,2026-W36,2026-W35,0.0,0.0,,0.0,0.0,,14.69,19.24,-14.69,-19.24,,,,,,,,曝光/点击/CTR/CVR/ACOS/ROAS/活动清单
B0GR48CMY4,PT4SGE19600,2026-W36,2026-W35,0.0,0.0,,0.0,0.0,,3.6,8.16,-3.6,-8.16,,,,,,,,曝光/点击/CTR/CVR/ACOS/ROAS/活动清单
B0GR48F4HS,PT4SGE22500,2026-W36,2026-W35,0.0,0.0,,0.0,0.0,,0.0,0.0,0.0,0.0,,,,,,,,曝光/点击/CTR/CVR/ACOS/ROAS/活动清单
B0GR48HJGQ,PT4SGE21900,2026-W36,2026-W35,0.0,0.0,,0.0,0.0,,0.0,0.0,0.0,0.0,,,,,,,,曝光/点击/CTR/CVR/ACOS/ROAS/活动清单
B0GR48XRW9,PT4SGE27800,2026-W36,2026-W35,0.0,0.0,,0.0,0.0,,0.0,0.0,0.0,0.0,,,,,,,,曝光/点击/CTR/CVR/ACOS/ROAS/活动清单
B0GR492V81,PT4SGE19800,2026-W36,2026-W35,0.0,0.0,,0.0,0.0,,18.09,0.0,-18.09,0.0,,,,,,,,曝光/点击/CTR/CVR/ACOS/ROAS/活动清单
B0GR49RDK3,KC4PSP18100,2026-W36,2026-W35,0.0,0.0,,0.0,0.0,,21.08,10.13,-21.08,-10.13,,,,,,,,曝光/点击/CTR/CVR/ACOS/ROAS/活动清单
B0GR49W2X7,KX4SGE09200,2026-W36,2026-W35,0.0,0.0,,0.0,0.0,,4.08,0.0,-4.08,0.0,,,,,,,,曝光/点击/CTR/CVR/ACOS/ROAS/活动清单
B0GR4B355M,KC4SGE00900,2026-W36,2026-W35,0.0,0.0,,0.0,0.0,,0.0,0.0,0.0,0.0,,,,,,,,曝光/点击/CTR/CVR/ACOS/ROAS/活动清单
B0GR4B54NJ,KC4SGE02400,2026-W36,2026-W35,0.0,0.0,,0.0,0.0,,0.0,13.53,0.0,-13.53,,,,,,,,曝光/点击/CTR/CVR/ACOS/ROAS/活动清单
B0GR4B55CW,PT4SGE25400,2026-W36,2026-W35,0.0,0.0,,0.0,0.0,,0.0,0.0,0.0,0.0,,,,,,,,曝光/点击/CTR/CVR/ACOS/ROAS/活动清单
B0GR4BH1YQ,KC4SGE05500,2026-W36,2026-W35,0.0,1.0,-100.0,0.0,591.6,-100.0,0.0,6.53,0.0,134.34,,22.71,,,1.1,,单量下滑≥20%；销售额下滑≥20%,曝光/点击/CTR/CVR/ACOS/ROAS/活动清单
B0GR4BHBPD,PT4SGE21900,2026-W36,2026-W35,0.0,1.0,-100.0,0.0,1108.4,-100.0,0.0,0.0,0.0,223.68,,20.18,,,0.0,,单量下滑≥20%；销售额下滑≥20%,曝光/点击/CTR/CVR/ACOS/ROAS/活动清单
B0GR4BMBTH,KC4SGE03100,2026-W36,2026-W35,0.0,0.0,,0.0,0.0,,0.0,11.22,0.0,-11.22,,,,,,,,曝光/点击/CTR/CVR/ACOS/ROAS/活动清单
B0GR4BNM9N,KX4SGE09200,2026-W36,2026-W35,0.0,0.0,,0.0,0.0,,0.0,0.0,0.0,0.0,,,,,,,,曝光/点击/CTR/CVR/ACOS/ROAS/活动清单
B0GR4BPXN5,KC4SGE04100,2026-W36,2026-W35,0.0,0.0,,0.0,0.0,,0.0,0.0,0.0,0.0,,,,,,,,曝光/点击/CTR/CVR/ACOS/ROAS/活动清单
B0GR4BPYB3,KC4PSP17800,2026-W36,2026-W35,0.0,0.0,,0.0,0.0,,5.44,0.0,-5.44,0.0,,,,,,,,曝光/点击/CTR/CVR/ACOS/ROAS/活动清单
B0GR4BW6FC,KC4PSP16500,2026-W36,2026-W35,0.0,0.0,,0.0,0.0,,8.57,4.22,-8.57,-4.22,,,,,,,,曝光/点击/CTR/CVR/ACOS/ROAS/活动清单
B0GR4C16WD,PT4SGE19200,2026-W36,2026-W35,0.0,0.0,,0.0,0.0,,22.1,0.0,-22.1,0.0,,,,,,,,曝光/点击/CTR/CVR/ACOS/ROAS/活动清单
B0GR4C6JZZ,PT4SGE24100,2026-W36,2026-W35,0.0,0.0,,0.0,0.0,,3.2,6.53,-3.2,-6.53,,,,,,,,曝光/点击/CTR/CVR/ACOS/ROAS/活动清单
B0GR4C6SN4,PT4SGE24000,2026-W36,2026-W35,0.0,0.0,,0.0,0.0,,6.8,0.0,-6.8,0.0,,,,,,,,曝光/点击/CTR/CVR/ACOS/ROAS/活动清单
B0GR4C8KKD,KX4SGE18000,2026-W36,2026-W35,0.0,0.0,,0.0,0.0,,0.0,0.0,0.0,0.0,,,,,,,,曝光/点击/CTR/CVR/ACOS/ROAS/活动清单
B0GR4C9BN5,KC4SGE01800,2026-W36,2026-W35,0.0,0.0,,0.0,0.0,,13.6,15.5,-13.6,-15.5,,,,,,,,曝光/点击/CTR/CVR/ACOS/ROAS/活动清单
B0GR4CBL7C,KX4SGE14700,2026-W36,2026-W35,0.0,0.0,,0.0,0.0,,2.72,0.0,-2.72,0.0,,,,,,,,曝光/点击/CTR/CVR/ACOS/ROAS/活动清单
B0GR4CBM9C,PT4SGE21500,2026-W36,2026-W35,0.0,0.0,,0.0,0.0,,18.22,0.0,-18.22,0.0,,,,,,,,曝光/点击/CTR/CVR/ACOS/ROAS/活动清单
B0GR4CBQC6,KX4SGE14700,2026-W36,2026-W35,0.0,0.0,,0.0,0.0,,4.69,5.1,-4.69,-5.1,,,,,,,,曝光/点击/CTR/CVR/ACOS/ROAS/活动清单
B0GR4CDD4B,KX4SGE14000,2026-W36,2026-W35,0.0,0.0,,0.0,0.0,,3.06,0.0,-3.06,0.0,,,,,,,,曝光/点击/CTR/CVR/ACOS/ROAS/活动清单
B0GR4CLXDD,PT4SGE18500,2026-W36,2026-W35,0.0,0.0,,0.0,0.0,,9.04,13.26,-9.04,-13.26,,,,,,,,曝光/点击/CTR/CVR/ACOS/ROAS/活动清单
B0GR4D5W4J,PT4SGE18600,2026-W36,2026-W35,0.0,0.0,,0.0,0.0,,0.0,0.0,0.0,0.0,,,,,,,,曝光/点击/CTR/CVR/ACOS/ROAS/活动清单
B0GR4DDZLN,KX4SGE13700,2026-W36,2026-W35,0.0,0.0,,0.0,0.0,,3.06,0.0,-3.06,0.0,,,,,,,,曝光/点击/CTR/CVR/ACOS/ROAS/活动清单
B0GR4DGQJG,KX4SGE11700,2026-W36,2026-W35,0.0,0.0,,0.0,0.0,,9.59,9.04,-9.59,-9.04,,,,,,,,曝光/点击/CTR/CVR/ACOS/ROAS/活动清单
B0GR4DKFWF,KC4SGE01200,2026-W36,2026-W35,0.0,0.0,,0.0,0.0,,0.0,5.1,0.0,-5.1,,,,,,,,曝光/点击/CTR/CVR/ACOS/ROAS/活动清单
B0GR4DL5PB,KC4SGE00700,2026-W36,2026-W35,0.0,0.0,,0.0,0.0,,0.0,0.0,0.0,0.0,,,,,,,,曝光/点击/CTR/CVR/ACOS/ROAS/活动清单
B0GR4DP13M,KC4SGE03500,2026-W36,2026-W35,1.0,0.0,N/A,510.0,0.0,N/A,0.0,4.35,105.65,-4.35,20.72,,,0.0,,,,曝光/点击/CTR/CVR/ACOS/ROAS/活动清单
B0GR4DQQP1,KC4SGE04700,2026-W36,2026-W35,0.0,0.0,,0.0,0.0,,2.72,0.0,-2.72,0.0,,,,,,,,曝光/点击/CTR/CVR/ACOS/ROAS/活动清单
B0GR4DTWHC,KX4SGE11700,2026-W36,2026-W35,0.0,0.0,,0.0,0.0,,0.0,0.0,0.0,0.0,,,,,,,,曝光/点击/CTR/CVR/ACOS/ROAS/活动清单
B0GR4F4NX1,PT4SGE18300,2026-W36,2026-W35,0.0,0.0,,0.0,0.0,,0.0,2.86,0.0,-2.86,,,,,,,,曝光/点击/CTR/CVR/ACOS/ROAS/活动清单
B0GR4F5XY9,KX4SGE15400,2026-W36,2026-W35,0.0,0.0,,0.0,0.0,,2.72,0.0,-2.72,0.0,,,,,,,,曝光/点击/CTR/CVR/ACOS/ROAS/活动清单
B0GR4FCY4R,PT4SGE23400,2026-W36,2026-W35,0.0,0.0,,0.0,0.0,,17.61,15.03,-17.61,-15.03,,,,,,,,曝光/点击/CTR/CVR/ACOS/ROAS/活动清单
B0GR4FDFSQ,KC4SGE05100,2026-W36,2026-W35,0.0,0.0,,0.0,0.0,,0.0,3.13,0.0,-1.06,,,,,,,,曝光/点击/CTR/CVR/ACOS/ROAS/活动清单
B0GR4FJFKY,KC4SGE02500,2026-W36,2026-W35,0.0,0.0,,0.0,0.0,,7.68,0.0,-7.68,0.0,,,,,,,,曝光/点击/CTR/CVR/ACOS/ROAS/活动清单
B0GR4FJPJC,KC4SGE00500,2026-W36,2026-W35,0.0,0.0,,0.0,0.0,,0.0,0.0,0.0,0.0,,,,,,,,曝光/点击/CTR/CVR/ACOS/ROAS/活动清单
B0GR4FRN1X,KC4SGE04800,2026-W36,2026-W35,0.0,1.0,-100.0,0.0,1285.2,-100.0,13.67,0.0,-13.67,196.87,,15.32,,,0.0,,单量下滑≥20%；销售额下滑≥20%,曝光/点击/CTR/CVR/ACOS/ROAS/活动清单
B0GR4G3W29,KC4PSP16600,2026-W36,2026-W35,1.0,0.0,N/A,850.0,0.0,N/A,24.28,4.35,68.22,-4.35,8.03,,,2.86,,,,曝光/点击/CTR/CVR/ACOS/ROAS/活动清单
B0GR4G3WZV,KC4SGE05100,2026-W36,2026-W35,0.0,0.0,,0.0,0.0,,3.06,0.0,-3.06,0.0,,,,,,,,曝光/点击/CTR/CVR/ACOS/ROAS/活动清单
B0GR4G52Y5,KC4SGE01600,2026-W36,2026-W35,0.0,0.0,,0.0,0.0,,2.86,3.54,-2.86,-3.54,,,,,,,,曝光/点击/CTR/CVR/ACOS/ROAS/活动清单
B0GR4G53FK,PT4SGE23400,2026-W36,2026-W35,0.0,0.0,,0.0,0.0,,0.0,0.0,0.0,0.0,,,,,,,,曝光/点击/CTR/CVR/ACOS/ROAS/活动清单
B0GR4G6P7P,KX4SGE07700,2026-W36,2026-W35,0.0,0.0,,0.0,0.0,,11.15,7.21,-11.15,-7.21,,,,,,,,曝光/点击/CTR/CVR/ACOS/ROAS/活动清单
B0GR4G6PLN,PT4SGE26000,2026-W36,2026-W35,0.0,0.0,,0.0,0.0,,0.0,3.06,0.0,-3.06,,,,,,,,曝光/点击/CTR/CVR/ACOS/ROAS/活动清单
B0GR4G7X5P,PT4SGE27000,2026-W36,2026-W35,0.0,0.0,,0.0,0.0,,0.0,3.06,0.0,-3.06,,,,,,,,曝光/点击/CTR/CVR/ACOS/ROAS/活动清单
B0GR4G9WSJ,PT4SGE18700,2026-W36,2026-W35,0.0,0.0,,0.0,0.0,,14.48,9.18,-14.48,-9.18,,,,,,,,曝光/点击/CTR/CVR/ACOS/ROAS/活动清单
B0GR4GGYS6,KC4SGE01700,2026-W36,2026-W35,0.0,0.0,,0.0,0.0,,1.9,0.0,-1.9,0.0,,,,,,,,曝光/点击/CTR/CVR/ACOS/ROAS/活动清单
B0GR4GJ96D,KX4SGE08500,2026-W36,2026-W35,0.0,0.0,,0.0,0.0,,5.3,0.0,-5.3,0.0,,,,,,,,曝光/点击/CTR/CVR/ACOS/ROAS/活动清单
B0GR4GKLF4,KX4SGE10300,2026-W36,2026-W35,0.0,1.0,-100.0,0.0,1196.8,-100.0,8.16,10.74,-8.16,257.06,,21.48,,,0.9,,单量下滑≥20%；销售额下滑≥20%,曝光/点击/CTR/CVR/ACOS/ROAS/活动清单
B0GR4GL9HR,KC4SGE00700,2026-W36,2026-W35,0.0,0.0,,0.0,0.0,,12.24,9.18,-12.24,-9.18,,,,,,,,曝光/点击/CTR/CVR/ACOS/ROAS/活动清单
B0GR4GMYSM,KC4SGE03300,2026-W36,2026-W35,0.0,0.0,,0.0,0.0,,3.26,6.19,-3.26,-6.19,,,,,,,,曝光/点击/CTR/CVR/ACOS/ROAS/活动清单
B0GR4GRK5H,KX4SGE16800,2026-W36,2026-W35,0.0,0.0,,0.0,0.0,,6.32,14.62,-6.32,-14.62,,,,,,,,曝光/点击/CTR/CVR/ACOS/ROAS/活动清单
B0GR4GVXZM,PT4SGE21100,2026-W36,2026-W35,0.0,0.0,,0.0,0.0,,0.0,0.0,0.0,0.51,,,,,,,,曝光/点击/CTR/CVR/ACOS/ROAS/活动清单
B0GR4GVZNB,PT4SGE18600,2026-W36,2026-W35,0.0,0.0,,0.0,0.0,,8.7,10.95,-8.7,-10.52,,,,,,,,曝光/点击/CTR/CVR/ACOS/ROAS/活动清单
B0GR4GXXMW,PT4SGE19100,2026-W36,2026-W35,0.0,0.0,,0.0,0.0,,0.0,3.06,0.0,-3.06,,,,,,,,曝光/点击/CTR/CVR/ACOS/ROAS/活动清单
B0GR4GYJMQ,PT4SGE24100,2026-W36,2026-W35,0.0,0.0,,0.0,0.0,,3.13,6.12,-3.13,-6.12,,,,,,,,曝光/点击/CTR/CVR/ACOS/ROAS/活动清单
B0GR4GZB8Y,PT4SGE24900,2026-W36,2026-W35,0.0,0.0,,0.0,0.0,,0.0,0.0,0.0,0.0,,,,,,,,曝光/点击/CTR/CVR/ACOS/ROAS/活动清单
B0GR4H4M4Q,PT4SGE26300,2026-W36,2026-W35,0.0,0.0,,0.0,0.0,,0.0,11.97,0.0,-11.97,,,,,,,,曝光/点击/CTR/CVR/ACOS/ROAS/活动清单
B0GR4HFFGD,KX4SGE13300,2026-W36,2026-W35,0.0,0.0,,0.0,0.0,,0.0,0.0,0.0,0.0,,,,,,,,曝光/点击/CTR/CVR/ACOS/ROAS/活动清单
B0GR4HN45R,PT4SGE27000,2026-W36,2026-W35,0.0,0.0,,0.0,0.0,,0.0,18.77,0.0,-18.77,,,,,,,,曝光/点击/CTR/CVR/ACOS/ROAS/活动清单
B0GR4HNPNW,KC4PSP17800,2026-W36,2026-W35,0.0,0.0,,0.0,0.0,,4.08,0.0,-4.08,0.0,,,,,,,,曝光/点击/CTR/CVR/ACOS/ROAS/活动清单
B0GR4HTKZV,PT4SGE23100,2026-W36,2026-W35,0.0,0.0,,0.0,0.0,,7.34,11.29,-7.34,-11.29,,,,,,,,曝光/点击/CTR/CVR/ACOS/ROAS/活动清单
B0GR4HWSV9,KX4SGE14900,2026-W36,2026-W35,0.0,1.0,-100.0,0.0,1360.0,-100.0,0.0,4.08,0.0,378.35,,27.82,,,0.3,,单量下滑≥20%；销售额下滑≥20%,曝光/点击/CTR/CVR/ACOS/ROAS/活动清单
B0GR4HXWFC,KX4SGE07900,2026-W36,2026-W35,0.0,0.0,,0.0,0.0,,2.72,0.54,-2.72,-0.54,,,,,,,,曝光/点击/CTR/CVR/ACOS/ROAS/活动清单
B0GR4HY8HX,KC4PSP18000,2026-W36,2026-W35,0.0,0.0,,0.0,0.0,,0.0,5.98,0.0,-5.98,,,,,,,,曝光/点击/CTR/CVR/ACOS/ROAS/活动清单
B0GR4J48S5,KC4SGE03500,2026-W36,2026-W35,0.0,0.0,,0.0,0.0,,15.03,5.98,-15.03,-5.98,,,,,,,,曝光/点击/CTR/CVR/ACOS/ROAS/活动清单
B0GR4J4G73,PT4SGE23600,2026-W36,2026-W35,0.0,0.0,,0.0,0.0,,0.0,5.78,0.0,-5.78,,,,,,,,曝光/点击/CTR/CVR/ACOS/ROAS/活动清单
B0GR4JCZ5L,KC4SGE05200,2026-W36,2026-W35,0.0,0.0,,0.0,0.0,,0.0,9.52,0.0,-9.52,,,,,,,,曝光/点击/CTR/CVR/ACOS/ROAS/活动清单
B0GR4JFSLT,KC4SGE03700,2026-W36,2026-W35,0.0,0.0,,0.0,0.0,,0.0,4.56,0.0,-4.56,,,,,,,,曝光/点击/CTR/CVR/ACOS/ROAS/活动清单
B0GR4JKPDL,KX4SGE14900,2026-W36,2026-W35,0.0,0.0,,0.0,0.0,,0.0,0.0,0.0,0.0,,,,,,,,曝光/点击/CTR/CVR/ACOS/ROAS/活动清单
B0GR4JM6HZ,KC4SGE00400,2026-W36,2026-W35,0.0,0.0,,0.0,0.0,,2.31,0.0,-2.31,0.0,,,,,,,,曝光/点击/CTR/CVR/ACOS/ROAS/活动清单
B0GR4JN9WX,PT4SGE21100,2026-W36,2026-W35,0.0,0.0,,0.0,0.0,,6.53,7.21,-6.53,-7.21,,,,,,,,曝光/点击/CTR/CVR/ACOS/ROAS/活动清单
B0GR4JQS8L,KC4SGE00300,2026-W36,2026-W35,0.0,0.0,,0.0,0.0,,5.1,4.08,-5.1,-4.08,,,,,,,,曝光/点击/CTR/CVR/ACOS/ROAS/活动清单
B0GR4JRVTV,KX4SGE17700,2026-W36,2026-W35,0.0,0.0,,0.0,0.0,,3.06,3.26,-3.06,-3.26,,,,,,,,曝光/点击/CTR/CVR/ACOS/ROAS/活动清单
B0GR4JV9H7,KX4SGE17400,2026-W36,2026-W35,1.0,0.0,N/A,802.33,0.0,N/A,4.49,0.0,56.3,0.0,7.02,,,0.56,,,,曝光/点击/CTR/CVR/ACOS/ROAS/活动清单
B0GR4JYZHD,KX4SGE10900,2026-W36,2026-W35,1.0,0.0,N/A,1190.0,0.0,N/A,2.24,0.0,258.99,0.0,21.76,,,0.19,,,,曝光/点击/CTR/CVR/ACOS/ROAS/活动清单
B0GR4K587N,KC4PSP16400,2026-W36,2026-W35,0.0,0.0,,0.0,0.0,,4.9,4.69,-4.9,-4.69,,,,,,,,曝光/点击/CTR/CVR/ACOS/ROAS/活动清单
B0GR4K6KZQ,KX4SGE08600,2026-W36,2026-W35,0.0,0.0,,0.0,0.0,,0.0,4.49,0.0,-4.49,,,,,,,,曝光/点击/CTR/CVR/ACOS/ROAS/活动清单
B0GR4K8KMB,KC4SGE00800,2026-W36,2026-W35,0.0,0.0,,0.0,0.0,,0.0,0.0,0.0,0.0,,,,,,,,曝光/点击/CTR/CVR/ACOS/ROAS/活动清单
B0GR4K8L8W,PT4SGE24100,2026-W36,2026-W35,0.0,1.0,-100.0,0.0,1618.4,-100.0,3.13,4.56,-3.13,339.6,,20.98,,,0.28,,单量下滑≥20%；销售额下滑≥20%,曝光/点击/CTR/CVR/ACOS/ROAS/活动清单
B0GR4KBGHK,PT4SGE20800,2026-W36,2026-W35,0.0,0.0,,0.0,0.0,,9.32,3.88,-9.32,-3.88,,,,,,,,曝光/点击/CTR/CVR/ACOS/ROAS/活动清单
B0GR4KDGGX,KC4SGE05400,2026-W36,2026-W35,0.0,0.0,,0.0,0.0,,10.2,0.0,-10.2,0.0,,,,,,,,曝光/点击/CTR/CVR/ACOS/ROAS/活动清单
B0GR4KF32H,PT4SGE19700,2026-W36,2026-W35,0.0,0.0,,0.0,0.0,,0.0,0.0,0.0,0.0,,,,,,,,曝光/点击/CTR/CVR/ACOS/ROAS/活动清单
B0GR4KG17D,KX4SGE17100,2026-W36,2026-W35,1.0,0.0,N/A,1196.8,0.0,N/A,5.17,7.34,312.0,-7.34,26.07,,,0.43,,,,曝光/点击/CTR/CVR/ACOS/ROAS/活动清单
B0GR4KGLY6,PT4SGE22800,2026-W36,2026-W35,0.0,0.0,,0.0,0.0,,6.12,0.0,-6.12,0.0,,,,,,,,曝光/点击/CTR/CVR/ACOS/ROAS/活动清单
B0GR4KGWDC,KC4SGE00200,2026-W36,2026-W35,0.0,0.0,,0.0,0.0,,0.0,0.0,0.0,0.0,,,,,,,,曝光/点击/CTR/CVR/ACOS/ROAS/活动清单
B0GR4KL1YV,KX4SGE08600,2026-W36,2026-W35,0.0,0.0,,0.0,0.0,,15.3,8.16,-15.3,-8.16,,,,,,,,曝光/点击/CTR/CVR/ACOS/ROAS/活动清单
B0GR4KW4T3,KC4SGE04600,2026-W36,2026-W35,0.0,0.0,,0.0,0.0,,3.74,3.06,-3.74,-3.06,,,,,,,,曝光/点击/CTR/CVR/ACOS/ROAS/活动清单
B0GR4L4W3L,PT4SGE23400,2026-W36,2026-W35,0.0,0.0,,0.0,0.0,,9.11,12.65,-9.11,-12.65,,,,,,,,曝光/点击/CTR/CVR/ACOS/ROAS/活动清单
B0GR4L77BC,KX4SGE12100,2026-W36,2026-W35,0.0,0.0,,0.0,0.0,,0.0,3.74,0.0,-3.74,,,,,,,,曝光/点击/CTR/CVR/ACOS/ROAS/活动清单
B0GR4L7CPP,KC4SGE00300,2026-W36,2026-W35,0.0,0.0,,0.0,0.0,,2.72,16.25,-2.72,-16.25,,,,,,,,曝光/点击/CTR/CVR/ACOS/ROAS/活动清单
B0GR4LG8QK,KC4SGE03500,2026-W36,2026-W35,0.0,0.0,,0.0,0.0,,1.77,4.35,-1.77,-4.35,,,,,,,,曝光/点击/CTR/CVR/ACOS/ROAS/活动清单
B0GR4LNBSM,KC4SGE01700,2026-W36,2026-W35,0.0,0.0,,0.0,0.0,,3.06,0.0,-3.06,0.0,,,,,,,,曝光/点击/CTR/CVR/ACOS/ROAS/活动清单
B0GR4LNWTM,KX4SGE13700,2026-W36,2026-W35,0.0,0.0,,0.0,0.0,,3.06,0.0,-3.06,0.0,,,,,,,,曝光/点击/CTR/CVR/ACOS/ROAS/活动清单
B0GR4LQCD3,KC4SGE01500,2026-W36,2026-W35,0.0,0.0,,0.0,0.0,,2.72,2.72,-2.72,-2.72,,,,,,,,曝光/点击/CTR/CVR/ACOS/ROAS/活动清单
B0GR4LQG1J,KX4SGE13300,2026-W36,2026-W35,0.0,0.0,,0.0,0.0,,16.32,9.45,-16.32,-9.45,,,,,,,,曝光/点击/CTR/CVR/ACOS/ROAS/活动清单
B0GR4LTHQ8,PT4SGE21100,2026-W36,2026-W35,0.0,0.0,,0.0,0.0,,2.72,3.54,-2.72,-3.54,,,,,,,,曝光/点击/CTR/CVR/ACOS/ROAS/活动清单
B0GR4LX9TM,KX4SGE11700,2026-W36,2026-W35,0.0,0.0,,0.0,0.0,,17.07,0.0,-17.07,0.0,,,,,,,,曝光/点击/CTR/CVR/ACOS/ROAS/活动清单
B0GR4LYKRT,PT4SGE21000,2026-W36,2026-W35,0.0,0.0,,0.0,0.0,,3.06,0.0,-3.06,0.0,,,,,,,,曝光/点击/CTR/CVR/ACOS/ROAS/活动清单
B0GR4M4QR4,PT4SGE20100,2026-W36,2026-W35,0.0,0.0,,0.0,0.0,,0.0,0.0,0.0,0.0,,,,,,,,曝光/点击/CTR/CVR/ACOS/ROAS/活动清单
B0GR4M4ZM7,KX4SGE10100,2026-W36,2026-W35,0.0,0.0,,0.0,0.0,,4.76,0.0,-4.76,0.0,,,,,,,,曝光/点击/CTR/CVR/ACOS/ROAS/活动清单
B0GR4M8WWH,KC4SGE01300,2026-W36,2026-W35,0.0,0.0,,0.0,0.0,,8.09,6.53,-8.09,-6.53,,,,,,,,曝光/点击/CTR/CVR/ACOS/ROAS/活动清单
B0GR4MBVLC,KC4PSP17100,2026-W36,2026-W35,0.0,0.0,,0.0,0.0,,0.0,8.16,0.0,-8.16,,,,,,,,曝光/点击/CTR/CVR/ACOS/ROAS/活动清单
B0GR4MC61L,KC4PSP17000,2026-W36,2026-W35,0.0,0.0,,0.0,0.0,,0.0,0.0,0.0,0.0,,,,,,,,曝光/点击/CTR/CVR/ACOS/ROAS/活动清单
B0GR4MD5TY,KX4SGE10700,2026-W36,2026-W35,0.0,0.0,,0.0,0.0,,0.0,0.0,0.0,0.0,,,,,,,,曝光/点击/CTR/CVR/ACOS/ROAS/活动清单
B0GR4MK3S3,KC4SGE00900,2026-W36,2026-W35,0.0,0.0,,0.0,0.0,,0.0,0.0,0.0,0.0,,,,,,,,曝光/点击/CTR/CVR/ACOS/ROAS/活动清单
B0GR4MLBRH,PT4SGE27600,2026-W36,2026-W35,0.0,0.0,,0.0,0.0,,0.0,4.9,0.0,-4.9,,,,,,,,曝光/点击/CTR/CVR/ACOS/ROAS/活动清单
B0GR4MMBH1,KC4SGE00700,2026-W36,2026-W35,0.0,0.0,,0.0,0.0,,22.78,13.26,-22.78,-13.26,,,,,,,,曝光/点击/CTR/CVR/ACOS/ROAS/活动清单
B0GR4MNJ7C,KC4SGE02800,2026-W36,2026-W35,0.0,0.0,,0.0,0.0,,0.0,2.58,0.0,-2.58,,,,,,,,曝光/点击/CTR/CVR/ACOS/ROAS/活动清单
B0GR4MP67V,KX4SGE13200,2026-W36,2026-W35,0.0,0.0,,0.0,0.0,,0.0,0.0,0.0,0.0,,,,,,,,曝光/点击/CTR/CVR/ACOS/ROAS/活动清单
B0GR4MQRJ7,KC4PSP17100,2026-W36,2026-W35,0.0,0.0,,0.0,0.0,,3.26,0.0,-3.26,0.0,,,,,,,,曝光/点击/CTR/CVR/ACOS/ROAS/活动清单
B0GR4MS1CN,KC4SGE00800,2026-W36,2026-W35,0.0,0.0,,0.0,0.0,,3.06,0.0,-3.06,0.0,,,,,,,,曝光/点击/CTR/CVR/ACOS/ROAS/活动清单
B0GR4MXRHY,KC4PSP16400,2026-W36,2026-W35,0.0,1.0,-100.0,0.0,1305.6,-100.0,0.0,0.0,0.0,312.01,,23.9,,,0.0,,单量下滑≥20%；销售额下滑≥20%,曝光/点击/CTR/CVR/ACOS/ROAS/活动清单
B0GR4MZ2S3,KC4SGE00600,2026-W36,2026-W35,0.0,0.0,,0.0,0.0,,10.61,0.0,-10.61,0.0,,,,,,,,曝光/点击/CTR/CVR/ACOS/ROAS/活动清单
B0GR4N1CBL,KX4SGE07700,2026-W36,2026-W35,0.0,1.0,-100.0,0.0,1883.6,-100.0,14.35,14.76,-14.35,456.2,,24.22,,,0.78,,单量下滑≥20%；销售额下滑≥20%,曝光/点击/CTR/CVR/ACOS/ROAS/活动清单
B0GR4NBCFX,PT4SGE26700,2026-W36,2026-W35,0.0,1.0,-100.0,0.0,931.6,-100.0,5.58,3.26,-5.58,216.74,,23.27,,,0.35,,单量下滑≥20%；销售额下滑≥20%,曝光/点击/CTR/CVR/ACOS/ROAS/活动清单
B0GR4NCQ7C,PT4SGE27300,2026-W36,2026-W35,0.0,0.0,,0.0,0.0,,0.0,4.08,0.0,-4.08,,,,,,,,曝光/点击/CTR/CVR/ACOS/ROAS/活动清单
B0GR4ND1ZP,PT4SGE26100,2026-W36,2026-W35,0.0,0.0,,0.0,0.0,,8.77,2.04,-8.77,-2.04,,,,,,,,曝光/点击/CTR/CVR/ACOS/ROAS/活动清单
B0GR4ND73X,PT4SGE18700,2026-W36,2026-W35,0.0,0.0,,0.0,0.0,,4.42,5.03,-4.42,-5.03,,,,,,,,曝光/点击/CTR/CVR/ACOS/ROAS/活动清单
B0GR4NHLT3,PT4SGE21900,2026-W36,2026-W35,0.0,0.0,,0.0,0.0,,0.0,0.0,0.0,0.0,,,,,,,,曝光/点击/CTR/CVR/ACOS/ROAS/活动清单
B0GR4NJQLD,KC4SGE05500,2026-W36,2026-W35,0.0,0.0,,0.0,0.0,,0.0,0.0,0.0,0.0,,,,,,,,曝光/点击/CTR/CVR/ACOS/ROAS/活动清单
B0GR4NQFGB,KX4SGE14700,2026-W36,2026-W35,0.0,0.0,,0.0,0.0,,3.06,5.1,-3.06,-5.1,,,,,,,,曝光/点击/CTR/CVR/ACOS/ROAS/活动清单
B0GR4NVXNK,PT4SGE24900,2026-W36,2026-W35,0.0,0.0,,0.0,0.0,,3.13,5.03,-3.13,-5.03,,,,,,,,曝光/点击/CTR/CVR/ACOS/ROAS/活动清单
B0GR4NYWGY,PT4SGE18500,2026-W36,2026-W35,1.0,0.0,N/A,632.4,0.0,N/A,9.38,0.0,157.3,0.0,24.87,,,1.48,,,,曝光/点击/CTR/CVR/ACOS/ROAS/活动清单
B0GR4P43Z7,KC4SGE00200,2026-W36,2026-W35,0.0,0.0,,0.0,0.0,,0.0,0.0,0.0,0.0,,,,,,,,曝光/点击/CTR/CVR/ACOS/ROAS/活动清单
B0GR4P6C6J,KX4SGE08500,2026-W36,2026-W35,0.0,0.0,,0.0,0.0,,3.54,0.0,-3.54,0.0,,,,,,,,曝光/点击/CTR/CVR/ACOS/ROAS/活动清单
B0GR4PN1R8,PT4SGE19400,2026-W36,2026-W35,0.0,0.0,,0.0,0.0,,3.06,0.0,-3.06,0.0,,,,,,,,曝光/点击/CTR/CVR/ACOS/ROAS/活动清单
B0GR4PNMHT,PT4SGE18300,2026-W36,2026-W35,0.0,0.0,,0.0,0.0,,1.36,0.0,-1.36,0.0,,,,,,,,曝光/点击/CTR/CVR/ACOS/ROAS/活动清单
B0GR4PP4TT,PT4SGE26500,2026-W36,2026-W35,0.0,0.0,,0.0,0.0,,0.0,3.06,0.0,-3.06,,,,,,,,曝光/点击/CTR/CVR/ACOS/ROAS/活动清单
B0GR4PVZMB,PT4SGE26000,2026-W36,2026-W35,0.0,1.0,-100.0,0.0,632.4,-100.0,11.76,9.18,-11.76,344.69,,54.5,,,1.45,,单量下滑≥20%；销售额下滑≥20%,曝光/点击/CTR/CVR/ACOS/ROAS/活动清单
B0GR4Q79LQ,PT4SGE21000,2026-W36,2026-W35,0.0,0.0,,0.0,0.0,,3.13,0.0,-3.13,0.0,,,,,,,,曝光/点击/CTR/CVR/ACOS/ROAS/活动清单
B0GR4QH9RQ,PT4SGE26700,2026-W36,2026-W35,0.0,0.0,,0.0,0.0,,0.0,3.06,0.0,-3.06,,,,,,,,曝光/点击/CTR/CVR/ACOS/ROAS/活动清单
B0GR4QK84Z,KC4SGE04300,2026-W36,2026-W35,1.0,0.0,N/A,775.2,0.0,N/A,32.91,17.34,44.01,-17.34,5.68,,,4.25,,,,曝光/点击/CTR/CVR/ACOS/ROAS/活动清单
B0GR4QK87D,KX4SGE11100,2026-W36,2026-W35,0.0,0.0,,0.0,0.0,,10.88,0.0,-10.88,0.0,,,,,,,,曝光/点击/CTR/CVR/ACOS/ROAS/活动清单
B0GR4QMTMG,KC4SGE05400,2026-W36,2026-W35,0.0,0.0,,0.0,0.0,,3.06,0.0,-3.06,0.0,,,,,,,,曝光/点击/CTR/CVR/ACOS/ROAS/活动清单
B0GR4QN4DC,KX4SGE13500,2026-W36,2026-W35,0.0,0.0,,0.0,0.0,,6.12,9.59,-6.12,-9.59,,,,,,,,曝光/点击/CTR/CVR/ACOS/ROAS/活动清单
B0GR4QSQS6,PT4SGE22200,2026-W36,2026-W35,0.0,0.0,,0.0,0.0,,0.0,0.0,0.0,0.0,,,,,,,,曝光/点击/CTR/CVR/ACOS/ROAS/活动清单
B0GR4QTT46,KC4PSP16400,2026-W36,2026-W35,0.0,0.0,,0.0,0.0,,7.14,3.26,-7.14,-3.26,,,,,,,,曝光/点击/CTR/CVR/ACOS/ROAS/活动清单
B0GR4QVTBF,KC4SGE02400,2026-W36,2026-W35,0.0,0.0,,0.0,0.0,,3.26,3.13,-3.26,-3.13,,,,,,,,曝光/点击/CTR/CVR/ACOS/ROAS/活动清单
B0GR4R5P5F,KX4SGE10300,2026-W36,2026-W35,0.0,0.0,,0.0,0.0,,5.98,12.65,-5.98,-12.65,,,,,,,,曝光/点击/CTR/CVR/ACOS/ROAS/活动清单
B0GR4R6P5P,PT4SGE22200,2026-W36,2026-W35,0.0,0.0,,0.0,0.0,,0.0,0.0,0.0,0.0,,,,,,,,曝光/点击/CTR/CVR/ACOS/ROAS/活动清单
B0GR4R8THQ,KC4SGE01600,2026-W36,2026-W35,0.0,0.0,,0.0,0.0,,7.34,0.0,-7.34,0.0,,,,,,,,曝光/点击/CTR/CVR/ACOS/ROAS/活动清单
B0GR4RC999,PT4SGE20500,2026-W36,2026-W35,0.0,0.0,,0.0,0.0,,3.81,8.77,-3.81,-8.77,,,,,,,,曝光/点击/CTR/CVR/ACOS/ROAS/活动清单
B0GR4RPNGF,KC4SGE03700,2026-W36,2026-W35,0.0,0.0,,0.0,0.0,,0.0,0.0,0.0,0.0,,,,,,,,曝光/点击/CTR/CVR/ACOS/ROAS/活动清单
B0GR4RWQ1V,KX4SGE10900,2026-W36,2026-W35,0.0,0.0,,0.0,0.0,,0.0,7.14,0.0,-7.14,,,,,,,,曝光/点击/CTR/CVR/ACOS/ROAS/活动清单
B0GR4S48FD,KC4SGE05300,2026-W36,2026-W35,0.0,0.0,,0.0,0.0,,0.0,0.0,0.0,0.0,,,,,,,,曝光/点击/CTR/CVR/ACOS/ROAS/活动清单
B0GR4S575S,KC4SGE01400,2026-W36,2026-W35,0.0,0.0,,0.0,0.0,,5.1,0.0,-5.1,0.0,,,,,,,,曝光/点击/CTR/CVR/ACOS/ROAS/活动清单
B0GR4S6CNN,PT4SGE19200,2026-W36,2026-W35,0.0,0.0,,0.0,0.0,,17.34,2.72,-17.34,-2.72,,,,,,,,曝光/点击/CTR/CVR/ACOS/ROAS/活动清单
B0GR4S9F1W,KC4PSP18100,2026-W36,2026-W35,0.0,0.0,,0.0,0.0,,0.0,8.43,0.0,-8.43,,,,,,,,曝光/点击/CTR/CVR/ACOS/ROAS/活动清单
B0GR4S9GR5,PT4SGE25600,2026-W36,2026-W35,0.0,0.0,,0.0,0.0,,8.7,5.17,-8.7,-5.17,,,,,,,,曝光/点击/CTR/CVR/ACOS/ROAS/活动清单
B0GR4SG59L,KX4SGE15200,2026-W36,2026-W35,0.0,0.0,,0.0,0.0,,0.0,0.0,0.0,0.0,,,,,,,,曝光/点击/CTR/CVR/ACOS/ROAS/活动清单
B0GR4SGHKZ,KC4SGE05200,2026-W36,2026-W35,0.0,0.0,,0.0,0.0,,0.0,3.06,0.0,-3.06,,,,,,,,曝光/点击/CTR/CVR/ACOS/ROAS/活动清单
B0GR4T2Z1Q,KC4SGE04600,2026-W36,2026-W35,0.0,0.0,,0.0,0.0,,3.26,5.98,-3.26,-5.98,,,,,,,,曝光/点击/CTR/CVR/ACOS/ROAS/活动清单
B0GR4T2ZBQ,PT4SGE23600,2026-W36,2026-W35,0.0,0.0,,0.0,0.0,,0.0,0.0,0.0,0.0,,,,,,,,曝光/点击/CTR/CVR/ACOS/ROAS/活动清单
B0GR4T493P,KX4SGE08500,2026-W36,2026-W35,0.0,0.0,,0.0,0.0,,18.36,0.0,-18.36,0.0,,,,,,,,曝光/点击/CTR/CVR/ACOS/ROAS/活动清单
B0GR4T5WVG,PT4SGE23300,2026-W36,2026-W35,0.0,0.0,,0.0,0.0,,0.41,0.0,-0.41,0.0,,,,,,,,曝光/点击/CTR/CVR/ACOS/ROAS/活动清单
B0GR4T8KNN,KX4SGE08100,2026-W36,2026-W35,0.0,0.0,,0.0,0.0,,24.68,9.38,-24.68,-9.38,,,,,,,,曝光/点击/CTR/CVR/ACOS/ROAS/活动清单
B0GR4THQNB,PT4SGE22500,2026-W36,2026-W35,0.0,0.0,,0.0,0.0,,5.98,3.26,-5.98,-3.26,,,,,,,,曝光/点击/CTR/CVR/ACOS/ROAS/活动清单
B0GR4TMSHC,KC4SGE04700,2026-W36,2026-W35,0.0,0.0,,0.0,0.0,,16.46,1.84,-16.46,-0.18,,,,,,,,曝光/点击/CTR/CVR/ACOS/ROAS/活动清单
B0GR4TR154,PT4SGE28200,2026-W36,2026-W35,0.0,0.0,,0.0,0.0,,0.0,3.06,0.0,-3.06,,,,,,,,曝光/点击/CTR/CVR/ACOS/ROAS/活动清单
B0GR4TWF3D,PT4SGE20800,2026-W36,2026-W35,0.0,0.0,,0.0,0.0,,13.06,0.0,-13.06,0.0,,,,,,,,曝光/点击/CTR/CVR/ACOS/ROAS/活动清单
B0GR4TXN5L,PT4SGE25800,2026-W36,2026-W35,0.0,0.0,,0.0,0.0,,7.75,0.0,-7.75,0.0,,,,,,,,曝光/点击/CTR/CVR/ACOS/ROAS/活动清单
B0GR4TYCKZ,KX4SGE10100,2026-W36,2026-W35,1.0,0.0,N/A,1326.0,0.0,N/A,5.92,0.0,350.95,0.0,26.47,,,0.45,,,,曝光/点击/CTR/CVR/ACOS/ROAS/活动清单
B0GR4TZF7Y,KX4SGE12700,2026-W36,2026-W35,0.0,0.0,,0.0,0.0,,5.44,2.72,-5.44,-2.72,,,,,,,,曝光/点击/CTR/CVR/ACOS/ROAS/活动清单
B0GR4TZZVL,KX4SGE17100,2026-W36,2026-W35,0.0,0.0,,0.0,0.0,,11.63,5.44,-11.63,-5.44,,,,,,,,曝光/点击/CTR/CVR/ACOS/ROAS/活动清单
B0GR4V1436,KX4SGE12900,2026-W36,2026-W35,0.0,0.0,,0.0,0.0,,15.37,5.44,-15.37,-5.44,,,,,,,,曝光/点击/CTR/CVR/ACOS/ROAS/活动清单
B0GR4V3RNT,KC4SGE00400,2026-W36,2026-W35,0.0,0.0,,0.0,0.0,,0.0,4.28,0.0,-4.28,,,,,,,,曝光/点击/CTR/CVR/ACOS/ROAS/活动清单
B0GR4VR2SK,PT4SGE19900,2026-W36,2026-W35,0.0,0.0,,0.0,0.0,,7.14,4.01,-7.14,-4.01,,,,,,,,曝光/点击/CTR/CVR/ACOS/ROAS/活动清单
B0GR4VSZKG,KC4SGE03000,2026-W36,2026-W35,0.0,0.0,,0.0,0.0,,0.0,0.0,0.0,0.0,,,,,,,,曝光/点击/CTR/CVR/ACOS/ROAS/活动清单
B0GR4VVMTR,KX4SGE09200,2026-W36,2026-W35,0.0,0.0,,0.0,0.0,,0.0,0.0,0.0,0.0,,,,,,,,曝光/点击/CTR/CVR/ACOS/ROAS/活动清单
B0GR4VXJ7X,KX4SGE09100,2026-W36,2026-W35,0.0,0.0,,0.0,0.0,,14.21,0.0,-14.21,0.0,,,,,,,,曝光/点击/CTR/CVR/ACOS/ROAS/活动清单
B0GR4WDDY4,KX4SGE14500,2026-W36,2026-W35,0.0,0.0,,0.0,0.0,,0.0,0.0,0.0,0.0,,,,,,,,曝光/点击/CTR/CVR/ACOS/ROAS/活动清单
B0GR4X1J38,PT4SGE23300,2026-W36,2026-W35,0.0,0.0,,0.0,0.0,,11.76,8.7,-11.76,-8.7,,,,,,,,曝光/点击/CTR/CVR/ACOS/ROAS/活动清单
B0GR4X4WS6,KX4SGE16500,2026-W36,2026-W35,0.0,0.0,,0.0,0.0,,7.14,0.0,-7.14,0.0,,,,,,,,曝光/点击/CTR/CVR/ACOS/ROAS/活动清单
B0GR4XKFB3,KX4SGE13500,2026-W36,2026-W35,0.0,0.0,,0.0,0.0,,0.0,0.0,0.0,0.0,,,,,,,,曝光/点击/CTR/CVR/ACOS/ROAS/活动清单
B0GR4YJ9N7,PT4SGE27000,2026-W36,2026-W35,0.0,0.0,,0.0,0.0,,0.0,5.3,0.0,-5.3,,,,,,,,曝光/点击/CTR/CVR/ACOS/ROAS/活动清单
B0GR4YSTZ1,PT4SGE26300,2026-W36,2026-W35,0.0,0.0,,0.0,0.0,,3.13,0.0,-3.13,0.0,,,,,,,,曝光/点击/CTR/CVR/ACOS/ROAS/活动清单
B0GR51CJ8M,OO4SGE37000,2026-W36,2026-W35,0.0,1.0,-100.0,0.0,1040.4,-100.0,12.24,18.77,-12.24,133.35,,12.82,,,1.8,,单量下滑≥20%；销售额下滑≥20%,曝光/点击/CTR/CVR/ACOS/ROAS/活动清单
B0GR51JFYN,KX4SGE08900,2026-W36,2026-W35,0.0,0.0,,0.0,0.0,,3.06,0.0,-3.06,0.0,,,,,,,,曝光/点击/CTR/CVR/ACOS/ROAS/活动清单
B0GR51NGZQ,PT4SGE19600,2026-W36,2026-W35,0.0,0.0,,0.0,0.0,,6.12,13.26,-6.12,-13.26,,,,,,,,曝光/点击/CTR/CVR/ACOS/ROAS/活动清单
B0GR52BXCF,KC4SGE00500,2026-W36,2026-W35,0.0,0.0,,0.0,0.0,,4.56,0.0,-4.56,0.0,,,,,,,,曝光/点击/CTR/CVR/ACOS/ROAS/活动清单
B0GR52L493,PT4SGE22700,2026-W36,2026-W35,0.0,0.0,,0.0,0.0,,6.6,4.69,-6.6,-4.69,,,,,,,,曝光/点击/CTR/CVR/ACOS/ROAS/活动清单
B0GR52L5DW,KX4SGE17300,2026-W36,2026-W35,0.0,0.0,,0.0,0.0,,30.87,0.0,-30.87,0.0,,,,,,,,曝光/点击/CTR/CVR/ACOS/ROAS/活动清单
B0GR548JHZ,PT4SGE24300,2026-W36,2026-W35,0.0,0.0,,0.0,0.0,,10.27,3.33,-10.27,-3.33,,,,,,,,曝光/点击/CTR/CVR/ACOS/ROAS/活动清单
B0GR59R67B,KC4SGE04800,2026-W36,2026-W35,0.0,0.0,,0.0,0.0,,7.75,0.0,-7.75,0.0,,,,,,,,曝光/点击/CTR/CVR/ACOS/ROAS/活动清单
B0GSCDLN3Y,OO4SGE38000,2026-W36,2026-W35,0.0,0.0,,0.0,0.0,,5.3,5.1,-5.3,-5.1,,,,,,,,曝光/点击/CTR/CVR/ACOS/ROAS/活动清单
B0GSCDPFX1,OO4SGE38100,2026-W36,2026-W35,0.0,0.0,,0.0,0.0,,0.0,2.72,0.0,-2.72,,,,,,,,曝光/点击/CTR/CVR/ACOS/ROAS/活动清单
B0GSCDPTTP,OO4SGE36200,2026-W36,2026-W35,0.0,0.0,,0.0,0.0,,15.91,50.12,-15.91,-50.12,,,,,,,,曝光/点击/CTR/CVR/ACOS/ROAS/活动清单
B0GSCGSCM3,OO4SGE34600,2026-W36,2026-W35,1.0,1.0,0.0,1550.4,1550.4,0.0,0.0,39.71,386.26,346.54,24.91,22.35,11.46,0.0,2.56,-100.0,,曝光/点击/CTR/CVR/ACOS/ROAS/活动清单
B0GSCHRBZ9,OO4SGE38900,2026-W36,2026-W35,0.0,1.0,-100.0,0.0,877.2,-100.0,0.0,20.74,0.0,375.16,,42.77,,,2.36,,单量下滑≥20%；销售额下滑≥20%,曝光/点击/CTR/CVR/ACOS/ROAS/活动清单
B0GSCHV15P,OO4SGE39100,2026-W36,2026-W35,0.0,0.0,,0.0,0.0,,12.65,37.2,-12.65,-37.2,,,,,,,,曝光/点击/CTR/CVR/ACOS/ROAS/活动清单
B0GSCKK336,OO4SGE37700,2026-W36,2026-W35,1.0,0.0,N/A,1326.0,0.0,N/A,15.91,11.22,386.27,-11.22,29.13,,,1.2,,,,曝光/点击/CTR/CVR/ACOS/ROAS/活动清单
B0GSCQZNBJ,OO4SGE36800,2026-W36,2026-W35,0.0,1.0,-100.0,0.0,1428.0,-100.0,5.64,6.66,-5.64,346.54,,24.27,,,0.47,,单量下滑≥20%；销售额下滑≥20%,曝光/点击/CTR/CVR/ACOS/ROAS/活动清单
B0GSCSFKHG,OO4SGE37300,2026-W36,2026-W35,0.0,0.0,,0.0,0.0,,0.0,0.0,0.0,0.0,,,,,,,,曝光/点击/CTR/CVR/ACOS/ROAS/活动清单
B0GSCTYV8X,OO4SGE38400,2026-W36,2026-W35,0.0,0.0,,0.0,0.0,,23.94,9.25,-23.94,-9.25,,,,,,,,曝光/点击/CTR/CVR/ACOS/ROAS/活动清单
B0GSCYCMBG,OO4SGE34100,2026-W36,2026-W35,0.0,0.0,,0.0,0.0,,18.02,6.12,-18.02,-6.12,,,,,,,,曝光/点击/CTR/CVR/ACOS/ROAS/活动清单
B0GSCYD16G,OO4SGE38200,2026-W36,2026-W35,0.0,0.0,,0.0,0.0,,3.26,3.06,-3.26,-3.06,,,,,,,,曝光/点击/CTR/CVR/ACOS/ROAS/活动清单
B0GSCYWWKW,OO4SGE38800,2026-W36,2026-W35,0.0,1.0,-100.0,0.0,727.6,-100.0,15.37,16.73,-15.37,145.8,,20.04,,,2.3,,单量下滑≥20%；销售额下滑≥20%,曝光/点击/CTR/CVR/ACOS/ROAS/活动清单
B0GSCZ2K1B,OO4SGE37500,2026-W36,2026-W35,2.0,0.0,N/A,2380.0,0.0,N/A,14.08,5.64,649.01,-5.64,27.27,,,0.59,,,,曝光/点击/CTR/CVR/ACOS/ROAS/活动清单
B0GSD1T7VX,OO4SGE38500,2026-W36,2026-W35,1.0,0.0,N/A,1135.6,0.0,N/A,8.36,9.93,351.12,-9.93,30.92,,,0.74,,,,曝光/点击/CTR/CVR/ACOS/ROAS/活动清单
B0GSD2NZ7K,OO4SGE38300,2026-W36,2026-W35,0.0,0.0,,0.0,0.0,,7.14,5.92,-7.14,-5.92,,,,,,,,曝光/点击/CTR/CVR/ACOS/ROAS/活动清单
B0GSD39Q7L,OO4SGE35600,2026-W36,2026-W35,0.0,1.0,-100.0,0.0,1346.4,-100.0,38.42,3.26,-38.42,363.48,,27.0,,,0.24,,单量下滑≥20%；销售额下滑≥20%,曝光/点击/CTR/CVR/ACOS/ROAS/活动清单
B0GSD5QBTT,OO4SGE35200,2026-W36,2026-W35,1.0,0.0,N/A,1094.8,0.0,N/A,0.0,1.36,113.47,-1.36,10.36,,,0.0,,,,曝光/点击/CTR/CVR/ACOS/ROAS/活动清单
B0GTSC9PSP,OO4SGE35700,2026-W36,2026-W35,0.0,0.0,,0.0,0.0,,0.0,6.12,0.0,-6.12,,,,,,,,曝光/点击/CTR/CVR/ACOS/ROAS/活动清单
B0GTT2B7VM,OO4SGE34000,2026-W36,2026-W35,1.0,0.0,N/A,952.0,0.0,N/A,9.11,7.89,113.63,-7.89,11.94,,,0.96,,,,曝光/点击/CTR/CVR/ACOS/ROAS/活动清单
B0GTT2ZVN4,OO4SGE36000,2026-W36,2026-W35,0.0,1.0,-100.0,0.0,1659.2,-100.0,53.99,55.42,-53.99,404.76,,24.39,,,3.34,,单量下滑≥20%；销售额下滑≥20%,曝光/点击/CTR/CVR/ACOS/ROAS/活动清单
B0GTT7Y37J,OO4SGE38000,2026-W36,2026-W35,0.0,0.0,,0.0,0.0,,17.75,20.74,-17.75,-20.74,,,,,,,,曝光/点击/CTR/CVR/ACOS/ROAS/活动清单
B0GTT88NQL,OO4SGE36600,2026-W36,2026-W35,0.0,0.0,,0.0,0.0,,0.0,11.83,0.0,-11.83,,,,,,,,曝光/点击/CTR/CVR/ACOS/ROAS/活动清单
B0GTT8WX7B,OO4SGE35600,2026-W36,2026-W35,1.0,1.0,0.0,1346.4,1346.4,0.0,36.58,22.78,330.16,343.96,24.52,25.55,-4.01,2.72,1.69,60.6,TACOS上升≥30%,曝光/点击/CTR/CVR/ACOS/ROAS/活动清单
B0GTT935H4,OO4SGE38900,2026-W36,2026-W35,0.0,0.0,,0.0,0.0,,0.0,0.0,0.0,0.0,,,,,,,,曝光/点击/CTR/CVR/ACOS/ROAS/活动清单
B0GTT9GQTF,OO4SGE36800,2026-W36,2026-W35,0.0,0.0,,0.0,0.0,,3.26,3.26,-3.26,-3.26,,,,,,,,曝光/点击/CTR/CVR/ACOS/ROAS/活动清单
B0GTTBF54X,OO4SGE36900,2026-W36,2026-W35,0.0,0.0,,0.0,0.0,,0.0,12.31,0.0,-12.31,,,,,,,,曝光/点击/CTR/CVR/ACOS/ROAS/活动清单
B0GTTBGZ98,OO4SGE38300,2026-W36,2026-W35,0.0,0.0,,0.0,0.0,,15.37,20.47,-15.37,-20.47,,,,,,,,曝光/点击/CTR/CVR/ACOS/ROAS/活动清单
B0GTTCFZKC,OO4SGE37700,2026-W36,2026-W35,0.0,0.0,,0.0,0.0,,18.02,15.37,-18.02,-15.37,,,,,,,,曝光/点击/CTR/CVR/ACOS/ROAS/活动清单
B0GTTD3KYH,OO4SGE39000,2026-W36,2026-W35,0.0,1.0,-100.0,0.0,727.6,-100.0,0.0,0.0,0.0,213.68,,29.37,,,0.0,,单量下滑≥20%；销售额下滑≥20%,曝光/点击/CTR/CVR/ACOS/ROAS/活动清单
B0GTTFC9WL,OO4SGE35700,2026-W36,2026-W35,0.0,0.0,,0.0,0.0,,0.0,3.06,0.0,-3.06,,,,,,,,曝光/点击/CTR/CVR/ACOS/ROAS/活动清单
B0GTTG712J,OO4SGE34600,2026-W36,2026-W35,1.0,0.0,N/A,1550.4,0.0,N/A,0.0,22.78,387.49,-22.78,24.99,,,0.0,,,,曝光/点击/CTR/CVR/ACOS/ROAS/活动清单
B0GTTG7NQZ,OO4SGE38200,2026-W36,2026-W35,0.0,0.0,,0.0,0.0,,6.12,3.06,-6.12,-3.06,,,,,,,,曝光/点击/CTR/CVR/ACOS/ROAS/活动清单
B0GTTG7ZVC,OO4SGE38500,2026-W36,2026-W35,0.0,0.0,,0.0,0.0,,8.91,8.5,-8.91,-8.5,,,,,,,,曝光/点击/CTR/CVR/ACOS/ROAS/活动清单
B0GTTGB2F7,OO4SGE38100,2026-W36,2026-W35,0.0,0.0,,0.0,0.0,,3.06,6.39,-3.06,-6.39,,,,,,,,曝光/点击/CTR/CVR/ACOS/ROAS/活动清单
B0GTTGJ9TP,OO4SGE34000,2026-W36,2026-W35,0.0,0.0,,0.0,0.0,,0.0,9.25,0.0,-9.25,,,,,,,,曝光/点击/CTR/CVR/ACOS/ROAS/活动清单
B0GTTGYGPS,OO4SGE38400,2026-W36,2026-W35,0.0,0.0,,0.0,0.0,,6.19,2.18,-6.19,-2.18,,,,,,,,曝光/点击/CTR/CVR/ACOS/ROAS/活动清单
B0GTTHLTHZ,OO4SGE38800,2026-W36,2026-W35,0.0,0.0,,0.0,0.0,,6.32,11.63,-6.32,-11.63,,,,,,,,曝光/点击/CTR/CVR/ACOS/ROAS/活动清单
B0GTTJ6XH1,OO4SGE37700,2026-W36,2026-W35,0.0,0.0,,0.0,0.0,,15.5,3.26,-15.5,-3.26,,,,,,,,曝光/点击/CTR/CVR/ACOS/ROAS/活动清单
B0GTTJPBYK,OO4SGE38100,2026-W36,2026-W35,0.0,0.0,,0.0,0.0,,4.08,14.89,-4.08,-14.89,,,,,,,,曝光/点击/CTR/CVR/ACOS/ROAS/活动清单
B0GTTK8CX2,OO4SGE38600,2026-W36,2026-W35,0.0,0.0,,0.0,0.0,,0.41,0.0,-0.41,0.0,,,,,,,,曝光/点击/CTR/CVR/ACOS/ROAS/活动清单
B0GTTKP5RB,OO4SGE36800,2026-W36,2026-W35,0.0,0.0,,0.0,0.0,,0.0,6.87,0.0,-6.87,,,,,,,,曝光/点击/CTR/CVR/ACOS/ROAS/活动清单
B0GTTL469N,OO4SGE36600,2026-W36,2026-W35,0.0,0.0,,0.0,0.0,,17.34,7.68,-17.34,-7.68,,,,,,,,曝光/点击/CTR/CVR/ACOS/ROAS/活动清单
B0GTTL5QMS,OO4SGE36000,2026-W36,2026-W35,0.0,0.0,,0.0,0.0,,3.06,44.4,-3.06,-44.4,,,,,,,,曝光/点击/CTR/CVR/ACOS/ROAS/活动清单
B0GTTL85NY,OO4SGE38800,2026-W36,2026-W35,0.0,0.0,,0.0,0.0,,6.12,0.0,-6.12,0.0,,,,,,,,曝光/点击/CTR/CVR/ACOS/ROAS/活动清单
B0GTTPHJM3,OO4SGE38200,2026-W36,2026-W35,0.0,0.0,,0.0,0.0,,9.18,2.11,-9.18,-2.11,,,,,,,,曝光/点击/CTR/CVR/ACOS/ROAS/活动清单
B0GTTPRT8T,OO4SGE34100,2026-W36,2026-W35,0.0,0.0,,0.0,0.0,,4.08,6.12,-4.08,-6.12,,,,,,,,曝光/点击/CTR/CVR/ACOS/ROAS/活动清单
B0GTTQ9NMZ,OO4SGE35600,2026-W36,2026-W35,2.0,0.0,N/A,2692.8,0.0,N/A,3.26,3.74,730.22,-3.74,27.12,,,0.12,,,,曝光/点击/CTR/CVR/ACOS/ROAS/活动清单
B0GTTQVXS1,OO4SGE34300,2026-W36,2026-W35,0.0,0.0,,0.0,0.0,,11.42,18.97,-11.42,-18.97,,,,,,,,曝光/点击/CTR/CVR/ACOS/ROAS/活动清单
B0GTTRFX2D,OO4SGE37500,2026-W36,2026-W35,0.0,0.0,,0.0,0.0,,3.26,2.86,-3.26,-2.86,,,,,,,,曝光/点击/CTR/CVR/ACOS/ROAS/活动清单
B0GTTTXGTB,OO4SGE34600,2026-W36,2026-W35,0.0,0.0,,0.0,0.0,,3.26,13.67,-3.26,-13.67,,,,,,,,曝光/点击/CTR/CVR/ACOS/ROAS/活动清单
B0GTTZ8SDP,OO4SGE38900,2026-W36,2026-W35,0.0,0.0,,0.0,0.0,,0.0,0.0,0.0,0.0,,,,,,,,曝光/点击/CTR/CVR/ACOS/ROAS/活动清单
B0GWPRC3F4,OO4SGE36000,2026-W36,2026-W35,0.0,0.0,,0.0,0.0,,0.0,3.26,0.0,-3.26,,,,,,,,曝光/点击/CTR/CVR/ACOS/ROAS/活动清单
B0GWPZWYJG,OO4SGE34000,2026-W36,2026-W35,0.0,0.0,,0.0,0.0,,0.0,3.2,0.0,-3.2,,,,,,,,曝光/点击/CTR/CVR/ACOS/ROAS/活动清单
B0GXYT81R6,KX4SGE10900,2026-W36,2026-W35,0.0,0.0,,0.0,0.0,,0.0,0.0,0.0,0.0,,,,,,,,曝光/点击/CTR/CVR/ACOS/ROAS/活动清单
B0GY7WKN8W,KC4SGE03500,2026-W36,2026-W35,0.0,0.0,,0.0,0.0,,0.0,0.0,0.0,0.0,,,,,,,,曝光/点击/CTR/CVR/ACOS/ROAS/活动清单
B0GY81W62G,KC4PSP18000,2026-W36,2026-W35,0.0,0.0,,0.0,0.0,,0.0,0.0,0.0,0.0,,,,,,,,曝光/点击/CTR/CVR/ACOS/ROAS/活动清单
B0GY82B9RX,KC4SGE03200,2026-W36,2026-W35,0.0,0.0,,0.0,0.0,,0.0,0.0,0.0,0.0,,,,,,,,曝光/点击/CTR/CVR/ACOS/ROAS/活动清单
B0GY833YXY,KC4PSP18200,2026-W36,2026-W35,0.0,0.0,,0.0,0.0,,0.0,0.0,0.0,0.0,,,,,,,,曝光/点击/CTR/CVR/ACOS/ROAS/活动清单
B0GY85VZTV,KC4PSP16100,2026-W36,2026-W35,0.0,0.0,,0.0,0.0,,0.0,0.0,-5.5,-23.35,,,,,,,,曝光/点击/CTR/CVR/ACOS/ROAS/活动清单
B0GY868168,KC4SGE03700,2026-W36,2026-W35,0.0,0.0,,0.0,0.0,,0.0,0.0,0.0,0.0,,,,,,,,曝光/点击/CTR/CVR/ACOS/ROAS/活动清单
B0GY868B4Y,KC4PSP17200,2026-W36,2026-W35,0.0,0.0,,0.0,0.0,,0.0,0.0,0.0,0.0,,,,,,,,曝光/点击/CTR/CVR/ACOS/ROAS/活动清单
B0GY86CJH2,KC4SGE03400,2026-W36,2026-W35,0.0,0.0,,0.0,0.0,,0.0,0.0,0.0,0.0,,,,,,,,曝光/点击/CTR/CVR/ACOS/ROAS/活动清单
B0GY8742BS,KC4SGE04100,2026-W36,2026-W35,0.0,0.0,,0.0,0.0,,0.0,0.0,0.0,0.0,,,,,,,,曝光/点击/CTR/CVR/ACOS/ROAS/活动清单
B0GY88X6RT,KC4PSP17900,2026-W36,2026-W35,0.0,0.0,,0.0,0.0,,0.0,0.0,0.0,0.0,,,,,,,,曝光/点击/CTR/CVR/ACOS/ROAS/活动清单
B0GY8CJ123,KC4PSP16200,2026-W36,2026-W35,1.0,0.0,N/A,1392.5,0.0,N/A,0.0,6.66,255.75,-15.48,18.37,,,0.0,,,,曝光/点击/CTR/CVR/ACOS/ROAS/活动清单
B0GY8CY4KK,KC4SGE02800,2026-W36,2026-W35,0.0,0.0,,0.0,0.0,,0.0,0.0,0.0,0.0,,,,,,,,曝光/点击/CTR/CVR/ACOS/ROAS/活动清单
B0GYCBYQ5N,KX4SGE09700,2026-W36,2026-W35,0.0,0.0,,0.0,0.0,,0.0,0.0,0.0,0.0,,,,,,,,曝光/点击/CTR/CVR/ACOS/ROAS/活动清单
B0GYCCJWVR,KX4SGE08100,2026-W36,2026-W35,0.0,0.0,,0.0,0.0,,0.0,3.26,0.0,-3.26,,,,,,,,曝光/点击/CTR/CVR/ACOS/ROAS/活动清单
B0GYCDWN3C,KX4SGE15400,2026-W36,2026-W35,2.0,1.0,100.0,2073.05,1036.52,100.0,9.38,3.26,519.41,274.09,25.06,26.44,-5.25,0.45,0.31,43.75,TACOS上升≥30%,曝光/点击/CTR/CVR/ACOS/ROAS/活动清单
B0GYCJ36YY,KX4SGE08000,2026-W36,2026-W35,0.0,0.0,,0.0,0.0,,0.0,0.0,0.0,0.0,,,,,,,,曝光/点击/CTR/CVR/ACOS/ROAS/活动清单
B0GYCJPLXD,KX4SGE08800,2026-W36,2026-W35,0.0,0.0,,0.0,0.0,,0.0,0.0,0.0,0.0,,,,,,,,曝光/点击/CTR/CVR/ACOS/ROAS/活动清单
B0GYCJSY3T,KX4SGE14500,2026-W36,2026-W35,0.0,0.0,,0.0,0.0,,0.0,0.0,0.0,0.0,,,,,,,,曝光/点击/CTR/CVR/ACOS/ROAS/活动清单
B0GYCK9Q11,KX4SGE08600,2026-W36,2026-W35,0.0,0.0,,0.0,0.0,,0.0,0.0,0.0,0.0,,,,,,,,曝光/点击/CTR/CVR/ACOS/ROAS/活动清单
B0GYCKBPPN,KX4SGE10300,2026-W36,2026-W35,0.0,0.0,,0.0,0.0,,0.0,0.0,0.0,0.0,,,,,,,,曝光/点击/CTR/CVR/ACOS/ROAS/活动清单
B0GYCLBKL9,KX4SGE17100,2026-W36,2026-W35,0.0,0.0,,0.0,0.0,,0.0,0.0,0.0,0.0,,,,,,,,曝光/点击/CTR/CVR/ACOS/ROAS/活动清单
B0GYCM3R5R,KX4SGE16800,2026-W36,2026-W35,0.0,0.0,,0.0,0.0,,0.0,0.0,0.0,0.0,,,,,,,,曝光/点击/CTR/CVR/ACOS/ROAS/活动清单
B0GYCN1V62,KX4SGE13300,2026-W36,2026-W35,0.0,0.0,,0.0,0.0,,0.0,0.0,0.0,0.0,,,,,,,,曝光/点击/CTR/CVR/ACOS/ROAS/活动清单
B0GYCQ3GM1,KX4SGE14900,2026-W36,2026-W35,0.0,0.0,,0.0,0.0,,0.0,0.0,0.0,0.0,,,,,,,,曝光/点击/CTR/CVR/ACOS/ROAS/活动清单
B0GYCQNC4L,KX4SGE12900,2026-W36,2026-W35,0.0,0.0,,0.0,0.0,,0.0,3.26,0.0,-3.26,,,,,,,,曝光/点击/CTR/CVR/ACOS/ROAS/活动清单
B0GYCRDGCB,KX4SGE08400,2026-W36,2026-W35,0.0,0.0,,0.0,0.0,,0.0,0.0,0.0,0.0,,,,,,,,曝光/点击/CTR/CVR/ACOS/ROAS/活动清单
B0GYD9PWBN,PT4SGE20500,2026-W36,2026-W35,0.0,0.0,,0.0,0.0,,0.0,0.0,0.0,0.0,,,,,,,,曝光/点击/CTR/CVR/ACOS/ROAS/活动清单
B0GYDC97TX,PT4SGE19100,2026-W36,2026-W35,0.0,0.0,,0.0,0.0,,0.0,0.0,0.0,0.0,,,,,,,,曝光/点击/CTR/CVR/ACOS/ROAS/活动清单
B0GYDDY881,PT4SGE21900,2026-W36,2026-W35,0.0,0.0,,0.0,0.0,,0.0,0.0,0.0,0.0,,,,,,,,曝光/点击/CTR/CVR/ACOS/ROAS/活动清单
B0GYDFY4FS,PT4SGE23900,2026-W36,2026-W35,0.0,0.0,,0.0,0.0,,0.0,0.0,0.0,0.0,,,,,,,,曝光/点击/CTR/CVR/ACOS/ROAS/活动清单
B0GYDHXWQ7,PT4SGE22500,2026-W36,2026-W35,0.0,0.0,,0.0,0.0,,0.0,0.0,0.0,0.0,,,,,,,,曝光/点击/CTR/CVR/ACOS/ROAS/活动清单
B0GYDHY46J,PT4SGE24400,2026-W36,2026-W35,0.0,0.0,,0.0,0.0,,0.0,0.0,0.0,0.0,,,,,,,,曝光/点击/CTR/CVR/ACOS/ROAS/活动清单
B0GYDJ4243,PT4SGE22200,2026-W36,2026-W35,0.0,0.0,,0.0,0.0,,0.0,0.0,0.0,0.0,,,,,,,,曝光/点击/CTR/CVR/ACOS/ROAS/活动清单
B0GYDJ9LM5,PT4SGE18400,2026-W36,2026-W35,0.0,0.0,,0.0,0.0,,0.0,0.0,0.0,0.0,,,,,,,,曝光/点击/CTR/CVR/ACOS/ROAS/活动清单
B0GYDKBNFX,PT4SGE23300,2026-W36,2026-W35,0.0,0.0,,0.0,0.0,,0.0,0.0,0.0,0.0,,,,,,,,曝光/点击/CTR/CVR/ACOS/ROAS/活动清单
B0GYDKCL87,PT4SGE20800,2026-W36,2026-W35,0.0,0.0,,0.0,0.0,,0.0,0.0,0.0,0.0,,,,,,,,曝光/点击/CTR/CVR/ACOS/ROAS/活动清单
B0GYDKGDGN,PT4SGE23200,2026-W36,2026-W35,0.0,0.0,,0.0,0.0,,0.0,0.0,0.0,0.0,,,,,,,,曝光/点击/CTR/CVR/ACOS/ROAS/活动清单
B0GYDM74PD,PT4SGE19900,2026-W36,2026-W35,0.0,0.0,,0.0,0.0,,0.0,0.0,0.0,0.0,,,,,,,,曝光/点击/CTR/CVR/ACOS/ROAS/活动清单
B0GYDMDDKC,PT4SGE19800,2026-W36,2026-W35,0.0,0.0,,0.0,0.0,,0.0,0.0,0.0,0.0,,,,,,,,曝光/点击/CTR/CVR/ACOS/ROAS/活动清单
B0GYDP5ZH1,PT4SGE21000,2026-W36,2026-W35,0.0,0.0,,0.0,0.0,,0.0,0.0,0.0,0.0,,,,,,,,曝光/点击/CTR/CVR/ACOS/ROAS/活动清单
B0GYDPLH8W,PT4SGE25600,2026-W36,2026-W35,0.0,0.0,,0.0,0.0,,0.0,0.0,0.0,0.0,,,,,,,,曝光/点击/CTR/CVR/ACOS/ROAS/活动清单
B0GYDQ2TLS,PT4SGE23600,2026-W36,2026-W35,0.0,0.0,,0.0,0.0,,0.0,0.0,0.0,0.0,,,,,,,,曝光/点击/CTR/CVR/ACOS/ROAS/活动清单
B0GYDQG88F,PT4SGE21500,2026-W36,2026-W35,0.0,0.0,,0.0,0.0,,0.0,0.0,0.0,0.0,,,,,,,,曝光/点击/CTR/CVR/ACOS/ROAS/活动清单
B0GYDQJPG1,PT4SGE18700,2026-W36,2026-W35,0.0,0.0,,0.0,0.0,,0.0,0.0,0.0,0.0,,,,,,,,曝光/点击/CTR/CVR/ACOS/ROAS/活动清单
B0GYDQN9GY,PT4SGE18800,2026-W36,2026-W35,0.0,0.0,,0.0,0.0,,0.0,0.0,0.0,0.0,,,,,,,,曝光/点击/CTR/CVR/ACOS/ROAS/活动清单
B0GYDWY6JB,PT4SGE19500,2026-W36,2026-W35,0.0,0.0,,0.0,0.0,,0.0,0.0,0.0,0.0,,,,,,,,曝光/点击/CTR/CVR/ACOS/ROAS/活动清单
B0GYDY33T3,PT4SGE25400,2026-W36,2026-W35,0.0,0.0,,0.0,0.0,,0.0,0.0,0.0,0.0,,,,,,,,曝光/点击/CTR/CVR/ACOS/ROAS/活动清单
B0GYF4KTRR,PT4SGE23700,2026-W36,2026-W35,0.0,0.0,,0.0,0.0,,0.0,0.0,0.0,0.0,,,,,,,,曝光/点击/CTR/CVR/ACOS/ROAS/活动清单
B0GYMT47H1,KC4SGE05200,2026-W36,2026-W35,0.0,0.0,,0.0,0.0,,0.0,0.0,0.0,0.0,,,,,,,,曝光/点击/CTR/CVR/ACOS/ROAS/活动清单
B0GYN1D7PM,KC4SGE05500,2026-W36,2026-W35,0.0,0.0,,0.0,0.0,,0.0,0.0,0.0,0.0,,,,,,,,曝光/点击/CTR/CVR/ACOS/ROAS/活动清单
B0GYN59FKM,PT4SGE26100,2026-W36,2026-W35,0.0,0.0,,0.0,0.0,,0.0,0.0,0.0,0.0,,,,,,,,曝光/点击/CTR/CVR/ACOS/ROAS/活动清单
B0GYN5GMNB,PT4SGE27800,2026-W36,2026-W35,0.0,0.0,,0.0,0.0,,0.0,0.0,0.0,0.0,,,,,,,,曝光/点击/CTR/CVR/ACOS/ROAS/活动清单
B0GYN786H8,KC4SGE05000,2026-W36,2026-W35,0.0,0.0,,0.0,0.0,,0.0,0.0,-1.46,-6.2,,,,,,,,曝光/点击/CTR/CVR/ACOS/ROAS/活动清单
B0GYNCQF4R,PT4SGE26600,2026-W36,2026-W35,0.0,0.0,,0.0,0.0,,0.0,0.0,0.0,0.0,,,,,,,,曝光/点击/CTR/CVR/ACOS/ROAS/活动清单
B0GYNDMKBK,KC4SGE04700,2026-W36,2026-W35,0.0,0.0,,0.0,0.0,,0.0,0.0,0.0,0.0,,,,,,,,曝光/点击/CTR/CVR/ACOS/ROAS/活动清单
B0GYNDZLDT,KC4SGE04900,2026-W36,2026-W35,0.0,0.0,,0.0,0.0,,0.0,0.0,0.0,0.0,,,,,,,,曝光/点击/CTR/CVR/ACOS/ROAS/活动清单
B0GYNJCXBG,PT4SGE27500,2026-W36,2026-W35,0.0,0.0,,0.0,0.0,,0.0,0.0,0.0,0.0,,,,,,,,曝光/点击/CTR/CVR/ACOS/ROAS/活动清单
B0GZNZDTS9,PT4SGE26600,2026-W36,2026-W35,0.0,0.0,,0.0,0.0,,0.0,0.0,0.0,0.0,,,,,,,,曝光/点击/CTR/CVR/ACOS/ROAS/活动清单
B0GZP5HW73,PT4SGE27800,2026-W36,2026-W35,0.0,0.0,,0.0,0.0,,0.0,0.0,0.0,0.0,,,,,,,,曝光/点击/CTR/CVR/ACOS/ROAS/活动清单
B0GZP5HW7D,PT4SGE26100,2026-W36,2026-W35,0.0,0.0,,0.0,0.0,,0.0,0.0,0.0,0.0,,,,,,,,曝光/点击/CTR/CVR/ACOS/ROAS/活动清单
B0GZSKC7GF,PT4SGE27500,2026-W36,2026-W35,0.0,0.0,,0.0,0.0,,0.0,0.0,0.0,0.0,,,,,,,,曝光/点击/CTR/CVR/ACOS/ROAS/活动清单
B0GZSNB9C8,KX4SGE10600,2026-W36,2026-W35,0.0,0.0,,0.0,0.0,,0.0,0.0,0.0,0.0,,,,,,,,曝光/点击/CTR/CVR/ACOS/ROAS/活动清单
B0GZT7KTZH,KX4SGE08900,2026-W36,2026-W35,0.0,1.0,-100.0,0.0,1115.2,-100.0,0.0,0.0,0.0,168.69,,15.13,,,0.0,,单量下滑≥20%；销售额下滑≥20%,曝光/点击/CTR/CVR/ACOS/ROAS/活动清单
B0H2YRWD8D,PT4SGE19500,2026-W36,2026-W35,0.0,0.0,,0.0,0.0,,0.0,0.0,0.0,0.0,,,,,,,,曝光/点击/CTR/CVR/ACOS/ROAS/活动清单
B0H2YV4WJ9,OO4SGE38200,2026-W36,2026-W35,0.0,0.0,,0.0,0.0,,0.0,0.0,0.0,0.0,,,,,,,,曝光/点击/CTR/CVR/ACOS/ROAS/活动清单
B0H2YV5XCX,KC4PSP17500,2026-W36,2026-W35,0.0,0.0,,0.0,0.0,,0.0,0.0,0.0,0.0,,,,,,,,曝光/点击/CTR/CVR/ACOS/ROAS/活动清单
B0H2YW2N7B,KX4SGE17400,2026-W36,2026-W35,0.0,0.0,,0.0,0.0,,0.0,0.0,0.0,0.0,,,,,,,,曝光/点击/CTR/CVR/ACOS/ROAS/活动清单
B0H2YWQ1MG,PT4SGE24900,2026-W36,2026-W35,0.0,0.0,,0.0,0.0,,0.0,0.0,0.0,0.0,,,,,,,,曝光/点击/CTR/CVR/ACOS/ROAS/活动清单
B0H2YWR2QD,KX4SGE09700,2026-W36,2026-W35,0.0,0.0,,0.0,0.0,,0.0,0.0,0.0,0.0,,,,,,,,曝光/点击/CTR/CVR/ACOS/ROAS/活动清单
B0H2YWSBJL,KC4SGE02700,2026-W36,2026-W35,0.0,0.0,,0.0,0.0,,0.0,0.0,0.0,0.0,,,,,,,,曝光/点击/CTR/CVR/ACOS/ROAS/活动清单
B0H2YX3W1W,PT4SGE26000,2026-W36,2026-W35,0.0,0.0,,0.0,0.0,,0.0,0.0,0.0,0.0,,,,,,,,曝光/点击/CTR/CVR/ACOS/ROAS/活动清单
B0H2YX6YCF,KC4PSP17800,2026-W36,2026-W35,0.0,0.0,,0.0,0.0,,5.44,0.0,-5.44,0.0,,,,,,,,曝光/点击/CTR/CVR/ACOS/ROAS/活动清单
B0H2YXC16D,PT4SGE24300,2026-W36,2026-W35,0.0,0.0,,0.0,0.0,,0.0,0.0,0.0,0.0,,,,,,,,曝光/点击/CTR/CVR/ACOS/ROAS/活动清单
B0H2YXJM3Q,PT4SGE24100,2026-W36,2026-W35,0.0,0.0,,0.0,0.0,,0.0,0.0,0.0,0.0,,,,,,,,曝光/点击/CTR/CVR/ACOS/ROAS/活动清单
B0H2YXJQ5X,PT4SGE20500,2026-W36,2026-W35,0.0,0.0,,0.0,0.0,,0.0,0.0,0.0,0.0,,,,,,,,曝光/点击/CTR/CVR/ACOS/ROAS/活动清单
B0H2YY4C8G,PT4SGE27300,2026-W36,2026-W35,0.0,0.0,,0.0,0.0,,0.0,0.0,0.0,0.0,,,,,,,,曝光/点击/CTR/CVR/ACOS/ROAS/活动清单
B0H2YY85Z3,PT4SGE20000,2026-W36,2026-W35,0.0,0.0,,0.0,0.0,,0.0,0.0,0.0,0.0,,,,,,,,曝光/点击/CTR/CVR/ACOS/ROAS/活动清单
B0H2YYJ4RH,KX4SGE13500,2026-W36,2026-W35,0.0,0.0,,0.0,0.0,,0.0,0.0,0.0,0.0,,,,,,,,曝光/点击/CTR/CVR/ACOS/ROAS/活动清单
B0H2YYR6YL,PT4SGE24700,2026-W36,2026-W35,0.0,0.0,,0.0,0.0,,0.0,3.06,0.0,-3.11,,,,,,,,曝光/点击/CTR/CVR/ACOS/ROAS/活动清单
B0H2YYSDN6,KC4PSP15900,2026-W36,2026-W35,0.0,0.0,,0.0,0.0,,0.0,0.0,0.0,0.0,,,,,,,,曝光/点击/CTR/CVR/ACOS/ROAS/活动清单
B0H2YYTY6X,PT4SGE26300,2026-W36,2026-W35,0.0,0.0,,0.0,0.0,,1.36,0.0,-1.36,0.0,,,,,,,,曝光/点击/CTR/CVR/ACOS/ROAS/活动清单
B0H2YYV8CN,KC4SGE01600,2026-W36,2026-W35,0.0,0.0,,0.0,0.0,,0.0,0.0,0.0,0.0,,,,,,,,曝光/点击/CTR/CVR/ACOS/ROAS/活动清单
B0H2YYY8ZH,KC4PSP16600,2026-W36,2026-W35,0.0,0.0,,0.0,0.0,,0.0,0.0,0.0,0.0,,,,,,,,曝光/点击/CTR/CVR/ACOS/ROAS/活动清单
B0H2YYYG7K,KX4SGE16500,2026-W36,2026-W35,0.0,0.0,,0.0,0.0,,0.0,0.0,0.0,0.0,,,,,,,,曝光/点击/CTR/CVR/ACOS/ROAS/活动清单
B0H2YYYGC7,KX4SGE17300,2026-W36,2026-W35,0.0,0.0,,0.0,0.0,,0.0,0.0,0.0,0.0,,,,,,,,曝光/点击/CTR/CVR/ACOS/ROAS/活动清单
B0H2YYYQD8,KC4SGE00100,2026-W36,2026-W35,0.0,0.0,,0.0,0.0,,9.52,0.0,-9.52,0.0,,,,,,,,曝光/点击/CTR/CVR/ACOS/ROAS/活动清单
B0H2YYZQ4K,PT4SGE24000,2026-W36,2026-W35,0.0,0.0,,0.0,0.0,,0.0,0.0,0.0,0.0,,,,,,,,曝光/点击/CTR/CVR/ACOS/ROAS/活动清单
B0H2YZ1VF6,PT4SGE27500,2026-W36,2026-W35,0.0,0.0,,0.0,0.0,,0.0,0.0,0.0,0.0,,,,,,,,曝光/点击/CTR/CVR/ACOS/ROAS/活动清单
B0H2YZ9RNZ,OO4SGE35700,2026-W36,2026-W35,0.0,0.0,,0.0,0.0,,0.0,0.0,0.0,0.0,,,,,,,,曝光/点击/CTR/CVR/ACOS/ROAS/活动清单
B0H2YZHXP9,KX4SGE08500,2026-W36,2026-W35,0.0,0.0,,0.0,0.0,,3.06,0.0,-3.06,0.0,,,,,,,,曝光/点击/CTR/CVR/ACOS/ROAS/活动清单
B0H2YZKJC3,OO4SGE38100,2026-W36,2026-W35,0.0,0.0,,0.0,0.0,,0.0,0.0,0.0,0.0,,,,,,,,曝光/点击/CTR/CVR/ACOS/ROAS/活动清单
B0H2YZLMQZ,KC4SGE01100,2026-W36,2026-W35,0.0,0.0,,0.0,0.0,,0.0,0.0,0.0,0.0,,,,,,,,曝光/点击/CTR/CVR/ACOS/ROAS/活动清单
B0H2YZMX8C,PT4SGE23200,2026-W36,2026-W35,0.0,0.0,,0.0,0.0,,0.0,0.0,0.0,0.0,,,,,,,,曝光/点击/CTR/CVR/ACOS/ROAS/活动清单
B0H2YZZT9J,PT4SGE21400,2026-W36,2026-W35,0.0,0.0,,0.0,0.0,,0.0,0.0,0.0,0.0,,,,,,,,曝光/点击/CTR/CVR/ACOS/ROAS/活动清单
B0H2Z12Q48,PT4SGE21500,2026-W36,2026-W35,0.0,0.0,,0.0,0.0,,0.0,0.0,0.0,0.0,,,,,,,,曝光/点击/CTR/CVR/ACOS/ROAS/活动清单
B0H2Z13BKS,KC4PSP16000,2026-W36,2026-W35,0.0,0.0,,0.0,0.0,,0.0,0.0,0.0,0.0,,,,,,,,曝光/点击/CTR/CVR/ACOS/ROAS/活动清单
B0H2Z13J9W,KC4SGE04200,2026-W36,2026-W35,0.0,0.0,,0.0,0.0,,0.0,0.0,0.0,0.0,,,,,,,,曝光/点击/CTR/CVR/ACOS/ROAS/活动清单
B0H2Z187SZ,KC4PSP17200,2026-W36,2026-W35,0.0,0.0,,0.0,0.0,,0.0,0.0,0.0,0.0,,,,,,,,曝光/点击/CTR/CVR/ACOS/ROAS/活动清单
B0H2Z18VMX,KC4PSP16500,2026-W36,2026-W35,0.0,0.0,,0.0,0.0,,0.0,0.0,0.0,0.0,,,,,,,,曝光/点击/CTR/CVR/ACOS/ROAS/活动清单
B0H2Z1BZ6K,KX4SGE12700,2026-W36,2026-W35,0.0,0.0,,0.0,0.0,,0.0,0.0,0.0,0.0,,,,,,,,曝光/点击/CTR/CVR/ACOS/ROAS/活动清单
B0H2Z1CV8M,KC4SGE02400,2026-W36,2026-W35,0.0,0.0,,0.0,0.0,,0.0,0.0,0.0,0.0,,,,,,,,曝光/点击/CTR/CVR/ACOS/ROAS/活动清单
B0H2Z1DMQB,KX4SGE08000,2026-W36,2026-W35,0.0,0.0,,0.0,0.0,,0.0,0.0,0.0,0.0,,,,,,,,曝光/点击/CTR/CVR/ACOS/ROAS/活动清单
B0H2Z1FQLS,KX4SGE17000,2026-W36,2026-W35,0.0,0.0,,0.0,0.0,,0.0,0.0,0.0,0.0,,,,,,,,曝光/点击/CTR/CVR/ACOS/ROAS/活动清单
B0H2Z1FTTH,KC4SGE04700,2026-W36,2026-W35,0.0,0.0,,0.0,0.0,,0.0,0.0,0.0,0.0,,,,,,,,曝光/点击/CTR/CVR/ACOS/ROAS/活动清单
B0H2Z1GPN3,PT4SGE28100,2026-W36,2026-W35,0.0,0.0,,0.0,0.0,,0.0,0.0,0.0,0.0,,,,,,,,曝光/点击/CTR/CVR/ACOS/ROAS/活动清单
B0H2Z1H2ZN,KC4PSP16100,2026-W36,2026-W35,0.0,0.0,,0.0,0.0,,0.0,0.0,0.0,0.0,,,,,,,,曝光/点击/CTR/CVR/ACOS/ROAS/活动清单
B0H2Z1H9YK,KX4SGE16800,2026-W36,2026-W35,0.0,0.0,,0.0,0.0,,0.0,0.0,0.0,0.0,,,,,,,,曝光/点击/CTR/CVR/ACOS/ROAS/活动清单
B0H2Z1J3WX,OO4SGE34000,2026-W36,2026-W35,0.0,0.0,,0.0,0.0,,0.0,0.0,0.0,0.0,,,,,,,,曝光/点击/CTR/CVR/ACOS/ROAS/活动清单
B0H2Z1KLM6,KC4SGE00300,2026-W36,2026-W35,0.0,0.0,,0.0,0.0,,0.0,0.0,0.0,0.0,,,,,,,,曝光/点击/CTR/CVR/ACOS/ROAS/活动清单
B0H2Z1KSBT,OO4SGE35600,2026-W36,2026-W35,0.0,0.0,,0.0,0.0,,0.0,0.0,0.0,0.0,,,,,,,,曝光/点击/CTR/CVR/ACOS/ROAS/活动清单
B0H2Z1LY9J,KX4SGE15800,2026-W36,2026-W35,0.0,0.0,,0.0,0.0,,0.0,0.0,0.0,0.0,,,,,,,,曝光/点击/CTR/CVR/ACOS/ROAS/活动清单
B0H2Z1PCYP,KC4PSP18100,2026-W36,2026-W35,0.0,0.0,,0.0,0.0,,0.0,0.0,0.0,0.0,,,,,,,,曝光/点击/CTR/CVR/ACOS/ROAS/活动清单
B0H2Z1PD15,OO4SGE36200,2026-W36,2026-W35,0.0,0.0,,0.0,0.0,,0.0,0.0,0.0,0.0,,,,,,,,曝光/点击/CTR/CVR/ACOS/ROAS/活动清单
B0H2Z1RV7D,KC4PSP15800,2026-W36,2026-W35,10.0,3.0,233.33,7004.0,2101.2,233.33,0.0,0.0,868.57,258.26,12.4,12.29,0.9,0.0,0.0,,,曝光/点击/CTR/CVR/ACOS/ROAS/活动清单
B0H2Z1VR8Z,KC4PSP17900,2026-W36,2026-W35,0.0,0.0,,0.0,0.0,,0.0,0.0,0.0,0.0,,,,,,,,曝光/点击/CTR/CVR/ACOS/ROAS/活动清单
B0H2Z1WLGH,PT4SGE20300,2026-W36,2026-W35,0.0,0.0,,0.0,0.0,,0.0,0.0,0.0,0.0,,,,,,,,曝光/点击/CTR/CVR/ACOS/ROAS/活动清单
B0H2Z1WWZJ,PT4SGE20800,2026-W36,2026-W35,0.0,0.0,,0.0,0.0,,0.0,0.0,0.0,0.0,,,,,,,,曝光/点击/CTR/CVR/ACOS/ROAS/活动清单
B0H2Z1WXQN,OO4SGE36000,2026-W36,2026-W35,0.0,0.0,,0.0,0.0,,0.0,0.0,0.0,0.0,,,,,,,,曝光/点击/CTR/CVR/ACOS/ROAS/活动清单
B0H2Z1X1F5,KX4SGE08300,2026-W36,2026-W35,0.0,0.0,,0.0,0.0,,0.0,0.0,0.0,0.0,,,,,,,,曝光/点击/CTR/CVR/ACOS/ROAS/活动清单
B0H2Z1Y7TC,KX4SGE17200,2026-W36,2026-W35,0.0,0.0,,0.0,0.0,,0.0,0.0,0.0,0.0,,,,,,,,曝光/点击/CTR/CVR/ACOS/ROAS/活动清单
B0H2Z218FC,PT4SGE19800,2026-W36,2026-W35,0.0,0.0,,0.0,0.0,,0.0,0.0,0.0,0.0,,,,,,,,曝光/点击/CTR/CVR/ACOS/ROAS/活动清单
B0H2Z21GJ9,KX4SGE15400,2026-W36,2026-W35,0.0,0.0,,0.0,0.0,,0.0,0.0,0.0,0.0,,,,,,,,曝光/点击/CTR/CVR/ACOS/ROAS/活动清单
B0H2Z22YK9,KX4SGE14700,2026-W36,2026-W35,0.0,0.0,,0.0,0.0,,0.0,0.0,0.0,0.0,,,,,,,,曝光/点击/CTR/CVR/ACOS/ROAS/活动清单
B0H2Z235FX,KX4SGE13200,2026-W36,2026-W35,0.0,0.0,,0.0,0.0,,0.0,0.0,0.0,0.0,,,,,,,,曝光/点击/CTR/CVR/ACOS/ROAS/活动清单
B0H2Z25KGL,PT4SGE25800,2026-W36,2026-W35,0.0,0.0,,0.0,0.0,,0.0,0.0,0.0,0.0,,,,,,,,曝光/点击/CTR/CVR/ACOS/ROAS/活动清单
B0H2Z26F5X,PT4SGE22200,2026-W36,2026-W35,0.0,0.0,,0.0,0.0,,0.0,0.0,0.0,0.0,,,,,,,,曝光/点击/CTR/CVR/ACOS/ROAS/活动清单
B0H2Z29FK9,OO4SGE34200,2026-W36,2026-W35,0.0,0.0,,0.0,0.0,,0.0,0.0,0.0,0.0,,,,,,,,曝光/点击/CTR/CVR/ACOS/ROAS/活动清单
B0H2Z2B1S3,KX4SGE17100,2026-W36,2026-W35,0.0,0.0,,0.0,0.0,,0.0,0.0,0.0,0.0,,,,,,,,曝光/点击/CTR/CVR/ACOS/ROAS/活动清单
B0H2Z2C29H,PT4SGE27000,2026-W36,2026-W35,0.0,0.0,,0.0,0.0,,0.0,0.0,0.0,-0.04,,,,,,,,曝光/点击/CTR/CVR/ACOS/ROAS/活动清单
B0H2Z2HC26,PT4SGE22800,2026-W36,2026-W35,0.0,0.0,,0.0,0.0,,0.0,0.0,0.0,0.0,,,,,,,,曝光/点击/CTR/CVR/ACOS/ROAS/活动清单
B0H2Z2KG15,OO4SGE37300,2026-W36,2026-W35,0.0,0.0,,0.0,0.0,,0.0,0.0,0.0,0.0,,,,,,,,曝光/点击/CTR/CVR/ACOS/ROAS/活动清单
B0H2Z2P7VD,PT4SGE24400,2026-W36,2026-W35,0.0,0.0,,0.0,0.0,,0.0,0.0,0.0,0.0,,,,,,,,曝光/点击/CTR/CVR/ACOS/ROAS/活动清单
B0H2Z2RMHB,PT4SGE26700,2026-W36,2026-W35,0.0,0.0,,0.0,0.0,,0.0,0.0,0.0,0.0,,,,,,,,曝光/点击/CTR/CVR/ACOS/ROAS/活动清单
B0H2Z2RN6K,PT4SGE25400,2026-W36,2026-W35,0.0,0.0,,0.0,0.0,,0.0,0.0,0.0,0.0,,,,,,,,曝光/点击/CTR/CVR/ACOS/ROAS/活动清单
B0H2Z2T687,OO4SGE38300,2026-W36,2026-W35,0.0,0.0,,0.0,0.0,,0.0,0.0,0.0,0.0,,,,,,,,曝光/点击/CTR/CVR/ACOS/ROAS/活动清单
B0H2Z2TN54,KC4PSP16400,2026-W36,2026-W35,0.0,0.0,,0.0,0.0,,0.0,0.0,0.0,0.0,,,,,,,,曝光/点击/CTR/CVR/ACOS/ROAS/活动清单
B0H2Z2YLLX,KX4SGE08900,2026-W36,2026-W35,0.0,0.0,,0.0,0.0,,0.0,0.0,0.0,0.0,,,,,,,,曝光/点击/CTR/CVR/ACOS/ROAS/活动清单
B0H2Z2ZML1,PT4SGE19600,2026-W36,2026-W35,0.0,0.0,,0.0,0.0,,0.0,0.0,0.0,0.0,,,,,,,,曝光/点击/CTR/CVR/ACOS/ROAS/活动清单
B0H2Z325ZF,OO4SGE34800,2026-W36,2026-W35,0.0,0.0,,0.0,0.0,,0.0,0.0,0.0,0.0,,,,,,,,曝光/点击/CTR/CVR/ACOS/ROAS/活动清单
B0H2Z33F8Z,OO4SGE36900,2026-W36,2026-W35,0.0,0.0,,0.0,0.0,,0.0,0.0,0.0,-0.06,,,,,,,,曝光/点击/CTR/CVR/ACOS/ROAS/活动清单
B0H2Z33TTN,KC4PSP17600,2026-W36,2026-W35,0.0,0.0,,0.0,0.0,,0.0,0.0,0.0,0.0,,,,,,,,曝光/点击/CTR/CVR/ACOS/ROAS/活动清单
B0H2Z357CJ,KC4SGE01000,2026-W36,2026-W35,0.0,0.0,,0.0,0.0,,0.0,0.0,0.0,0.0,,,,,,,,曝光/点击/CTR/CVR/ACOS/ROAS/活动清单
B0H2Z35R7D,PT4SGE19300,2026-W36,2026-W35,0.0,0.0,,0.0,0.0,,0.0,3.13,0.0,-3.13,,,,,,,,曝光/点击/CTR/CVR/ACOS/ROAS/活动清单
B0H2Z3CQMV,KC4SGE01500,2026-W36,2026-W35,0.0,0.0,,0.0,0.0,,0.0,0.0,0.0,0.0,,,,,,,,曝光/点击/CTR/CVR/ACOS/ROAS/活动清单
B0H2Z3CT91,PT4SGE27900,2026-W36,2026-W35,0.0,0.0,,0.0,0.0,,0.0,0.0,0.0,0.0,,,,,,,,曝光/点击/CTR/CVR/ACOS/ROAS/活动清单
B0H2Z3F39R,KC4SGE00900,2026-W36,2026-W35,0.0,0.0,,0.0,0.0,,0.0,0.0,0.0,0.0,,,,,,,,曝光/点击/CTR/CVR/ACOS/ROAS/活动清单
B0H2Z3H5PS,PT4SGE23900,2026-W36,2026-W35,0.0,0.0,,0.0,0.0,,0.0,0.0,0.0,0.0,,,,,,,,曝光/点击/CTR/CVR/ACOS/ROAS/活动清单
B0H2Z3LC38,KX4SGE12600,2026-W36,2026-W35,0.0,0.0,,0.0,0.0,,0.0,0.0,0.0,0.0,,,,,,,,曝光/点击/CTR/CVR/ACOS/ROAS/活动清单
B0H2Z3MK8W,KC4SGE04600,2026-W36,2026-W35,0.0,0.0,,0.0,0.0,,0.0,0.0,0.0,0.0,,,,,,,,曝光/点击/CTR/CVR/ACOS/ROAS/活动清单
B0H2Z3R2F8,KC4SGE02800,2026-W36,2026-W35,0.0,0.0,,0.0,0.0,,0.0,0.0,0.0,0.0,,,,,,,,曝光/点击/CTR/CVR/ACOS/ROAS/活动清单
B0H2Z3R2KS,KC4PSP17700,2026-W36,2026-W35,0.0,0.0,,0.0,0.0,,0.0,0.0,0.0,0.0,,,,,,,,曝光/点击/CTR/CVR/ACOS/ROAS/活动清单
B0H2Z3RVDF,KX4SGE07900,2026-W36,2026-W35,0.0,0.0,,0.0,0.0,,0.0,0.0,0.0,0.0,,,,,,,,曝光/点击/CTR/CVR/ACOS/ROAS/活动清单
B0H2Z3T374,KX4SGE18000,2026-W36,2026-W35,0.0,0.0,,0.0,0.0,,0.0,0.0,0.0,0.0,,,,,,,,曝光/点击/CTR/CVR/ACOS/ROAS/活动清单
B0H2Z3TP1T,KX4SGE14900,2026-W36,2026-W35,0.0,0.0,,0.0,0.0,,0.0,0.0,0.0,0.0,,,,,,,,曝光/点击/CTR/CVR/ACOS/ROAS/活动清单
B0H2Z3ZN22,KX4SGE16700,2026-W36,2026-W35,0.0,0.0,,0.0,0.0,,0.0,0.0,0.0,0.0,,,,,,,,曝光/点击/CTR/CVR/ACOS/ROAS/活动清单
B0H2Z41JQR,PT4SGE23300,2026-W36,2026-W35,0.0,0.0,,0.0,0.0,,0.0,0.0,0.0,0.0,,,,,,,,曝光/点击/CTR/CVR/ACOS/ROAS/活动清单
B0H2Z49RQF,PT4SGE19400,2026-W36,2026-W35,0.0,0.0,,0.0,0.0,,0.0,0.0,0.0,0.0,,,,,,,,曝光/点击/CTR/CVR/ACOS/ROAS/活动清单
B0H2Z4F2C7,KC4PSP16300,2026-W36,2026-W35,0.0,0.0,,0.0,0.0,,0.0,0.0,0.0,-0.05,,,,,,,,曝光/点击/CTR/CVR/ACOS/ROAS/活动清单
B0H2Z4LB4T,KX4SGE13700,2026-W36,2026-W35,0.0,0.0,,0.0,0.0,,0.0,0.0,0.0,0.0,,,,,,,,曝光/点击/CTR/CVR/ACOS/ROAS/活动清单
B0H2Z4N2S7,KC4PSP17100,2026-W36,2026-W35,0.0,0.0,,0.0,0.0,,0.0,0.0,0.0,0.0,,,,,,,,曝光/点击/CTR/CVR/ACOS/ROAS/活动清单
B0H2Z4PDQN,KC4SGE01200,2026-W36,2026-W35,0.0,0.0,,0.0,0.0,,0.0,0.0,0.0,0.0,,,,,,,,曝光/点击/CTR/CVR/ACOS/ROAS/活动清单
B0H2Z4Q6XH,PT4SGE23400,2026-W36,2026-W35,0.0,0.0,,0.0,0.0,,0.0,0.0,0.0,0.0,,,,,,,,曝光/点击/CTR/CVR/ACOS/ROAS/活动清单
B0H2Z4QDPW,OO4SGE39000,2026-W36,2026-W35,0.0,0.0,,0.0,0.0,,0.0,0.0,0.0,0.0,,,,,,,,曝光/点击/CTR/CVR/ACOS/ROAS/活动清单
B0H2Z57W5R,OO4SGE37200,2026-W36,2026-W35,0.0,0.0,,0.0,0.0,,0.0,0.0,0.0,0.0,,,,,,,,曝光/点击/CTR/CVR/ACOS/ROAS/活动清单
B0H2Z58GCF,OO4SGE37500,2026-W36,2026-W35,0.0,0.0,,0.0,0.0,,0.0,0.0,0.0,0.0,,,,,,,,曝光/点击/CTR/CVR/ACOS/ROAS/活动清单
B0H2Z58GPX,KC4SGE00600,2026-W36,2026-W35,0.0,0.0,,0.0,0.0,,0.0,0.0,0.0,0.0,,,,,,,,曝光/点击/CTR/CVR/ACOS/ROAS/活动清单
B0H2Z58KWY,OO4SGE34600,2026-W36,2026-W35,0.0,0.0,,0.0,0.0,,0.0,0.0,0.0,0.0,,,,,,,,曝光/点击/CTR/CVR/ACOS/ROAS/活动清单
B0H2Z598GY,PT4SGE19900,2026-W36,2026-W35,0.0,0.0,,0.0,0.0,,0.0,0.0,0.0,0.0,,,,,,,,曝光/点击/CTR/CVR/ACOS/ROAS/活动清单
B0H2Z5D4S6,KC4SGE00800,2026-W36,2026-W35,0.0,0.0,,0.0,0.0,,0.0,0.0,0.0,0.0,,,,,,,,曝光/点击/CTR/CVR/ACOS/ROAS/活动清单
B0H2Z5D4XP,KX4SGE10100,2026-W36,2026-W35,0.0,0.0,,0.0,0.0,,0.0,0.0,0.0,0.0,,,,,,,,曝光/点击/CTR/CVR/ACOS/ROAS/活动清单
B0H2Z5DFMY,KC4PSP16200,2026-W36,2026-W35,0.0,0.0,,0.0,0.0,,0.0,0.0,0.0,0.0,,,,,,,,曝光/点击/CTR/CVR/ACOS/ROAS/活动清单
B0H2Z5KCTN,OO4SGE34300,2026-W36,2026-W35,0.0,0.0,,0.0,0.0,,0.0,0.0,0.0,0.0,,,,,,,,曝光/点击/CTR/CVR/ACOS/ROAS/活动清单
B0H2Z5LNXP,OO4SGE37000,2026-W36,2026-W35,0.0,0.0,,0.0,0.0,,0.0,0.0,0.0,0.0,,,,,,,,曝光/点击/CTR/CVR/ACOS/ROAS/活动清单
B0H2Z5M2VS,KX4SGE09100,2026-W36,2026-W35,0.0,0.0,,0.0,0.0,,0.0,0.0,0.0,0.0,,,,,,,,曝光/点击/CTR/CVR/ACOS/ROAS/活动清单
B0H2Z5MDS1,KC4PSP18200,2026-W36,2026-W35,0.0,0.0,,0.0,0.0,,3.06,0.0,-3.06,0.0,,,,,,,,曝光/点击/CTR/CVR/ACOS/ROAS/活动清单
B0H2Z5N1PX,OO4SGE35400,2026-W36,2026-W35,0.0,0.0,,0.0,0.0,,0.0,0.0,0.0,0.0,,,,,,,,曝光/点击/CTR/CVR/ACOS/ROAS/活动清单
B0H2Z5QG45,PT4SGE19700,2026-W36,2026-W35,0.0,0.0,,0.0,0.0,,0.0,0.0,0.0,0.0,,,,,,,,曝光/点击/CTR/CVR/ACOS/ROAS/活动清单
B0H2Z5T71F,PT4SGE26800,2026-W36,2026-W35,0.0,0.0,,0.0,0.0,,0.0,0.0,0.0,0.0,,,,,,,,曝光/点击/CTR/CVR/ACOS/ROAS/活动清单
B0H2Z5WHY3,KC4SGE04100,2026-W36,2026-W35,0.0,0.0,,0.0,0.0,,0.0,0.0,0.0,0.0,,,,,,,,曝光/点击/CTR/CVR/ACOS/ROAS/活动清单
B0H2Z66KDN,KC4SGE04300,2026-W36,2026-W35,0.0,0.0,,0.0,0.0,,0.0,0.0,0.0,0.0,,,,,,,,曝光/点击/CTR/CVR/ACOS/ROAS/活动清单
B0H2Z6B177,KX4SGE17700,2026-W36,2026-W35,0.0,0.0,,0.0,0.0,,0.0,0.0,0.0,0.0,,,,,,,,曝光/点击/CTR/CVR/ACOS/ROAS/活动清单
B0H2Z6B7SD,KC4SGE00700,2026-W36,2026-W35,0.0,0.0,,0.0,0.0,,0.0,7.14,0.0,-7.24,,,,,,,,曝光/点击/CTR/CVR/ACOS/ROAS/活动清单
B0H2Z6F3CF,PT4SGE24600,2026-W36,2026-W35,0.0,0.0,,0.0,0.0,,4.08,0.0,-4.08,0.0,,,,,,,,曝光/点击/CTR/CVR/ACOS/ROAS/活动清单
B0H2Z6PRJC,PT4SGE23100,2026-W36,2026-W35,1.0,0.0,N/A,1054.0,0.0,N/A,0.0,0.0,154.38,0.0,14.65,,,0.0,,,,曝光/点击/CTR/CVR/ACOS/ROAS/活动清单
B0H2Z6WR3G,KC4PSP17000,2026-W36,2026-W35,0.0,0.0,,0.0,0.0,,0.0,0.0,0.0,0.0,,,,,,,,曝光/点击/CTR/CVR/ACOS/ROAS/活动清单
B0H2Z6ZRLG,KX4SGE10300,2026-W36,2026-W35,0.0,0.0,,0.0,0.0,,0.0,0.0,0.0,0.0,,,,,,,,曝光/点击/CTR/CVR/ACOS/ROAS/活动清单
B0H2Z77K37,PT4SGE27600,2026-W36,2026-W35,0.0,0.0,,0.0,0.0,,0.0,0.0,0.0,0.0,,,,,,,,曝光/点击/CTR/CVR/ACOS/ROAS/活动清单
B0H2Z7C1JB,KX4SGE08200,2026-W36,2026-W35,0.0,0.0,,0.0,0.0,,0.0,0.0,0.0,0.0,,,,,,,,曝光/点击/CTR/CVR/ACOS/ROAS/活动清单
B0H2Z7JH94,OO4SGE35200,2026-W36,2026-W35,0.0,0.0,,0.0,0.0,,0.0,0.0,0.0,0.0,,,,,,,,曝光/点击/CTR/CVR/ACOS/ROAS/活动清单
B0H2Z8G61L,KX4SGE07700,2026-W36,2026-W35,0.0,0.0,,0.0,0.0,,0.0,0.0,0.0,0.0,,,,,,,,曝光/点击/CTR/CVR/ACOS/ROAS/活动清单
B0H2Z8JRKN,PT4SGE21100,2026-W36,2026-W35,0.0,0.0,,0.0,0.0,,0.0,0.0,0.0,0.0,,,,,,,,曝光/点击/CTR/CVR/ACOS/ROAS/活动清单
B0H2Z8JRN5,KX4SGE13100,2026-W36,2026-W35,0.0,0.0,,0.0,0.0,,0.0,0.0,0.0,0.0,,,,,,,,曝光/点击/CTR/CVR/ACOS/ROAS/活动清单
B0H2Z8V5S6,PT4SGE22700,2026-W36,2026-W35,0.0,0.0,,0.0,0.0,,0.0,0.0,0.0,0.0,,,,,,,,曝光/点击/CTR/CVR/ACOS/ROAS/活动清单
B0H2Z94348,PT4SGE21900,2026-W36,2026-W35,0.0,0.0,,0.0,0.0,,0.0,0.0,0.0,0.0,,,,,,,,曝光/点击/CTR/CVR/ACOS/ROAS/活动清单
B0H2Z9FQWF,KC4SGE00200,2026-W36,2026-W35,0.0,0.0,,0.0,0.0,,0.0,0.0,0.0,0.0,,,,,,,,曝光/点击/CTR/CVR/ACOS/ROAS/活动清单
B0H2Z9G55Z,OO4SGE38800,2026-W36,2026-W35,0.0,0.0,,0.0,0.0,,0.0,0.0,0.0,0.0,,,,,,,,曝光/点击/CTR/CVR/ACOS/ROAS/活动清单
B0H2Z9H7M2,PT4SGE23700,2026-W36,2026-W35,0.0,0.0,,0.0,0.0,,0.0,0.0,0.0,0.0,,,,,,,,曝光/点击/CTR/CVR/ACOS/ROAS/活动清单
B0H2Z9LTMY,PT4SGE27800,2026-W36,2026-W35,0.0,0.0,,0.0,0.0,,0.0,0.0,0.0,0.0,,,,,,,,曝光/点击/CTR/CVR/ACOS/ROAS/活动清单
B0H2Z9X1JY,PT4SGE25600,2026-W36,2026-W35,0.0,0.0,,0.0,0.0,,0.0,0.0,0.0,0.0,,,,,,,,曝光/点击/CTR/CVR/ACOS/ROAS/活动清单
B0H2ZB1V6L,PT4SGE22500,2026-W36,2026-W35,0.0,0.0,,0.0,0.0,,0.0,0.0,0.0,0.0,,,,,,,,曝光/点击/CTR/CVR/ACOS/ROAS/活动清单
B0H2ZB4TBB,OO4SGE34100,2026-W36,2026-W35,0.0,0.0,,0.0,0.0,,0.0,0.0,0.0,0.0,,,,,,,,曝光/点击/CTR/CVR/ACOS/ROAS/活动清单
B0H2ZB9NX4,KC4PSP18000,2026-W36,2026-W35,0.0,0.0,,0.0,0.0,,0.0,0.0,0.0,0.0,,,,,,,,曝光/点击/CTR/CVR/ACOS/ROAS/活动清单
B0H2ZC8QQT,PT4SGE28200,2026-W36,2026-W35,0.0,0.0,,0.0,0.0,,0.0,0.0,0.0,0.0,,,,,,,,曝光/点击/CTR/CVR/ACOS/ROAS/活动清单
B0H2ZC8QTD,KX4SGE13300,2026-W36,2026-W35,0.0,0.0,,0.0,0.0,,0.0,0.0,0.0,0.0,,,,,,,,曝光/点击/CTR/CVR/ACOS/ROAS/活动清单
B0H2ZCZZJN,KC4SGE03900,2026-W36,2026-W35,0.0,0.0,,0.0,0.0,,0.0,0.0,0.0,0.0,,,,,,,,曝光/点击/CTR/CVR/ACOS/ROAS/活动清单
B0H2ZD3NT4,KX4SGE08800,2026-W36,2026-W35,0.0,0.0,,0.0,0.0,,0.0,0.0,0.0,0.0,,,,,,,,曝光/点击/CTR/CVR/ACOS/ROAS/活动清单
B0H2ZD4PMY,OO4SGE36300,2026-W36,2026-W35,0.0,0.0,,0.0,0.0,,0.0,0.0,0.0,0.0,,,,,,,,曝光/点击/CTR/CVR/ACOS/ROAS/活动清单
B0H32FRVTL,KX4SGE10200,2026-W36,2026-W35,0.0,1.0,-100.0,0.0,1142.4,-100.0,0.0,0.0,0.0,121.33,,10.62,,,0.0,,单量下滑≥20%；销售额下滑≥20%,曝光/点击/CTR/CVR/ACOS/ROAS/活动清单
B0H32FYPZN,KX4SGE13700,2026-W36,2026-W35,0.0,0.0,,0.0,0.0,,0.0,0.0,0.0,0.0,,,,,,,,曝光/点击/CTR/CVR/ACOS/ROAS/活动清单
B0H32G59M9,PT4SGE20800,2026-W36,2026-W35,0.0,0.0,,0.0,0.0,,0.0,0.0,0.0,0.0,,,,,,,,曝光/点击/CTR/CVR/ACOS/ROAS/活动清单
B0H32GG1CG,KX4SGE10900,2026-W36,2026-W35,0.0,0.0,,0.0,0.0,,0.0,0.0,0.0,0.0,,,,,,,,曝光/点击/CTR/CVR/ACOS/ROAS/活动清单
B0H32GJ319,PT4SGE26300,2026-W36,2026-W35,0.0,0.0,,0.0,0.0,,0.0,0.0,0.0,0.0,,,,,,,,曝光/点击/CTR/CVR/ACOS/ROAS/活动清单
B0H32GKWM3,KX4SGE17100,2026-W36,2026-W35,0.0,0.0,,0.0,0.0,,0.0,0.0,0.0,0.0,,,,,,,,曝光/点击/CTR/CVR/ACOS/ROAS/活动清单
B0H32H1K4R,PT4SGE19700,2026-W36,2026-W35,0.0,0.0,,0.0,0.0,,0.0,0.0,0.0,0.0,,,,,,,,曝光/点击/CTR/CVR/ACOS/ROAS/活动清单
B0H32H32T2,KC4PSP17500,2026-W36,2026-W35,0.0,0.0,,0.0,0.0,,0.0,0.0,0.0,0.0,,,,,,,,曝光/点击/CTR/CVR/ACOS/ROAS/活动清单
B0H32HCVC2,KC4SGE02400,2026-W36,2026-W35,0.0,0.0,,0.0,0.0,,0.0,0.0,0.0,0.0,,,,,,,,曝光/点击/CTR/CVR/ACOS/ROAS/活动清单
B0H32HCVPZ,PT4SGE19500,2026-W36,2026-W35,0.0,0.0,,0.0,0.0,,0.0,0.0,0.0,0.0,,,,,,,,曝光/点击/CTR/CVR/ACOS/ROAS/活动清单
B0H32HD4XY,KC4SGE02500,2026-W36,2026-W35,0.0,0.0,,0.0,0.0,,0.0,0.0,0.0,0.0,,,,,,,,曝光/点击/CTR/CVR/ACOS/ROAS/活动清单
B0H32HH55B,KC4PSP17700,2026-W36,2026-W35,0.0,0.0,,0.0,0.0,,0.0,0.0,0.0,-0.04,,,,,,,,曝光/点击/CTR/CVR/ACOS/ROAS/活动清单
B0H32HZ88S,PT4SGE21400,2026-W36,2026-W35,0.0,0.0,,0.0,0.0,,0.0,0.0,0.0,0.0,,,,,,,,曝光/点击/CTR/CVR/ACOS/ROAS/活动清单
B0H32J1PG9,KX4SGE16800,2026-W36,2026-W35,0.0,0.0,,0.0,0.0,,0.0,0.0,0.0,0.0,,,,,,,,曝光/点击/CTR/CVR/ACOS/ROAS/活动清单
B0H32J357M,PT4SGE24900,2026-W36,2026-W35,0.0,0.0,,0.0,0.0,,0.0,0.0,0.0,0.0,,,,,,,,曝光/点击/CTR/CVR/ACOS/ROAS/活动清单
B0H32J3CBX,KC4SGE03300,2026-W36,2026-W35,0.0,0.0,,0.0,0.0,,0.0,0.0,0.0,0.0,,,,,,,,曝光/点击/CTR/CVR/ACOS/ROAS/活动清单
B0H32J5BJY,KX4SGE09100,2026-W36,2026-W35,0.0,0.0,,0.0,0.0,,0.0,0.0,0.0,0.0,,,,,,,,曝光/点击/CTR/CVR/ACOS/ROAS/活动清单
B0H32J95GD,KX4SGE08400,2026-W36,2026-W35,0.0,0.0,,0.0,0.0,,0.0,0.0,0.0,0.0,,,,,,,,曝光/点击/CTR/CVR/ACOS/ROAS/活动清单
B0H32JD2BN,KC4PSP15900,2026-W36,2026-W35,0.0,0.0,,0.0,0.0,,0.0,0.0,0.0,0.0,,,,,,,,曝光/点击/CTR/CVR/ACOS/ROAS/活动清单
B0H32K5WS1,OO4SGE34000,2026-W36,2026-W35,0.0,0.0,,0.0,0.0,,0.0,0.0,0.0,0.0,,,,,,,,曝光/点击/CTR/CVR/ACOS/ROAS/活动清单
B0H32K9DG7,KX4SGE15800,2026-W36,2026-W35,0.0,0.0,,0.0,0.0,,0.0,0.0,0.0,0.0,,,,,,,,曝光/点击/CTR/CVR/ACOS/ROAS/活动清单
B0H32K9RXY,KC4SGE00400,2026-W36,2026-W35,0.0,0.0,,0.0,0.0,,0.0,0.0,0.0,-0.03,,,,,,,,曝光/点击/CTR/CVR/ACOS/ROAS/活动清单
B0H32KGGFC,KC4SGE04300,2026-W36,2026-W35,0.0,0.0,,0.0,0.0,,0.0,0.0,0.0,0.0,,,,,,,,曝光/点击/CTR/CVR/ACOS/ROAS/活动清单
B0H32KM1NH,KX4SGE10600,2026-W36,2026-W35,0.0,0.0,,0.0,0.0,,0.0,0.0,0.0,0.0,,,,,,,,曝光/点击/CTR/CVR/ACOS/ROAS/活动清单
B0H32KRK4S,KX4SGE08500,2026-W36,2026-W35,0.0,0.0,,0.0,0.0,,0.0,0.0,0.0,0.0,,,,,,,,曝光/点击/CTR/CVR/ACOS/ROAS/活动清单
B0H32KRRDJ,KC4PSP16600,2026-W36,2026-W35,0.0,0.0,,0.0,0.0,,8.5,15.78,-8.5,-15.78,,,,,,,,曝光/点击/CTR/CVR/ACOS/ROAS/活动清单
B0H32KV5WD,KC4PSP15800,2026-W36,2026-W35,0.0,0.0,,0.0,0.0,,0.0,0.0,0.0,0.0,,,,,,,,曝光/点击/CTR/CVR/ACOS/ROAS/活动清单
B0H32KZLHK,KX4SGE12200,2026-W36,2026-W35,0.0,0.0,,0.0,0.0,,0.0,3.06,0.0,-3.06,,,,,,,,曝光/点击/CTR/CVR/ACOS/ROAS/活动清单
B0H32L74VG,KC4SGE04200,2026-W36,2026-W35,0.0,0.0,,0.0,0.0,,0.0,0.0,0.0,0.0,,,,,,,,曝光/点击/CTR/CVR/ACOS/ROAS/活动清单
B0H32L7CMJ,KX4SGE08000,2026-W36,2026-W35,0.0,0.0,,0.0,0.0,,0.0,0.0,0.0,0.0,,,,,,,,曝光/点击/CTR/CVR/ACOS/ROAS/活动清单
B0H32LDB14,PT4SGE22200,2026-W36,2026-W35,0.0,0.0,,0.0,0.0,,0.0,0.0,0.0,0.0,,,,,,,,曝光/点击/CTR/CVR/ACOS/ROAS/活动清单
B0H32LDYQ9,KX4SGE15200,2026-W36,2026-W35,0.0,0.0,,0.0,0.0,,0.0,0.0,0.0,0.0,,,,,,,,曝光/点击/CTR/CVR/ACOS/ROAS/活动清单
B0H32LZPVT,KX4SGE10100,2026-W36,2026-W35,0.0,0.0,,0.0,0.0,,0.0,0.0,0.0,0.0,,,,,,,,曝光/点击/CTR/CVR/ACOS/ROAS/活动清单
B0H32M7L8M,PT4SGE24400,2026-W36,2026-W35,0.0,0.0,,0.0,0.0,,0.0,0.0,0.0,0.0,,,,,,,,曝光/点击/CTR/CVR/ACOS/ROAS/活动清单
B0H32M7MB9,OO4SGE38200,2026-W36,2026-W35,0.0,0.0,,0.0,0.0,,0.0,0.0,0.0,0.0,,,,,,,,曝光/点击/CTR/CVR/ACOS/ROAS/活动清单
B0H32M91XR,KC4SGE00800,2026-W36,2026-W35,0.0,0.0,,0.0,0.0,,0.0,0.0,0.0,0.0,,,,,,,,曝光/点击/CTR/CVR/ACOS/ROAS/活动清单
B0H32MBTVC,OO4SGE35200,2026-W36,2026-W35,0.0,0.0,,0.0,0.0,,0.0,0.0,0.0,0.0,,,,,,,,曝光/点击/CTR/CVR/ACOS/ROAS/活动清单
B0H32MH8G4,KC4SGE01000,2026-W36,2026-W35,0.0,0.0,,0.0,0.0,,0.0,0.0,0.0,0.0,,,,,,,,曝光/点击/CTR/CVR/ACOS/ROAS/活动清单
B0H32MKBYC,KC4SGE04600,2026-W36,2026-W35,0.0,0.0,,0.0,0.0,,0.0,0.0,0.0,0.0,,,,,,,,曝光/点击/CTR/CVR/ACOS/ROAS/活动清单
B0H32MS8L5,KX4SGE13300,2026-W36,2026-W35,0.0,0.0,,0.0,0.0,,0.0,0.0,0.0,0.0,,,,,,,,曝光/点击/CTR/CVR/ACOS/ROAS/活动清单
B0H32MWLZC,PT4SGE27500,2026-W36,2026-W35,0.0,0.0,,0.0,0.0,,0.0,0.0,0.0,0.0,,,,,,,,曝光/点击/CTR/CVR/ACOS/ROAS/活动清单
B0H32MZN8B,PT4SGE27300,2026-W36,2026-W35,0.0,0.0,,0.0,0.0,,0.0,0.0,0.0,0.0,,,,,,,,曝光/点击/CTR/CVR/ACOS/ROAS/活动清单
B0H32MZY71,KX4SGE13100,2026-W36,2026-W35,0.0,0.0,,0.0,0.0,,0.0,0.0,0.0,0.0,,,,,,,,曝光/点击/CTR/CVR/ACOS/ROAS/活动清单
B0H32N17TJ,PT4SGE23700,2026-W36,2026-W35,0.0,0.0,,0.0,0.0,,0.0,0.0,0.0,0.0,,,,,,,,曝光/点击/CTR/CVR/ACOS/ROAS/活动清单
B0H32N1G38,KX4SGE12900,2026-W36,2026-W35,0.0,0.0,,0.0,0.0,,0.0,0.0,0.0,0.0,,,,,,,,曝光/点击/CTR/CVR/ACOS/ROAS/活动清单
B0H32N4VB7,PT4SGE27000,2026-W36,2026-W35,0.0,0.0,,0.0,0.0,,0.0,0.0,0.0,0.0,,,,,,,,曝光/点击/CTR/CVR/ACOS/ROAS/活动清单
B0H32N95F5,KX4SGE18000,2026-W36,2026-W35,0.0,0.0,,0.0,0.0,,0.0,0.0,0.0,0.0,,,,,,,,曝光/点击/CTR/CVR/ACOS/ROAS/活动清单
B0H32N9CST,KX4SGE16500,2026-W36,2026-W35,0.0,0.0,,0.0,0.0,,0.0,0.0,0.0,0.0,,,,,,,,曝光/点击/CTR/CVR/ACOS/ROAS/活动清单
B0H32N9L2V,OO4SGE34100,2026-W36,2026-W35,0.0,0.0,,0.0,0.0,,0.0,0.0,0.0,0.0,,,,,,,,曝光/点击/CTR/CVR/ACOS/ROAS/活动清单
B0H32NDTGW,KC4PSP16500,2026-W36,2026-W35,0.0,0.0,,0.0,0.0,,0.0,0.0,0.0,0.0,,,,,,,,曝光/点击/CTR/CVR/ACOS/ROAS/活动清单
B0H32NNXTS,KX4SGE14900,2026-W36,2026-W35,0.0,0.0,,0.0,0.0,,0.0,0.0,0.0,0.0,,,,,,,,曝光/点击/CTR/CVR/ACOS/ROAS/活动清单
B0H32NRX8J,OO4SGE39000,2026-W36,2026-W35,0.0,0.0,,0.0,0.0,,0.0,0.0,0.0,0.0,,,,,,,,曝光/点击/CTR/CVR/ACOS/ROAS/活动清单
B0H32NT3SB,PT4SGE21900,2026-W36,2026-W35,0.0,0.0,,0.0,0.0,,0.0,0.0,0.0,0.0,,,,,,,,曝光/点击/CTR/CVR/ACOS/ROAS/活动清单
B0H32NVR55,OO4SGE34300,2026-W36,2026-W35,0.0,0.0,,0.0,0.0,,0.0,0.0,0.0,0.0,,,,,,,,曝光/点击/CTR/CVR/ACOS/ROAS/活动清单
B0H32NWGSV,OO4SGE37200,2026-W36,2026-W35,0.0,0.0,,0.0,0.0,,0.0,0.0,0.0,0.0,,,,,,,,曝光/点击/CTR/CVR/ACOS/ROAS/活动清单
B0H32NWRNY,PT4SGE23900,2026-W36,2026-W35,0.0,0.0,,0.0,0.0,,0.0,0.0,0.0,0.0,,,,,,,,曝光/点击/CTR/CVR/ACOS/ROAS/活动清单
B0H32NWRQQ,PT4SGE22800,2026-W36,2026-W35,0.0,0.0,,0.0,0.0,,0.0,0.0,0.0,0.0,,,,,,,,曝光/点击/CTR/CVR/ACOS/ROAS/活动清单
B0H32NY5FR,KC4SGE01400,2026-W36,2026-W35,0.0,0.0,,0.0,0.0,,0.0,0.0,0.0,0.0,,,,,,,,曝光/点击/CTR/CVR/ACOS/ROAS/活动清单
B0H32NZ88Q,KX4SGE10700,2026-W36,2026-W35,0.0,0.0,,0.0,0.0,,0.0,0.0,0.0,0.0,,,,,,,,曝光/点击/CTR/CVR/ACOS/ROAS/活动清单
B0H32P2W7X,KC4SGE02900,2026-W36,2026-W35,0.0,0.0,,0.0,0.0,,0.0,0.0,0.0,0.0,,,,,,,,曝光/点击/CTR/CVR/ACOS/ROAS/活动清单
B0H32P3323,KX4SGE12400,2026-W36,2026-W35,0.0,0.0,,0.0,0.0,,0.0,4.28,0.0,-4.28,,,,,,,,曝光/点击/CTR/CVR/ACOS/ROAS/活动清单
B0H32P6JCR,OO4SGE38100,2026-W36,2026-W35,0.0,0.0,,0.0,0.0,,0.0,0.0,0.0,0.0,,,,,,,,曝光/点击/CTR/CVR/ACOS/ROAS/活动清单
B0H32PB9JC,KC4SGE02700,2026-W36,2026-W35,0.0,0.0,,0.0,0.0,,0.0,0.0,0.0,0.0,,,,,,,,曝光/点击/CTR/CVR/ACOS/ROAS/活动清单
B0H32PD3NP,KC4SGE04800,2026-W36,2026-W35,0.0,0.0,,0.0,0.0,,0.0,0.0,0.0,-0.1,,,,,,,,曝光/点击/CTR/CVR/ACOS/ROAS/活动清单
B0H32PDT26,KX4SGE09200,2026-W36,2026-W35,0.0,0.0,,0.0,0.0,,0.0,0.0,0.0,0.0,,,,,,,,曝光/点击/CTR/CVR/ACOS/ROAS/活动清单
B0H32PDT2W,KC4SGE04700,2026-W36,2026-W35,0.0,0.0,,0.0,0.0,,0.0,0.0,0.0,0.0,,,,,,,,曝光/点击/CTR/CVR/ACOS/ROAS/活动清单
B0H32PFW9H,KX4SGE07900,2026-W36,2026-W35,0.0,0.0,,0.0,0.0,,0.0,0.0,0.0,0.0,,,,,,,,曝光/点击/CTR/CVR/ACOS/ROAS/活动清单
B0H32PGH77,KX4SGE12700,2026-W36,2026-W35,0.0,0.0,,0.0,0.0,,0.0,0.0,0.0,0.0,,,,,,,,曝光/点击/CTR/CVR/ACOS/ROAS/活动清单
B0H32PN1QP,KX4SGE17200,2026-W36,2026-W35,0.0,0.0,,0.0,0.0,,0.0,0.0,0.0,0.0,,,,,,,,曝光/点击/CTR/CVR/ACOS/ROAS/活动清单
B0H32PRC95,PT4SGE23600,2026-W36,2026-W35,0.0,0.0,,0.0,0.0,,0.0,0.0,0.0,0.0,,,,,,,,曝光/点击/CTR/CVR/ACOS/ROAS/活动清单
B0H32PSM6C,PT4SGE23100,2026-W36,2026-W35,0.0,0.0,,0.0,0.0,,0.0,0.0,0.0,0.0,,,,,,,,曝光/点击/CTR/CVR/ACOS/ROAS/活动清单
B0H32PT53D,KC4SGE00200,2026-W36,2026-W35,0.0,0.0,,0.0,0.0,,0.0,0.0,0.0,0.0,,,,,,,,曝光/点击/CTR/CVR/ACOS/ROAS/活动清单
B0H32PT7PD,KC4PSP16400,2026-W36,2026-W35,0.0,0.0,,0.0,0.0,,0.0,0.0,0.0,0.0,,,,,,,,曝光/点击/CTR/CVR/ACOS/ROAS/活动清单
B0H32PXW5Y,PT4SGE18800,2026-W36,2026-W35,0.0,0.0,,0.0,0.0,,0.0,0.0,0.0,0.0,,,,,,,,曝光/点击/CTR/CVR/ACOS/ROAS/活动清单
B0H32PZKDX,KX4SGE12600,2026-W36,2026-W35,0.0,0.0,,0.0,0.0,,0.0,0.0,0.0,0.0,,,,,,,,曝光/点击/CTR/CVR/ACOS/ROAS/活动清单
B0H32Q12H6,KX4SGE08800,2026-W36,2026-W35,0.0,0.0,,0.0,0.0,,0.0,0.0,0.0,0.0,,,,,,,,曝光/点击/CTR/CVR/ACOS/ROAS/活动清单
B0H32Q1GHN,OO4SGE38000,2026-W36,2026-W35,0.0,0.0,,0.0,0.0,,0.0,0.0,0.0,0.0,,,,,,,,曝光/点击/CTR/CVR/ACOS/ROAS/活动清单
B0H32Q35D4,PT4SGE24000,2026-W36,2026-W35,0.0,0.0,,0.0,0.0,,0.0,0.0,0.0,0.0,,,,,,,,曝光/点击/CTR/CVR/ACOS/ROAS/活动清单
B0H32Q9R4S,PT4SGE20000,2026-W36,2026-W35,0.0,0.0,,0.0,0.0,,0.0,0.0,0.0,0.0,,,,,,,,曝光/点击/CTR/CVR/ACOS/ROAS/活动清单
B0H32QBKP8,PT4SGE23400,2026-W36,2026-W35,0.0,0.0,,0.0,0.0,,0.0,0.0,0.0,0.0,,,,,,,,曝光/点击/CTR/CVR/ACOS/ROAS/活动清单
B0H32QD4X8,KX4SGE14000,2026-W36,2026-W35,0.0,0.0,,0.0,0.0,,0.0,0.0,0.0,0.0,,,,,,,,曝光/点击/CTR/CVR/ACOS/ROAS/活动清单
B0H32QDY3C,PT4SGE25400,2026-W36,2026-W35,0.0,0.0,,0.0,0.0,,0.0,0.0,0.0,0.0,,,,,,,,曝光/点击/CTR/CVR/ACOS/ROAS/活动清单
B0H32QG7PG,PT4SGE21100,2026-W36,2026-W35,0.0,0.0,,0.0,0.0,,0.0,0.0,0.0,0.0,,,,,,,,曝光/点击/CTR/CVR/ACOS/ROAS/活动清单
B0H32QGFHT,PT4SGE25600,2026-W36,2026-W35,0.0,0.0,,0.0,0.0,,0.0,0.0,0.0,0.0,,,,,,,,曝光/点击/CTR/CVR/ACOS/ROAS/活动清单
B0H32QMXKZ,KC4PSP17800,2026-W36,2026-W35,0.0,0.0,,0.0,0.0,,0.0,0.0,0.0,0.0,,,,,,,,曝光/点击/CTR/CVR/ACOS/ROAS/活动清单
B0H32QNY1H,OO4SGE34600,2026-W36,2026-W35,0.0,0.0,,0.0,0.0,,0.0,0.0,0.0,0.0,,,,,,,,曝光/点击/CTR/CVR/ACOS/ROAS/活动清单
B0H32QPC7Y,PT4SGE24600,2026-W36,2026-W35,0.0,0.0,,0.0,0.0,,0.0,0.0,0.0,0.0,,,,,,,,曝光/点击/CTR/CVR/ACOS/ROAS/活动清单
B0H32QQ1ZF,OO4SGE38500,2026-W36,2026-W35,0.0,0.0,,0.0,0.0,,0.0,0.0,0.0,0.0,,,,,,,,曝光/点击/CTR/CVR/ACOS/ROAS/活动清单
B0H32QS9KQ,OO4SGE36900,2026-W36,2026-W35,0.0,0.0,,0.0,0.0,,0.0,0.0,0.0,0.0,,,,,,,,曝光/点击/CTR/CVR/ACOS/ROAS/活动清单
B0H32QSMQ5,KX4SGE17300,2026-W36,2026-W35,0.0,0.0,,0.0,0.0,,0.0,0.0,0.0,0.0,,,,,,,,曝光/点击/CTR/CVR/ACOS/ROAS/活动清单
B0H32QTFDJ,OO4SGE34200,2026-W36,2026-W35,0.0,0.0,,0.0,0.0,,0.0,0.0,0.0,0.0,,,,,,,,曝光/点击/CTR/CVR/ACOS/ROAS/活动清单
B0H32QVFNQ,PT4SGE28100,2026-W36,2026-W35,0.0,0.0,,0.0,0.0,,0.0,0.0,0.0,0.0,,,,,,,,曝光/点击/CTR/CVR/ACOS/ROAS/活动清单
B0H32QX2JY,PT4SGE20300,2026-W36,2026-W35,0.0,0.0,,0.0,0.0,,0.0,0.0,0.0,0.0,,,,,,,,曝光/点击/CTR/CVR/ACOS/ROAS/活动清单
B0H32QXYLD,PT4SGE23200,2026-W36,2026-W35,0.0,0.0,,0.0,0.0,,0.0,0.0,0.0,0.0,,,,,,,,曝光/点击/CTR/CVR/ACOS/ROAS/活动清单
B0H32QYNHR,KC4SGE03100,2026-W36,2026-W35,0.0,0.0,,0.0,0.0,,0.0,0.0,0.0,0.0,,,,,,,,曝光/点击/CTR/CVR/ACOS/ROAS/活动清单
B0H32QZ3HV,KX4SGE11100,2026-W36,2026-W35,0.0,0.0,,0.0,0.0,,0.0,0.0,0.0,0.0,,,,,,,,曝光/点击/CTR/CVR/ACOS/ROAS/活动清单
B0H32QZD7P,KC4SGE01300,2026-W36,2026-W35,0.0,0.0,,0.0,0.0,,0.0,0.0,0.0,0.0,,,,,,,,曝光/点击/CTR/CVR/ACOS/ROAS/活动清单
B0H32QZP5Z,KC4SGE05300,2026-W36,2026-W35,0.0,0.0,,0.0,0.0,,0.0,0.0,0.0,0.0,,,,,,,,曝光/点击/CTR/CVR/ACOS/ROAS/活动清单
B0H32R2YN3,KC4SGE00300,2026-W36,2026-W35,0.0,0.0,,0.0,0.0,,0.0,0.0,0.0,0.0,,,,,,,,曝光/点击/CTR/CVR/ACOS/ROAS/活动清单
B0H32R3KHV,PT4SGE27900,2026-W36,2026-W35,0.0,0.0,,0.0,0.0,,0.0,0.0,0.0,0.0,,,,,,,,曝光/点击/CTR/CVR/ACOS/ROAS/活动清单
B0H32R4CDP,PT4SGE25800,2026-W36,2026-W35,0.0,0.0,,0.0,0.0,,0.0,0.0,0.0,0.0,,,,,,,,曝光/点击/CTR/CVR/ACOS/ROAS/活动清单
B0H32R4YRB,KX4SGE08600,2026-W36,2026-W35,0.0,0.0,,0.0,0.0,,0.0,0.0,0.0,0.0,,,,,,,,曝光/点击/CTR/CVR/ACOS/ROAS/活动清单
B0H32R5VZL,KC4SGE01700,2026-W36,2026-W35,0.0,0.0,,0.0,0.0,,0.0,0.0,0.0,0.0,,,,,,,,曝光/点击/CTR/CVR/ACOS/ROAS/活动清单
B0H32R86TC,KC4PSP18100,2026-W36,2026-W35,0.0,0.0,,0.0,0.0,,0.0,0.0,0.0,0.0,,,,,,,,曝光/点击/CTR/CVR/ACOS/ROAS/活动清单
B0H32RCR1R,KX4SGE11700,2026-W36,2026-W35,0.0,0.0,,0.0,0.0,,0.0,0.0,0.0,0.0,,,,,,,,曝光/点击/CTR/CVR/ACOS/ROAS/活动清单
B0H32RCTWS,PT4SGE28200,2026-W36,2026-W35,0.0,0.0,,0.0,0.0,,0.0,0.0,0.0,0.0,,,,,,,,曝光/点击/CTR/CVR/ACOS/ROAS/活动清单
B0H32RCXSL,KC4SGE00500,2026-W36,2026-W35,0.0,0.0,,0.0,0.0,,0.0,0.0,0.0,0.0,,,,,,,,曝光/点击/CTR/CVR/ACOS/ROAS/活动清单
B0H32RHDXX,OO4SGE38900,2026-W36,2026-W35,0.0,0.0,,0.0,0.0,,0.0,0.0,0.0,0.0,,,,,,,,曝光/点击/CTR/CVR/ACOS/ROAS/活动清单
B0H32RHLKY,KC4PSP16100,2026-W36,2026-W35,0.0,0.0,,0.0,0.0,,0.0,0.0,0.0,0.0,,,,,,,,曝光/点击/CTR/CVR/ACOS/ROAS/活动清单
B0H32RPPXX,PT4SGE26100,2026-W36,2026-W35,0.0,0.0,,0.0,0.0,,0.0,0.0,0.0,0.0,,,,,,,,曝光/点击/CTR/CVR/ACOS/ROAS/活动清单
B0H32RR9DL,KX4SGE14500,2026-W36,2026-W35,0.0,0.0,,0.0,0.0,,0.0,0.0,0.0,0.0,,,,,,,,曝光/点击/CTR/CVR/ACOS/ROAS/活动清单
B0H32RRSKF,PT4SGE18400,2026-W36,2026-W35,0.0,0.0,,0.0,0.0,,0.0,0.0,0.0,0.0,,,,,,,,曝光/点击/CTR/CVR/ACOS/ROAS/活动清单
B0H32RRWWX,PT4SGE22700,2026-W36,2026-W35,0.0,0.0,,0.0,0.0,,0.0,0.0,0.0,0.0,,,,,,,,曝光/点击/CTR/CVR/ACOS/ROAS/活动清单
B0H32RSH62,KX4SGE12100,2026-W36,2026-W35,0.0,0.0,,0.0,0.0,,0.0,0.0,0.0,0.0,,,,,,,,曝光/点击/CTR/CVR/ACOS/ROAS/活动清单
B0H32RW5HS,PT4SGE19600,2026-W36,2026-W35,0.0,0.0,,0.0,0.0,,0.0,0.0,0.0,0.0,,,,,,,,曝光/点击/CTR/CVR/ACOS/ROAS/活动清单
B0H32RWRF6,PT4SGE27600,2026-W36,2026-W35,0.0,0.0,,0.0,0.0,,0.0,0.0,0.0,0.0,,,,,,,,曝光/点击/CTR/CVR/ACOS/ROAS/活动清单
B0H32RX5R7,KX4SGE17000,2026-W36,2026-W35,0.0,0.0,,0.0,0.0,,0.0,0.0,0.0,0.0,,,,,,,,曝光/点击/CTR/CVR/ACOS/ROAS/活动清单
B0H32RX8BT,PT4SGE20500,2026-W36,2026-W35,0.0,0.0,,0.0,0.0,,0.0,0.0,0.0,0.0,,,,,,,,曝光/点击/CTR/CVR/ACOS/ROAS/活动清单
B0H32S81BM,KC4SGE00100,2026-W36,2026-W35,0.0,0.0,,0.0,0.0,,0.0,0.0,0.0,0.0,,,,,,,,曝光/点击/CTR/CVR/ACOS/ROAS/活动清单
B0H32S8MH8,KX4SGE08300,2026-W36,2026-W35,0.0,0.0,,0.0,0.0,,0.0,0.0,0.0,0.0,,,,,,,,曝光/点击/CTR/CVR/ACOS/ROAS/活动清单
B0H32SB42T,KX4SGE15400,2026-W36,2026-W35,0.0,0.0,,0.0,0.0,,0.0,3.06,0.0,-3.06,,,,,,,,曝光/点击/CTR/CVR/ACOS/ROAS/活动清单
B0H32SGQG6,KC4SGE00700,2026-W36,2026-W35,0.0,0.0,,0.0,0.0,,0.0,3.06,0.0,-3.06,,,,,,,,曝光/点击/CTR/CVR/ACOS/ROAS/活动清单
B0H32SK9PY,PT4SGE26800,2026-W36,2026-W35,0.0,0.0,,0.0,0.0,,0.0,0.0,0.0,0.0,,,,,,,,曝光/点击/CTR/CVR/ACOS/ROAS/活动清单
B0H32SLRW4,OO4SGE37300,2026-W36,2026-W35,0.0,0.0,,0.0,0.0,,0.0,0.0,0.0,0.0,,,,,,,,曝光/点击/CTR/CVR/ACOS/ROAS/活动清单
B0H32SLRX1,PT4SGE18300,2026-W36,2026-W35,0.0,0.0,,0.0,0.0,,0.0,0.0,0.0,0.0,,,,,,,,曝光/点击/CTR/CVR/ACOS/ROAS/活动清单
B0H32SLRZL,PT4SGE21500,2026-W36,2026-W35,0.0,0.0,,0.0,0.0,,0.0,0.0,0.0,0.0,,,,,,,,曝光/点击/CTR/CVR/ACOS/ROAS/活动清单
B0H32SV98B,PT4SGE22500,2026-W36,2026-W35,0.0,0.0,,0.0,0.0,,0.0,0.0,0.0,0.0,,,,,,,,曝光/点击/CTR/CVR/ACOS/ROAS/活动清单
B0H32SZ33M,KC4SGE05000,2026-W36,2026-W35,0.0,0.0,,0.0,0.0,,0.0,0.0,0.0,0.0,,,,,,,,曝光/点击/CTR/CVR/ACOS/ROAS/活动清单
B0H32T2Q8G,KC4PSP16300,2026-W36,2026-W35,0.0,0.0,,0.0,0.0,,0.0,0.0,0.0,0.0,,,,,,,,曝光/点击/CTR/CVR/ACOS/ROAS/活动清单
B0H32T4LLV,KC4SGE03000,2026-W36,2026-W35,0.0,0.0,,0.0,0.0,,0.0,0.0,0.0,0.0,,,,,,,,曝光/点击/CTR/CVR/ACOS/ROAS/活动清单
B0H32T79ZB,OO4SGE37000,2026-W36,2026-W35,0.0,0.0,,0.0,0.0,,0.0,0.0,0.0,0.0,,,,,,,,曝光/点击/CTR/CVR/ACOS/ROAS/活动清单
B0H32T79ZP,OO4SGE37700,2026-W36,2026-W35,0.0,0.0,,0.0,0.0,,0.0,0.0,0.0,0.0,,,,,,,,曝光/点击/CTR/CVR/ACOS/ROAS/活动清单
B0H32TBXL1,KC4SGE04900,2026-W36,2026-W35,0.0,0.0,,0.0,0.0,,0.0,0.0,0.0,0.0,,,,,,,,曝光/点击/CTR/CVR/ACOS/ROAS/活动清单
B0H32TCBGY,OO4SGE37500,2026-W36,2026-W35,0.0,0.0,,0.0,0.0,,0.0,0.0,0.0,0.0,,,,,,,,曝光/点击/CTR/CVR/ACOS/ROAS/活动清单
B0H32TFG1S,PT4SGE19400,2026-W36,2026-W35,0.0,0.0,,0.0,0.0,,0.0,0.0,0.0,0.0,,,,,,,,曝光/点击/CTR/CVR/ACOS/ROAS/活动清单
B0H32TJN8J,KC4PSP18200,2026-W36,2026-W35,0.0,0.0,,0.0,0.0,,0.0,0.0,0.0,0.0,,,,,,,,曝光/点击/CTR/CVR/ACOS/ROAS/活动清单
B0H32TLKJ9,PT4SGE18500,2026-W36,2026-W35,0.0,0.0,,0.0,0.0,,0.0,0.0,0.0,0.0,,,,,,,,曝光/点击/CTR/CVR/ACOS/ROAS/活动清单
B0H32TNDCH,KX4SGE17700,2026-W36,2026-W35,0.0,0.0,,0.0,0.0,,0.0,0.0,0.0,0.0,,,,,,,,曝光/点击/CTR/CVR/ACOS/ROAS/活动清单
B0H32TP2H6,KX4SGE13200,2026-W36,2026-W35,0.0,0.0,,0.0,0.0,,0.0,0.0,0.0,0.0,,,,,,,,曝光/点击/CTR/CVR/ACOS/ROAS/活动清单
B0H32TQ2NL,OO4SGE38300,2026-W36,2026-W35,0.0,0.0,,0.0,0.0,,0.0,0.0,0.0,0.0,,,,,,,,曝光/点击/CTR/CVR/ACOS/ROAS/活动清单
B0H32TQCN9,KC4PSP17600,2026-W36,2026-W35,0.0,0.0,,0.0,0.0,,0.0,0.0,0.0,0.0,,,,,,,,曝光/点击/CTR/CVR/ACOS/ROAS/活动清单
B0H32TYSM3,KC4SGE03900,2026-W36,2026-W35,0.0,0.0,,0.0,0.0,,0.0,0.0,0.0,0.0,,,,,,,,曝光/点击/CTR/CVR/ACOS/ROAS/活动清单
B0H32TZD8S,KX4SGE09300,2026-W36,2026-W35,0.0,0.0,,0.0,0.0,,0.0,0.0,0.0,0.0,,,,,,,,曝光/点击/CTR/CVR/ACOS/ROAS/活动清单
B0H32TZDNR,OO4SGE35400,2026-W36,2026-W35,0.0,0.0,,0.0,0.0,,0.0,0.0,0.0,0.0,,,,,,,,曝光/点击/CTR/CVR/ACOS/ROAS/活动清单
B0H32V44K5,PT4SGE26000,2026-W36,2026-W35,0.0,0.0,,0.0,0.0,,0.0,0.0,0.0,0.0,,,,,,,,曝光/点击/CTR/CVR/ACOS/ROAS/活动清单
B0H32V5ZZ4,KC4SGE03200,2026-W36,2026-W35,0.0,0.0,,0.0,0.0,,0.0,0.0,0.0,0.0,,,,,,,,曝光/点击/CTR/CVR/ACOS/ROAS/活动清单
B0H32V7Z46,KC4SGE05100,2026-W36,2026-W35,0.0,0.0,,0.0,0.0,,0.0,0.0,0.0,0.0,,,,,,,,曝光/点击/CTR/CVR/ACOS/ROAS/活动清单
B0H32V8912,KC4SGE01600,2026-W36,2026-W35,0.0,0.0,,0.0,0.0,,0.0,0.0,0.0,0.0,,,,,,,,曝光/点击/CTR/CVR/ACOS/ROAS/活动清单
B0H32V8VPX,KX4SGE09700,2026-W36,2026-W35,0.0,0.0,,0.0,0.0,,0.0,0.0,0.0,0.0,,,,,,,,曝光/点击/CTR/CVR/ACOS/ROAS/活动清单
B0H32V8W26,OO4SGE36200,2026-W36,2026-W35,0.0,0.0,,0.0,0.0,,0.0,0.0,0.0,0.0,,,,,,,,曝光/点击/CTR/CVR/ACOS/ROAS/活动清单
B0H32VDD7D,KC4SGE05400,2026-W36,2026-W35,0.0,0.0,,0.0,0.0,,0.0,0.0,0.0,0.0,,,,,,,,曝光/点击/CTR/CVR/ACOS/ROAS/活动清单
B0H32VFH11,KC4SGE05200,2026-W36,2026-W35,0.0,0.0,,0.0,0.0,,0.0,0.0,0.0,0.0,,,,,,,,曝光/点击/CTR/CVR/ACOS/ROAS/活动清单
B0H32VQ1SM,PT4SGE19300,2026-W36,2026-W35,0.0,0.0,,0.0,0.0,,0.0,0.0,0.0,0.0,,,,,,,,曝光/点击/CTR/CVR/ACOS/ROAS/活动清单
B0H32VQJQP,KC4PSP17200,2026-W36,2026-W35,0.0,0.0,,0.0,0.0,,0.0,3.06,0.0,-3.06,,,,,,,,曝光/点击/CTR/CVR/ACOS/ROAS/活动清单
B0H32VR11F,KX4SGE14700,2026-W36,2026-W35,0.0,0.0,,0.0,0.0,,0.0,0.0,0.0,0.0,,,,,,,,曝光/点击/CTR/CVR/ACOS/ROAS/活动清单
B0H32VRXPW,PT4SGE18700,2026-W36,2026-W35,0.0,0.0,,0.0,0.0,,0.0,0.0,0.0,0.0,,,,,,,,曝光/点击/CTR/CVR/ACOS/ROAS/活动清单
B0H32VVDM1,KC4PSP17000,2026-W36,2026-W35,0.0,0.0,,0.0,0.0,,0.0,0.0,0.0,0.0,,,,,,,,曝光/点击/CTR/CVR/ACOS/ROAS/活动清单
B0H32VVJ8W,OO4SGE38800,2026-W36,2026-W35,0.0,0.0,,0.0,0.0,,0.0,0.0,0.0,0.0,,,,,,,,曝光/点击/CTR/CVR/ACOS/ROAS/活动清单
B0H32VVM9F,KX4SGE13500,2026-W36,2026-W35,0.0,0.0,,0.0,0.0,,0.0,4.08,0.0,-4.08,,,,,,,,曝光/点击/CTR/CVR/ACOS/ROAS/活动清单
B0H32VVQD7,PT4SGE18600,2026-W36,2026-W35,0.0,0.0,,0.0,0.0,,0.0,0.0,0.0,0.0,,,,,,,,曝光/点击/CTR/CVR/ACOS/ROAS/活动清单
B0H32VXT3X,KX4SGE08900,2026-W36,2026-W35,0.0,0.0,,0.0,0.0,,0.0,0.0,0.0,0.0,,,,,,,,曝光/点击/CTR/CVR/ACOS/ROAS/活动清单
B0H32VY9BP,KX4SGE07700,2026-W36,2026-W35,0.0,0.0,,0.0,0.0,,0.0,0.0,0.0,0.0,,,,,,,,曝光/点击/CTR/CVR/ACOS/ROAS/活动清单
B0H32VYJ2K,KC4SGE03500,2026-W36,2026-W35,0.0,0.0,,0.0,0.0,,0.0,0.0,0.0,0.0,,,,,,,,曝光/点击/CTR/CVR/ACOS/ROAS/活动清单
B0H32W5L5Z,PT4SGE26700,2026-W36,2026-W35,0.0,0.0,,0.0,0.0,,0.0,0.0,0.0,0.0,,,,,,,,曝光/点击/CTR/CVR/ACOS/ROAS/活动清单
B0H32W6FZ2,KC4SGE02800,2026-W36,2026-W35,0.0,0.0,,0.0,0.0,,0.0,0.0,0.0,0.0,,,,,,,,曝光/点击/CTR/CVR/ACOS/ROAS/活动清单
B0H32W6J26,KC4PSP17900,2026-W36,2026-W35,0.0,0.0,,0.0,0.0,,0.0,0.0,0.0,0.0,,,,,,,,曝光/点击/CTR/CVR/ACOS/ROAS/活动清单
B0H32W9SRF,OO4SGE36000,2026-W36,2026-W35,0.0,0.0,,0.0,0.0,,0.0,0.0,0.0,0.0,,,,,,,,曝光/点击/CTR/CVR/ACOS/ROAS/活动清单
B0H32WDFFW,KC4SGE01500,2026-W36,2026-W35,0.0,0.0,,0.0,0.0,,0.0,0.0,0.0,0.0,,,,,,,,曝光/点击/CTR/CVR/ACOS/ROAS/活动清单
B0H32WFBY3,KC4SGE01200,2026-W36,2026-W35,0.0,0.0,,0.0,0.0,,0.0,0.0,0.0,0.0,,,,,,,,曝光/点击/CTR/CVR/ACOS/ROAS/活动清单
B0H32WFK8R,KC4PSP16200,2026-W36,2026-W35,0.0,0.0,,0.0,0.0,,0.0,0.0,0.0,0.0,,,,,,,,曝光/点击/CTR/CVR/ACOS/ROAS/活动清单
B0H32WFTWG,PT4SGE19100,2026-W36,2026-W35,0.0,0.0,,0.0,0.0,,0.0,0.0,0.0,0.0,,,,,,,,曝光/点击/CTR/CVR/ACOS/ROAS/活动清单
B0H32WH8DR,OO4SGE36300,2026-W36,2026-W35,0.0,0.0,,0.0,0.0,,0.0,0.0,0.0,0.0,,,,,,,,曝光/点击/CTR/CVR/ACOS/ROAS/活动清单
B0H32WYLKH,KX4SGE17400,2026-W36,2026-W35,0.0,0.0,,0.0,0.0,,0.0,0.0,0.0,0.0,,,,,,,,曝光/点击/CTR/CVR/ACOS/ROAS/活动清单
B0H32XMMKH,KX4SGE08200,2026-W36,2026-W35,0.0,0.0,,0.0,0.0,,0.0,0.0,0.0,0.0,,,,,,,,曝光/点击/CTR/CVR/ACOS/ROAS/活动清单
B0H32XNJ3D,KC4SGE01100,2026-W36,2026-W35,0.0,0.0,,0.0,0.0,,0.0,0.0,0.0,0.0,,,,,,,,曝光/点击/CTR/CVR/ACOS/ROAS/活动清单
B0H32XPHLR,KC4PSP17100,2026-W36,2026-W35,0.0,0.0,,0.0,0.0,,0.0,0.0,0.0,0.0,,,,,,,,曝光/点击/CTR/CVR/ACOS/ROAS/活动清单
B0H32XQJD4,KX4SGE08100,2026-W36,2026-W35,0.0,0.0,,0.0,0.0,,0.0,0.0,0.0,0.0,,,,,,,,曝光/点击/CTR/CVR/ACOS/ROAS/活动清单
B0H32XS87C,KC4SGE04100,2026-W36,2026-W35,0.0,0.0,,0.0,0.0,,0.0,0.0,0.0,0.0,,,,,,,,曝光/点击/CTR/CVR/ACOS/ROAS/活动清单
B0H32XTJWC,KC4PSP16000,2026-W36,2026-W35,0.0,0.0,,0.0,0.0,,0.0,0.0,0.0,0.0,,,,,,,,曝光/点击/CTR/CVR/ACOS/ROAS/活动清单
B0H32XTJZD,PT4SGE24700,2026-W36,2026-W35,0.0,0.0,,0.0,0.0,,0.0,0.0,0.0,0.0,,,,,,,,曝光/点击/CTR/CVR/ACOS/ROAS/活动清单
B0H32XVBQ3,PT4SGE24100,2026-W36,2026-W35,0.0,0.0,,0.0,0.0,,0.0,0.0,0.0,0.0,,,,,,,,曝光/点击/CTR/CVR/ACOS/ROAS/活动清单
B0H3375F6T,OO4SGE34800,2026-W36,2026-W35,0.0,0.0,,0.0,0.0,,0.0,0.0,0.0,0.0,,,,,,,,曝光/点击/CTR/CVR/ACOS/ROAS/活动清单
B0H3377YBZ,PT4SGE19800,2026-W36,2026-W35,0.0,0.0,,0.0,0.0,,0.0,0.0,0.0,0.0,,,,,,,,曝光/点击/CTR/CVR/ACOS/ROAS/活动清单
B0H338C7RV,OO4SGE35700,2026-W36,2026-W35,0.0,0.0,,0.0,0.0,,0.0,0.0,0.0,0.0,,,,,,,,曝光/点击/CTR/CVR/ACOS/ROAS/活动清单
B0H33BB2SS,KC4SGE01800,2026-W36,2026-W35,0.0,0.0,,0.0,0.0,,0.0,0.0,0.0,0.0,,,,,,,,曝光/点击/CTR/CVR/ACOS/ROAS/活动清单
B0H33BKRHP,KC4SGE00600,2026-W36,2026-W35,0.0,0.0,,0.0,0.0,,0.0,0.0,0.0,-0.06,,,,,,,,曝光/点击/CTR/CVR/ACOS/ROAS/活动清单
B0H33CN2DD,KC4SGE00900,2026-W36,2026-W35,0.0,0.0,,0.0,0.0,,0.0,0.0,0.0,0.0,,,,,,,,曝光/点击/CTR/CVR/ACOS/ROAS/活动清单
B0H33F4LJV,PT4SGE24300,2026-W36,2026-W35,0.0,0.0,,0.0,0.0,,0.0,0.0,0.0,0.0,,,,,,,,曝光/点击/CTR/CVR/ACOS/ROAS/活动清单
B0H33GKNNJ,KC4PSP18000,2026-W36,2026-W35,0.0,0.0,,0.0,0.0,,0.0,0.0,0.0,0.0,,,,,,,,曝光/点击/CTR/CVR/ACOS/ROAS/活动清单
B0H33H7QZP,OO4SGE38400,2026-W36,2026-W35,0.0,0.0,,0.0,0.0,,0.0,0.0,0.0,0.0,,,,,,,,曝光/点击/CTR/CVR/ACOS/ROAS/活动清单
B0H33H8244,KX4SGE16700,2026-W36,2026-W35,0.0,0.0,,0.0,0.0,,0.0,0.0,0.0,0.0,,,,,,,,曝光/点击/CTR/CVR/ACOS/ROAS/活动清单
B0H33J7Q59,OO4SGE35600,2026-W36,2026-W35,0.0,0.0,,0.0,0.0,,0.0,0.0,0.0,0.0,,,,,,,,曝光/点击/CTR/CVR/ACOS/ROAS/活动清单
B0H33K6RFG,OO4SGE36800,2026-W36,2026-W35,0.0,0.0,,0.0,0.0,,0.0,0.0,0.0,0.0,,,,,,,,曝光/点击/CTR/CVR/ACOS/ROAS/活动清单
B0H33L5YG4,OO4SGE38600,2026-W36,2026-W35,0.0,0.0,,0.0,0.0,,0.0,0.0,0.0,0.0,,,,,,,,曝光/点击/CTR/CVR/ACOS/ROAS/活动清单
B0H33N7TN6,OO4SGE36600,2026-W36,2026-W35,0.0,0.0,,0.0,0.0,,0.0,0.0,0.0,0.0,,,,,,,,曝光/点击/CTR/CVR/ACOS/ROAS/活动清单
B0H33NK798,OO4SGE39100,2026-W36,2026-W35,0.0,0.0,,0.0,0.0,,0.0,0.0,0.0,0.0,,,,,,,,曝光/点击/CTR/CVR/ACOS/ROAS/活动清单
B0H6W8GKV4,PT4SGE18700,2026-W36,2026-W35,0.0,0.0,,0.0,0.0,,11.08,10.54,-11.08,-10.54,,,,,,,,曝光/点击/CTR/CVR/ACOS/ROAS/活动清单
B0H6W8M47G,KX4SGE10300,2026-W36,2026-W35,0.0,0.0,,0.0,0.0,,1.9,10.0,-1.9,-10.0,,,,,,,,曝光/点击/CTR/CVR/ACOS/ROAS/活动清单
B0H6W8MCD4,KC4SGE03000,2026-W36,2026-W35,0.0,0.0,,0.0,0.0,,6.53,0.0,-6.53,0.0,,,,,,,,曝光/点击/CTR/CVR/ACOS/ROAS/活动清单
B0H6W8QSG9,KX4SGE10100,2026-W36,2026-W35,2.0,2.0,0.0,2135.06,2135.06,0.0,17.68,8.43,214.22,282.37,10.03,13.23,-24.13,0.83,0.39,109.68,TACOS上升≥30%,曝光/点击/CTR/CVR/ACOS/ROAS/活动清单
B0H6W8WBYW,KC4PSP16100,2026-W36,2026-W35,0.0,0.0,,0.0,0.0,,5.98,11.49,-5.98,-11.49,,,,,,,,曝光/点击/CTR/CVR/ACOS/ROAS/活动清单
B0H6W9LK57,KC4SGE03500,2026-W36,2026-W35,1.0,0.0,N/A,509.93,0.0,N/A,13.94,5.51,77.37,-8.74,15.17,,,2.73,,,,曝光/点击/CTR/CVR/ACOS/ROAS/活动清单
B0H6WBBG37,KX4SGE11700,2026-W36,2026-W35,0.0,0.0,,0.0,0.0,,5.78,19.92,-5.78,-19.92,,,,,,,,曝光/点击/CTR/CVR/ACOS/ROAS/活动清单
B0H6WBBG7P,KC4SGE04600,2026-W36,2026-W35,0.0,0.0,,0.0,0.0,,0.0,0.0,0.0,0.0,,,,,,,,曝光/点击/CTR/CVR/ACOS/ROAS/活动清单
B0H6WBDX83,KX4SGE08400,2026-W36,2026-W35,0.0,0.0,,0.0,0.0,,1.7,9.25,-1.7,-9.25,,,,,,,,曝光/点击/CTR/CVR/ACOS/ROAS/活动清单
B0H6WBDX8D,KC4SGE00800,2026-W36,2026-W35,0.0,0.0,,0.0,0.0,,0.0,0.0,0.0,0.0,,,,,,,,曝光/点击/CTR/CVR/ACOS/ROAS/活动清单
B0H6WBG93P,KC4PSP16200,2026-W36,2026-W35,0.0,0.0,,0.0,0.0,,2.72,3.06,-2.72,-3.06,,,,,,,,曝光/点击/CTR/CVR/ACOS/ROAS/活动清单
B0H6WBG96D,KC4SGE04900,2026-W36,2026-W35,0.0,0.0,,0.0,0.0,,3.26,5.98,-3.26,-5.98,,,,,,,,曝光/点击/CTR/CVR/ACOS/ROAS/活动清单
B0H6WBJG7H,OO4SGE34100,2026-W36,2026-W35,0.0,0.0,,0.0,0.0,,2.72,0.0,-2.72,0.0,,,,,,,,曝光/点击/CTR/CVR/ACOS/ROAS/活动清单
B0H6WBKRTJ,KC4SGE00700,2026-W36,2026-W35,0.0,0.0,,0.0,0.0,,0.0,0.0,0.0,0.0,,,,,,,,曝光/点击/CTR/CVR/ACOS/ROAS/活动清单
B0H6WBLGZN,OO4SGE38400,2026-W36,2026-W35,1.0,0.0,N/A,1244.33,0.0,N/A,3.26,0.0,196.97,0.0,15.83,,,0.26,,,,曝光/点击/CTR/CVR/ACOS/ROAS/活动清单
B0H6WBMTQH,KC4SGE01200,2026-W36,2026-W35,0.0,0.0,,0.0,0.0,,0.0,0.0,0.0,0.0,,,,,,,,曝光/点击/CTR/CVR/ACOS/ROAS/活动清单
B0H6WBQ8GH,KX4SGE07700,2026-W36,2026-W35,0.0,0.0,,0.0,0.0,,18.5,20.4,-18.5,-20.4,,,,,,,,曝光/点击/CTR/CVR/ACOS/ROAS/活动清单
B0H6WBQWG6,KX4SGE13300,2026-W36,2026-W35,0.0,1.0,-100.0,0.0,1373.53,-100.0,0.0,6.12,-2.05,309.47,,22.53,,,0.45,,单量下滑≥20%；销售额下滑≥20%,曝光/点击/CTR/CVR/ACOS/ROAS/活动清单
B0H6WBX8VX,KC4SGE01300,2026-W36,2026-W35,0.0,1.0,-100.0,0.0,1380.33,-100.0,4.49,5.1,-4.49,359.33,,26.03,,,0.37,,单量下滑≥20%；销售额下滑≥20%,曝光/点击/CTR/CVR/ACOS/ROAS/活动清单
B0H6WC2QTD,PT4SGE19600,2026-W36,2026-W35,0.0,0.0,,0.0,0.0,,3.26,6.32,-3.26,-6.32,,,,,,,,曝光/点击/CTR/CVR/ACOS/ROAS/活动清单
B0H6WC2RFS,PT4SGE23900,2026-W36,2026-W35,0.0,0.0,,0.0,0.0,,0.0,0.0,0.0,0.0,,,,,,,,曝光/点击/CTR/CVR/ACOS/ROAS/活动清单
B0H6WC3XXP,KC4PSP16500,2026-W36,2026-W35,0.0,0.0,,0.0,0.0,,21.56,7.07,-21.56,-7.07,,,,,,,,曝光/点击/CTR/CVR/ACOS/ROAS/活动清单
B0H6WC6J4N,KX4SGE08300,2026-W36,2026-W35,0.0,0.0,,0.0,0.0,,3.26,10.74,-3.26,-10.74,,,,,,,,曝光/点击/CTR/CVR/ACOS/ROAS/活动清单
B0H6WC8Q7C,KX4SGE17300,2026-W36,2026-W35,0.0,0.0,,0.0,0.0,,0.0,0.0,-3.63,-15.41,,,,,,,,曝光/点击/CTR/CVR/ACOS/ROAS/活动清单
B0H6WCC2CK,KX4SGE11100,2026-W36,2026-W35,0.0,0.0,,0.0,0.0,,0.0,3.06,0.0,-3.06,,,,,,,,曝光/点击/CTR/CVR/ACOS/ROAS/活动清单
B0H6WCGL2X,PT4SGE22500,2026-W36,2026-W35,0.0,0.0,,0.0,0.0,,0.0,0.0,0.0,0.0,,,,,,,,曝光/点击/CTR/CVR/ACOS/ROAS/活动清单
B0H6WCHBKY,PT4SGE19500,2026-W36,2026-W35,0.0,0.0,,0.0,0.0,,0.0,4.08,-0.89,-7.87,,,,,,,,曝光/点击/CTR/CVR/ACOS/ROAS/活动清单
B0H6WCJWBW,KX4SGE15800,2026-W36,2026-W35,0.0,0.0,,0.0,0.0,,3.06,0.0,-3.06,0.0,,,,,,,,曝光/点击/CTR/CVR/ACOS/ROAS/活动清单
B0H6WD42SN,KX4SGE16700,2026-W36,2026-W35,0.0,0.0,,0.0,0.0,,0.0,3.06,0.0,-3.06,,,,,,,,曝光/点击/CTR/CVR/ACOS/ROAS/活动清单
B0H6WD6Y9J,PT4SGE27500,2026-W36,2026-W35,0.0,0.0,,0.0,0.0,,0.0,5.64,0.0,-5.64,,,,,,,,曝光/点击/CTR/CVR/ACOS/ROAS/活动清单
B0H6WDB5FH,PT4SGE19300,2026-W36,2026-W35,0.0,0.0,,0.0,0.0,,0.0,4.69,0.0,-4.69,,,,,,,,曝光/点击/CTR/CVR/ACOS/ROAS/活动清单
B0H6WDBZGV,KC4SGE02700,2026-W36,2026-W35,0.0,0.0,,0.0,0.0,,0.0,0.0,-2.74,-11.62,,,,,,,,曝光/点击/CTR/CVR/ACOS/ROAS/活动清单
B0H6WDHXH5,KC4SGE01800,2026-W36,2026-W35,0.0,0.0,,0.0,0.0,,25.09,5.17,-26.46,-10.98,,,,,,,,曝光/点击/CTR/CVR/ACOS/ROAS/活动清单
B0H6WDL4C9,KC4SGE03200,2026-W36,2026-W35,0.0,0.0,,0.0,0.0,,3.06,5.17,-3.06,-5.17,,,,,,,,曝光/点击/CTR/CVR/ACOS/ROAS/活动清单
B0H6WDYZVD,KX4SGE12200,2026-W36,2026-W35,0.0,2.0,-100.0,0.0,2012.66,-100.0,10.61,28.7,-13.61,277.54,,13.79,,,1.43,,单量下滑≥20%；销售额下滑≥20%,曝光/点击/CTR/CVR/ACOS/ROAS/活动清单
B0H6WF3NL7,KC4SGE05000,2026-W36,2026-W35,0.0,0.0,,0.0,0.0,,0.0,0.0,0.0,0.0,,,,,,,,曝光/点击/CTR/CVR/ACOS/ROAS/活动清单
B0H6WFLFYJ,KX4SGE14000,2026-W36,2026-W35,0.0,1.0,-100.0,0.0,1482.33,-100.0,0.0,3.26,0.0,321.1,,21.66,,,0.22,,单量下滑≥20%；销售额下滑≥20%,曝光/点击/CTR/CVR/ACOS/ROAS/活动清单
B0H6WFS239,PT4SGE23100,2026-W36,2026-W35,0.0,0.0,,0.0,0.0,,0.0,2.72,0.0,-2.72,,,,,,,,曝光/点击/CTR/CVR/ACOS/ROAS/活动清单
B0H6WFSBT4,PT4SGE23600,2026-W36,2026-W35,0.0,1.0,-100.0,0.0,1237.53,-100.0,8.16,11.22,-10.01,317.34,,25.64,,,0.91,,单量下滑≥20%；销售额下滑≥20%,曝光/点击/CTR/CVR/ACOS/ROAS/活动清单
B0H6WFV3YP,KC4PSP15800,2026-W36,2026-W35,0.0,0.0,,0.0,0.0,,13.06,9.25,-13.06,-9.25,,,,,,,,曝光/点击/CTR/CVR/ACOS/ROAS/活动清单
B0H6WFXQ6N,KX4SGE17100,2026-W36,2026-W35,0.0,1.0,-100.0,0.0,1230.73,-100.0,0.0,0.0,-1.84,337.4,,27.41,,,0.0,,单量下滑≥20%；销售额下滑≥20%,曝光/点击/CTR/CVR/ACOS/ROAS/活动清单
B0H6WFXWPG,PT4SGE24100,2026-W36,2026-W35,0.0,0.0,,0.0,0.0,,6.53,3.06,-6.53,-3.06,,,,,,,,曝光/点击/CTR/CVR/ACOS/ROAS/活动清单
B0H6WFYLY8,KC4SGE03100,2026-W36,2026-W35,0.0,1.0,-100.0,0.0,1400.73,-100.0,7.34,11.63,-7.34,254.87,,18.2,,,0.83,,单量下滑≥20%；销售额下滑≥20%,曝光/点击/CTR/CVR/ACOS/ROAS/活动清单
B0H6WFYLYL,PT4SGE26500,2026-W36,2026-W35,0.0,0.0,,0.0,0.0,,5.64,8.36,-5.64,-8.36,,,,,,,,曝光/点击/CTR/CVR/ACOS/ROAS/活动清单
B0H6WFZF1T,PT4SGE20800,2026-W36,2026-W35,0.0,0.0,,0.0,0.0,,7.21,4.08,-7.21,-4.08,,,,,,,,曝光/点击/CTR/CVR/ACOS/ROAS/活动清单
B0H6WG2B49,PT4SGE26000,2026-W36,2026-W35,0.0,0.0,,0.0,0.0,,6.53,9.79,-6.53,-9.79,,,,,,,,曝光/点击/CTR/CVR/ACOS/ROAS/活动清单
B0H6WG5T4M,PT4SGE18500,2026-W36,2026-W35,0.0,0.0,,0.0,0.0,,0.0,3.26,0.0,-3.26,,,,,,,,曝光/点击/CTR/CVR/ACOS/ROAS/活动清单
B0H6WG6FBJ,KC4SGE04800,2026-W36,2026-W35,0.0,0.0,,0.0,0.0,,15.84,11.97,-17.76,-20.11,,,,,,,,曝光/点击/CTR/CVR/ACOS/ROAS/活动清单
B0H6WG6J3Y,KX4SGE08900,2026-W36,2026-W35,1.0,0.0,N/A,1115.13,0.0,N/A,12.99,3.26,124.48,-10.32,11.16,,,1.16,,,,曝光/点击/CTR/CVR/ACOS/ROAS/活动清单
B0H6WGB5GG,KC4SGE00200,2026-W36,2026-W35,0.0,0.0,,0.0,0.0,,5.44,0.0,-5.44,0.0,,,,,,,,曝光/点击/CTR/CVR/ACOS/ROAS/活动清单
B0H6WGBZ8Q,KX4SGE09100,2026-W36,2026-W35,0.0,1.0,-100.0,0.0,1122.0,-100.0,9.18,14.21,-9.18,103.49,,9.22,,,1.27,,单量下滑≥20%；销售额下滑≥20%,曝光/点击/CTR/CVR/ACOS/ROAS/活动清单
B0H6WGFF3D,KX4SGE12100,2026-W36,2026-W35,0.0,0.0,,0.0,0.0,,6.53,19.92,-6.53,-19.92,,,,,,,,曝光/点击/CTR/CVR/ACOS/ROAS/活动清单
B0H6WGGS93,KC4SGE02400,2026-W36,2026-W35,0.0,0.0,,0.0,0.0,,0.0,3.54,0.0,-3.54,,,,,,,,曝光/点击/CTR/CVR/ACOS/ROAS/活动清单
B0H6WGKPR5,OO4SGE35700,2026-W36,2026-W35,0.0,0.0,,0.0,0.0,,6.32,3.06,-6.32,-3.06,,,,,,,,曝光/点击/CTR/CVR/ACOS/ROAS/活动清单
B0H6WGMHPN,OO4SGE38100,2026-W36,2026-W35,0.0,0.0,,0.0,0.0,,10.4,6.39,-10.4,-6.39,,,,,,,,曝光/点击/CTR/CVR/ACOS/ROAS/活动清单
B0H6WGSHB4,KX4SGE13500,2026-W36,2026-W35,0.0,1.0,-100.0,0.0,1631.93,-100.0,28.63,47.26,-28.63,266.41,,16.32,,,2.9,,单量下滑≥20%；销售额下滑≥20%,曝光/点击/CTR/CVR/ACOS/ROAS/活动清单
B0H6WGTKF9,PT4SGE18800,2026-W36,2026-W35,0.0,0.0,,0.0,0.0,,0.0,0.0,0.0,0.0,,,,,,,,曝光/点击/CTR/CVR/ACOS/ROAS/活动清单
B0H6WHDDM2,OO4SGE36000,2026-W36,2026-W35,5.0,1.0,400.0,7105.66,1421.13,400.0,0.0,27.47,1374.74,248.44,19.35,17.48,10.67,0.0,1.93,-100.0,,曝光/点击/CTR/CVR/ACOS/ROAS/活动清单
B0H6WHFGV8,KC4SGE00500,2026-W36,2026-W35,0.0,0.0,,0.0,0.0,,0.0,0.0,-1.76,-7.45,,,,,,,,曝光/点击/CTR/CVR/ACOS/ROAS/活动清单
B0H6WHND3D,OO4SGE38900,2026-W36,2026-W35,1.0,1.0,0.0,802.33,802.33,0.0,0.0,0.0,339.6,337.95,42.33,42.12,0.49,0.0,0.0,,,曝光/点击/CTR/CVR/ACOS/ROAS/活动清单
B0H6WHR41G,PT4SGE27600,2026-W36,2026-W35,0.0,0.0,,0.0,0.0,,6.05,3.26,-6.05,-3.26,,,,,,,,曝光/点击/CTR/CVR/ACOS/ROAS/活动清单
B0H6WHRWR5,KX4SGE09700,2026-W36,2026-W35,0.0,0.0,,0.0,0.0,,9.25,0.0,-9.25,0.0,,,,,,,,曝光/点击/CTR/CVR/ACOS/ROAS/活动清单
B0H6WHRWRY,PT4SGE21900,2026-W36,2026-W35,0.0,0.0,,0.0,0.0,,0.0,0.0,0.0,0.0,,,,,,,,曝光/点击/CTR/CVR/ACOS/ROAS/活动清单
B0H6WHS9SC,OO4SGE34000,2026-W36,2026-W35,0.0,0.0,,0.0,0.0,,9.72,0.0,-9.72,0.0,,,,,,,,曝光/点击/CTR/CVR/ACOS/ROAS/活动清单
B0H6WHS9V3,KC4SGE00600,2026-W36,2026-W35,0.0,0.0,,0.0,0.0,,3.47,10.06,-3.47,-10.06,,,,,,,,曝光/点击/CTR/CVR/ACOS/ROAS/活动清单
B0H6WHSJNK,PT4SGE23400,2026-W36,2026-W35,0.0,0.0,,0.0,0.0,,30.4,14.01,-30.4,-14.01,,,,,,,,曝光/点击/CTR/CVR/ACOS/ROAS/活动清单
B0H6WHSJNL,KX4SGE14900,2026-W36,2026-W35,0.0,0.0,,0.0,0.0,,5.1,3.06,-5.1,-3.06,,,,,,,,曝光/点击/CTR/CVR/ACOS/ROAS/活动清单
B0H6WHTFHB,KC4SGE04700,2026-W36,2026-W35,0.0,0.0,,0.0,0.0,,6.66,4.9,-6.66,-4.9,,,,,,,,曝光/点击/CTR/CVR/ACOS/ROAS/活动清单
B0H6WHVJ8N,PT4SGE19800,2026-W36,2026-W35,0.0,0.0,,0.0,0.0,,6.12,0.0,-6.12,0.0,,,,,,,,曝光/点击/CTR/CVR/ACOS/ROAS/活动清单
B0H6WHVM1S,KC4PSP17500,2026-W36,2026-W35,0.0,0.0,,0.0,0.0,,2.72,2.72,-2.72,-2.72,,,,,,,,曝光/点击/CTR/CVR/ACOS/ROAS/活动清单
B0H6WHXNGH,OO4SGE35400,2026-W36,2026-W35,0.0,0.0,,0.0,0.0,,0.0,0.0,0.0,0.0,,,,,,,,曝光/点击/CTR/CVR/ACOS/ROAS/活动清单
B0H6WJ1P5Q,KC4SGE05300,2026-W36,2026-W35,0.0,0.0,,0.0,0.0,,11.7,0.0,-11.7,0.0,,,,,,,,曝光/点击/CTR/CVR/ACOS/ROAS/活动清单
B0H6WJ2H4N,OO4SGE36900,2026-W36,2026-W35,0.0,0.0,,0.0,0.0,,5.44,6.46,-5.44,-6.46,,,,,,,,曝光/点击/CTR/CVR/ACOS/ROAS/活动清单
B0H6WJ5F5J,PT4SGE23300,2026-W36,2026-W35,1.0,0.0,N/A,1665.93,0.0,N/A,6.32,7.34,422.12,-7.34,25.34,,,0.38,,,,曝光/点击/CTR/CVR/ACOS/ROAS/活动清单
B0H6WJ68X4,KC4PSP15900,2026-W36,2026-W35,2.0,1.0,100.0,1659.06,829.53,100.0,11.9,8.84,192.99,79.93,11.63,9.64,20.72,0.72,1.07,-32.69,,曝光/点击/CTR/CVR/ACOS/ROAS/活动清单
B0H6WJQJL3,PT4SGE26300,2026-W36,2026-W35,0.0,0.0,,0.0,0.0,,6.32,0.41,-6.32,-0.41,,,,,,,,曝光/点击/CTR/CVR/ACOS/ROAS/活动清单
B0H6WJS7L2,KC4PSP17800,2026-W36,2026-W35,0.0,0.0,,0.0,0.0,,13.6,3.26,-13.6,-3.26,,,,,,,,曝光/点击/CTR/CVR/ACOS/ROAS/活动清单
B0H6WJY322,PT4SGE21500,2026-W36,2026-W35,0.0,0.0,,0.0,0.0,,0.0,0.0,0.0,0.0,,,,,,,,曝光/点击/CTR/CVR/ACOS/ROAS/活动清单
B0H6WJZR6S,KX4SGE10700,2026-W36,2026-W35,0.0,0.0,,0.0,0.0,,3.06,5.78,-3.06,-5.78,,,,,,,,曝光/点击/CTR/CVR/ACOS/ROAS/活动清单
B0H6WJZR7L,KX4SGE15400,2026-W36,2026-W35,0.0,0.0,,0.0,0.0,,0.0,5.44,-3.17,-18.87,,,,,,,,曝光/点击/CTR/CVR/ACOS/ROAS/活动清单
B0H6WK1747,KX4SGE14700,2026-W36,2026-W35,0.0,0.0,,0.0,0.0,,0.0,3.26,0.0,-3.26,,,,,,,,曝光/点击/CTR/CVR/ACOS/ROAS/活动清单
B0H6WK24MJ,PT4SGE23700,2026-W36,2026-W35,0.0,0.0,,0.0,0.0,,7.0,10.06,-7.0,-10.06,,,,,,,,曝光/点击/CTR/CVR/ACOS/ROAS/活动清单
B0H6WK2ZL2,PT4SGE24300,2026-W36,2026-W35,0.0,0.0,,0.0,0.0,,9.59,13.33,-9.59,-13.33,,,,,,,,曝光/点击/CTR/CVR/ACOS/ROAS/活动清单
B0H6WK4XTM,PT4SGE28100,2026-W36,2026-W35,0.0,0.0,,0.0,0.0,,6.32,12.1,-6.32,-12.1,,,,,,,,曝光/点击/CTR/CVR/ACOS/ROAS/活动清单
B0H6WKFC84,KC4SGE01000,2026-W36,2026-W35,0.0,0.0,,0.0,0.0,,3.06,0.0,-3.06,0.0,,,,,,,,曝光/点击/CTR/CVR/ACOS/ROAS/活动清单
B0H6WKKXKW,KX4SGE14500,2026-W36,2026-W35,0.0,0.0,,0.0,0.0,,3.26,4.9,-6.43,-18.33,,,,,,,,曝光/点击/CTR/CVR/ACOS/ROAS/活动清单
B0H6WKLBTP,KC4PSP17900,2026-W36,2026-W35,0.0,0.0,,0.0,0.0,,0.0,0.0,-1.55,-6.59,,,,,,,,曝光/点击/CTR/CVR/ACOS/ROAS/活动清单
B0H6WKNBLS,KX4SGE12400,2026-W36,2026-W35,0.0,0.0,,0.0,0.0,,2.92,0.0,-4.8,-7.96,,,,,,,,曝光/点击/CTR/CVR/ACOS/ROAS/活动清单
B0H6WKSJ7V,OO4SGE37500,2026-W36,2026-W35,0.0,2.0,-100.0,0.0,2148.66,-100.0,9.25,5.98,-9.25,478.52,,22.27,,,0.28,,单量下滑≥20%；销售额下滑≥20%,曝光/点击/CTR/CVR/ACOS/ROAS/活动清单
B0H6WKTP81,KX4SGE17400,2026-W36,2026-W35,0.0,0.0,,0.0,0.0,,2.72,3.06,-2.72,-3.06,,,,,,,,曝光/点击/CTR/CVR/ACOS/ROAS/活动清单
B0H6WKV3D1,PT4SGE22800,2026-W36,2026-W35,0.0,0.0,,0.0,0.0,,0.0,2.58,0.0,-2.58,,,,,,,,曝光/点击/CTR/CVR/ACOS/ROAS/活动清单
B0H6WKXGBS,PT4SGE21000,2026-W36,2026-W35,0.0,0.0,,0.0,0.0,,0.0,16.25,0.0,-16.25,,,,,,,,曝光/点击/CTR/CVR/ACOS/ROAS/活动清单
B0H6WKXNV3,PT4SGE24900,2026-W36,2026-W35,0.0,0.0,,0.0,0.0,,6.53,0.0,-6.53,0.0,,,,,,,,曝光/点击/CTR/CVR/ACOS/ROAS/活动清单
B0H6WL5BHM,KC4SGE02500,2026-W36,2026-W35,1.0,0.0,N/A,1142.33,0.0,N/A,20.6,0.0,263.34,0.0,23.05,,,1.8,,,,曝光/点击/CTR/CVR/ACOS/ROAS/活动清单
B0H6WL6547,PT4SGE20500,2026-W36,2026-W35,0.0,0.0,,0.0,0.0,,7.0,8.43,-7.0,-8.43,,,,,,,,曝光/点击/CTR/CVR/ACOS/ROAS/活动清单
B0H6WL654F,KC4PSP17200,2026-W36,2026-W35,0.0,0.0,,0.0,0.0,,3.4,0.0,-3.4,0.0,,,,,,,,曝光/点击/CTR/CVR/ACOS/ROAS/活动清单
B0H6WL6C98,KX4SGE08800,2026-W36,2026-W35,0.0,0.0,,0.0,0.0,,3.26,0.0,-3.26,0.0,,,,,,,,曝光/点击/CTR/CVR/ACOS/ROAS/活动清单
B0H6WL71LG,PT4SGE24000,2026-W36,2026-W35,0.0,0.0,,0.0,0.0,,20.74,17.14,-20.74,-17.14,,,,,,,,曝光/点击/CTR/CVR/ACOS/ROAS/活动清单
B0H6WLBQ9P,PT4SGE19200,2026-W36,2026-W35,0.0,0.0,,0.0,0.0,,0.0,0.0,0.0,0.0,,,,,,,,曝光/点击/CTR/CVR/ACOS/ROAS/活动清单
B0H6WLKYTP,PT4SGE21100,2026-W36,2026-W35,0.0,0.0,,0.0,0.0,,3.26,0.0,-3.26,0.0,,,,,,,,曝光/点击/CTR/CVR/ACOS/ROAS/活动清单
B0H6WLQDVM,OO4SGE38800,2026-W36,2026-W35,0.0,0.0,,0.0,0.0,,8.77,14.82,-8.77,-14.82,,,,,,,,曝光/点击/CTR/CVR/ACOS/ROAS/活动清单
B0H6WLQHP5,PT4SGE20300,2026-W36,2026-W35,1.0,0.0,N/A,577.93,0.0,N/A,0.0,5.03,38.09,-8.69,6.59,,,0.0,,,,曝光/点击/CTR/CVR/ACOS/ROAS/活动清单
B0H6WLTB7W,KC4PSP18200,2026-W36,2026-W35,0.0,1.0,-100.0,0.0,1155.93,-100.0,49.84,11.02,-53.29,224.08,,19.39,,,0.95,,单量下滑≥20%；销售额下滑≥20%,曝光/点击/CTR/CVR/ACOS/ROAS/活动清单
B0H6WLVGSC,PT4SGE19900,2026-W36,2026-W35,0.0,0.0,,0.0,0.0,,0.0,11.49,0.0,-11.49,,,,,,,,曝光/点击/CTR/CVR/ACOS/ROAS/活动清单
B0H6WLW67Z,PT4SGE20100,2026-W36,2026-W35,0.0,0.0,,0.0,0.0,,2.72,0.0,-2.72,0.0,,,,,,,,曝光/点击/CTR/CVR/ACOS/ROAS/活动清单
B0H6WLXGZG,KC4SGE00400,2026-W36,2026-W35,0.0,0.0,,0.0,0.0,,11.63,13.19,-11.63,-13.19,,,,,,,,曝光/点击/CTR/CVR/ACOS/ROAS/活动清单
B0H6WLXYPT,PT4SGE22700,2026-W36,2026-W35,0.0,0.0,,0.0,0.0,,0.0,0.0,0.0,0.0,,,,,,,,曝光/点击/CTR/CVR/ACOS/ROAS/活动清单
B0H6WLYQ2R,KC4SGE01100,2026-W36,2026-W35,0.0,0.0,,0.0,0.0,,9.04,0.0,-9.04,0.0,,,,,,,,曝光/点击/CTR/CVR/ACOS/ROAS/活动清单
B0H6WM1NCV,OO4SGE35600,2026-W36,2026-W35,0.0,0.0,,0.0,0.0,,0.0,0.0,0.0,0.0,,,,,,,,曝光/点击/CTR/CVR/ACOS/ROAS/活动清单
B0H6WM1SFJ,OO4SGE37700,2026-W36,2026-W35,0.0,0.0,,0.0,0.0,,13.26,9.79,-13.26,-9.79,,,,,,,,曝光/点击/CTR/CVR/ACOS/ROAS/活动清单
B0H6WM22T1,KC4PSP16600,2026-W36,2026-W35,0.0,1.0,-100.0,0.0,849.93,-100.0,0.0,0.0,-11.42,43.0,,5.06,,,0.0,,单量下滑≥20%；销售额下滑≥20%,曝光/点击/CTR/CVR/ACOS/ROAS/活动清单
B0H6WM39GB,KC4SGE03700,2026-W36,2026-W35,0.0,0.0,,0.0,0.0,,0.95,0.0,-0.95,0.0,,,,,,,,曝光/点击/CTR/CVR/ACOS/ROAS/活动清单
B0H6WM5WL4,PT4SGE18400,2026-W36,2026-W35,0.0,0.0,,0.0,0.0,,0.0,0.0,0.0,0.0,,,,,,,,曝光/点击/CTR/CVR/ACOS/ROAS/活动清单
B0H6WM9F8J,KX4SGE12900,2026-W36,2026-W35,0.0,0.0,,0.0,0.0,,4.42,3.26,-4.42,-3.26,,,,,,,,曝光/点击/CTR/CVR/ACOS/ROAS/活动清单
B0H6WMBB4X,KC4SGE01500,2026-W36,2026-W35,0.0,0.0,,0.0,0.0,,2.72,4.56,-2.72,-4.56,,,,,,,,曝光/点击/CTR/CVR/ACOS/ROAS/活动清单
B0H6WMCXXT,KC4PSP16000,2026-W36,2026-W35,0.0,0.0,,0.0,0.0,,0.0,0.0,0.0,0.0,,,,,,,,曝光/点击/CTR/CVR/ACOS/ROAS/活动清单
B0H6WMRSY4,OO4SGE37000,2026-W36,2026-W35,0.0,0.0,,0.0,0.0,,14.01,0.0,-14.01,0.0,,,,,,,,曝光/点击/CTR/CVR/ACOS/ROAS/活动清单
B0H6WMSZBR,KX4SGE17700,2026-W36,2026-W35,0.0,0.0,,0.0,0.0,,5.78,3.26,-5.78,-3.26,,,,,,,,曝光/点击/CTR/CVR/ACOS/ROAS/活动清单
B0H6WMSZF1,KC4PSP17600,2026-W36,2026-W35,0.0,0.0,,0.0,0.0,,10.4,2.72,-10.4,-2.72,,,,,,,,曝光/点击/CTR/CVR/ACOS/ROAS/活动清单
B0H6WMTYJQ,PT4SGE25400,2026-W36,2026-W35,1.0,0.0,N/A,1529.93,0.0,N/A,2.72,0.0,335.05,-9.69,21.9,,,0.18,,,,曝光/点击/CTR/CVR/ACOS/ROAS/活动清单
B0H6WMVHPH,PT4SGE25800,2026-W36,2026-W35,0.0,0.0,,0.0,0.0,,3.26,15.78,-3.26,-15.78,,,,,,,,曝光/点击/CTR/CVR/ACOS/ROAS/活动清单
B0H6WMYKNQ,PT4SGE19400,2026-W36,2026-W35,0.0,0.0,,0.0,0.0,,10.13,13.74,-10.13,-13.74,,,,,,,,曝光/点击/CTR/CVR/ACOS/ROAS/活动清单
B0H6WN4PXL,KC4PSP17000,2026-W36,2026-W35,0.0,0.0,,0.0,0.0,,0.0,0.0,-1.81,-7.66,,,,,,,,曝光/点击/CTR/CVR/ACOS/ROAS/活动清单
B0H6WN4X98,KC4SGE03400,2026-W36,2026-W35,0.0,0.0,,0.0,0.0,,5.85,0.0,-5.85,0.0,,,,,,,,曝光/点击/CTR/CVR/ACOS/ROAS/活动清单
B0H6WN5HRW,PT4SGE26100,2026-W36,2026-W35,0.0,0.0,,0.0,0.0,,0.0,0.0,0.0,0.0,,,,,,,,曝光/点击/CTR/CVR/ACOS/ROAS/活动清单
B0H6WN611V,KC4SGE00900,2026-W36,2026-W35,0.0,0.0,,0.0,0.0,,2.72,0.0,-5.24,-10.68,,,,,,,,曝光/点击/CTR/CVR/ACOS/ROAS/活动清单
B0H6WN631T,KX4SGE15200,2026-W36,2026-W35,0.0,0.0,,0.0,0.0,,2.72,1.43,-2.72,-1.43,,,,,,,,曝光/点击/CTR/CVR/ACOS/ROAS/活动清单
B0H6WN739B,KC4SGE02800,2026-W36,2026-W35,0.0,0.0,,0.0,0.0,,0.0,0.0,0.0,0.0,,,,,,,,曝光/点击/CTR/CVR/ACOS/ROAS/活动清单
B0H6WN7HDF,PT4SGE27800,2026-W36,2026-W35,0.0,0.0,,0.0,0.0,,0.0,0.0,0.0,0.0,,,,,,,,曝光/点击/CTR/CVR/ACOS/ROAS/活动清单
B0H6WNBKKQ,PT4SGE18600,2026-W36,2026-W35,0.0,0.0,,0.0,0.0,,0.0,0.0,0.0,0.0,,,,,,,,曝光/点击/CTR/CVR/ACOS/ROAS/活动清单
B0H6WNBRFQ,KX4SGE10200,2026-W36,2026-W35,0.0,0.0,,0.0,0.0,,0.0,0.0,0.0,0.0,,,,,,,,曝光/点击/CTR/CVR/ACOS/ROAS/活动清单
B0H6WNC6KF,PT4SGE24400,2026-W36,2026-W35,1.0,0.0,N/A,1353.13,0.0,N/A,0.0,5.03,321.07,-5.03,23.73,,,0.0,,,,曝光/点击/CTR/CVR/ACOS/ROAS/活动清单
B0H6WNCHFQ,PT4SGE27000,2026-W36,2026-W35,0.0,0.0,,0.0,0.0,,0.0,0.0,0.0,0.0,,,,,,,,曝光/点击/CTR/CVR/ACOS/ROAS/活动清单
B0H6WNHTQ6,KX4SGE08600,2026-W36,2026-W35,0.0,0.0,,0.0,0.0,,3.26,0.0,-3.26,0.0,,,,,,,,曝光/点击/CTR/CVR/ACOS/ROAS/活动清单
B0H6WNHXW2,KX4SGE12700,2026-W36,2026-W35,0.0,1.0,-100.0,0.0,1026.73,-100.0,7.96,30.8,-30.94,-10.54,,-1.03,,,3.0,,单量下滑≥20%；销售额下滑≥20%,曝光/点击/CTR/CVR/ACOS/ROAS/活动清单
B0H6WNJXT3,PT4SGE23200,2026-W36,2026-W35,0.0,1.0,-100.0,0.0,1353.13,-100.0,3.06,3.06,-5.08,509.94,,37.69,,,0.23,,单量下滑≥20%；销售额下滑≥20%,曝光/点击/CTR/CVR/ACOS/ROAS/活动清单
B0H6WNKC1Q,KX4SGE16800,2026-W36,2026-W35,2.0,0.0,N/A,1468.66,0.0,N/A,3.26,6.39,216.38,-15.69,14.73,,,0.22,,,,曝光/点击/CTR/CVR/ACOS/ROAS/活动清单
B0H6WNKC22,OO4SGE36800,2026-W36,2026-W35,1.0,1.0,0.0,1319.13,1319.13,0.0,3.13,21.62,267.32,247.32,20.26,18.75,8.09,0.24,1.64,-85.53,,曝光/点击/CTR/CVR/ACOS/ROAS/活动清单
B0H6WNKJCR,KC4SGE00100,2026-W36,2026-W35,0.0,1.0,-100.0,0.0,503.2,-100.0,12.24,10.88,-12.24,59.32,,11.79,,,2.16,,单量下滑≥20%；销售额下滑≥20%,曝光/点击/CTR/CVR/ACOS/ROAS/活动清单
B0H6WNLHLK,PT4SGE26600,2026-W36,2026-W35,0.0,0.0,,0.0,0.0,,0.0,3.06,0.0,-3.06,,,,,,,,曝光/点击/CTR/CVR/ACOS/ROAS/活动清单
B0H6WNM7Q5,OO4SGE38300,2026-W36,2026-W35,0.0,0.0,,0.0,0.0,,0.0,0.54,0.0,-0.54,,,,,,,,曝光/点击/CTR/CVR/ACOS/ROAS/活动清单
B0H6WNXZN3,KC4SGE03300,2026-W36,2026-W35,0.0,0.0,,0.0,0.0,,0.0,0.0,0.0,0.0,,,,,,,,曝光/点击/CTR/CVR/ACOS/ROAS/活动清单
B0H6WP99DL,KC4PSP17700,2026-W36,2026-W35,0.0,1.0,-100.0,0.0,890.73,-100.0,0.0,0.0,-3.99,71.98,,8.08,,,0.0,,单量下滑≥20%；销售额下滑≥20%,曝光/点击/CTR/CVR/ACOS/ROAS/活动清单
B0H6WPC3ZF,PT4SGE28200,2026-W36,2026-W35,0.0,0.0,,0.0,0.0,,0.0,4.69,0.0,-4.69,,,,,,,,曝光/点击/CTR/CVR/ACOS/ROAS/活动清单
B0H6WPHF4K,PT4SGE20000,2026-W36,2026-W35,0.0,0.0,,0.0,0.0,,13.06,2.72,-13.06,-2.72,,,,,,,,曝光/点击/CTR/CVR/ACOS/ROAS/活动清单
B0H6WPMXL9,KX4SGE12600,2026-W36,2026-W35,0.0,0.0,,0.0,0.0,,6.53,13.06,-6.53,-13.06,,,,,,,,曝光/点击/CTR/CVR/ACOS/ROAS/活动清单
B0H6WPMXLT,KC4PSP16400,2026-W36,2026-W35,0.0,0.0,,0.0,0.0,,0.0,0.0,0.0,0.0,,,,,,,,曝光/点击/CTR/CVR/ACOS/ROAS/活动清单
B0H6WPPD93,PT4SGE25600,2026-W36,2026-W35,0.0,0.0,,0.0,0.0,,16.32,0.0,-16.32,0.0,,,,,,,,曝光/点击/CTR/CVR/ACOS/ROAS/活动清单
B0H6WPR3YY,KX4SGE13100,2026-W36,2026-W35,1.0,0.0,N/A,1475.53,0.0,N/A,0.0,0.0,350.63,0.0,23.76,,,0.0,,,,曝光/点击/CTR/CVR/ACOS/ROAS/活动清单
B0H6WPRBFM,PT4SGE18300,2026-W36,2026-W35,2.0,0.0,N/A,1169.46,0.0,N/A,19.79,6.12,255.09,-6.12,21.81,,,1.69,,,,曝光/点击/CTR/CVR/ACOS/ROAS/活动清单
B0H6WPSRCZ,PT4SGE19100,2026-W36,2026-W35,0.0,0.0,,0.0,0.0,,0.0,0.0,0.0,0.0,,,,,,,,曝光/点击/CTR/CVR/ACOS/ROAS/活动清单
B0H6WPSRG8,KX4SGE08100,2026-W36,2026-W35,0.0,1.0,-100.0,0.0,1631.93,-100.0,12.85,12.31,-12.85,310.21,,19.01,,,0.75,,单量下滑≥20%；销售额下滑≥20%,曝光/点击/CTR/CVR/ACOS/ROAS/活动清单
B0H6WPXBPV,PT4SGE26800,2026-W36,2026-W35,0.0,0.0,,0.0,0.0,,0.0,0.0,0.0,0.0,,,,,,,,曝光/点击/CTR/CVR/ACOS/ROAS/活动清单
B0H6WPXMD4,PT4SGE22200,2026-W36,2026-W35,0.0,0.0,,0.0,0.0,,3.26,6.39,-3.26,-6.39,,,,,,,,曝光/点击/CTR/CVR/ACOS/ROAS/活动清单
B0H6WQFDG8,KC4SGE05400,2026-W36,2026-W35,0.0,1.0,-100.0,0.0,1353.13,-100.0,0.0,6.53,0.0,290.37,,21.46,,,0.48,,单量下滑≥20%；销售额下滑≥20%,曝光/点击/CTR/CVR/ACOS/ROAS/活动清单
B0H6WQK99C,KX4SGE16500,2026-W36,2026-W35,0.0,0.0,,0.0,0.0,,0.0,2.72,-1.57,-9.39,,,,,,,,曝光/点击/CTR/CVR/ACOS/ROAS/活动清单
B0H6WQKLCP,KX4SGE10900,2026-W36,2026-W35,0.0,0.0,,0.0,0.0,,0.0,0.0,0.0,0.0,,,,,,,,曝光/点击/CTR/CVR/ACOS/ROAS/活动清单
B0H6WQM9V9,KC4PSP16300,2026-W36,2026-W35,0.0,0.0,,0.0,0.0,,0.0,0.0,-3.69,-15.67,,,,,,,,曝光/点击/CTR/CVR/ACOS/ROAS/活动清单
B0H6WQNFSR,KC4SGE05500,2026-W36,2026-W35,1.0,0.0,N/A,645.93,0.0,N/A,6.53,11.36,176.09,-15.45,27.26,,,1.01,,,,曝光/点击/CTR/CVR/ACOS/ROAS/活动清单
B0H6WR728V,KC4SGE01700,2026-W36,2026-W35,0.0,0.0,,0.0,0.0,,10.06,3.26,-10.06,-3.26,,,,,,,,曝光/点击/CTR/CVR/ACOS/ROAS/活动清单
B0H6WR88T9,OO4SGE38200,2026-W36,2026-W35,0.0,0.0,,0.0,0.0,,19.24,9.38,-19.24,-9.38,,,,,,,,曝光/点击/CTR/CVR/ACOS/ROAS/活动清单
B0H6WR8LPM,KX4SGE08500,2026-W36,2026-W35,0.0,2.0,-100.0,0.0,1863.06,-100.0,16.18,5.1,-16.18,173.92,,9.34,,,0.27,,单量下滑≥20%；销售额下滑≥20%,曝光/点击/CTR/CVR/ACOS/ROAS/活动清单
B0H6WRCV8D,KC4PSP17100,2026-W36,2026-W35,0.0,0.0,,0.0,0.0,,0.0,5.44,0.0,-5.44,,,,,,,,曝光/点击/CTR/CVR/ACOS/ROAS/活动清单
B0H6WRCVC2,KC4SGE04100,2026-W36,2026-W35,0.0,0.0,,0.0,0.0,,0.0,0.0,0.0,0.0,,,,,,,,曝光/点击/CTR/CVR/ACOS/ROAS/活动清单
B0H6WRZ37C,PT4SGE24600,2026-W36,2026-W35,0.0,0.0,,0.0,0.0,,9.59,0.0,-9.59,0.0,,,,,,,,曝光/点击/CTR/CVR/ACOS/ROAS/活动清单
B0H6X75Z9V,KX4SGE10600,2026-W36,2026-W35,0.0,0.0,,0.0,0.0,,0.0,6.53,0.0,-6.53,,,,,,,,曝光/点击/CTR/CVR/ACOS/ROAS/活动清单
B0H6XBB7RD,KX4SGE13200,2026-W36,2026-W35,0.0,0.0,,0.0,0.0,,9.86,9.79,-11.95,-18.66,,,,,,,,曝光/点击/CTR/CVR/ACOS/ROAS/活动清单
B0H6XBCH9N,KX4SGE08200,2026-W36,2026-W35,0.0,0.0,,0.0,0.0,,9.25,0.0,-9.25,0.0,,,,,,,,曝光/点击/CTR/CVR/ACOS/ROAS/活动清单
B0H6XBXQXD,KC4SGE05100,2026-W36,2026-W35,0.0,0.0,,0.0,0.0,,7.34,0.0,-7.34,0.0,,,,,,,,曝光/点击/CTR/CVR/ACOS/ROAS/活动清单
B0H6XCDWXV,PT4SGE24700,2026-W36,2026-W35,0.0,0.0,,0.0,0.0,,0.0,0.0,-32.51,-15.24,,,,,,,,曝光/点击/CTR/CVR/ACOS/ROAS/活动清单
B0H6XCG38V,KX4SGE08000,2026-W36,2026-W35,0.0,0.0,,0.0,0.0,,0.0,0.0,0.0,0.0,,,,,,,,曝光/点击/CTR/CVR/ACOS/ROAS/活动清单
B0H6XD1Q6G,OO4SGE38000,2026-W36,2026-W35,0.0,0.0,,0.0,0.0,,9.79,2.04,-9.79,-2.04,,,,,,,,曝光/点击/CTR/CVR/ACOS/ROAS/活动清单
B0H6XD418V,OO4SGE34300,2026-W36,2026-W35,2.0,2.0,0.0,2488.66,2488.66,0.0,32.5,19.58,312.77,324.27,12.57,13.03,-3.55,1.31,0.79,65.97,TACOS上升≥30%,曝光/点击/CTR/CVR/ACOS/ROAS/活动清单
B0H6XD5FNY,KX4SGE07900,2026-W36,2026-W35,0.0,0.0,,0.0,0.0,,0.0,0.0,0.0,0.0,,,,,,,,曝光/点击/CTR/CVR/ACOS/ROAS/活动清单
B0H6XDL6SG,KC4SGE04300,2026-W36,2026-W35,0.0,0.0,,0.0,0.0,,0.0,0.0,-9.5,-40.3,,,,,,,,曝光/点击/CTR/CVR/ACOS/ROAS/活动清单
B0H6XGB3TG,KC4PSP18000,2026-W36,2026-W35,0.0,0.0,,0.0,0.0,,0.0,0.0,-2.01,-8.52,,,,,,,,曝光/点击/CTR/CVR/ACOS/ROAS/活动清单
B0H9LDJG55,KX4SGE09700,2026-W36,2026-W35,0.0,0.0,,0.0,0.0,,0.0,0.0,0.0,0.0,,,,,,,,曝光/点击/CTR/CVR/ACOS/ROAS/活动清单
B0H9LDT44Q,KC4SGE03500,2026-W36,2026-W35,0.0,0.0,,0.0,0.0,,0.0,0.0,0.0,0.0,,,,,,,,曝光/点击/CTR/CVR/ACOS/ROAS/活动清单
B0H9LF916P,KC4PSP18000,2026-W36,2026-W35,0.0,0.0,,0.0,0.0,,0.0,0.0,0.0,0.0,,,,,,,,曝光/点击/CTR/CVR/ACOS/ROAS/活动清单
B0H9LGKCMQ,KC4PSP17200,2026-W36,2026-W35,0.0,0.0,,0.0,0.0,,0.0,0.0,0.0,0.0,,,,,,,,曝光/点击/CTR/CVR/ACOS/ROAS/活动清单
B0H9LGSYH4,KC4SGE00300,2026-W36,2026-W35,0.0,0.0,,0.0,0.0,,0.0,0.0,0.0,0.0,,,,,,,,曝光/点击/CTR/CVR/ACOS/ROAS/活动清单
B0H9LH11ZQ,OO4SGE34600,2026-W36,2026-W35,0.0,0.0,,0.0,0.0,,0.0,0.0,0.0,0.0,,,,,,,,曝光/点击/CTR/CVR/ACOS/ROAS/活动清单
B0H9LH6Z5Y,OO4SGE34800,2026-W36,2026-W35,0.0,0.0,,0.0,0.0,,0.0,0.0,0.0,0.0,,,,,,,,曝光/点击/CTR/CVR/ACOS/ROAS/活动清单
B0H9LH9GBH,KC4PSP16200,2026-W36,2026-W35,0.0,0.0,,0.0,0.0,,0.0,0.0,0.0,0.0,,,,,,,,曝光/点击/CTR/CVR/ACOS/ROAS/活动清单
B0H9LHDB53,KC4PSP17000,2026-W36,2026-W35,0.0,0.0,,0.0,0.0,,0.0,0.0,0.0,0.0,,,,,,,,曝光/点击/CTR/CVR/ACOS/ROAS/活动清单
B0H9LHPYDN,KC4SGE00800,2026-W36,2026-W35,0.0,0.0,,0.0,0.0,,0.0,0.0,0.0,0.0,,,,,,,,曝光/点击/CTR/CVR/ACOS/ROAS/活动清单
B0H9LHTC97,KC4SGE01200,2026-W36,2026-W35,0.0,0.0,,0.0,0.0,,0.0,0.0,0.0,0.0,,,,,,,,曝光/点击/CTR/CVR/ACOS/ROAS/活动清单
B0H9LHYXFN,KC4SGE01000,2026-W36,2026-W35,0.0,0.0,,0.0,0.0,,0.0,0.0,0.0,0.0,,,,,,,,曝光/点击/CTR/CVR/ACOS/ROAS/活动清单
B0H9LJ2YCQ,KX4SGE11100,2026-W36,2026-W35,0.0,0.0,,0.0,0.0,,0.0,0.0,0.0,0.0,,,,,,,,曝光/点击/CTR/CVR/ACOS/ROAS/活动清单
B0H9LJKZ8Z,KC4PSP17900,2026-W36,2026-W35,0.0,0.0,,0.0,0.0,,0.0,0.0,0.0,0.0,,,,,,,,曝光/点击/CTR/CVR/ACOS/ROAS/活动清单
B0H9LKF14L,KC4PSP15800,2026-W36,2026-W35,0.0,0.0,,0.0,0.0,,0.0,0.0,0.0,0.0,,,,,,,,曝光/点击/CTR/CVR/ACOS/ROAS/活动清单
B0H9LKTWFJ,KX4SGE13500,2026-W36,2026-W35,0.0,0.0,,0.0,0.0,,0.0,0.0,0.0,-11.65,,,,,,,,曝光/点击/CTR/CVR/ACOS/ROAS/活动清单
B0H9LKX2DB,KC4SGE03700,2026-W36,2026-W35,0.0,0.0,,0.0,0.0,,0.0,0.0,0.0,0.0,,,,,,,,曝光/点击/CTR/CVR/ACOS/ROAS/活动清单
B0H9LL1D8D,KC4PSP17100,2026-W36,2026-W35,0.0,0.0,,0.0,0.0,,0.0,0.0,0.0,0.0,,,,,,,,曝光/点击/CTR/CVR/ACOS/ROAS/活动清单
B0H9LL1JF8,PT4SGE20300,2026-W36,2026-W35,0.0,1.0,-100.0,0.0,577.93,-100.0,0.0,0.0,0.0,48.02,,8.31,,,0.0,,单量下滑≥20%；销售额下滑≥20%,曝光/点击/CTR/CVR/ACOS/ROAS/活动清单
B0H9LL8DTH,KX4SGE10900,2026-W36,2026-W35,0.0,0.0,,0.0,0.0,,0.0,0.0,0.0,0.0,,,,,,,,曝光/点击/CTR/CVR/ACOS/ROAS/活动清单
B0H9LLPDTL,KC4SGE01800,2026-W36,2026-W35,0.0,0.0,,0.0,0.0,,0.0,0.0,0.0,0.0,,,,,,,,曝光/点击/CTR/CVR/ACOS/ROAS/活动清单
B0H9LLQZY8,KX4SGE17100,2026-W36,2026-W35,0.0,0.0,,0.0,0.0,,0.0,0.0,0.0,0.0,,,,,,,,曝光/点击/CTR/CVR/ACOS/ROAS/活动清单
B0H9LM73DM,KC4SGE00500,2026-W36,2026-W35,0.0,0.0,,0.0,0.0,,0.0,0.0,0.0,0.0,,,,,,,,曝光/点击/CTR/CVR/ACOS/ROAS/活动清单
B0H9LM7PMX,KC4SGE03300,2026-W36,2026-W35,0.0,0.0,,0.0,0.0,,0.0,0.0,0.0,0.0,,,,,,,,曝光/点击/CTR/CVR/ACOS/ROAS/活动清单
B0H9LM84K6,KC4SGE01700,2026-W36,2026-W35,0.0,0.0,,0.0,0.0,,0.0,0.0,0.0,0.0,,,,,,,,曝光/点击/CTR/CVR/ACOS/ROAS/活动清单
B0H9LM9QK7,KX4SGE10300,2026-W36,2026-W35,0.0,0.0,,0.0,0.0,,0.0,0.0,0.0,0.0,,,,,,,,曝光/点击/CTR/CVR/ACOS/ROAS/活动清单
B0H9LMDZF4,KC4SGE00400,2026-W36,2026-W35,0.0,0.0,,0.0,0.0,,0.0,0.0,0.0,0.0,,,,,,,,曝光/点击/CTR/CVR/ACOS/ROAS/活动清单
B0H9LMRWR4,KC4PSP17700,2026-W36,2026-W35,0.0,1.0,-100.0,0.0,890.73,-100.0,0.0,0.0,0.0,82.54,,9.27,,,0.0,,单量下滑≥20%；销售额下滑≥20%,曝光/点击/CTR/CVR/ACOS/ROAS/活动清单
B0H9LMY8CM,KC4SGE02900,2026-W36,2026-W35,0.0,0.0,,0.0,0.0,,0.0,0.0,0.0,0.0,,,,,,,,曝光/点击/CTR/CVR/ACOS/ROAS/活动清单
B0H9LN1TS6,KX4SGE15200,2026-W36,2026-W35,0.0,0.0,,0.0,0.0,,0.0,0.0,0.0,0.0,,,,,,,,曝光/点击/CTR/CVR/ACOS/ROAS/活动清单
B0H9LN5X55,KX4SGE12200,2026-W36,2026-W35,0.0,0.0,,0.0,0.0,,0.0,0.0,0.0,-7.19,,,,,,,,曝光/点击/CTR/CVR/ACOS/ROAS/活动清单
B0H9LN6MGK,KC4SGE03200,2026-W36,2026-W35,0.0,0.0,,0.0,0.0,,0.0,0.0,0.0,0.0,,,,,,,,曝光/点击/CTR/CVR/ACOS/ROAS/活动清单
B0H9LN75J1,OO4SGE35700,2026-W36,2026-W35,0.0,0.0,,0.0,0.0,,0.0,0.0,0.0,0.0,,,,,,,,曝光/点击/CTR/CVR/ACOS/ROAS/活动清单
B0H9LN8C77,KC4PSP16600,2026-W36,2026-W35,0.0,0.0,,0.0,0.0,,0.0,0.0,0.0,-18.21,,,,,,,,曝光/点击/CTR/CVR/ACOS/ROAS/活动清单
B0H9LN9Y7H,KX4SGE10700,2026-W36,2026-W35,0.0,0.0,,0.0,0.0,,0.0,0.0,0.0,0.0,,,,,,,,曝光/点击/CTR/CVR/ACOS/ROAS/活动清单
B0H9LNB7CX,OO4SGE36800,2026-W36,2026-W35,0.0,0.0,,0.0,0.0,,0.0,0.0,0.0,0.0,,,,,,,,曝光/点击/CTR/CVR/ACOS/ROAS/活动清单
B0H9LNB9FJ,KX4SGE13700,2026-W36,2026-W35,0.0,0.0,,0.0,0.0,,0.0,0.0,0.0,0.0,,,,,,,,曝光/点击/CTR/CVR/ACOS/ROAS/活动清单
B0H9LNCDJD,PT4SGE27000,2026-W36,2026-W35,0.0,0.0,,0.0,0.0,,0.0,0.0,0.0,0.0,,,,,,,,曝光/点击/CTR/CVR/ACOS/ROAS/活动清单
B0H9LNF74H,KC4PSP17500,2026-W36,2026-W35,0.0,0.0,,0.0,0.0,,0.0,0.0,0.0,0.0,,,,,,,,曝光/点击/CTR/CVR/ACOS/ROAS/活动清单
B0H9LNNRW1,KX4SGE17200,2026-W36,2026-W35,0.0,0.0,,0.0,0.0,,0.0,0.0,0.0,0.0,,,,,,,,曝光/点击/CTR/CVR/ACOS/ROAS/活动清单
B0H9LNV6LW,KC4SGE01300,2026-W36,2026-W35,0.0,0.0,,0.0,0.0,,0.0,0.0,0.0,0.0,,,,,,,,曝光/点击/CTR/CVR/ACOS/ROAS/活动清单
B0H9LNVBBV,KC4SGE02800,2026-W36,2026-W35,0.0,0.0,,0.0,0.0,,0.0,0.0,0.0,0.0,,,,,,,,曝光/点击/CTR/CVR/ACOS/ROAS/活动清单
B0H9LPB4VK,PT4SGE28200,2026-W36,2026-W35,0.0,0.0,,0.0,0.0,,0.0,0.0,0.0,0.0,,,,,,,,曝光/点击/CTR/CVR/ACOS/ROAS/活动清单
B0H9LPD86V,OO4SGE34100,2026-W36,2026-W35,0.0,0.0,,0.0,0.0,,0.0,0.0,0.0,0.0,,,,,,,,曝光/点击/CTR/CVR/ACOS/ROAS/活动清单
B0H9LPFZD3,KC4SGE04100,2026-W36,2026-W35,0.0,0.0,,0.0,0.0,,0.0,0.0,0.0,0.0,,,,,,,,曝光/点击/CTR/CVR/ACOS/ROAS/活动清单
B0H9LPH7T3,KC4SGE01500,2026-W36,2026-W35,0.0,0.0,,0.0,0.0,,0.0,0.0,0.0,0.0,,,,,,,,曝光/点击/CTR/CVR/ACOS/ROAS/活动清单
B0H9LPJQLW,KC4SGE02400,2026-W36,2026-W35,0.0,0.0,,0.0,0.0,,0.0,0.0,0.0,0.0,,,,,,,,曝光/点击/CTR/CVR/ACOS/ROAS/活动清单
B0H9LPTCTQ,KC4SGE00100,2026-W36,2026-W35,0.0,0.0,,0.0,0.0,,0.0,0.0,0.0,-3.55,,,,,,,,曝光/点击/CTR/CVR/ACOS/ROAS/活动清单
B0H9LPTRQ3,KX4SGE10600,2026-W36,2026-W35,0.0,0.0,,0.0,0.0,,0.0,0.0,0.0,0.0,,,,,,,,曝光/点击/CTR/CVR/ACOS/ROAS/活动清单
B0H9LPWCDV,OO4SGE36200,2026-W36,2026-W35,0.0,0.0,,0.0,0.0,,0.0,0.0,0.0,0.0,,,,,,,,曝光/点击/CTR/CVR/ACOS/ROAS/活动清单
B0H9LPWG71,PT4SGE26700,2026-W36,2026-W35,0.0,0.0,,0.0,0.0,,0.0,0.0,0.0,0.0,,,,,,,,曝光/点击/CTR/CVR/ACOS/ROAS/活动清单
B0H9LPYG3Y,KC4SGE00200,2026-W36,2026-W35,0.0,0.0,,0.0,0.0,,0.0,0.0,0.0,0.0,,,,,,,,曝光/点击/CTR/CVR/ACOS/ROAS/活动清单
B0H9LQCWMB,OO4SGE34000,2026-W36,2026-W35,0.0,1.0,-100.0,0.0,965.53,-100.0,0.0,0.0,0.0,118.12,,12.23,,,0.0,,单量下滑≥20%；销售额下滑≥20%,曝光/点击/CTR/CVR/ACOS/ROAS/活动清单
B0H9LQF8R6,KX4SGE11700,2026-W36,2026-W35,0.0,0.0,,0.0,0.0,,0.0,0.0,0.0,0.0,,,,,,,,曝光/点击/CTR/CVR/ACOS/ROAS/活动清单
B0H9LQNXVB,KC4SGE00600,2026-W36,2026-W35,0.0,0.0,,0.0,0.0,,0.0,0.0,0.0,0.0,,,,,,,,曝光/点击/CTR/CVR/ACOS/ROAS/活动清单
B0H9LQTMD4,OO4SGE36600,2026-W36,2026-W35,0.0,2.0,-100.0,0.0,1903.86,-100.0,0.0,0.0,0.0,346.04,,18.18,,,0.0,,单量下滑≥20%；销售额下滑≥20%,曝光/点击/CTR/CVR/ACOS/ROAS/活动清单
B0H9LQXXMK,KC4PSP16100,2026-W36,2026-W35,0.0,0.0,,0.0,0.0,,0.0,0.0,0.0,0.0,,,,,,,,曝光/点击/CTR/CVR/ACOS/ROAS/活动清单
B0H9LQY6P7,OO4SGE35200,2026-W36,2026-W35,0.0,0.0,,0.0,0.0,,0.0,0.0,0.0,0.0,,,,,,,,曝光/点击/CTR/CVR/ACOS/ROAS/活动清单
B0H9LQZQ7P,KX4SGE15400,2026-W36,2026-W35,0.0,0.0,,0.0,0.0,,0.0,0.0,0.0,0.0,,,,,,,,曝光/点击/CTR/CVR/ACOS/ROAS/活动清单
B0H9LR1FFX,KX4SGE10200,2026-W36,2026-W35,0.0,0.0,,0.0,0.0,,0.0,0.0,0.0,-73.41,,,,,,,,曝光/点击/CTR/CVR/ACOS/ROAS/活动清单
B0H9LR48HZ,OO4SGE34200,2026-W36,2026-W35,0.0,0.0,,0.0,0.0,,0.0,0.0,0.0,0.0,,,,,,,,曝光/点击/CTR/CVR/ACOS/ROAS/活动清单
B0H9LR5B62,KC4PSP16000,2026-W36,2026-W35,0.0,0.0,,0.0,0.0,,0.0,0.0,0.0,0.0,,,,,,,,曝光/点击/CTR/CVR/ACOS/ROAS/活动清单
B0H9LR6C8H,KX4SGE17300,2026-W36,2026-W35,0.0,0.0,,0.0,0.0,,0.0,0.0,0.0,0.0,,,,,,,,曝光/点击/CTR/CVR/ACOS/ROAS/活动清单
B0H9LR7JC8,KX4SGE12400,2026-W36,2026-W35,0.0,0.0,,0.0,0.0,,0.0,0.0,0.0,-17.96,,,,,,,,曝光/点击/CTR/CVR/ACOS/ROAS/活动清单
B0H9LR9SB8,KC4SGE01100,2026-W36,2026-W35,0.0,0.0,,0.0,0.0,,0.0,0.0,0.0,0.0,,,,,,,,曝光/点击/CTR/CVR/ACOS/ROAS/活动清单
B0H9LRCN12,KC4SGE02500,2026-W36,2026-W35,0.0,0.0,,0.0,0.0,,0.0,0.0,0.0,0.0,,,,,,,,曝光/点击/CTR/CVR/ACOS/ROAS/活动清单
B0H9LRCNV9,OO4SGE35400,2026-W36,2026-W35,0.0,0.0,,0.0,0.0,,0.0,0.0,0.0,0.0,,,,,,,,曝光/点击/CTR/CVR/ACOS/ROAS/活动清单
B0H9LRDD2Y,KC4SGE03000,2026-W36,2026-W35,0.0,0.0,,0.0,0.0,,0.0,0.0,0.0,0.0,,,,,,,,曝光/点击/CTR/CVR/ACOS/ROAS/活动清单
B0H9LRF5CR,KC4PSP15900,2026-W36,2026-W35,0.0,0.0,,0.0,0.0,,0.0,0.0,0.0,0.0,,,,,,,,曝光/点击/CTR/CVR/ACOS/ROAS/活动清单
B0H9LRGW4J,KX4SGE14500,2026-W36,2026-W35,0.0,0.0,,0.0,0.0,,0.0,0.0,0.0,0.0,,,,,,,,曝光/点击/CTR/CVR/ACOS/ROAS/活动清单
B0H9LRP211,KC4PSP18100,2026-W36,2026-W35,0.0,0.0,,0.0,0.0,,0.0,0.0,0.0,-8.9,,,,,,,,曝光/点击/CTR/CVR/ACOS/ROAS/活动清单
B0H9LRT34T,KX4SGE16700,2026-W36,2026-W35,0.0,0.0,,0.0,0.0,,0.0,0.0,0.0,0.0,,,,,,,,曝光/点击/CTR/CVR/ACOS/ROAS/活动清单
B0H9LRWMRF,KC4PSP16400,2026-W36,2026-W35,0.0,0.0,,0.0,0.0,,0.0,0.0,0.0,0.0,,,,,,,,曝光/点击/CTR/CVR/ACOS/ROAS/活动清单
B0H9LRXZTD,KX4SGE18000,2026-W36,2026-W35,0.0,0.0,,0.0,0.0,,0.0,0.0,0.0,0.0,,,,,,,,曝光/点击/CTR/CVR/ACOS/ROAS/活动清单
B0H9LS5VWB,KC4PSP18200,2026-W36,2026-W35,0.0,0.0,,0.0,0.0,,0.0,0.0,0.0,0.0,,,,,,,,曝光/点击/CTR/CVR/ACOS/ROAS/活动清单
B0H9LS77KL,KC4PSP17600,2026-W36,2026-W35,0.0,0.0,,0.0,0.0,,0.0,0.0,0.0,0.0,,,,,,,,曝光/点击/CTR/CVR/ACOS/ROAS/活动清单
B0H9LSFKFN,KX4SGE12100,2026-W36,2026-W35,0.0,0.0,,0.0,0.0,,0.0,0.0,0.0,0.0,,,,,,,,曝光/点击/CTR/CVR/ACOS/ROAS/活动清单
B0H9LSG1SG,OO4SGE36300,2026-W36,2026-W35,0.0,0.0,,0.0,0.0,,0.0,0.0,0.0,0.0,,,,,,,,曝光/点击/CTR/CVR/ACOS/ROAS/活动清单
B0H9LSGGQR,PT4SGE25400,2026-W36,2026-W35,0.0,0.0,,0.0,0.0,,0.0,0.0,0.0,0.0,,,,,,,,曝光/点击/CTR/CVR/ACOS/ROAS/活动清单
B0H9LSHJRV,KX4SGE17000,2026-W36,2026-W35,0.0,0.0,,0.0,0.0,,0.0,0.0,0.0,0.0,,,,,,,,曝光/点击/CTR/CVR/ACOS/ROAS/活动清单
B0H9LSMNRC,KX4SGE16500,2026-W36,2026-W35,0.0,0.0,,0.0,0.0,,0.0,0.0,0.0,0.0,,,,,,,,曝光/点击/CTR/CVR/ACOS/ROAS/活动清单
B0H9LSNXDL,KC4SGE00900,2026-W36,2026-W35,0.0,0.0,,0.0,0.0,,0.0,0.0,0.0,-12.04,,,,,,,,曝光/点击/CTR/CVR/ACOS/ROAS/活动清单
B0H9LSVNWY,KC4SGE02700,2026-W36,2026-W35,0.0,0.0,,0.0,0.0,,0.0,0.0,0.0,0.0,,,,,,,,曝光/点击/CTR/CVR/ACOS/ROAS/活动清单
B0H9LT34LD,KC4SGE01600,2026-W36,2026-W35,0.0,0.0,,0.0,0.0,,0.0,0.0,0.0,0.0,,,,,,,,曝光/点击/CTR/CVR/ACOS/ROAS/活动清单
B0H9LT7PCH,KX4SGE12900,2026-W36,2026-W35,0.0,0.0,,0.0,0.0,,0.0,0.0,0.0,0.0,,,,,,,,曝光/点击/CTR/CVR/ACOS/ROAS/活动清单
B0H9LTJ5ZN,KC4SGE01400,2026-W36,2026-W35,0.0,0.0,,0.0,0.0,,0.0,0.0,0.0,0.0,,,,,,,,曝光/点击/CTR/CVR/ACOS/ROAS/活动清单
B0H9LTL4D2,KC4SGE03400,2026-W36,2026-W35,0.0,0.0,,0.0,0.0,,0.0,0.0,0.0,0.0,,,,,,,,曝光/点击/CTR/CVR/ACOS/ROAS/活动清单
B0H9LTL7GN,KC4SGE03100,2026-W36,2026-W35,0.0,0.0,,0.0,0.0,,0.0,0.0,0.0,0.0,,,,,,,,曝光/点击/CTR/CVR/ACOS/ROAS/活动清单
B0H9LTLVNV,KX4SGE13300,2026-W36,2026-W35,0.0,0.0,,0.0,0.0,,0.0,0.0,0.0,-9.81,,,,,,,,曝光/点击/CTR/CVR/ACOS/ROAS/活动清单
B0H9LTWD9Q,KC4SGE00700,2026-W36,2026-W35,0.0,0.0,,0.0,0.0,,0.0,0.0,0.0,0.0,,,,,,,,曝光/点击/CTR/CVR/ACOS/ROAS/活动清单
B0H9LTXD58,KX4SGE14000,2026-W36,2026-W35,0.0,0.0,,0.0,0.0,,0.0,0.0,0.0,0.0,,,,,,,,曝光/点击/CTR/CVR/ACOS/ROAS/活动清单
B0H9LTXV5X,KX4SGE16800,2026-W36,2026-W35,0.0,1.0,-100.0,0.0,734.33,-100.0,0.0,14.89,0.0,87.3,,11.89,,,2.03,,单量下滑≥20%；销售额下滑≥20%,曝光/点击/CTR/CVR/ACOS/ROAS/活动清单
B0H9LV58MM,KC4SGE03900,2026-W36,2026-W35,0.0,0.0,,0.0,0.0,,0.0,0.0,0.0,0.0,,,,,,,,曝光/点击/CTR/CVR/ACOS/ROAS/活动清单
B0H9LV5TQY,KC4PSP16500,2026-W36,2026-W35,0.0,0.0,,0.0,0.0,,0.0,0.0,0.0,0.0,,,,,,,,曝光/点击/CTR/CVR/ACOS/ROAS/活动清单
B0H9LV6LZJ,KC4PSP16300,2026-W36,2026-W35,0.0,0.0,,0.0,0.0,,0.0,0.0,0.0,0.0,,,,,,,,曝光/点击/CTR/CVR/ACOS/ROAS/活动清单
B0H9LVP9G8,KX4SGE12600,2026-W36,2026-W35,0.0,0.0,,0.0,0.0,,0.0,0.0,0.0,0.0,,,,,,,,曝光/点击/CTR/CVR/ACOS/ROAS/活动清单
B0H9LWJ9G6,OO4SGE34300,2026-W36,2026-W35,0.0,0.0,,0.0,0.0,,0.0,0.0,0.0,0.0,,,,,,,,曝光/点击/CTR/CVR/ACOS/ROAS/活动清单
B0H9LWXCW6,KX4SGE13200,2026-W36,2026-W35,0.0,0.0,,0.0,0.0,,0.0,0.0,0.0,0.0,,,,,,,,曝光/点击/CTR/CVR/ACOS/ROAS/活动清单
B0H9LWXJS6,KX4SGE14900,2026-W36,2026-W35,0.0,0.0,,0.0,0.0,,0.0,0.0,0.0,0.0,,,,,,,,曝光/点击/CTR/CVR/ACOS/ROAS/活动清单
B0H9LX1PN2,KC4PSP17800,2026-W36,2026-W35,0.0,0.0,,0.0,0.0,,0.0,0.0,0.0,0.0,,,,,,,,曝光/点击/CTR/CVR/ACOS/ROAS/活动清单
B0H9LX8HHT,KC4SGE04200,2026-W36,2026-W35,0.0,0.0,,0.0,0.0,,0.0,0.0,0.0,0.0,,,,,,,,曝光/点击/CTR/CVR/ACOS/ROAS/活动清单
B0H9LXB541,KC4SGE05400,2026-W36,2026-W35,0.0,0.0,,0.0,0.0,,0.0,0.0,0.0,0.0,,,,,,,,曝光/点击/CTR/CVR/ACOS/ROAS/活动清单
B0H9LXCDJF,KX4SGE17700,2026-W36,2026-W35,0.0,0.0,,0.0,0.0,,0.0,0.0,0.0,-6.85,,,,,,,,曝光/点击/CTR/CVR/ACOS/ROAS/活动清单
B0H9LY2FWQ,KX4SGE17400,2026-W36,2026-W35,0.0,0.0,,0.0,0.0,,0.0,0.0,0.0,0.0,,,,,,,,曝光/点击/CTR/CVR/ACOS/ROAS/活动清单
B0H9LY3W8W,OO4SGE35600,2026-W36,2026-W35,0.0,0.0,,0.0,0.0,,0.0,0.0,0.0,0.0,,,,,,,,曝光/点击/CTR/CVR/ACOS/ROAS/活动清单
B0H9LYRFCL,KX4SGE07700,2026-W36,2026-W35,0.0,0.0,,0.0,0.0,,0.0,0.0,0.0,0.0,,,,,,,,曝光/点击/CTR/CVR/ACOS/ROAS/活动清单
B0H9LZFTZX,PT4SGE27900,2026-W36,2026-W35,0.0,0.0,,0.0,0.0,,0.0,0.0,0.0,-7.23,,,,,,,,曝光/点击/CTR/CVR/ACOS/ROAS/活动清单
B0H9LZK5BP,KX4SGE14700,2026-W36,2026-W35,0.0,0.0,,0.0,0.0,,0.0,0.0,0.0,0.0,,,,,,,,曝光/点击/CTR/CVR/ACOS/ROAS/活动清单
B0H9M144N9,KX4SGE10100,2026-W36,2026-W35,0.0,0.0,,0.0,0.0,,0.0,0.0,0.0,0.0,,,,,,,,曝光/点击/CTR/CVR/ACOS/ROAS/活动清单
B0H9M1P86X,OO4SGE36000,2026-W36,2026-W35,0.0,0.0,,0.0,0.0,,0.0,0.0,0.0,0.0,,,,,,,,曝光/点击/CTR/CVR/ACOS/ROAS/活动清单
B0H9M31Y9P,PT4SGE21100,2026-W36,2026-W35,0.0,0.0,,0.0,0.0,,0.0,0.0,0.0,0.0,,,,,,,,曝光/点击/CTR/CVR/ACOS/ROAS/活动清单
B0H9M397B1,KX4SGE13100,2026-W36,2026-W35,0.0,0.0,,0.0,0.0,,0.0,0.0,0.0,0.0,,,,,,,,曝光/点击/CTR/CVR/ACOS/ROAS/活动清单
B0H9M3FJ37,KX4SGE12700,2026-W36,2026-W35,0.0,0.0,,0.0,0.0,,0.0,0.0,0.0,-21.99,,,,,,,,曝光/点击/CTR/CVR/ACOS/ROAS/活动清单
B0H9M6Y736,KX4SGE15800,2026-W36,2026-W35,0.0,0.0,,0.0,0.0,,0.0,0.0,0.0,0.0,,,,,,,,曝光/点击/CTR/CVR/ACOS/ROAS/活动清单
B0H9PMQ7NV,KC4SGE05000,2026-W36,2026-W35,0.0,0.0,,0.0,0.0,,0.0,0.0,0.0,0.0,,,,,,,,曝光/点击/CTR/CVR/ACOS/ROAS/活动清单
B0H9PMRQ9R,PT4SGE21000,2026-W36,2026-W35,0.0,0.0,,0.0,0.0,,0.0,0.0,0.0,0.0,,,,,,,,曝光/点击/CTR/CVR/ACOS/ROAS/活动清单
B0H9PPZNCM,PT4SGE27500,2026-W36,2026-W35,0.0,0.0,,0.0,0.0,,0.0,0.0,0.0,0.0,,,,,,,,曝光/点击/CTR/CVR/ACOS/ROAS/活动清单
B0H9PQ4CWL,PT4SGE23300,2026-W36,2026-W35,0.0,0.0,,0.0,0.0,,0.0,0.0,0.0,0.0,,,,,,,,曝光/点击/CTR/CVR/ACOS/ROAS/活动清单
B0H9PQ5XSL,KX4SGE08600,2026-W36,2026-W35,0.0,0.0,,0.0,0.0,,0.0,0.0,0.0,0.0,,,,,,,,曝光/点击/CTR/CVR/ACOS/ROAS/活动清单
B0H9PQBBR3,PT4SGE22500,2026-W36,2026-W35,0.0,0.0,,0.0,0.0,,0.0,0.0,0.0,0.0,,,,,,,,曝光/点击/CTR/CVR/ACOS/ROAS/活动清单
B0H9PQSFHG,PT4SGE19300,2026-W36,2026-W35,0.0,0.0,,0.0,0.0,,0.0,0.0,0.0,0.0,,,,,,,,曝光/点击/CTR/CVR/ACOS/ROAS/活动清单
B0H9PRYZY2,KC4SGE04600,2026-W36,2026-W35,0.0,1.0,-100.0,0.0,1305.53,-100.0,0.0,0.0,0.0,283.17,,21.69,,,0.0,,单量下滑≥20%；销售额下滑≥20%,曝光/点击/CTR/CVR/ACOS/ROAS/活动清单
B0H9PT2KW2,PT4SGE24900,2026-W36,2026-W35,0.0,0.0,,0.0,0.0,,0.0,0.0,0.0,0.0,,,,,,,,曝光/点击/CTR/CVR/ACOS/ROAS/活动清单
B0H9PT5BPT,KC4SGE05300,2026-W36,2026-W35,0.0,0.0,,0.0,0.0,,0.0,0.0,0.0,0.0,,,,,,,,曝光/点击/CTR/CVR/ACOS/ROAS/活动清单
B0H9PT7D9Y,PT4SGE23900,2026-W36,2026-W35,0.0,0.0,,0.0,0.0,,0.0,0.0,0.0,0.0,,,,,,,,曝光/点击/CTR/CVR/ACOS/ROAS/活动清单
B0H9PT7LNH,OO4SGE37500,2026-W36,2026-W35,0.0,0.0,,0.0,0.0,,0.0,0.0,0.0,-7.67,,,,,,,,曝光/点击/CTR/CVR/ACOS/ROAS/活动清单
B0H9PTC2LH,KC4SGE05200,2026-W36,2026-W35,0.0,0.0,,0.0,0.0,,0.0,0.0,0.0,0.0,,,,,,,,曝光/点击/CTR/CVR/ACOS/ROAS/活动清单
B0H9PTH841,KX4SGE08300,2026-W36,2026-W35,0.0,0.0,,0.0,0.0,,0.0,0.0,0.0,0.0,,,,,,,,曝光/点击/CTR/CVR/ACOS/ROAS/活动清单
B0H9PTHVLP,PT4SGE28100,2026-W36,2026-W35,0.0,0.0,,0.0,0.0,,0.0,0.0,0.0,0.0,,,,,,,,曝光/点击/CTR/CVR/ACOS/ROAS/活动清单
B0H9PTLC22,PT4SGE18300,2026-W36,2026-W35,0.0,0.0,,0.0,0.0,,0.0,0.0,0.0,0.0,,,,,,,,曝光/点击/CTR/CVR/ACOS/ROAS/活动清单
B0H9PTNQ94,PT4SGE22200,2026-W36,2026-W35,0.0,0.0,,0.0,0.0,,0.0,0.0,0.0,0.0,,,,,,,,曝光/点击/CTR/CVR/ACOS/ROAS/活动清单
B0H9PTRCLB,PT4SGE23400,2026-W36,2026-W35,0.0,0.0,,0.0,0.0,,0.0,0.0,0.0,0.0,,,,,,,,曝光/点击/CTR/CVR/ACOS/ROAS/活动清单
B0H9PTXJBL,PT4SGE20100,2026-W36,2026-W35,0.0,0.0,,0.0,0.0,,0.0,0.0,0.0,0.0,,,,,,,,曝光/点击/CTR/CVR/ACOS/ROAS/活动清单
B0H9PVFDSD,PT4SGE19800,2026-W36,2026-W35,0.0,0.0,,0.0,0.0,,0.0,0.0,0.0,0.0,,,,,,,,曝光/点击/CTR/CVR/ACOS/ROAS/活动清单
B0H9PVXQ3L,OO4SGE38500,2026-W36,2026-W35,0.0,0.0,,0.0,0.0,,0.0,0.0,0.0,0.0,,,,,,,,曝光/点击/CTR/CVR/ACOS/ROAS/活动清单
B0H9PW22M3,PT4SGE26800,2026-W36,2026-W35,0.0,0.0,,0.0,0.0,,0.0,0.0,0.0,0.0,,,,,,,,曝光/点击/CTR/CVR/ACOS/ROAS/活动清单
B0H9PWFWX9,PT4SGE20500,2026-W36,2026-W35,0.0,0.0,,0.0,0.0,,0.0,0.0,0.0,0.0,,,,,,,,曝光/点击/CTR/CVR/ACOS/ROAS/活动清单
B0H9PWGQCC,PT4SGE20800,2026-W36,2026-W35,0.0,0.0,,0.0,0.0,,0.0,0.0,0.0,0.0,,,,,,,,曝光/点击/CTR/CVR/ACOS/ROAS/活动清单
B0H9PWJBJL,OO4SGE39100,2026-W36,2026-W35,0.0,0.0,,0.0,0.0,,0.0,0.0,0.0,0.0,,,,,,,,曝光/点击/CTR/CVR/ACOS/ROAS/活动清单
B0H9PWKVB4,PT4SGE26300,2026-W36,2026-W35,0.0,0.0,,0.0,0.0,,0.0,0.0,0.0,0.0,,,,,,,,曝光/点击/CTR/CVR/ACOS/ROAS/活动清单
B0H9PWMJ4K,PT4SGE23100,2026-W36,2026-W35,0.0,0.0,,0.0,0.0,,0.0,0.0,0.0,0.0,,,,,,,,曝光/点击/CTR/CVR/ACOS/ROAS/活动清单
B0H9PWR7XN,PT4SGE19400,2026-W36,2026-W35,0.0,0.0,,0.0,0.0,,0.0,0.0,0.0,0.0,,,,,,,,曝光/点击/CTR/CVR/ACOS/ROAS/活动清单
B0H9PWRFWC,KC4SGE05500,2026-W36,2026-W35,0.0,0.0,,0.0,0.0,,0.0,0.0,0.0,0.0,,,,,,,,曝光/点击/CTR/CVR/ACOS/ROAS/活动清单
B0H9PWRVH1,KX4SGE09200,2026-W36,2026-W35,0.0,0.0,,0.0,0.0,,0.0,0.0,0.0,0.0,,,,,,,,曝光/点击/CTR/CVR/ACOS/ROAS/活动清单
B0H9PWTJ24,PT4SGE19900,2026-W36,2026-W35,0.0,0.0,,0.0,0.0,,0.0,0.0,0.0,0.0,,,,,,,,曝光/点击/CTR/CVR/ACOS/ROAS/活动清单
B0H9PWWPC4,OO4SGE38300,2026-W36,2026-W35,0.0,0.0,,0.0,0.0,,0.0,0.0,0.0,0.0,,,,,,,,曝光/点击/CTR/CVR/ACOS/ROAS/活动清单
B0H9PWY3PR,PT4SGE19200,2026-W36,2026-W35,0.0,0.0,,0.0,0.0,,0.0,0.0,0.0,0.0,,,,,,,,曝光/点击/CTR/CVR/ACOS/ROAS/活动清单
B0H9PWYDL3,PT4SGE19600,2026-W36,2026-W35,0.0,0.0,,0.0,0.0,,0.0,0.0,0.0,0.0,,,,,,,,曝光/点击/CTR/CVR/ACOS/ROAS/活动清单
B0H9PX17P9,KC4SGE04800,2026-W36,2026-W35,0.0,0.0,,0.0,0.0,,0.0,0.0,0.0,0.0,,,,,,,,曝光/点击/CTR/CVR/ACOS/ROAS/活动清单
B0H9PX26HY,KC4SGE04900,2026-W36,2026-W35,0.0,0.0,,0.0,0.0,,0.0,0.0,0.0,0.0,,,,,,,,曝光/点击/CTR/CVR/ACOS/ROAS/活动清单
B0H9PX2CFY,PT4SGE25600,2026-W36,2026-W35,0.0,0.0,,0.0,0.0,,3.06,0.0,-3.06,0.0,,,,,,,,曝光/点击/CTR/CVR/ACOS/ROAS/活动清单
B0H9PX396P,PT4SGE24300,2026-W36,2026-W35,0.0,0.0,,0.0,0.0,,0.0,0.0,0.0,0.0,,,,,,,,曝光/点击/CTR/CVR/ACOS/ROAS/活动清单
B0H9PXT11T,PT4SGE18800,2026-W36,2026-W35,0.0,0.0,,0.0,0.0,,0.0,0.0,0.0,0.0,,,,,,,,曝光/点击/CTR/CVR/ACOS/ROAS/活动清单
B0H9PXVW57,PT4SGE18600,2026-W36,2026-W35,0.0,0.0,,0.0,0.0,,0.0,4.08,0.0,-8.21,,,,,,,,曝光/点击/CTR/CVR/ACOS/ROAS/活动清单
B0H9PXXSBL,PT4SGE23600,2026-W36,2026-W35,0.0,0.0,,0.0,0.0,,0.0,0.0,0.0,0.0,,,,,,,,曝光/点击/CTR/CVR/ACOS/ROAS/活动清单
B0H9PY45LC,OO4SGE38600,2026-W36,2026-W35,0.0,0.0,,0.0,0.0,,0.0,0.0,0.0,0.0,,,,,,,,曝光/点击/CTR/CVR/ACOS/ROAS/活动清单
B0H9PY78Q7,PT4SGE25800,2026-W36,2026-W35,0.0,0.0,,0.0,0.0,,0.0,0.0,0.0,0.0,,,,,,,,曝光/点击/CTR/CVR/ACOS/ROAS/活动清单
B0H9PY7YX4,OO4SGE37700,2026-W36,2026-W35,0.0,0.0,,0.0,0.0,,0.0,0.0,0.0,0.0,,,,,,,,曝光/点击/CTR/CVR/ACOS/ROAS/活动清单
B0H9PYC2CD,OO4SGE37000,2026-W36,2026-W35,1.0,0.0,N/A,1040.33,0.0,N/A,0.0,0.0,153.01,0.0,14.71,,,0.0,,,,曝光/点击/CTR/CVR/ACOS/ROAS/活动清单
B0H9PZ5F67,PT4SGE21900,2026-W36,2026-W35,0.0,0.0,,0.0,0.0,,0.0,0.0,0.0,0.0,,,,,,,,曝光/点击/CTR/CVR/ACOS/ROAS/活动清单
B0H9PZ5PBR,KX4SGE08100,2026-W36,2026-W35,1.0,0.0,N/A,1631.93,0.0,N/A,0.0,0.0,323.88,-23.31,19.85,,,0.0,,,,曝光/点击/CTR/CVR/ACOS/ROAS/活动清单
B0H9PZ8NRW,PT4SGE26200,2026-W36,2026-W35,0.0,0.0,,0.0,0.0,,0.0,0.0,0.0,0.0,,,,,,,,曝光/点击/CTR/CVR/ACOS/ROAS/活动清单
B0H9PZ8RW1,KC4SGE04700,2026-W36,2026-W35,0.0,0.0,,0.0,0.0,,0.0,0.0,0.0,0.0,,,,,,,,曝光/点击/CTR/CVR/ACOS/ROAS/活动清单
B0H9PZFF5Y,PT4SGE20000,2026-W36,2026-W35,0.0,0.0,,0.0,0.0,,0.0,0.0,0.0,0.0,,,,,,,,曝光/点击/CTR/CVR/ACOS/ROAS/活动清单
B0H9PZFHZN,PT4SGE19100,2026-W36,2026-W35,0.0,0.0,,0.0,0.0,,0.0,0.0,0.0,0.0,,,,,,,,曝光/点击/CTR/CVR/ACOS/ROAS/活动清单
B0H9PZG22L,PT4SGE21400,2026-W36,2026-W35,0.0,0.0,,0.0,0.0,,0.0,0.0,0.0,0.0,,,,,,,,曝光/点击/CTR/CVR/ACOS/ROAS/活动清单
B0H9PZH8V1,OO4SGE37200,2026-W36,2026-W35,0.0,0.0,,0.0,0.0,,0.0,0.0,0.0,0.0,,,,,,,,曝光/点击/CTR/CVR/ACOS/ROAS/活动清单
B0H9PZKPLF,PT4SGE22800,2026-W36,2026-W35,0.0,0.0,,0.0,0.0,,0.0,0.0,0.0,-6.6,,,,,,,,曝光/点击/CTR/CVR/ACOS/ROAS/活动清单
B0H9PZKWX5,PT4SGE27800,2026-W36,2026-W35,0.0,0.0,,0.0,0.0,,0.0,0.0,0.0,0.0,,,,,,,,曝光/点击/CTR/CVR/ACOS/ROAS/活动清单
B0H9PZZBMB,OO4SGE38200,2026-W36,2026-W35,0.0,0.0,,0.0,0.0,,0.0,0.0,0.0,0.0,,,,,,,,曝光/点击/CTR/CVR/ACOS/ROAS/活动清单
B0H9Q15FT5,KX4SGE08000,2026-W36,2026-W35,0.0,0.0,,0.0,0.0,,0.0,0.0,0.0,0.0,,,,,,,,曝光/点击/CTR/CVR/ACOS/ROAS/活动清单
B0H9Q18M8Y,PT4SGE24000,2026-W36,2026-W35,0.0,0.0,,0.0,0.0,,0.0,0.0,0.0,0.0,,,,,,,,曝光/点击/CTR/CVR/ACOS/ROAS/活动清单
B0H9Q1H5HZ,PT4SGE23200,2026-W36,2026-W35,0.0,0.0,,0.0,0.0,,0.0,0.0,0.0,0.0,,,,,,,,曝光/点击/CTR/CVR/ACOS/ROAS/活动清单
B0H9Q1H8GN,KC4SGE05100,2026-W36,2026-W35,0.0,0.0,,0.0,0.0,,0.0,0.0,0.0,0.0,,,,,,,,曝光/点击/CTR/CVR/ACOS/ROAS/活动清单
B0H9Q1J5BY,OO4SGE38400,2026-W36,2026-W35,0.0,0.0,,0.0,0.0,,0.0,0.0,0.0,0.0,,,,,,,,曝光/点击/CTR/CVR/ACOS/ROAS/活动清单
B0H9Q2HNLZ,PT4SGE23700,2026-W36,2026-W35,0.0,0.0,,0.0,0.0,,0.0,0.0,0.0,0.0,,,,,,,,曝光/点击/CTR/CVR/ACOS/ROAS/活动清单
B0H9Q2LDVR,PT4SGE22700,2026-W36,2026-W35,0.0,0.0,,0.0,0.0,,0.0,0.0,0.0,0.0,,,,,,,,曝光/点击/CTR/CVR/ACOS/ROAS/活动清单
B0H9Q2M7GB,OO4SGE39000,2026-W36,2026-W35,0.0,0.0,,0.0,0.0,,0.0,0.0,0.0,0.0,,,,,,,,曝光/点击/CTR/CVR/ACOS/ROAS/活动清单
B0H9Q2NKKH,OO4SGE38800,2026-W36,2026-W35,0.0,0.0,,0.0,0.0,,0.0,0.0,0.0,0.0,,,,,,,,曝光/点击/CTR/CVR/ACOS/ROAS/活动清单
B0H9Q2QKNC,PT4SGE19700,2026-W36,2026-W35,0.0,0.0,,0.0,0.0,,0.0,0.0,0.0,0.0,,,,,,,,曝光/点击/CTR/CVR/ACOS/ROAS/活动清单
B0H9Q2XQ6N,OO4SGE38100,2026-W36,2026-W35,0.0,0.0,,0.0,0.0,,0.0,0.0,0.0,0.0,,,,,,,,曝光/点击/CTR/CVR/ACOS/ROAS/活动清单
B0H9Q3FDZH,KX4SGE08800,2026-W36,2026-W35,0.0,0.0,,0.0,0.0,,0.0,0.0,0.0,0.0,,,,,,,,曝光/点击/CTR/CVR/ACOS/ROAS/活动清单
B0H9Q3NXG2,PT4SGE24700,2026-W36,2026-W35,0.0,0.0,,0.0,0.0,,0.0,0.0,0.0,0.0,,,,,,,,曝光/点击/CTR/CVR/ACOS/ROAS/活动清单
B0H9Q4C9MH,KX4SGE09100,2026-W36,2026-W35,0.0,0.0,,0.0,0.0,,0.0,0.0,0.0,0.0,,,,,,,,曝光/点击/CTR/CVR/ACOS/ROAS/活动清单
B0H9Q4CWYR,PT4SGE26600,2026-W36,2026-W35,0.0,0.0,,0.0,0.0,,0.0,0.0,0.0,0.0,,,,,,,,曝光/点击/CTR/CVR/ACOS/ROAS/活动清单
B0H9Q4KBFN,OO4SGE38000,2026-W36,2026-W35,0.0,0.0,,0.0,0.0,,0.0,0.0,0.0,0.0,,,,,,,,曝光/点击/CTR/CVR/ACOS/ROAS/活动清单
B0H9Q4XFMW,OO4SGE36900,2026-W36,2026-W35,0.0,0.0,,0.0,0.0,,0.0,0.0,0.0,0.0,,,,,,,,曝光/点击/CTR/CVR/ACOS/ROAS/活动清单
B0H9Q55HH8,PT4SGE18500,2026-W36,2026-W35,0.0,0.0,,0.0,0.0,,0.0,0.0,0.0,0.0,,,,,,,,曝光/点击/CTR/CVR/ACOS/ROAS/活动清单
B0H9Q561F6,KC4SGE04300,2026-W36,2026-W35,3.0,1.0,200.0,2378.03,792.68,200.0,0.0,0.0,273.53,73.47,11.5,9.27,24.09,0.0,0.0,,,曝光/点击/CTR/CVR/ACOS/ROAS/活动清单
B0H9Q56SR8,KX4SGE07900,2026-W36,2026-W35,0.0,0.0,,0.0,0.0,,0.0,0.0,0.0,0.0,,,,,,,,曝光/点击/CTR/CVR/ACOS/ROAS/活动清单
B0H9Q5J2CY,OO4SGE38900,2026-W36,2026-W35,0.0,0.0,,0.0,0.0,,0.0,0.0,0.0,-5.73,,,,,,,,曝光/点击/CTR/CVR/ACOS/ROAS/活动清单
B0H9Q5SXGF,PT4SGE26000,2026-W36,2026-W35,0.0,0.0,,0.0,0.0,,0.0,0.0,0.0,0.0,,,,,,,,曝光/点击/CTR/CVR/ACOS/ROAS/活动清单
B0H9Q6476M,OO4SGE37300,2026-W36,2026-W35,0.0,0.0,,0.0,0.0,,0.0,0.0,0.0,0.0,,,,,,,,曝光/点击/CTR/CVR/ACOS/ROAS/活动清单
B0H9Q6LRKD,PT4SGE18400,2026-W36,2026-W35,0.0,0.0,,0.0,0.0,,0.0,0.0,0.0,0.0,,,,,,,,曝光/点击/CTR/CVR/ACOS/ROAS/活动清单
B0H9Q827DH,PT4SGE27300,2026-W36,2026-W35,0.0,0.0,,0.0,0.0,,0.0,0.0,0.0,0.0,,,,,,,,曝光/点击/CTR/CVR/ACOS/ROAS/活动清单
B0H9Q828BQ,PT4SGE24100,2026-W36,2026-W35,0.0,0.0,,0.0,0.0,,0.0,0.0,0.0,-11.56,,,,,,,,曝光/点击/CTR/CVR/ACOS/ROAS/活动清单
B0H9Q8LB81,PT4SGE27600,2026-W36,2026-W35,0.0,0.0,,0.0,0.0,,0.0,0.0,0.0,0.0,,,,,,,,曝光/点击/CTR/CVR/ACOS/ROAS/活动清单
B0H9Q8M69P,KX4SGE08900,2026-W36,2026-W35,0.0,0.0,,0.0,0.0,,0.0,0.0,0.0,-7.96,,,,,,,,曝光/点击/CTR/CVR/ACOS/ROAS/活动清单
B0H9Q8MB6Y,PT4SGE26100,2026-W36,2026-W35,0.0,0.0,,0.0,0.0,,0.0,0.0,0.0,0.0,,,,,,,,曝光/点击/CTR/CVR/ACOS/ROAS/活动清单
B0H9Q8ML98,PT4SGE18700,2026-W36,2026-W35,0.0,0.0,,0.0,0.0,,0.0,0.0,0.0,0.0,,,,,,,,曝光/点击/CTR/CVR/ACOS/ROAS/活动清单
B0H9Q8PCBX,KX4SGE08500,2026-W36,2026-W35,0.0,0.0,,0.0,0.0,,3.26,0.0,-3.26,0.0,,,,,,,,曝光/点击/CTR/CVR/ACOS/ROAS/活动清单
B0H9Q8PHSM,KX4SGE08400,2026-W36,2026-W35,0.0,0.0,,0.0,0.0,,0.0,0.0,0.0,0.0,,,,,,,,曝光/点击/CTR/CVR/ACOS/ROAS/活动清单
B0H9Q8QS7R,PT4SGE24400,2026-W36,2026-W35,0.0,0.0,,0.0,0.0,,0.0,0.0,0.0,0.0,,,,,,,,曝光/点击/CTR/CVR/ACOS/ROAS/活动清单
B0H9Q8QS8Q,KX4SGE08200,2026-W36,2026-W35,0.0,0.0,,0.0,0.0,,0.0,0.0,0.0,0.0,,,,,,,,曝光/点击/CTR/CVR/ACOS/ROAS/活动清单
B0H9Q8SFB8,PT4SGE19500,2026-W36,2026-W35,0.0,0.0,,0.0,0.0,,0.0,0.0,0.0,0.0,,,,,,,,曝光/点击/CTR/CVR/ACOS/ROAS/活动清单
B0H9QBZ3G2,KX4SGE09300,2026-W36,2026-W35,0.0,0.0,,0.0,0.0,,0.0,0.0,0.0,0.0,,,,,,,,曝光/点击/CTR/CVR/ACOS/ROAS/活动清单
B0H9QCYWW7,PT4SGE21500,2026-W36,2026-W35,0.0,0.0,,0.0,0.0,,0.0,0.0,0.0,0.0,,,,,,,,曝光/点击/CTR/CVR/ACOS/ROAS/活动清单
B0H9QHHW25,PT4SGE26500,2026-W36,2026-W35,0.0,0.0,,0.0,0.0,,0.0,0.0,0.0,0.0,,,,,,,,曝光/点击/CTR/CVR/ACOS/ROAS/活动清单
B0H9QJBQSF,PT4SGE24600,2026-W36,2026-W35,0.0,0.0,,0.0,0.0,,0.0,0.0,0.0,0.0,,,,,,,,曝光/点击/CTR/CVR/ACOS/ROAS/活动清单
B0HDCB6XRT,KC4PSP16100,2026-W36,2026-W35,0.0,0.0,,0.0,0.0,,0.0,0.0,0.0,0.0,,,,,,,,曝光/点击/CTR/CVR/ACOS/ROAS/活动清单
B0HDYNSWYR,OO4SGE36800,2026-W36,2026-W35,0.0,0.0,,0.0,0.0,,0.0,0.0,0.0,0.0,,,,,,,,曝光/点击/CTR/CVR/ACOS/ROAS/活动清单
B0HDYPGKFY,OO4SGE35700,2026-W36,2026-W35,0.0,0.0,,0.0,0.0,,0.0,0.0,0.0,0.0,,,,,,,,曝光/点击/CTR/CVR/ACOS/ROAS/活动清单
B0HDYQP4H2,OO4SGE38000,2026-W36,2026-W35,0.0,0.0,,0.0,0.0,,0.0,0.0,0.0,0.0,,,,,,,,曝光/点击/CTR/CVR/ACOS/ROAS/活动清单
B0HDYR671T,KC4SGE00800,2026-W36,2026-W35,0.0,0.0,,0.0,0.0,,0.0,0.0,0.0,0.0,,,,,,,,曝光/点击/CTR/CVR/ACOS/ROAS/活动清单
B0HDYRB9SR,KX4SGE12100,2026-W36,2026-W35,0.0,0.0,,0.0,0.0,,0.0,2.99,0.0,-2.99,,,,,,,,曝光/点击/CTR/CVR/ACOS/ROAS/活动清单
B0HDYRP33D,KC4PSP17700,2026-W36,2026-W35,0.0,0.0,,0.0,0.0,,0.0,0.0,0.0,0.0,,,,,,,,曝光/点击/CTR/CVR/ACOS/ROAS/活动清单
B0HDYRPRW6,KC4PSP15800,2026-W36,2026-W35,0.0,0.0,,0.0,0.0,,0.0,6.05,0.0,-6.05,,,,,,,,曝光/点击/CTR/CVR/ACOS/ROAS/活动清单
B0HDYS5M7T,PT4SGE27000,2026-W36,2026-W35,0.0,0.0,,0.0,0.0,,0.0,0.0,0.0,0.0,,,,,,,,曝光/点击/CTR/CVR/ACOS/ROAS/活动清单
B0HDYSBQ9K,KX4SGE11100,2026-W36,2026-W35,0.0,0.0,,0.0,0.0,,0.0,3.4,0.0,-3.4,,,,,,,,曝光/点击/CTR/CVR/ACOS/ROAS/活动清单
B0HDYSGZM5,KC4SGE01100,2026-W36,2026-W35,0.0,0.0,,0.0,0.0,,0.0,0.0,0.0,0.0,,,,,,,,曝光/点击/CTR/CVR/ACOS/ROAS/活动清单
B0HDYSMQ24,KX4SGE10700,2026-W36,2026-W35,0.0,0.0,,0.0,0.0,,0.0,0.0,0.0,0.0,,,,,,,,曝光/点击/CTR/CVR/ACOS/ROAS/活动清单
B0HDYV5MQJ,KX4SGE17300,2026-W36,2026-W35,0.0,0.0,,0.0,0.0,,0.0,0.0,0.0,0.0,,,,,,,,曝光/点击/CTR/CVR/ACOS/ROAS/活动清单
B0HDYVCMRG,OO4SGE34100,2026-W36,2026-W35,0.0,0.0,,0.0,0.0,,0.0,0.0,0.0,0.0,,,,,,,,曝光/点击/CTR/CVR/ACOS/ROAS/活动清单
B0HDYVNN3C,PT4SGE20800,2026-W36,2026-W35,0.0,0.0,,0.0,0.0,,0.0,0.0,0.0,0.0,,,,,,,,曝光/点击/CTR/CVR/ACOS/ROAS/活动清单
B0HDYVQ42P,PT4SGE26500,2026-W36,2026-W35,0.0,0.0,,0.0,0.0,,0.0,0.0,0.0,0.0,,,,,,,,曝光/点击/CTR/CVR/ACOS/ROAS/活动清单
B0HDYVW6TP,KC4SGE03100,2026-W36,2026-W35,0.0,0.0,,0.0,0.0,,0.0,0.0,0.0,0.0,,,,,,,,曝光/点击/CTR/CVR/ACOS/ROAS/活动清单
B0HDYVZDGJ,KX4SGE12200,2026-W36,2026-W35,0.0,0.0,,0.0,0.0,,0.0,3.06,0.0,-3.06,,,,,,,,曝光/点击/CTR/CVR/ACOS/ROAS/活动清单
B0HDYVZH4F,KX4SGE10300,2026-W36,2026-W35,0.0,0.0,,0.0,0.0,,0.0,0.0,0.0,0.0,,,,,,,,曝光/点击/CTR/CVR/ACOS/ROAS/活动清单
B0HDYW4GMY,KC4PSP17600,2026-W36,2026-W35,0.0,0.0,,0.0,0.0,,0.0,0.0,0.0,0.0,,,,,,,,曝光/点击/CTR/CVR/ACOS/ROAS/活动清单
B0HDYW6RX4,PT4SGE23100,2026-W36,2026-W35,0.0,0.0,,0.0,0.0,,0.0,0.0,0.0,0.0,,,,,,,,曝光/点击/CTR/CVR/ACOS/ROAS/活动清单
B0HDYW92Y7,KX4SGE15200,2026-W36,2026-W35,0.0,0.0,,0.0,0.0,,0.0,0.0,0.0,0.0,,,,,,,,曝光/点击/CTR/CVR/ACOS/ROAS/活动清单
B0HDYWBRYW,KC4SGE01000,2026-W36,2026-W35,0.0,0.0,,0.0,0.0,,0.0,0.0,0.0,0.0,,,,,,,,曝光/点击/CTR/CVR/ACOS/ROAS/活动清单
B0HDYWFGJT,KX4SGE09700,2026-W36,2026-W35,0.0,0.0,,0.0,0.0,,0.0,0.0,0.0,0.0,,,,,,,,曝光/点击/CTR/CVR/ACOS/ROAS/活动清单
B0HDYWWVQT,KX4SGE17200,2026-W36,2026-W35,0.0,0.0,,0.0,0.0,,0.0,0.0,0.0,0.0,,,,,,,,曝光/点击/CTR/CVR/ACOS/ROAS/活动清单
B0HDYX1W9V,PT4SGE26800,2026-W36,2026-W35,0.0,0.0,,0.0,0.0,,0.0,0.0,0.0,0.0,,,,,,,,曝光/点击/CTR/CVR/ACOS/ROAS/活动清单
B0HDYXQ6SS,PT4SGE20300,2026-W36,2026-W35,0.0,0.0,,0.0,0.0,,0.0,0.0,0.0,0.0,,,,,,,,曝光/点击/CTR/CVR/ACOS/ROAS/活动清单
B0HDYXQSZV,OO4SGE36000,2026-W36,2026-W35,0.0,0.0,,0.0,0.0,,0.0,0.0,0.0,0.0,,,,,,,,曝光/点击/CTR/CVR/ACOS/ROAS/活动清单
B0HDYXR44S,KX4SGE14900,2026-W36,2026-W35,0.0,0.0,,0.0,0.0,,0.0,0.0,0.0,0.0,,,,,,,,曝光/点击/CTR/CVR/ACOS/ROAS/活动清单
B0HDYXZP53,KC4PSP17800,2026-W36,2026-W35,0.0,0.0,,0.0,0.0,,0.0,0.0,0.0,0.0,,,,,,,,曝光/点击/CTR/CVR/ACOS/ROAS/活动清单
B0HDYY4P9R,OO4SGE36200,2026-W36,2026-W35,0.0,0.0,,0.0,0.0,,0.0,0.0,0.0,0.0,,,,,,,,曝光/点击/CTR/CVR/ACOS/ROAS/活动清单
B0HDYYJJYB,OO4SGE34000,2026-W36,2026-W35,0.0,0.0,,0.0,0.0,,0.0,0.0,0.0,0.0,,,,,,,,曝光/点击/CTR/CVR/ACOS/ROAS/活动清单
B0HDYYWR7B,KX4SGE16800,2026-W36,2026-W35,0.0,0.0,,0.0,0.0,,0.0,0.0,0.0,0.0,,,,,,,,曝光/点击/CTR/CVR/ACOS/ROAS/活动清单
B0HDYZFR7H,KX4SGE16700,2026-W36,2026-W35,0.0,0.0,,0.0,0.0,,0.0,0.0,0.0,0.0,,,,,,,,曝光/点击/CTR/CVR/ACOS/ROAS/活动清单
B0HDYZFR8H,PT4SGE23600,2026-W36,2026-W35,0.0,0.0,,0.0,0.0,,0.0,0.0,0.0,0.0,,,,,,,,曝光/点击/CTR/CVR/ACOS/ROAS/活动清单
B0HDYZLXMX,PT4SGE18600,2026-W36,2026-W35,0.0,0.0,,0.0,0.0,,0.0,3.06,0.0,-3.06,,,,,,,,曝光/点击/CTR/CVR/ACOS/ROAS/活动清单
B0HDYZNWGH,KC4PSP16600,2026-W36,2026-W35,0.0,0.0,,0.0,0.0,,0.0,0.0,0.0,0.0,,,,,,,,曝光/点击/CTR/CVR/ACOS/ROAS/活动清单
B0HDYZS6MK,OO4SGE35400,2026-W36,2026-W35,0.0,0.0,,0.0,0.0,,0.0,4.08,0.0,-4.08,,,,,,,,曝光/点击/CTR/CVR/ACOS/ROAS/活动清单
B0HDYZTS7V,PT4SGE24100,2026-W36,2026-W35,0.0,0.0,,0.0,0.0,,0.0,0.0,0.0,0.0,,,,,,,,曝光/点击/CTR/CVR/ACOS/ROAS/活动清单
B0HDZ2H697,KX4SGE18000,2026-W36,2026-W35,0.0,0.0,,0.0,0.0,,0.0,0.0,0.0,0.0,,,,,,,,曝光/点击/CTR/CVR/ACOS/ROAS/活动清单
B0HDZ2KDF7,KC4SGE00600,2026-W36,2026-W35,0.0,0.0,,0.0,0.0,,0.0,0.0,0.0,0.0,,,,,,,,曝光/点击/CTR/CVR/ACOS/ROAS/活动清单
B0HDZ2QNRH,OO4SGE38400,2026-W36,2026-W35,0.0,0.0,,0.0,0.0,,0.0,0.0,0.0,0.0,,,,,,,,曝光/点击/CTR/CVR/ACOS/ROAS/活动清单
B0HDZ2S1WN,KC4PSP17000,2026-W36,2026-W35,0.0,0.0,,0.0,0.0,,0.0,0.0,0.0,0.0,,,,,,,,曝光/点击/CTR/CVR/ACOS/ROAS/活动清单
B0HDZ2VFXD,PT4SGE21400,2026-W36,2026-W35,0.0,0.0,,0.0,0.0,,0.0,0.0,0.0,0.0,,,,,,,,曝光/点击/CTR/CVR/ACOS/ROAS/活动清单
B0HDZ2XMVF,PT4SGE28200,2026-W36,2026-W35,0.0,0.0,,0.0,0.0,,0.0,0.0,0.0,0.0,,,,,,,,曝光/点击/CTR/CVR/ACOS/ROAS/活动清单
B0HDZ35CRQ,KC4SGE02800,2026-W36,2026-W35,0.0,0.0,,0.0,0.0,,0.0,0.0,0.0,0.0,,,,,,,,曝光/点击/CTR/CVR/ACOS/ROAS/活动清单
B0HDZ3NM4H,KX4SGE17000,2026-W36,2026-W35,0.0,0.0,,0.0,0.0,,0.0,0.0,0.0,0.0,,,,,,,,曝光/点击/CTR/CVR/ACOS/ROAS/活动清单
B0HDZ428VK,PT4SGE25600,2026-W36,2026-W35,0.0,0.0,,0.0,0.0,,0.0,4.69,0.0,-4.69,,,,,,,,曝光/点击/CTR/CVR/ACOS/ROAS/活动清单
B0HDZ458J7,PT4SGE19100,2026-W36,2026-W35,0.0,0.0,,0.0,0.0,,0.0,8.16,0.0,-8.16,,,,,,,,曝光/点击/CTR/CVR/ACOS/ROAS/活动清单
B0HDZ465MW,OO4SGE38800,2026-W36,2026-W35,0.0,0.0,,0.0,0.0,,0.0,0.0,0.0,0.0,,,,,,,,曝光/点击/CTR/CVR/ACOS/ROAS/活动清单
B0HDZ4NF6H,KX4SGE13200,2026-W36,2026-W35,0.0,0.0,,0.0,0.0,,0.0,0.0,0.0,0.0,,,,,,,,曝光/点击/CTR/CVR/ACOS/ROAS/活动清单
B0HDZ4SPQM,PT4SGE24700,2026-W36,2026-W35,0.0,0.0,,0.0,0.0,,0.0,8.77,0.0,-8.77,,,,,,,,曝光/点击/CTR/CVR/ACOS/ROAS/活动清单
B0HDZ4Y95L,KC4SGE01200,2026-W36,2026-W35,0.0,0.0,,0.0,0.0,,0.0,0.0,0.0,0.0,,,,,,,,曝光/点击/CTR/CVR/ACOS/ROAS/活动清单
B0HDZ59PRG,KX4SGE17700,2026-W36,2026-W35,0.0,0.0,,0.0,0.0,,0.0,10.81,0.0,-10.81,,,,,,,,曝光/点击/CTR/CVR/ACOS/ROAS/活动清单
B0HDZ5N1GT,OO4SGE35600,2026-W36,2026-W35,0.0,0.0,,0.0,0.0,,0.0,5.78,0.0,-5.78,,,,,,,,曝光/点击/CTR/CVR/ACOS/ROAS/活动清单
B0HDZ5PQRR,KC4SGE04800,2026-W36,2026-W35,0.0,0.0,,0.0,0.0,,0.0,0.0,0.0,0.0,,,,,,,,曝光/点击/CTR/CVR/ACOS/ROAS/活动清单
B0HDZ619P2,KX4SGE17400,2026-W36,2026-W35,0.0,0.0,,0.0,0.0,,0.0,0.0,0.0,0.0,,,,,,,,曝光/点击/CTR/CVR/ACOS/ROAS/活动清单
B0HDZ7SCYS,PT4SGE22700,2026-W36,2026-W35,0.0,0.0,,0.0,0.0,,0.0,0.0,0.0,0.0,,,,,,,,曝光/点击/CTR/CVR/ACOS/ROAS/活动清单
B0HDZ8TSNB,KX4SGE16500,2026-W36,2026-W35,0.0,0.0,,0.0,0.0,,0.0,0.0,0.0,0.0,,,,,,,,曝光/点击/CTR/CVR/ACOS/ROAS/活动清单
B0HDZ9MCS8,KC4SGE03900,2026-W36,2026-W35,0.0,0.0,,0.0,0.0,,0.0,0.0,0.0,0.0,,,,,,,,曝光/点击/CTR/CVR/ACOS/ROAS/活动清单
B0HDZ9XTBV,PT4SGE23200,2026-W36,2026-W35,0.0,0.0,,0.0,0.0,,0.0,0.0,0.0,0.0,,,,,,,,曝光/点击/CTR/CVR/ACOS/ROAS/活动清单
B0HDZBN77M,OO4SGE36300,2026-W36,2026-W35,0.0,0.0,,0.0,0.0,,0.0,0.0,0.0,0.0,,,,,,,,曝光/点击/CTR/CVR/ACOS/ROAS/活动清单
B0HDZBV456,OO4SGE34600,2026-W36,2026-W35,0.0,0.0,,0.0,0.0,,0.0,0.0,0.0,0.0,,,,,,,,曝光/点击/CTR/CVR/ACOS/ROAS/活动清单
B0HF2QN566,PT4SGE26100,2026-W36,2026-W35,0.0,0.0,,0.0,0.0,,0.0,0.0,0.0,0.0,,,,,,,,曝光/点击/CTR/CVR/ACOS/ROAS/活动清单
B0HF31KQ4P,PT4SGE27800,2026-W36,2026-W35,0.0,0.0,,0.0,0.0,,0.0,0.0,0.0,0.0,,,,,,,,曝光/点击/CTR/CVR/ACOS/ROAS/活动清单
B0HF31MB7J,PT4SGE23900,2026-W36,2026-W35,0.0,0.0,,0.0,0.0,,0.0,5.51,0.0,-5.51,,,,,,,,曝光/点击/CTR/CVR/ACOS/ROAS/活动清单
B0HF31MM8F,KC4SGE01400,2026-W36,2026-W35,0.0,0.0,,0.0,0.0,,0.0,9.38,0.0,-9.38,,,,,,,,曝光/点击/CTR/CVR/ACOS/ROAS/活动清单
B0HF31NXP4,KC4SGE01300,2026-W36,2026-W35,1.0,0.0,N/A,1611.6,0.0,N/A,0.0,0.0,444.35,0.0,27.57,,,0.0,,,,曝光/点击/CTR/CVR/ACOS/ROAS/活动清单
B0HF31TGLB,KX4SGE14700,2026-W36,2026-W35,0.0,0.0,,0.0,0.0,,0.0,0.0,0.0,0.0,,,,,,,,曝光/点击/CTR/CVR/ACOS/ROAS/活动清单
B0HF31X1SK,PT4SGE18800,2026-W36,2026-W35,0.0,0.0,,0.0,0.0,,0.0,0.0,0.0,0.0,,,,,,,,曝光/点击/CTR/CVR/ACOS/ROAS/活动清单
B0HF31XP6C,KC4SGE00200,2026-W36,2026-W35,0.0,0.0,,0.0,0.0,,0.0,0.0,0.0,0.0,,,,,,,,曝光/点击/CTR/CVR/ACOS/ROAS/活动清单
B0HF322WQS,PT4SGE27500,2026-W36,2026-W35,0.0,0.0,,0.0,0.0,,0.0,0.0,0.0,0.0,,,,,,,,曝光/点击/CTR/CVR/ACOS/ROAS/活动清单
B0HF325HFJ,KX4SGE13100,2026-W36,2026-W35,0.0,0.0,,0.0,0.0,,0.0,0.0,0.0,0.0,,,,,,,,曝光/点击/CTR/CVR/ACOS/ROAS/活动清单
B0HF329MBF,OO4SGE36900,2026-W36,2026-W35,0.0,0.0,,0.0,0.0,,0.0,0.0,0.0,0.0,,,,,,,,曝光/点击/CTR/CVR/ACOS/ROAS/活动清单
B0HF32FSQF,KX4SGE15800,2026-W36,2026-W35,0.0,0.0,,0.0,0.0,,0.0,0.0,0.0,0.0,,,,,,,,曝光/点击/CTR/CVR/ACOS/ROAS/活动清单
B0HF34564Y,KC4SGE04600,2026-W36,2026-W35,0.0,0.0,,0.0,0.0,,0.0,0.0,0.0,0.0,,,,,,,,曝光/点击/CTR/CVR/ACOS/ROAS/活动清单
B0HF34749X,PT4SGE19400,2026-W36,2026-W35,0.0,0.0,,0.0,0.0,,0.0,0.0,0.0,0.0,,,,,,,,曝光/点击/CTR/CVR/ACOS/ROAS/活动清单
B0HF34FK79,KC4SGE01700,2026-W36,2026-W35,0.0,0.0,,0.0,0.0,,0.0,0.0,0.0,0.0,,,,,,,,曝光/点击/CTR/CVR/ACOS/ROAS/活动清单
B0HF34JFSQ,PT4SGE21000,2026-W36,2026-W35,0.0,0.0,,0.0,0.0,,0.0,5.44,0.0,-5.44,,,,,,,,曝光/点击/CTR/CVR/ACOS/ROAS/活动清单
B0HF34KRPG,KC4SGE04300,2026-W36,2026-W35,0.0,0.0,,0.0,0.0,,0.0,0.0,0.0,0.0,,,,,,,,曝光/点击/CTR/CVR/ACOS/ROAS/活动清单
B0HF34NPZ6,KX4SGE10200,2026-W36,2026-W35,1.0,0.0,N/A,1530.0,0.0,N/A,0.0,16.25,323.6,-16.25,21.15,,,0.0,,,,曝光/点击/CTR/CVR/ACOS/ROAS/活动清单
B0HF34R7VH,KX4SGE13700,2026-W36,2026-W35,0.0,0.0,,0.0,0.0,,0.0,0.0,0.0,0.0,,,,,,,,曝光/点击/CTR/CVR/ACOS/ROAS/活动清单
B0HF34WRHF,KC4SGE04100,2026-W36,2026-W35,0.0,0.0,,0.0,0.0,,0.0,0.0,0.0,0.0,,,,,,,,曝光/点击/CTR/CVR/ACOS/ROAS/活动清单
B0HF34YCXS,PT4SGE24000,2026-W36,2026-W35,0.0,0.0,,0.0,0.0,,0.0,0.0,0.0,0.0,,,,,,,,曝光/点击/CTR/CVR/ACOS/ROAS/活动清单
B0HF35BDHL,KC4SGE02900,2026-W36,2026-W35,0.0,0.0,,0.0,0.0,,0.0,0.0,0.0,0.0,,,,,,,,曝光/点击/CTR/CVR/ACOS/ROAS/活动清单
B0HF37PSB3,PT4SGE22800,2026-W36,2026-W35,0.0,0.0,,0.0,0.0,,0.0,0.0,0.0,0.0,,,,,,,,曝光/点击/CTR/CVR/ACOS/ROAS/活动清单
B0HF37STL1,KC4SGE00500,2026-W36,2026-W35,0.0,0.0,,0.0,0.0,,0.0,4.69,0.0,-4.69,,,,,,,,曝光/点击/CTR/CVR/ACOS/ROAS/活动清单
B0HF37Y21T,OO4SGE37300,2026-W36,2026-W35,0.0,0.0,,0.0,0.0,,0.0,0.0,0.0,0.0,,,,,,,,曝光/点击/CTR/CVR/ACOS/ROAS/活动清单
B0HF382KFL,OO4SGE34200,2026-W36,2026-W35,0.0,0.0,,0.0,0.0,,0.0,0.0,0.0,0.0,,,,,,,,曝光/点击/CTR/CVR/ACOS/ROAS/活动清单
B0HF382X7S,KC4SGE00300,2026-W36,2026-W35,0.0,0.0,,0.0,0.0,,0.0,0.0,0.0,0.0,,,,,,,,曝光/点击/CTR/CVR/ACOS/ROAS/活动清单
B0HF3845LC,KX4SGE12400,2026-W36,2026-W35,0.0,0.0,,0.0,0.0,,0.0,24.48,0.0,-24.48,,,,,,,,曝光/点击/CTR/CVR/ACOS/ROAS/活动清单
B0HF387HS1,KX4SGE13500,2026-W36,2026-W35,0.0,0.0,,0.0,0.0,,0.0,4.69,0.0,-4.69,,,,,,,,曝光/点击/CTR/CVR/ACOS/ROAS/活动清单
B0HF388DVP,PT4SGE23700,2026-W36,2026-W35,0.0,0.0,,0.0,0.0,,0.0,9.66,0.0,-9.66,,,,,,,,曝光/点击/CTR/CVR/ACOS/ROAS/活动清单
B0HF38C8JS,KC4SGE03300,2026-W36,2026-W35,0.0,0.0,,0.0,0.0,,0.0,0.0,0.0,0.0,,,,,,,,曝光/点击/CTR/CVR/ACOS/ROAS/活动清单
B0HF38DV56,KC4SGE00100,2026-W36,2026-W35,0.0,0.0,,0.0,0.0,,0.0,6.94,0.0,-6.94,,,,,,,,曝光/点击/CTR/CVR/ACOS/ROAS/活动清单
B0HF38H45P,KX4SGE14000,2026-W36,2026-W35,0.0,0.0,,0.0,0.0,,0.0,0.0,0.0,0.0,,,,,,,,曝光/点击/CTR/CVR/ACOS/ROAS/活动清单
B0HF38LXVZ,KC4PSP16400,2026-W36,2026-W35,0.0,0.0,,0.0,0.0,,0.0,0.0,0.0,0.0,,,,,,,,曝光/点击/CTR/CVR/ACOS/ROAS/活动清单
B0HF38S25V,KC4PSP16300,2026-W36,2026-W35,0.0,0.0,,0.0,0.0,,0.0,0.0,0.0,0.0,,,,,,,,曝光/点击/CTR/CVR/ACOS/ROAS/活动清单
B0HF393D8J,KC4PSP16100,2026-W36,2026-W35,0.0,0.0,,0.0,0.0,,0.0,0.0,0.0,0.0,,,,,,,,曝光/点击/CTR/CVR/ACOS/ROAS/活动清单
B0HF394ZG4,KC4PSP17200,2026-W36,2026-W35,0.0,0.0,,0.0,0.0,,0.0,0.0,0.0,0.0,,,,,,,,曝光/点击/CTR/CVR/ACOS/ROAS/活动清单
B0HF39HD4Y,KX4SGE12900,2026-W36,2026-W35,0.0,0.0,,0.0,0.0,,0.0,0.0,0.0,0.0,,,,,,,,曝光/点击/CTR/CVR/ACOS/ROAS/活动清单
B0HF39J1S9,PT4SGE24300,2026-W36,2026-W35,0.0,0.0,,0.0,0.0,,0.0,0.0,0.0,0.0,,,,,,,,曝光/点击/CTR/CVR/ACOS/ROAS/活动清单
B0HF39JZKP,PT4SGE26000,2026-W36,2026-W35,0.0,0.0,,0.0,0.0,,0.0,0.0,0.0,0.0,,,,,,,,曝光/点击/CTR/CVR/ACOS/ROAS/活动清单
B0HF3BJ9GV,KC4SGE04200,2026-W36,2026-W35,0.0,0.0,,0.0,0.0,,0.0,0.0,0.0,0.0,,,,,,,,曝光/点击/CTR/CVR/ACOS/ROAS/活动清单
B0HF3BLHVD,KX4SGE08600,2026-W36,2026-W35,0.0,0.0,,0.0,0.0,,0.0,5.58,0.0,-5.58,,,,,,,,曝光/点击/CTR/CVR/ACOS/ROAS/活动清单
B0HF3BR246,PT4SGE22200,2026-W36,2026-W35,0.0,0.0,,0.0,0.0,,0.0,0.0,0.0,0.0,,,,,,,,曝光/点击/CTR/CVR/ACOS/ROAS/活动清单
B0HF3BTYHS,KC4PSP18200,2026-W36,2026-W35,0.0,0.0,,0.0,0.0,,0.0,0.0,0.0,0.0,,,,,,,,曝光/点击/CTR/CVR/ACOS/ROAS/活动清单
B0HF3C22YW,KX4SGE10600,2026-W36,2026-W35,0.0,0.0,,0.0,0.0,,0.0,0.0,0.0,0.0,,,,,,,,曝光/点击/CTR/CVR/ACOS/ROAS/活动清单
B0HF3C5ZB4,OO4SGE34300,2026-W36,2026-W35,0.0,0.0,,0.0,0.0,,0.0,0.0,0.0,0.0,,,,,,,,曝光/点击/CTR/CVR/ACOS/ROAS/活动清单
B0HF3C8KSP,OO4SGE35200,2026-W36,2026-W35,0.0,0.0,,0.0,0.0,,0.0,0.0,0.0,0.0,,,,,,,,曝光/点击/CTR/CVR/ACOS/ROAS/活动清单
B0HF3C8XMC,KX4SGE08000,2026-W36,2026-W35,0.0,0.0,,0.0,0.0,,0.0,0.0,0.0,0.0,,,,,,,,曝光/点击/CTR/CVR/ACOS/ROAS/活动清单
B0HF3CK1VM,KC4SGE01600,2026-W36,2026-W35,0.0,0.0,,0.0,0.0,,0.0,0.0,0.0,0.0,,,,,,,,曝光/点击/CTR/CVR/ACOS/ROAS/活动清单
B0HF3CLND6,KC4PSP16500,2026-W36,2026-W35,0.0,0.0,,0.0,0.0,,0.0,0.0,0.0,0.0,,,,,,,,曝光/点击/CTR/CVR/ACOS/ROAS/活动清单
B0HF3CSTS9,KC4SGE02700,2026-W36,2026-W35,0.0,0.0,,0.0,0.0,,0.0,0.0,0.0,0.0,,,,,,,,曝光/点击/CTR/CVR/ACOS/ROAS/活动清单
B0HF3D18SZ,KC4PSP17100,2026-W36,2026-W35,0.0,0.0,,0.0,0.0,,0.0,0.0,0.0,0.0,,,,,,,,曝光/点击/CTR/CVR/ACOS/ROAS/活动清单
B0HF3D1LPN,PT4SGE18300,2026-W36,2026-W35,0.0,0.0,,0.0,0.0,,0.0,0.0,0.0,0.0,,,,,,,,曝光/点击/CTR/CVR/ACOS/ROAS/活动清单
B0HF3D27B7,KX4SGE13300,2026-W36,2026-W35,0.0,0.0,,0.0,0.0,,0.0,0.0,0.0,0.0,,,,,,,,曝光/点击/CTR/CVR/ACOS/ROAS/活动清单
B0HF3D644F,KC4PSP17900,2026-W36,2026-W35,0.0,0.0,,0.0,0.0,,0.0,0.0,0.0,0.0,,,,,,,,曝光/点击/CTR/CVR/ACOS/ROAS/活动清单
B0HF3DF8QN,PT4SGE19600,2026-W36,2026-W35,0.0,0.0,,0.0,0.0,,0.0,0.0,0.0,0.0,,,,,,,,曝光/点击/CTR/CVR/ACOS/ROAS/活动清单
B0HF3DH6GT,PT4SGE20000,2026-W36,2026-W35,0.0,0.0,,0.0,0.0,,0.0,0.0,0.0,0.0,,,,,,,,曝光/点击/CTR/CVR/ACOS/ROAS/活动清单
B0HF3DH7GR,KC4SGE02400,2026-W36,2026-W35,0.0,0.0,,0.0,0.0,,0.0,0.0,0.0,0.0,,,,,,,,曝光/点击/CTR/CVR/ACOS/ROAS/活动清单
B0HF3DHJTY,KC4SGE01800,2026-W36,2026-W35,0.0,0.0,,0.0,0.0,,0.0,3.06,0.0,-3.06,,,,,,,,曝光/点击/CTR/CVR/ACOS/ROAS/活动清单
B0HF3DTW2P,OO4SGE37500,2026-W36,2026-W35,0.0,0.0,,0.0,0.0,,0.0,0.0,0.0,0.0,,,,,,,,曝光/点击/CTR/CVR/ACOS/ROAS/活动清单
B0HF3DYF9V,PT4SGE26300,2026-W36,2026-W35,0.0,0.0,,0.0,0.0,,0.0,0.0,0.0,0.0,,,,,,,,曝光/点击/CTR/CVR/ACOS/ROAS/活动清单
B0HF3F495L,KC4SGE03500,2026-W36,2026-W35,0.0,0.0,,0.0,0.0,,0.0,0.0,0.0,0.0,,,,,,,,曝光/点击/CTR/CVR/ACOS/ROAS/活动清单
B0HF3F8S8N,KC4SGE00900,2026-W36,2026-W35,0.0,0.0,,0.0,0.0,,0.0,0.0,0.0,0.0,,,,,,,,曝光/点击/CTR/CVR/ACOS/ROAS/活动清单
B0HF3FGMZD,KX4SGE07700,2026-W36,2026-W35,3.0,0.0,N/A,6099.6,0.0,N/A,0.0,2.52,1439.52,-88.88,23.6,,,0.0,,,,曝光/点击/CTR/CVR/ACOS/ROAS/活动清单
B0HF3FK88F,KX4SGE08800,2026-W36,2026-W35,0.0,0.0,,0.0,0.0,,0.0,0.0,0.0,0.0,,,,,,,,曝光/点击/CTR/CVR/ACOS/ROAS/活动清单
B0HF3FKKVL,KC4SGE03000,2026-W36,2026-W35,0.0,0.0,,0.0,0.0,,0.0,0.0,0.0,0.0,,,,,,,,曝光/点击/CTR/CVR/ACOS/ROAS/活动清单
B0HF3FPJX1,OO4SGE34800,2026-W36,2026-W35,0.0,0.0,,0.0,0.0,,0.0,0.0,0.0,0.0,,,,,,,,曝光/点击/CTR/CVR/ACOS/ROAS/活动清单
B0HF3FT4JM,PT4SGE26600,2026-W36,2026-W35,0.0,0.0,,0.0,0.0,,0.0,0.0,0.0,0.0,,,,,,,,曝光/点击/CTR/CVR/ACOS/ROAS/活动清单
B0HF3FW36S,KX4SGE08900,2026-W36,2026-W35,0.0,0.0,,0.0,0.0,,0.0,0.0,0.0,0.0,,,,,,,,曝光/点击/CTR/CVR/ACOS/ROAS/活动清单
B0HF3G1LWR,PT4SGE28100,2026-W36,2026-W35,0.0,0.0,,0.0,0.0,,0.0,0.0,0.0,0.0,,,,,,,,曝光/点击/CTR/CVR/ACOS/ROAS/活动清单
B0HF3H8VKY,PT4SGE20100,2026-W36,2026-W35,0.0,0.0,,0.0,0.0,,0.0,0.0,0.0,0.0,,,,,,,,曝光/点击/CTR/CVR/ACOS/ROAS/活动清单
B0HF3H9GN5,PT4SGE25400,2026-W36,2026-W35,0.0,0.0,,0.0,0.0,,0.0,0.0,0.0,0.0,,,,,,,,曝光/点击/CTR/CVR/ACOS/ROAS/活动清单
B0HF3HDCRM,PT4SGE18400,2026-W36,2026-W35,0.0,0.0,,0.0,0.0,,0.0,0.0,0.0,0.0,,,,,,,,曝光/点击/CTR/CVR/ACOS/ROAS/活动清单
B0HF3HJ9R7,KX4SGE09200,2026-W36,2026-W35,0.0,0.0,,0.0,0.0,,0.0,0.0,0.0,0.0,,,,,,,,曝光/点击/CTR/CVR/ACOS/ROAS/活动清单
B0HF3HMSMW,KC4PSP18000,2026-W36,2026-W35,0.0,0.0,,0.0,0.0,,0.0,0.0,0.0,0.0,,,,,,,,曝光/点击/CTR/CVR/ACOS/ROAS/活动清单
B0HF3HT1VQ,KC4SGE01500,2026-W36,2026-W35,0.0,0.0,,0.0,0.0,,0.0,0.0,0.0,0.0,,,,,,,,曝光/点击/CTR/CVR/ACOS/ROAS/活动清单
B0HF3HVBLZ,OO4SGE38100,2026-W36,2026-W35,0.0,1.0,-100.0,0.0,1224.0,-100.0,0.0,25.98,-122.94,209.33,,17.1,,,2.12,,单量下滑≥20%；销售额下滑≥20%,曝光/点击/CTR/CVR/ACOS/ROAS/活动清单
B0HF3HVZ76,KC4SGE05500,2026-W36,2026-W35,0.0,0.0,,0.0,0.0,,0.0,0.0,0.0,0.0,,,,,,,,曝光/点击/CTR/CVR/ACOS/ROAS/活动清单
B0HF3HW9Z4,KC4SGE05400,2026-W36,2026-W35,0.0,0.0,,0.0,0.0,,0.0,0.0,0.0,0.0,,,,,,,,曝光/点击/CTR/CVR/ACOS/ROAS/活动清单
B0HF3J1SL5,KX4SGE08100,2026-W36,2026-W35,0.0,0.0,,0.0,0.0,,0.0,3.26,0.0,-3.26,,,,,,,,曝光/点击/CTR/CVR/ACOS/ROAS/活动清单
B0HF3J68GX,KX4SGE08300,2026-W36,2026-W35,0.0,0.0,,0.0,0.0,,0.0,3.74,0.0,-3.74,,,,,,,,曝光/点击/CTR/CVR/ACOS/ROAS/活动清单
B0HF3J6VF1,PT4SGE19300,2026-W36,2026-W35,0.0,0.0,,0.0,0.0,,0.0,0.0,0.0,0.0,,,,,,,,曝光/点击/CTR/CVR/ACOS/ROAS/活动清单
B0HF3J86CW,KC4SGE05000,2026-W36,2026-W35,0.0,0.0,,0.0,0.0,,0.0,0.0,0.0,0.0,,,,,,,,曝光/点击/CTR/CVR/ACOS/ROAS/活动清单
B0HF3JCPQS,KX4SGE09100,2026-W36,2026-W35,0.0,0.0,,0.0,0.0,,0.0,0.0,0.0,0.0,,,,,,,,曝光/点击/CTR/CVR/ACOS/ROAS/活动清单
B0HF3JJYN8,KX4SGE12700,2026-W36,2026-W35,0.0,0.0,,0.0,0.0,,0.0,0.0,0.0,0.0,,,,,,,,曝光/点击/CTR/CVR/ACOS/ROAS/活动清单
B0HF3JR25Z,PT4SGE19900,2026-W36,2026-W35,0.0,0.0,,0.0,0.0,,0.0,0.0,0.0,0.0,,,,,,,,曝光/点击/CTR/CVR/ACOS/ROAS/活动清单
B0HF3JSYLZ,PT4SGE27900,2026-W36,2026-W35,0.0,0.0,,0.0,0.0,,0.0,0.0,0.0,0.0,,,,,,,,曝光/点击/CTR/CVR/ACOS/ROAS/活动清单
B0HF3LH9QM,KC4SGE05200,2026-W36,2026-W35,0.0,0.0,,0.0,0.0,,0.0,0.0,0.0,0.0,,,,,,,,曝光/点击/CTR/CVR/ACOS/ROAS/活动清单
B0HF3LPX94,KX4SGE08400,2026-W36,2026-W35,0.0,0.0,,0.0,0.0,,0.0,0.0,0.0,0.0,,,,,,,,曝光/点击/CTR/CVR/ACOS/ROAS/活动清单
B0HF3LQJXQ,PT4SGE20500,2026-W36,2026-W35,0.0,1.0,-100.0,0.0,646.0,-100.0,0.0,0.0,-22.98,133.29,,20.63,,,0.0,,单量下滑≥20%；销售额下滑≥20%,曝光/点击/CTR/CVR/ACOS/ROAS/活动清单
B0HF3LSVQW,KC4SGE05300,2026-W36,2026-W35,0.0,0.0,,0.0,0.0,,0.0,0.0,0.0,0.0,,,,,,,,曝光/点击/CTR/CVR/ACOS/ROAS/活动清单
B0HF3LYNGH,PT4SGE23400,2026-W36,2026-W35,0.0,0.0,,0.0,0.0,,0.0,8.16,0.0,-8.16,,,,,,,,曝光/点击/CTR/CVR/ACOS/ROAS/活动清单
B0HF3M1Z1M,KX4SGE15400,2026-W36,2026-W35,0.0,0.0,,0.0,0.0,,0.0,0.0,0.0,0.0,,,,,,,,曝光/点击/CTR/CVR/ACOS/ROAS/活动清单
B0HF3M3JYJ,KC4SGE03700,2026-W36,2026-W35,0.0,0.0,,0.0,0.0,,0.0,0.0,0.0,0.0,,,,,,,,曝光/点击/CTR/CVR/ACOS/ROAS/活动清单
B0HF3M6G9J,KX4SGE09300,2026-W36,2026-W35,0.0,0.0,,0.0,0.0,,0.0,0.0,0.0,0.0,,,,,,,,曝光/点击/CTR/CVR/ACOS/ROAS/活动清单
B0HF3M7DPG,OO4SGE38600,2026-W36,2026-W35,0.0,0.0,,0.0,0.0,,0.0,0.0,0.0,0.0,,,,,,,,曝光/点击/CTR/CVR/ACOS/ROAS/活动清单
B0HF3MDXLT,KC4SGE04700,2026-W36,2026-W35,0.0,0.0,,0.0,0.0,,0.0,0.0,0.0,0.0,,,,,,,,曝光/点击/CTR/CVR/ACOS/ROAS/活动清单
B0HF3MHTBJ,PT4SGE19500,2026-W36,2026-W35,0.0,0.0,,0.0,0.0,,0.0,0.0,0.0,0.0,,,,,,,,曝光/点击/CTR/CVR/ACOS/ROAS/活动清单
B0HF3MQLB5,PT4SGE24600,2026-W36,2026-W35,0.0,0.0,,0.0,0.0,,0.0,0.0,0.0,0.0,,,,,,,,曝光/点击/CTR/CVR/ACOS/ROAS/活动清单
B0HF3MS62X,OO4SGE38900,2026-W36,2026-W35,0.0,0.0,,0.0,0.0,,0.0,0.0,0.0,0.0,,,,,,,,曝光/点击/CTR/CVR/ACOS/ROAS/活动清单
B0HF3MWYJR,OO4SGE36600,2026-W36,2026-W35,1.0,0.0,N/A,1026.8,0.0,N/A,0.0,0.2,201.24,-43.82,19.6,,,0.0,,,,曝光/点击/CTR/CVR/ACOS/ROAS/活动清单
B0HF3N3RL9,OO4SGE37700,2026-W36,2026-W35,0.0,0.0,,0.0,0.0,,0.0,0.0,0.0,0.0,,,,,,,,曝光/点击/CTR/CVR/ACOS/ROAS/活动清单
B0HF3N5FZ7,PT4SGE19700,2026-W36,2026-W35,0.0,0.0,,0.0,0.0,,0.0,0.0,0.0,0.0,,,,,,,,曝光/点击/CTR/CVR/ACOS/ROAS/活动清单
B0HF3N9BJV,OO4SGE39100,2026-W36,2026-W35,0.0,0.0,,0.0,0.0,,0.0,0.0,0.0,0.0,,,,,,,,曝光/点击/CTR/CVR/ACOS/ROAS/活动清单
B0HF3NCXN3,PT4SGE26200,2026-W36,2026-W35,0.0,0.0,,0.0,0.0,,0.0,0.0,0.0,0.0,,,,,,,,曝光/点击/CTR/CVR/ACOS/ROAS/活动清单
B0HF3NCY9T,PT4SGE19800,2026-W36,2026-W35,0.0,0.0,,0.0,0.0,,0.0,0.0,0.0,0.0,,,,,,,,曝光/点击/CTR/CVR/ACOS/ROAS/活动清单
B0HF3NFVW8,PT4SGE27300,2026-W36,2026-W35,0.0,0.0,,0.0,0.0,,0.0,0.0,0.0,0.0,,,,,,,,曝光/点击/CTR/CVR/ACOS/ROAS/活动清单
B0HF3NGJKY,KC4PSP16200,2026-W36,2026-W35,0.0,0.0,,0.0,0.0,,0.0,0.0,0.0,0.0,,,,,,,,曝光/点击/CTR/CVR/ACOS/ROAS/活动清单
B0HF3NS369,KX4SGE08500,2026-W36,2026-W35,0.0,0.0,,0.0,0.0,,0.0,0.0,0.0,0.0,,,,,,,,曝光/点击/CTR/CVR/ACOS/ROAS/活动清单
B0HF3P34X3,OO4SGE37000,2026-W36,2026-W35,0.0,0.0,,0.0,0.0,,0.0,0.0,0.0,0.0,,,,,,,,曝光/点击/CTR/CVR/ACOS/ROAS/活动清单
B0HF3QD5XH,PT4SGE26700,2026-W36,2026-W35,0.0,0.0,,0.0,0.0,,0.0,0.0,0.0,0.0,,,,,,,,曝光/点击/CTR/CVR/ACOS/ROAS/活动清单
B0HF3QFXRJ,PT4SGE19200,2026-W36,2026-W35,0.0,0.0,,0.0,0.0,,0.0,0.0,0.0,0.0,,,,,,,,曝光/点击/CTR/CVR/ACOS/ROAS/活动清单
B0HF3QHM1R,PT4SGE21500,2026-W36,2026-W35,0.0,0.0,,0.0,0.0,,0.0,0.0,0.0,0.0,,,,,,,,曝光/点击/CTR/CVR/ACOS/ROAS/活动清单
B0HF3QK92D,OO4SGE38500,2026-W36,2026-W35,0.0,0.0,,0.0,0.0,,0.0,0.0,0.0,0.0,,,,,,,,曝光/点击/CTR/CVR/ACOS/ROAS/活动清单
B0HF3QMVBR,PT4SGE18500,2026-W36,2026-W35,0.0,0.0,,0.0,0.0,,0.0,0.0,0.0,0.0,,,,,,,,曝光/点击/CTR/CVR/ACOS/ROAS/活动清单
B0HF3QQGFK,KX4SGE08200,2026-W36,2026-W35,0.0,0.0,,0.0,0.0,,0.0,0.0,0.0,0.0,,,,,,,,曝光/点击/CTR/CVR/ACOS/ROAS/活动清单
B0HF3QQS9X,KX4SGE07900,2026-W36,2026-W35,0.0,0.0,,0.0,0.0,,0.0,0.0,0.0,0.0,,,,,,,,曝光/点击/CTR/CVR/ACOS/ROAS/活动清单
B0HF3QW1HF,PT4SGE25800,2026-W36,2026-W35,0.0,0.0,,0.0,0.0,,0.0,4.08,0.0,-4.08,,,,,,,,曝光/点击/CTR/CVR/ACOS/ROAS/活动清单
B0HF3QY8WF,OO4SGE38200,2026-W36,2026-W35,0.0,0.0,,0.0,0.0,,0.0,0.0,0.0,0.0,,,,,,,,曝光/点击/CTR/CVR/ACOS/ROAS/活动清单
B0HF3R3GWB,PT4SGE18700,2026-W36,2026-W35,0.0,0.0,,0.0,0.0,,0.0,0.0,0.0,0.0,,,,,,,,曝光/点击/CTR/CVR/ACOS/ROAS/活动清单
B0HF3R3GWL,KX4SGE11700,2026-W36,2026-W35,0.0,0.0,,0.0,0.0,,0.0,0.0,0.0,0.0,,,,,,,,曝光/点击/CTR/CVR/ACOS/ROAS/活动清单
B0HF3R53KR,KC4SGE03200,2026-W36,2026-W35,0.0,0.0,,0.0,0.0,,0.0,0.0,0.0,0.0,,,,,,,,曝光/点击/CTR/CVR/ACOS/ROAS/活动清单
B0HF3RC8YG,KC4SGE05100,2026-W36,2026-W35,0.0,0.0,,0.0,0.0,,0.0,6.12,0.0,-6.12,,,,,,,,曝光/点击/CTR/CVR/ACOS/ROAS/活动清单
B0HF3RCBR5,KC4PSP17500,2026-W36,2026-W35,0.0,0.0,,0.0,0.0,,0.0,0.0,0.0,0.0,,,,,,,,曝光/点击/CTR/CVR/ACOS/ROAS/活动清单
B0HF3RKCQ6,KC4SGE03400,2026-W36,2026-W35,0.0,0.0,,0.0,0.0,,0.0,0.0,0.0,0.0,,,,,,,,曝光/点击/CTR/CVR/ACOS/ROAS/活动清单
B0HF3RLBW8,PT4SGE27600,2026-W36,2026-W35,0.0,0.0,,0.0,0.0,,0.0,39.64,0.0,-39.64,,,,,,,,曝光/点击/CTR/CVR/ACOS/ROAS/活动清单
B0HF3RRHXF,PT4SGE21100,2026-W36,2026-W35,0.0,0.0,,0.0,0.0,,0.0,0.0,0.0,0.0,,,,,,,,曝光/点击/CTR/CVR/ACOS/ROAS/活动清单
B0HF3RZDKL,OO4SGE39000,2026-W36,2026-W35,0.0,0.0,,0.0,0.0,,0.0,0.0,0.0,0.0,,,,,,,,曝光/点击/CTR/CVR/ACOS/ROAS/活动清单
B0HF3S2PG8,KX4SGE10100,2026-W36,2026-W35,0.0,0.0,,0.0,0.0,,0.0,23.94,0.0,-23.94,,,,,,,,曝光/点击/CTR/CVR/ACOS/ROAS/活动清单
B0HF3S9C2K,KX4SGE17100,2026-W36,2026-W35,0.0,0.0,,0.0,0.0,,0.0,0.0,0.0,0.0,,,,,,,,曝光/点击/CTR/CVR/ACOS/ROAS/活动清单
B0HF3SB8KB,KC4PSP16000,2026-W36,2026-W35,0.0,0.0,,0.0,0.0,,0.0,0.0,0.0,0.0,,,,,,,,曝光/点击/CTR/CVR/ACOS/ROAS/活动清单
B0HF3SZGWD,KX4SGE14500,2026-W36,2026-W35,0.0,0.0,,0.0,0.0,,0.0,0.0,0.0,0.0,,,,,,,,曝光/点击/CTR/CVR/ACOS/ROAS/活动清单
B0HF3T1RZD,PT4SGE24400,2026-W36,2026-W35,0.0,0.0,,0.0,0.0,,0.0,0.0,0.0,0.0,,,,,,,,曝光/点击/CTR/CVR/ACOS/ROAS/活动清单
B0HF3WM8HS,KC4SGE02500,2026-W36,2026-W35,0.0,0.0,,0.0,0.0,,0.0,0.0,0.0,0.0,,,,,,,,曝光/点击/CTR/CVR/ACOS/ROAS/活动清单
B0HF3WN7YY,KX4SGE10900,2026-W36,2026-W35,0.0,0.0,,0.0,0.0,,0.0,0.0,0.0,0.0,,,,,,,,曝光/点击/CTR/CVR/ACOS/ROAS/活动清单
B0HF3WPTYK,KX4SGE12600,2026-W36,2026-W35,0.0,0.0,,0.0,0.0,,0.0,0.0,0.0,0.0,,,,,,,,曝光/点击/CTR/CVR/ACOS/ROAS/活动清单
B0HF3WS58D,PT4SGE22500,2026-W36,2026-W35,0.0,0.0,,0.0,0.0,,0.0,0.0,0.0,0.0,,,,,,,,曝光/点击/CTR/CVR/ACOS/ROAS/活动清单
B0HF3WSSS7,OO4SGE38300,2026-W36,2026-W35,0.0,0.0,,0.0,0.0,,0.0,0.0,0.0,0.0,,,,,,,,曝光/点击/CTR/CVR/ACOS/ROAS/活动清单
B0HF3WVDYC,PT4SGE21900,2026-W36,2026-W35,0.0,0.0,,0.0,0.0,,0.0,0.0,0.0,0.0,,,,,,,,曝光/点击/CTR/CVR/ACOS/ROAS/活动清单
B0HF3WX27J,KC4SGE00700,2026-W36,2026-W35,0.0,0.0,,0.0,0.0,,0.0,0.0,0.0,0.0,,,,,,,,曝光/点击/CTR/CVR/ACOS/ROAS/活动清单
B0HF3X1BZZ,KC4SGE00400,2026-W36,2026-W35,0.0,0.0,,0.0,0.0,,0.0,0.0,0.0,0.0,,,,,,,,曝光/点击/CTR/CVR/ACOS/ROAS/活动清单
B0HF41JN8D,PT4SGE23300,2026-W36,2026-W35,0.0,0.0,,0.0,0.0,,0.0,0.0,0.0,0.0,,,,,,,,曝光/点击/CTR/CVR/ACOS/ROAS/活动清单
B0HF41P2S2,KC4PSP15900,2026-W36,2026-W35,0.0,0.0,,0.0,0.0,,0.0,3.06,0.0,-3.06,,,,,,,,曝光/点击/CTR/CVR/ACOS/ROAS/活动清单
B0HF41RXHY,KC4SGE04900,2026-W36,2026-W35,0.0,0.0,,0.0,0.0,,0.0,3.06,0.0,-3.06,,,,,,,,曝光/点击/CTR/CVR/ACOS/ROAS/活动清单
B0HF4212KL,PT4SGE24900,2026-W36,2026-W35,0.0,0.0,,0.0,0.0,,0.0,0.0,0.0,0.0,,,,,,,,曝光/点击/CTR/CVR/ACOS/ROAS/活动清单
B0HF424LWJ,KC4PSP18100,2026-W36,2026-W35,0.0,0.0,,0.0,0.0,,0.0,0.0,0.0,0.0,,,,,,,,曝光/点击/CTR/CVR/ACOS/ROAS/活动清单
B0HF425M48,OO4SGE37200,2026-W36,2026-W35,0.0,0.0,,0.0,0.0,,0.0,0.0,0.0,0.0,,,,,,,,曝光/点击/CTR/CVR/ACOS/ROAS/活动清单
B0HF46K7W2,KC4PSP17100,2026-W36,2026-W35,0.0,0.0,,0.0,0.0,,0.0,0.0,0.0,0.0,,,,,,,,曝光/点击/CTR/CVR/ACOS/ROAS/活动清单
B0HF49GHTH,KC4PSP16300,2026-W36,2026-W35,0.0,0.0,,0.0,0.0,,0.0,0.0,0.0,0.0,,,,,,,,曝光/点击/CTR/CVR/ACOS/ROAS/活动清单
B0HF4B4GRN,KC4PSP16500,2026-W36,2026-W35,0.0,0.0,,0.0,0.0,,0.0,0.0,0.0,0.0,,,,,,,,曝光/点击/CTR/CVR/ACOS/ROAS/活动清单
B0HF4BBZ89,KC4SGE01800,2026-W36,2026-W35,0.0,0.0,,0.0,0.0,,0.0,3.06,0.0,-3.06,,,,,,,,曝光/点击/CTR/CVR/ACOS/ROAS/活动清单
B0HF4CHTLX,KC4SGE03200,2026-W36,2026-W35,0.0,0.0,,0.0,0.0,,0.0,0.0,0.0,0.0,,,,,,,,曝光/点击/CTR/CVR/ACOS/ROAS/活动清单
B0HF4D351S,KC4PSP18000,2026-W36,2026-W35,0.0,0.0,,0.0,0.0,,0.0,0.0,0.0,0.0,,,,,,,,曝光/点击/CTR/CVR/ACOS/ROAS/活动清单
B0HF4D6N4G,KC4PSP17600,2026-W36,2026-W35,0.0,0.0,,0.0,0.0,,0.0,0.0,0.0,0.0,,,,,,,,曝光/点击/CTR/CVR/ACOS/ROAS/活动清单
B0HF4D97JT,PT4SGE23600,2026-W36,2026-W35,0.0,0.0,,0.0,0.0,,0.0,0.0,0.0,0.0,,,,,,,,曝光/点击/CTR/CVR/ACOS/ROAS/活动清单
B0HF4DWFXT,KC4PSP17800,2026-W36,2026-W35,0.0,0.0,,0.0,0.0,,0.0,0.0,0.0,0.0,,,,,,,,曝光/点击/CTR/CVR/ACOS/ROAS/活动清单
B0HF4DYPHF,PT4SGE21000,2026-W36,2026-W35,0.0,0.0,,0.0,0.0,,0.0,0.0,0.0,0.0,,,,,,,,曝光/点击/CTR/CVR/ACOS/ROAS/活动清单
B0HF4F1X3H,PT4SGE20000,2026-W36,2026-W35,0.0,0.0,,0.0,0.0,,0.0,0.0,0.0,0.0,,,,,,,,曝光/点击/CTR/CVR/ACOS/ROAS/活动清单
B0HF4F2YB6,PT4SGE18700,2026-W36,2026-W35,0.0,0.0,,0.0,0.0,,0.0,0.0,0.0,0.0,,,,,,,,曝光/点击/CTR/CVR/ACOS/ROAS/活动清单
B0HF4F5N8T,KX4SGE10900,2026-W36,2026-W35,0.0,0.0,,0.0,0.0,,0.0,0.0,0.0,0.0,,,,,,,,曝光/点击/CTR/CVR/ACOS/ROAS/活动清单
B0HF4FNNVZ,KC4SGE00600,2026-W36,2026-W35,0.0,0.0,,0.0,0.0,,0.0,0.0,0.0,0.0,,,,,,,,曝光/点击/CTR/CVR/ACOS/ROAS/活动清单
B0HF4G4VPS,KC4PSP16200,2026-W36,2026-W35,0.0,0.0,,0.0,0.0,,0.0,0.0,0.0,0.0,,,,,,,,曝光/点击/CTR/CVR/ACOS/ROAS/活动清单
B0HF4G759S,PT4SGE20300,2026-W36,2026-W35,0.0,0.0,,0.0,0.0,,0.0,0.0,0.0,0.0,,,,,,,,曝光/点击/CTR/CVR/ACOS/ROAS/活动清单
B0HF4G9V7V,KC4SGE03900,2026-W36,2026-W35,0.0,0.0,,0.0,0.0,,0.0,0.0,0.0,0.0,,,,,,,,曝光/点击/CTR/CVR/ACOS/ROAS/活动清单
B0HF4GC2XN,KX4SGE12200,2026-W36,2026-W35,0.0,0.0,,0.0,0.0,,0.0,0.0,0.0,0.0,,,,,,,,曝光/点击/CTR/CVR/ACOS/ROAS/活动清单
B0HF4GGKGC,PT4SGE19500,2026-W36,2026-W35,0.0,0.0,,0.0,0.0,,0.0,3.06,0.0,-3.06,,,,,,,,曝光/点击/CTR/CVR/ACOS/ROAS/活动清单
B0HF4GGQYM,KC4SGE00500,2026-W36,2026-W35,0.0,0.0,,0.0,0.0,,0.0,0.0,0.0,0.0,,,,,,,,曝光/点击/CTR/CVR/ACOS/ROAS/活动清单
B0HF4GJJWW,KX4SGE12600,2026-W36,2026-W35,0.0,0.0,,0.0,0.0,,0.0,0.0,0.0,0.0,,,,,,,,曝光/点击/CTR/CVR/ACOS/ROAS/活动清单
B0HF4GJP85,PT4SGE21500,2026-W36,2026-W35,0.0,0.0,,0.0,0.0,,0.0,0.0,0.0,0.0,,,,,,,,曝光/点击/CTR/CVR/ACOS/ROAS/活动清单
B0HF4GKHN3,KX4SGE12700,2026-W36,2026-W35,4.0,0.0,N/A,4433.6,0.0,N/A,0.0,38.69,295.05,-38.69,6.65,,,0.0,,,,曝光/点击/CTR/CVR/ACOS/ROAS/活动清单
B0HF4GQ7K9,KC4SGE01600,2026-W36,2026-W35,0.0,0.0,,0.0,0.0,,0.0,0.0,0.0,0.0,,,,,,,,曝光/点击/CTR/CVR/ACOS/ROAS/活动清单
B0HF4H7J7G,OO4SGE34100,2026-W36,2026-W35,0.0,0.0,,0.0,0.0,,0.0,0.0,0.0,0.0,,,,,,,,曝光/点击/CTR/CVR/ACOS/ROAS/活动清单
B0HF4HJ1BD,PT4SGE22800,2026-W36,2026-W35,0.0,0.0,,0.0,0.0,,0.0,0.0,0.0,0.0,,,,,,,,曝光/点击/CTR/CVR/ACOS/ROAS/活动清单
B0HF4HN9S9,KX4SGE14900,2026-W36,2026-W35,0.0,0.0,,0.0,0.0,,0.0,0.0,0.0,0.0,,,,,,,,曝光/点击/CTR/CVR/ACOS/ROAS/活动清单
B0HF4HT25G,PT4SGE21400,2026-W36,2026-W35,0.0,0.0,,0.0,0.0,,0.0,0.0,0.0,0.0,,,,,,,,曝光/点击/CTR/CVR/ACOS/ROAS/活动清单
B0HF4HZFM5,KX4SGE10700,2026-W36,2026-W35,0.0,0.0,,0.0,0.0,,0.0,0.0,0.0,0.0,,,,,,,,曝光/点击/CTR/CVR/ACOS/ROAS/活动清单
B0HF4JGY5G,PT4SGE20500,2026-W36,2026-W35,0.0,1.0,-100.0,0.0,646.0,-100.0,0.0,0.0,-37.93,133.29,,20.63,,,0.0,,单量下滑≥20%；销售额下滑≥20%,曝光/点击/CTR/CVR/ACOS/ROAS/活动清单
B0HF4JMVM9,PT4SGE21900,2026-W36,2026-W35,0.0,0.0,,0.0,0.0,,0.0,0.0,0.0,0.0,,,,,,,,曝光/点击/CTR/CVR/ACOS/ROAS/活动清单
B0HF4JP363,KC4SGE00700,2026-W36,2026-W35,0.0,0.0,,0.0,0.0,,0.0,0.0,0.0,0.0,,,,,,,,曝光/点击/CTR/CVR/ACOS/ROAS/活动清单
B0HF4JP6SC,KC4PSP16600,2026-W36,2026-W35,0.0,0.0,,0.0,0.0,,0.0,0.0,0.0,0.0,,,,,,,,曝光/点击/CTR/CVR/ACOS/ROAS/活动清单
B0HF4JWN6W,PT4SGE23100,2026-W36,2026-W35,0.0,0.0,,0.0,0.0,,0.0,2.65,0.0,-2.65,,,,,,,,曝光/点击/CTR/CVR/ACOS/ROAS/活动清单
B0HF4K38D1,KC4SGE01000,2026-W36,2026-W35,0.0,0.0,,0.0,0.0,,0.0,0.0,0.0,0.0,,,,,,,,曝光/点击/CTR/CVR/ACOS/ROAS/活动清单
B0HF4K9VC3,KX4SGE13500,2026-W36,2026-W35,0.0,0.0,,0.0,0.0,,0.0,0.0,0.0,0.0,,,,,,,,曝光/点击/CTR/CVR/ACOS/ROAS/活动清单
B0HF4KB9B4,KC4SGE00200,2026-W36,2026-W35,0.0,0.0,,0.0,0.0,,0.0,0.0,0.0,0.0,,,,,,,,曝光/点击/CTR/CVR/ACOS/ROAS/活动清单
B0HF4KCW2F,PT4SGE20800,2026-W36,2026-W35,0.0,0.0,,0.0,0.0,,0.0,0.0,0.0,0.0,,,,,,,,曝光/点击/CTR/CVR/ACOS/ROAS/活动清单
B0HF4KG55T,KX4SGE10600,2026-W36,2026-W35,0.0,0.0,,0.0,0.0,,0.0,0.0,0.0,0.0,,,,,,,,曝光/点击/CTR/CVR/ACOS/ROAS/活动清单
B0HF4KJN5K,PT4SGE18800,2026-W36,2026-W35,0.0,0.0,,0.0,0.0,,0.0,0.0,0.0,0.0,,,,,,,,曝光/点击/CTR/CVR/ACOS/ROAS/活动清单
B0HF4KQWPK,KC4SGE01200,2026-W36,2026-W35,0.0,0.0,,0.0,0.0,,0.0,0.0,0.0,0.0,,,,,,,,曝光/点击/CTR/CVR/ACOS/ROAS/活动清单
B0HF4L97DT,KX4SGE18000,2026-W36,2026-W35,0.0,0.0,,0.0,0.0,,0.0,0.0,0.0,0.0,,,,,,,,曝光/点击/CTR/CVR/ACOS/ROAS/活动清单
B0HF4L9C3R,PT4SGE20800,2026-W36,2026-W35,1.0,0.0,N/A,693.6,0.0,N/A,0.0,0.0,160.71,0.0,23.17,,,0.0,,,,曝光/点击/CTR/CVR/ACOS/ROAS/活动清单
B0HF4LCX1N,KC4SGE02900,2026-W36,2026-W35,0.0,0.0,,0.0,0.0,,0.0,0.0,0.0,0.0,,,,,,,,曝光/点击/CTR/CVR/ACOS/ROAS/活动清单
B0HF4LGC94,KC4PSP16400,2026-W36,2026-W35,0.0,0.0,,0.0,0.0,,0.0,0.0,0.0,0.0,,,,,,,,曝光/点击/CTR/CVR/ACOS/ROAS/活动清单
B0HF4LJFML,KC4SGE03500,2026-W36,2026-W35,0.0,0.0,,0.0,0.0,,0.0,0.0,0.0,0.0,,,,,,,,曝光/点击/CTR/CVR/ACOS/ROAS/活动清单
B0HF4LK9BG,KC4PSP15800,2026-W36,2026-W35,0.0,0.0,,0.0,0.0,,0.0,0.0,0.0,0.0,,,,,,,,曝光/点击/CTR/CVR/ACOS/ROAS/活动清单
B0HF4LM1ZQ,KC4PSP16400,2026-W36,2026-W35,0.0,0.0,,0.0,0.0,,0.0,0.0,0.0,0.0,,,,,,,,曝光/点击/CTR/CVR/ACOS/ROAS/活动清单
B0HF4LPXY5,KC4SGE00100,2026-W36,2026-W35,0.0,0.0,,0.0,0.0,,0.0,3.67,0.0,-3.67,,,,,,,,曝光/点击/CTR/CVR/ACOS/ROAS/活动清单
B0HF4LQSLS,KC4SGE01700,2026-W36,2026-W35,0.0,0.0,,0.0,0.0,,0.0,0.0,0.0,0.0,,,,,,,,曝光/点击/CTR/CVR/ACOS/ROAS/活动清单
B0HF4LTJ2W,KX4SGE10300,2026-W36,2026-W35,0.0,0.0,,0.0,0.0,,0.0,0.0,0.0,0.0,,,,,,,,曝光/点击/CTR/CVR/ACOS/ROAS/活动清单
B0HF4LW359,KC4SGE00800,2026-W36,2026-W35,0.0,0.0,,0.0,0.0,,0.0,0.0,0.0,0.0,,,,,,,,曝光/点击/CTR/CVR/ACOS/ROAS/活动清单
B0HF4LZFM6,KC4SGE03100,2026-W36,2026-W35,0.0,0.0,,0.0,0.0,,0.0,0.0,0.0,0.0,,,,,,,,曝光/点击/CTR/CVR/ACOS/ROAS/活动清单
B0HF4M7HCF,PT4SGE21100,2026-W36,2026-W35,0.0,0.0,,0.0,0.0,,0.0,0.0,0.0,0.0,,,,,,,,曝光/点击/CTR/CVR/ACOS/ROAS/活动清单
B0HF4MHXNJ,KX4SGE10200,2026-W36,2026-W35,0.0,0.0,,0.0,0.0,,0.0,9.38,0.0,-9.38,,,,,,,,曝光/点击/CTR/CVR/ACOS/ROAS/活动清单
B0HF4MRBYL,PT4SGE19300,2026-W36,2026-W35,0.0,0.0,,0.0,0.0,,0.0,0.0,0.0,0.0,,,,,,,,曝光/点击/CTR/CVR/ACOS/ROAS/活动清单
B0HF4N6F23,KC4SGE05500,2026-W36,2026-W35,0.0,0.0,,0.0,0.0,,0.0,0.0,0.0,0.0,,,,,,,,曝光/点击/CTR/CVR/ACOS/ROAS/活动清单
B0HF4N9CZ9,KC4SGE03900,2026-W36,2026-W35,0.0,0.0,,0.0,0.0,,0.0,0.0,0.0,0.0,,,,,,,,曝光/点击/CTR/CVR/ACOS/ROAS/活动清单
B0HF4NBNVW,KX4SGE07700,2026-W36,2026-W35,0.0,0.0,,0.0,0.0,,0.0,0.0,0.0,0.0,,,,,,,,曝光/点击/CTR/CVR/ACOS/ROAS/活动清单
B0HF4NCYZ5,KC4SGE01500,2026-W36,2026-W35,0.0,0.0,,0.0,0.0,,0.0,0.0,0.0,0.0,,,,,,,,曝光/点击/CTR/CVR/ACOS/ROAS/活动清单
B0HF4ND3N9,PT4SGE22500,2026-W36,2026-W35,0.0,0.0,,0.0,0.0,,0.0,0.0,0.0,0.0,,,,,,,,曝光/点击/CTR/CVR/ACOS/ROAS/活动清单
B0HF4NH8QH,KX4SGE16700,2026-W36,2026-W35,0.0,0.0,,0.0,0.0,,0.0,0.0,0.0,0.0,,,,,,,,曝光/点击/CTR/CVR/ACOS/ROAS/活动清单
B0HF4NJ2LH,PT4SGE20300,2026-W36,2026-W35,0.0,0.0,,0.0,0.0,,0.0,0.0,0.0,0.0,,,,,,,,曝光/点击/CTR/CVR/ACOS/ROAS/活动清单
B0HF4NPYXQ,KX4SGE12600,2026-W36,2026-W35,0.0,0.0,,0.0,0.0,,0.0,0.0,0.0,0.0,,,,,,,,曝光/点击/CTR/CVR/ACOS/ROAS/活动清单
B0HF4NRFZB,OO4SGE38300,2026-W36,2026-W35,0.0,0.0,,0.0,0.0,,0.0,0.0,0.0,0.0,,,,,,,,曝光/点击/CTR/CVR/ACOS/ROAS/活动清单
B0HF4NRL7Z,KC4SGE05400,2026-W36,2026-W35,0.0,0.0,,0.0,0.0,,0.0,0.0,0.0,0.0,,,,,,,,曝光/点击/CTR/CVR/ACOS/ROAS/活动清单
B0HF4NRWS3,KX4SGE17300,2026-W36,2026-W35,0.0,0.0,,0.0,0.0,,0.0,0.0,0.0,0.0,,,,,,,,曝光/点击/CTR/CVR/ACOS/ROAS/活动清单
B0HF4NTNQM,PT4SGE26700,2026-W36,2026-W35,0.0,0.0,,0.0,0.0,,0.0,0.0,0.0,0.0,,,,,,,,曝光/点击/CTR/CVR/ACOS/ROAS/活动清单
B0HF4NVVRC,KC4SGE00700,2026-W36,2026-W35,0.0,0.0,,0.0,0.0,,0.0,0.0,0.0,0.0,,,,,,,,曝光/点击/CTR/CVR/ACOS/ROAS/活动清单
B0HF4P4TPM,KC4PSP17700,2026-W36,2026-W35,0.0,0.0,,0.0,0.0,,0.0,0.0,0.0,0.0,,,,,,,,曝光/点击/CTR/CVR/ACOS/ROAS/活动清单
B0HF4PHH13,KX4SGE11100,2026-W36,2026-W35,0.0,0.0,,0.0,0.0,,0.0,0.0,0.0,0.0,,,,,,,,曝光/点击/CTR/CVR/ACOS/ROAS/活动清单
B0HF4PKH2W,PT4SGE23200,2026-W36,2026-W35,0.0,0.0,,0.0,0.0,,0.0,0.0,0.0,0.0,,,,,,,,曝光/点击/CTR/CVR/ACOS/ROAS/活动清单
B0HF4PKH58,KC4SGE00900,2026-W36,2026-W35,0.0,0.0,,0.0,0.0,,0.0,0.0,0.0,0.0,,,,,,,,曝光/点击/CTR/CVR/ACOS/ROAS/活动清单
B0HF4PKZGQ,PT4SGE23300,2026-W36,2026-W35,0.0,0.0,,0.0,0.0,,0.0,0.0,0.0,0.0,,,,,,,,曝光/点击/CTR/CVR/ACOS/ROAS/活动清单
B0HF4PMKDX,KC4SGE02800,2026-W36,2026-W35,0.0,0.0,,0.0,0.0,,0.0,1.36,0.0,-1.36,,,,,,,,曝光/点击/CTR/CVR/ACOS/ROAS/活动清单
B0HF4PN69D,KX4SGE12900,2026-W36,2026-W35,0.0,0.0,,0.0,0.0,,0.0,0.0,0.0,0.0,,,,,,,,曝光/点击/CTR/CVR/ACOS/ROAS/活动清单
B0HF4PPXGX,KC4PSP17000,2026-W36,2026-W35,0.0,0.0,,0.0,0.0,,0.0,0.0,0.0,0.0,,,,,,,,曝光/点击/CTR/CVR/ACOS/ROAS/活动清单
B0HF4PRM3V,KC4SGE00600,2026-W36,2026-W35,0.0,0.0,,0.0,0.0,,0.0,0.0,0.0,0.0,,,,,,,,曝光/点击/CTR/CVR/ACOS/ROAS/活动清单
B0HF4PTP4S,KC4PSP16500,2026-W36,2026-W35,0.0,0.0,,0.0,0.0,,0.0,0.0,0.0,0.0,,,,,,,,曝光/点击/CTR/CVR/ACOS/ROAS/活动清单
B0HF4Q5JLR,PT4SGE22700,2026-W36,2026-W35,0.0,0.0,,0.0,0.0,,0.0,0.0,0.0,0.0,,,,,,,,曝光/点击/CTR/CVR/ACOS/ROAS/活动清单
B0HF4Q7XM9,KC4PSP15800,2026-W36,2026-W35,0.0,0.0,,0.0,0.0,,0.0,0.0,0.0,0.0,,,,,,,,曝光/点击/CTR/CVR/ACOS/ROAS/活动清单
B0HF4Q853T,KC4SGE01300,2026-W36,2026-W35,0.0,0.0,,0.0,0.0,,0.0,0.0,0.0,0.0,,,,,,,,曝光/点击/CTR/CVR/ACOS/ROAS/活动清单
B0HF4Q8G18,PT4SGE26800,2026-W36,2026-W35,0.0,0.0,,0.0,0.0,,0.0,0.0,0.0,0.0,,,,,,,,曝光/点击/CTR/CVR/ACOS/ROAS/活动清单
B0HF4QQG3J,KX4SGE09700,2026-W36,2026-W35,0.0,0.0,,0.0,0.0,,0.0,0.0,0.0,0.0,,,,,,,,曝光/点击/CTR/CVR/ACOS/ROAS/活动清单
B0HF4QSSKP,KC4PSP17500,2026-W36,2026-W35,0.0,0.0,,0.0,0.0,,0.0,0.0,0.0,0.0,,,,,,,,曝光/点击/CTR/CVR/ACOS/ROAS/活动清单
B0HF4QTMK9,PT4SGE19200,2026-W36,2026-W35,0.0,0.0,,0.0,0.0,,0.0,1.22,0.0,-1.22,,,,,,,,曝光/点击/CTR/CVR/ACOS/ROAS/活动清单
B0HF4QTYR4,PT4SGE22500,2026-W36,2026-W35,0.0,0.0,,0.0,0.0,,0.0,0.0,0.0,0.0,,,,,,,,曝光/点击/CTR/CVR/ACOS/ROAS/活动清单
B0HF4QZCJH,KC4SGE01400,2026-W36,2026-W35,0.0,0.0,,0.0,0.0,,0.0,0.0,0.0,0.0,,,,,,,,曝光/点击/CTR/CVR/ACOS/ROAS/活动清单
B0HF4R1G8J,KC4SGE05500,2026-W36,2026-W35,0.0,0.0,,0.0,0.0,,0.0,0.0,0.0,0.0,,,,,,,,曝光/点击/CTR/CVR/ACOS/ROAS/活动清单
B0HF4R46C6,KX4SGE13700,2026-W36,2026-W35,0.0,0.0,,0.0,0.0,,0.0,0.0,0.0,0.0,,,,,,,,曝光/点击/CTR/CVR/ACOS/ROAS/活动清单
B0HF4R66DM,KX4SGE09300,2026-W36,2026-W35,0.0,0.0,,0.0,0.0,,0.0,0.0,0.0,0.0,,,,,,,,曝光/点击/CTR/CVR/ACOS/ROAS/活动清单
B0HF4R752Q,PT4SGE19100,2026-W36,2026-W35,0.0,0.0,,0.0,0.0,,0.0,0.0,0.0,0.0,,,,,,,,曝光/点击/CTR/CVR/ACOS/ROAS/活动清单
B0HF4R88HM,PT4SGE28200,2026-W36,2026-W35,0.0,0.0,,0.0,0.0,,0.0,0.0,0.0,0.0,,,,,,,,曝光/点击/CTR/CVR/ACOS/ROAS/活动清单
B0HF4RFKP6,KC4SGE04300,2026-W36,2026-W35,0.0,0.0,,0.0,0.0,,0.0,0.0,0.0,0.0,,,,,,,,曝光/点击/CTR/CVR/ACOS/ROAS/活动清单
B0HF4RFYC7,PT4SGE20000,2026-W36,2026-W35,0.0,0.0,,0.0,0.0,,0.0,0.0,0.0,0.0,,,,,,,,曝光/点击/CTR/CVR/ACOS/ROAS/活动清单
B0HF4RH2XL,KC4SGE01000,2026-W36,2026-W35,0.0,0.0,,0.0,0.0,,0.0,0.0,0.0,0.0,,,,,,,,曝光/点击/CTR/CVR/ACOS/ROAS/活动清单
B0HF4RJ8ZX,PT4SGE21900,2026-W36,2026-W35,0.0,0.0,,0.0,0.0,,0.0,0.0,0.0,0.0,,,,,,,,曝光/点击/CTR/CVR/ACOS/ROAS/活动清单
B0HF4RJKWP,KX4SGE17400,2026-W36,2026-W35,0.0,0.0,,0.0,0.0,,0.0,0.0,0.0,0.0,,,,,,,,曝光/点击/CTR/CVR/ACOS/ROAS/活动清单
B0HF4RPDCL,OO4SGE34600,2026-W36,2026-W35,1.0,0.0,N/A,1672.8,0.0,N/A,0.0,0.0,373.71,0.0,22.34,,,0.0,,,,曝光/点击/CTR/CVR/ACOS/ROAS/活动清单
B0HF4RXC3T,KC4PSP17500,2026-W36,2026-W35,0.0,0.0,,0.0,0.0,,0.0,0.0,0.0,0.0,,,,,,,,曝光/点击/CTR/CVR/ACOS/ROAS/活动清单
B0HF4RYM9W,PT4SGE23100,2026-W36,2026-W35,0.0,0.0,,0.0,0.0,,0.0,0.0,0.0,0.0,,,,,,,,曝光/点击/CTR/CVR/ACOS/ROAS/活动清单
B0HF4RZGCP,OO4SGE37700,2026-W36,2026-W35,0.0,0.0,,0.0,0.0,,0.0,0.0,0.0,0.0,,,,,,,,曝光/点击/CTR/CVR/ACOS/ROAS/活动清单
B0HF4S1115,KC4SGE01700,2026-W36,2026-W35,0.0,0.0,,0.0,0.0,,0.0,0.0,0.0,0.0,,,,,,,,曝光/点击/CTR/CVR/ACOS/ROAS/活动清单
B0HF4S1WZC,PT4SGE22800,2026-W36,2026-W35,0.0,0.0,,0.0,0.0,,0.0,0.0,0.0,0.0,,,,,,,,曝光/点击/CTR/CVR/ACOS/ROAS/活动清单
B0HF4SFW4F,PT4SGE21100,2026-W36,2026-W35,0.0,0.0,,0.0,0.0,,0.0,0.0,0.0,0.0,,,,,,,,曝光/点击/CTR/CVR/ACOS/ROAS/活动清单
B0HF4SFYR2,KC4SGE03300,2026-W36,2026-W35,0.0,0.0,,0.0,0.0,,0.0,0.0,0.0,0.0,,,,,,,,曝光/点击/CTR/CVR/ACOS/ROAS/活动清单
B0HF4SG8HS,KC4PSP17000,2026-W36,2026-W35,0.0,0.0,,0.0,0.0,,0.0,0.0,0.0,0.0,,,,,,,,曝光/点击/CTR/CVR/ACOS/ROAS/活动清单
B0HF4SVMX6,KX4SGE10300,2026-W36,2026-W35,0.0,0.0,,0.0,0.0,,0.0,0.0,0.0,0.0,,,,,,,,曝光/点击/CTR/CVR/ACOS/ROAS/活动清单
B0HF4SW28N,KC4SGE00100,2026-W36,2026-W35,0.0,0.0,,0.0,0.0,,0.0,0.0,0.0,0.0,,,,,,,,曝光/点击/CTR/CVR/ACOS/ROAS/活动清单
B0HF4T64Y1,KC4PSP16300,2026-W36,2026-W35,0.0,0.0,,0.0,0.0,,0.0,0.0,0.0,0.0,,,,,,,,曝光/点击/CTR/CVR/ACOS/ROAS/活动清单
B0HF4TBKNW,KC4SGE00800,2026-W36,2026-W35,0.0,0.0,,0.0,0.0,,0.0,0.0,0.0,0.0,,,,,,,,曝光/点击/CTR/CVR/ACOS/ROAS/活动清单
B0HF4TDM7H,PT4SGE22200,2026-W36,2026-W35,0.0,0.0,,0.0,0.0,,0.0,0.0,0.0,0.0,,,,,,,,曝光/点击/CTR/CVR/ACOS/ROAS/活动清单
B0HF4TJTXM,KC4SGE00300,2026-W36,2026-W35,0.0,0.0,,0.0,0.0,,0.0,0.0,0.0,0.0,,,,,,,,曝光/点击/CTR/CVR/ACOS/ROAS/活动清单
B0HF4TRQDC,KX4SGE13100,2026-W36,2026-W35,0.0,0.0,,0.0,0.0,,0.0,0.0,0.0,0.0,,,,,,,,曝光/点击/CTR/CVR/ACOS/ROAS/活动清单
B0HF4TSY5B,PT4SGE27800,2026-W36,2026-W35,0.0,0.0,,0.0,0.0,,0.0,0.0,0.0,0.0,,,,,,,,曝光/点击/CTR/CVR/ACOS/ROAS/活动清单
B0HF4V37P2,KC4PSP17800,2026-W36,2026-W35,0.0,0.0,,0.0,0.0,,0.0,0.0,0.0,0.0,,,,,,,,曝光/点击/CTR/CVR/ACOS/ROAS/活动清单
B0HF4V7FPM,KX4SGE14900,2026-W36,2026-W35,0.0,0.0,,0.0,0.0,,0.0,0.0,0.0,0.0,,,,,,,,曝光/点击/CTR/CVR/ACOS/ROAS/活动清单
B0HF4VDVKX,KX4SGE10700,2026-W36,2026-W35,0.0,0.0,,0.0,0.0,,0.0,0.0,0.0,0.0,,,,,,,,曝光/点击/CTR/CVR/ACOS/ROAS/活动清单
B0HF4VFXDJ,KX4SGE09700,2026-W36,2026-W35,0.0,0.0,,0.0,0.0,,0.0,0.0,0.0,0.0,,,,,,,,曝光/点击/CTR/CVR/ACOS/ROAS/活动清单
B0HF4VJ9S3,OO4SGE34000,2026-W36,2026-W35,1.0,0.0,N/A,1040.4,0.0,N/A,0.0,0.0,152.19,-44.19,14.63,,,0.0,,,,曝光/点击/CTR/CVR/ACOS/ROAS/活动清单
B0HF4VKHJH,KC4SGE02800,2026-W36,2026-W35,0.0,0.0,,0.0,0.0,,0.0,0.0,0.0,0.0,,,,,,,,曝光/点击/CTR/CVR/ACOS/ROAS/活动清单
B0HF4VKJJ6,PT4SGE27600,2026-W36,2026-W35,0.0,0.0,,0.0,0.0,,0.0,3.54,0.0,-3.54,,,,,,,,曝光/点击/CTR/CVR/ACOS/ROAS/活动清单
B0HF4VMWMC,PT4SGE19200,2026-W36,2026-W35,0.0,0.0,,0.0,0.0,,0.0,0.0,0.0,0.0,,,,,,,,曝光/点击/CTR/CVR/ACOS/ROAS/活动清单
B0HF4VPTZ4,KX4SGE13500,2026-W36,2026-W35,0.0,0.0,,0.0,0.0,,0.0,0.0,0.0,0.0,,,,,,,,曝光/点击/CTR/CVR/ACOS/ROAS/活动清单
B0HF4W1BSY,KC4SGE03100,2026-W36,2026-W35,0.0,0.0,,0.0,0.0,,0.0,0.0,0.0,0.0,,,,,,,,曝光/点击/CTR/CVR/ACOS/ROAS/活动清单
B0HF4W6F37,KC4PSP18000,2026-W36,2026-W35,0.0,0.0,,0.0,0.0,,0.0,2.99,0.0,-2.99,,,,,,,,曝光/点击/CTR/CVR/ACOS/ROAS/活动清单
B0HF4W6S6F,KC4PSP16200,2026-W36,2026-W35,0.0,0.0,,0.0,0.0,,0.0,0.0,0.0,0.0,,,,,,,,曝光/点击/CTR/CVR/ACOS/ROAS/活动清单
B0HF4W7B62,PT4SGE23200,2026-W36,2026-W35,0.0,0.0,,0.0,0.0,,0.0,0.0,0.0,0.0,,,,,,,,曝光/点击/CTR/CVR/ACOS/ROAS/活动清单
B0HF4W9ZVJ,PT4SGE19500,2026-W36,2026-W35,0.0,0.0,,0.0,0.0,,0.0,0.0,0.0,0.0,,,,,,,,曝光/点击/CTR/CVR/ACOS/ROAS/活动清单
B0HF4WCSTC,PT4SGE19300,2026-W36,2026-W35,0.0,0.0,,0.0,0.0,,0.0,0.0,0.0,0.0,,,,,,,,曝光/点击/CTR/CVR/ACOS/ROAS/活动清单
B0HF4WP58F,KX4SGE16500,2026-W36,2026-W35,0.0,0.0,,0.0,0.0,,0.0,0.0,0.0,0.0,,,,,,,,曝光/点击/CTR/CVR/ACOS/ROAS/活动清单
B0HF4WQ22L,KX4SGE07700,2026-W36,2026-W35,0.0,0.0,,0.0,0.0,,0.0,0.0,0.0,0.0,,,,,,,,曝光/点击/CTR/CVR/ACOS/ROAS/活动清单
B0HF4WS2LD,KX4SGE14500,2026-W36,2026-W35,1.0,0.0,N/A,1176.4,0.0,N/A,0.0,0.0,172.78,0.0,14.69,,,0.0,,,,曝光/点击/CTR/CVR/ACOS/ROAS/活动清单
B0HF4WZM16,KX4SGE13100,2026-W36,2026-W35,0.0,0.0,,0.0,0.0,,0.0,0.0,0.0,0.0,,,,,,,,曝光/点击/CTR/CVR/ACOS/ROAS/活动清单
B0HF4X4C1W,OO4SGE34000,2026-W36,2026-W35,0.0,0.0,,0.0,0.0,,0.0,4.69,0.0,-4.69,,,,,,,,曝光/点击/CTR/CVR/ACOS/ROAS/活动清单
B0HF4X8W9M,KC4SGE03700,2026-W36,2026-W35,0.0,0.0,,0.0,0.0,,0.0,0.0,0.0,0.0,,,,,,,,曝光/点击/CTR/CVR/ACOS/ROAS/活动清单
B0HF4XC484,PT4SGE22700,2026-W36,2026-W35,0.0,0.0,,0.0,0.0,,0.0,0.0,0.0,0.0,,,,,,,,曝光/点击/CTR/CVR/ACOS/ROAS/活动清单
B0HF4XYBJT,KX4SGE12200,2026-W36,2026-W35,0.0,0.0,,0.0,0.0,,0.0,0.0,0.0,0.0,,,,,,,,曝光/点击/CTR/CVR/ACOS/ROAS/活动清单
B0HF4XYBNY,KX4SGE11100,2026-W36,2026-W35,0.0,0.0,,0.0,0.0,,0.0,0.0,0.0,0.0,,,,,,,,曝光/点击/CTR/CVR/ACOS/ROAS/活动清单
B0HF4Y5J7Y,KX4SGE12700,2026-W36,2026-W35,0.0,0.0,,0.0,0.0,,0.0,0.0,0.0,0.0,,,,,,,,曝光/点击/CTR/CVR/ACOS/ROAS/活动清单
B0HF4Y8HGP,PT4SGE21400,2026-W36,2026-W35,0.0,0.0,,0.0,0.0,,0.0,0.0,0.0,0.0,,,,,,,,曝光/点击/CTR/CVR/ACOS/ROAS/活动清单
B0HF4YVQL9,KX4SGE12900,2026-W36,2026-W35,0.0,0.0,,0.0,0.0,,0.0,0.0,0.0,0.0,,,,,,,,曝光/点击/CTR/CVR/ACOS/ROAS/活动清单
B0HF4YZPDF,KC4SGE02900,2026-W36,2026-W35,0.0,0.0,,0.0,0.0,,0.0,0.0,0.0,0.0,,,,,,,,曝光/点击/CTR/CVR/ACOS/ROAS/活动清单
B0HF4ZF3HG,PT4SGE19100,2026-W36,2026-W35,0.0,0.0,,0.0,0.0,,0.0,0.0,0.0,0.0,,,,,,,,曝光/点击/CTR/CVR/ACOS/ROAS/活动清单
B0HF4ZF5X9,PT4SGE20500,2026-W36,2026-W35,0.0,0.0,,0.0,0.0,,0.0,28.63,0.0,-28.63,,,,,,,,曝光/点击/CTR/CVR/ACOS/ROAS/活动清单
B0HF4ZLPYM,OO4SGE34800,2026-W36,2026-W35,0.0,0.0,,0.0,0.0,,0.0,0.0,0.0,0.0,,,,,,,,曝光/点击/CTR/CVR/ACOS/ROAS/活动清单
B0HF4ZLWLS,PT4SGE23600,2026-W36,2026-W35,0.0,0.0,,0.0,0.0,,0.0,0.0,0.0,0.0,,,,,,,,曝光/点击/CTR/CVR/ACOS/ROAS/活动清单
B0HF4ZXLTC,PT4SGE26200,2026-W36,2026-W35,0.0,0.0,,0.0,0.0,,0.0,0.0,0.0,0.0,,,,,,,,曝光/点击/CTR/CVR/ACOS/ROAS/活动清单
B0HF4ZYKDH,KC4PSP16600,2026-W36,2026-W35,0.0,0.0,,0.0,0.0,,0.0,0.0,0.0,0.0,,,,,,,,曝光/点击/CTR/CVR/ACOS/ROAS/活动清单
B0HF514K5M,KC4SGE01100,2026-W36,2026-W35,0.0,0.0,,0.0,0.0,,0.0,4.08,0.0,-4.08,,,,,,,,曝光/点击/CTR/CVR/ACOS/ROAS/活动清单
B0HF51KVJ3,PT4SGE28200,2026-W36,2026-W35,0.0,0.0,,0.0,0.0,,0.0,0.0,0.0,0.0,,,,,,,,曝光/点击/CTR/CVR/ACOS/ROAS/活动清单
B0HF51LKS6,KX4SGE14500,2026-W36,2026-W35,0.0,0.0,,0.0,0.0,,0.0,0.0,0.0,0.0,,,,,,,,曝光/点击/CTR/CVR/ACOS/ROAS/活动清单
B0HF52G4SJ,OO4SGE34100,2026-W36,2026-W35,0.0,0.0,,0.0,0.0,,0.0,0.0,0.0,0.0,,,,,,,,曝光/点击/CTR/CVR/ACOS/ROAS/活动清单
B0HF534CSM,PT4SGE21500,2026-W36,2026-W35,0.0,0.0,,0.0,0.0,,0.0,0.0,0.0,0.0,,,,,,,,曝光/点击/CTR/CVR/ACOS/ROAS/活动清单
B0HF535CH3,KC4SGE01100,2026-W36,2026-W35,0.0,0.0,,0.0,0.0,,0.0,0.0,0.0,0.0,,,,,,,,曝光/点击/CTR/CVR/ACOS/ROAS/活动清单
B0HF54BWLK,KC4SGE03200,2026-W36,2026-W35,0.0,0.0,,0.0,0.0,,0.0,0.0,0.0,0.0,,,,,,,,曝光/点击/CTR/CVR/ACOS/ROAS/活动清单
B0HF54SLND,KX4SGE12100,2026-W36,2026-W35,0.0,0.0,,0.0,0.0,,0.0,0.0,0.0,0.0,,,,,,,,曝光/点击/CTR/CVR/ACOS/ROAS/活动清单
B0HF54T8JC,KC4SGE00900,2026-W36,2026-W35,0.0,0.0,,0.0,0.0,,0.0,0.0,0.0,0.0,,,,,,,,曝光/点击/CTR/CVR/ACOS/ROAS/活动清单
B0HF56Z1QZ,KX4SGE10200,2026-W36,2026-W35,0.0,0.0,,0.0,0.0,,0.0,4.08,0.0,-4.08,,,,,,,,曝光/点击/CTR/CVR/ACOS/ROAS/活动清单
B0HF56ZXWQ,PT4SGE23400,2026-W36,2026-W35,0.0,0.0,,0.0,0.0,,0.0,0.0,0.0,0.0,,,,,,,,曝光/点击/CTR/CVR/ACOS/ROAS/活动清单
B0HF6TVL2N,OO4SGE36300,2026-W36,2026-W35,0.0,0.0,,0.0,0.0,,0.0,0.0,0.0,0.0,,,,,,,,曝光/点击/CTR/CVR/ACOS/ROAS/活动清单
B0HF6V55WT,KX4SGE10600,2026-W36,2026-W35,0.0,0.0,,0.0,0.0,,0.0,0.0,0.0,0.0,,,,,,,,曝光/点击/CTR/CVR/ACOS/ROAS/活动清单
B0HF6VBSD1,KX4SGE16800,2026-W36,2026-W35,0.0,0.0,,0.0,0.0,,0.0,0.0,0.0,0.0,,,,,,,,曝光/点击/CTR/CVR/ACOS/ROAS/活动清单
B0HF6VCZHG,KC4PSP18100,2026-W36,2026-W35,0.0,0.0,,0.0,0.0,,0.0,0.0,0.0,0.0,,,,,,,,曝光/点击/CTR/CVR/ACOS/ROAS/活动清单
B0HF6VDK1T,KX4SGE08200,2026-W36,2026-W35,0.0,0.0,,0.0,0.0,,0.0,0.0,0.0,0.0,,,,,,,,曝光/点击/CTR/CVR/ACOS/ROAS/活动清单
B0HF6WCXZ4,PT4SGE26700,2026-W36,2026-W35,0.0,0.0,,0.0,0.0,,0.0,0.0,0.0,0.0,,,,,,,,曝光/点击/CTR/CVR/ACOS/ROAS/活动清单
B0HF6X9YLV,KC4SGE05300,2026-W36,2026-W35,0.0,0.0,,0.0,0.0,,0.0,0.2,0.0,-0.2,,,,,,,,曝光/点击/CTR/CVR/ACOS/ROAS/活动清单
B0HF6XKVTJ,PT4SGE24100,2026-W36,2026-W35,0.0,0.0,,0.0,0.0,,0.0,0.0,0.0,0.0,,,,,,,,曝光/点击/CTR/CVR/ACOS/ROAS/活动清单
B0HF6XN9PR,OO4SGE36800,2026-W36,2026-W35,0.0,0.0,,0.0,0.0,,0.0,0.0,0.0,0.0,,,,,,,,曝光/点击/CTR/CVR/ACOS/ROAS/活动清单
B0HF6XTK7Q,PT4SGE25400,2026-W36,2026-W35,0.0,0.0,,0.0,0.0,,0.0,0.0,0.0,0.0,,,,,,,,曝光/点击/CTR/CVR/ACOS/ROAS/活动清单
B0HF6XYWS1,PT4SGE26500,2026-W36,2026-W35,0.0,0.0,,0.0,0.0,,0.0,5.92,0.0,-5.92,,,,,,,,曝光/点击/CTR/CVR/ACOS/ROAS/活动清单
B0HF6Y2CHT,KC4PSP17200,2026-W36,2026-W35,0.0,0.0,,0.0,0.0,,0.0,0.0,0.0,0.0,,,,,,,,曝光/点击/CTR/CVR/ACOS/ROAS/活动清单
B0HF6Y2RBF,OO4SGE38400,2026-W36,2026-W35,0.0,0.0,,0.0,0.0,,0.0,0.0,0.0,0.0,,,,,,,,曝光/点击/CTR/CVR/ACOS/ROAS/活动清单
B0HF6Y2ZGX,KX4SGE15400,2026-W36,2026-W35,0.0,0.0,,0.0,0.0,,0.0,0.0,0.0,0.0,,,,,,,,曝光/点击/CTR/CVR/ACOS/ROAS/活动清单
B0HF6Y36KK,PT4SGE23900,2026-W36,2026-W35,0.0,0.0,,0.0,0.0,,0.0,0.0,0.0,0.0,,,,,,,,曝光/点击/CTR/CVR/ACOS/ROAS/活动清单
B0HF6Y3WFD,KX4SGE17100,2026-W36,2026-W35,0.0,0.0,,0.0,0.0,,0.0,0.0,0.0,0.0,,,,,,,,曝光/点击/CTR/CVR/ACOS/ROAS/活动清单
B0HF6YWQ5R,PT4SGE18800,2026-W36,2026-W35,0.0,0.0,,0.0,0.0,,0.0,0.0,0.0,0.0,,,,,,,,曝光/点击/CTR/CVR/ACOS/ROAS/活动清单
B0HF6ZF22C,PT4SGE26500,2026-W36,2026-W35,0.0,0.0,,0.0,0.0,,0.0,0.0,0.0,0.0,,,,,,,,曝光/点击/CTR/CVR/ACOS/ROAS/活动清单
B0HF6ZGR74,OO4SGE36000,2026-W36,2026-W35,1.0,1.0,0.0,1761.2,1761.2,0.0,0.0,0.0,337.6,464.32,19.17,26.36,-27.29,0.0,0.0,,,曝光/点击/CTR/CVR/ACOS/ROAS/活动清单
B0HF6ZPQ29,KX4SGE07900,2026-W36,2026-W35,0.0,0.0,,0.0,0.0,,0.0,28.49,0.0,-28.49,,,,,,,,曝光/点击/CTR/CVR/ACOS/ROAS/活动清单
B0HF6ZW2SY,PT4SGE20100,2026-W36,2026-W35,0.0,0.0,,0.0,0.0,,0.0,0.0,0.0,0.0,,,,,,,,曝光/点击/CTR/CVR/ACOS/ROAS/活动清单
B0HF6ZWCVH,PT4SGE28100,2026-W36,2026-W35,0.0,0.0,,0.0,0.0,,0.0,0.0,0.0,0.0,,,,,,,,曝光/点击/CTR/CVR/ACOS/ROAS/活动清单
B0HF7119G6,OO4SGE34300,2026-W36,2026-W35,1.0,0.0,N/A,1346.4,0.0,N/A,0.0,0.0,203.03,-57.19,15.08,,,0.0,,,,曝光/点击/CTR/CVR/ACOS/ROAS/活动清单
B0HF7165D1,KX4SGE14000,2026-W36,2026-W35,0.0,0.0,,0.0,0.0,,0.0,11.7,0.0,-11.7,,,,,,,,曝光/点击/CTR/CVR/ACOS/ROAS/活动清单
B0HF717BL8,KC4PSP17600,2026-W36,2026-W35,0.0,0.0,,0.0,0.0,,0.0,0.0,0.0,0.0,,,,,,,,曝光/点击/CTR/CVR/ACOS/ROAS/活动清单
B0HF71BKZP,PT4SGE25400,2026-W36,2026-W35,0.0,0.0,,0.0,0.0,,0.0,0.0,0.0,0.0,,,,,,,,曝光/点击/CTR/CVR/ACOS/ROAS/活动清单
B0HF71G1YB,PT4SGE24100,2026-W36,2026-W35,0.0,0.0,,0.0,0.0,,0.0,7.55,0.0,-7.55,,,,,,,,曝光/点击/CTR/CVR/ACOS/ROAS/活动清单
B0HF71G45T,KC4SGE00200,2026-W36,2026-W35,0.0,0.0,,0.0,0.0,,0.0,0.0,0.0,0.0,,,,,,,,曝光/点击/CTR/CVR/ACOS/ROAS/活动清单
B0HF71JJZY,KX4SGE17400,2026-W36,2026-W35,0.0,0.0,,0.0,0.0,,0.0,0.0,0.0,0.0,,,,,,,,曝光/点击/CTR/CVR/ACOS/ROAS/活动清单
B0HF71MYB6,KX4SGE15200,2026-W36,2026-W35,0.0,0.0,,0.0,0.0,,0.0,0.0,0.0,0.0,,,,,,,,曝光/点击/CTR/CVR/ACOS/ROAS/活动清单
B0HF71P3WH,KC4SGE04100,2026-W36,2026-W35,0.0,0.0,,0.0,0.0,,0.0,0.0,0.0,0.0,,,,,,,,曝光/点击/CTR/CVR/ACOS/ROAS/活动清单
B0HF71Y7WR,KX4SGE18000,2026-W36,2026-W35,0.0,0.0,,0.0,0.0,,0.0,0.0,0.0,0.0,,,,,,,,曝光/点击/CTR/CVR/ACOS/ROAS/活动清单
B0HF721T32,PT4SGE28100,2026-W36,2026-W35,0.0,0.0,,0.0,0.0,,0.0,0.0,0.0,0.0,,,,,,,,曝光/点击/CTR/CVR/ACOS/ROAS/活动清单
B0HF729X31,KC4PSP17200,2026-W36,2026-W35,0.0,0.0,,0.0,0.0,,0.0,0.0,0.0,0.0,,,,,,,,曝光/点击/CTR/CVR/ACOS/ROAS/活动清单
B0HF72J2ZD,KX4SGE13300,2026-W36,2026-W35,0.0,0.0,,0.0,0.0,,0.0,0.0,0.0,0.0,,,,,,,,曝光/点击/CTR/CVR/ACOS/ROAS/活动清单
B0HF72M683,KC4SGE03000,2026-W36,2026-W35,0.0,0.0,,0.0,0.0,,0.0,0.0,0.0,0.0,,,,,,,,曝光/点击/CTR/CVR/ACOS/ROAS/活动清单
B0HF72QH89,OO4SGE35600,2026-W36,2026-W35,0.0,0.0,,0.0,0.0,,0.0,0.0,0.0,0.0,,,,,,,,曝光/点击/CTR/CVR/ACOS/ROAS/活动清单
B0HF72T5VH,KX4SGE17300,2026-W36,2026-W35,0.0,0.0,,0.0,0.0,,0.0,0.0,0.0,0.0,,,,,,,,曝光/点击/CTR/CVR/ACOS/ROAS/活动清单
B0HF72VZCK,KC4SGE03400,2026-W36,2026-W35,0.0,0.0,,0.0,0.0,,0.0,0.0,0.0,0.0,,,,,,,,曝光/点击/CTR/CVR/ACOS/ROAS/活动清单
B0HF72WTP5,OO4SGE36900,2026-W36,2026-W35,0.0,1.0,-100.0,0.0,1686.4,-100.0,0.0,0.0,-59.99,526.67,,31.23,,,0.0,,单量下滑≥20%；销售额下滑≥20%,曝光/点击/CTR/CVR/ACOS/ROAS/活动清单
B0HF72Z92G,PT4SGE18300,2026-W36,2026-W35,0.0,0.0,,0.0,0.0,,0.0,0.0,0.0,0.0,,,,,,,,曝光/点击/CTR/CVR/ACOS/ROAS/活动清单
B0HF72ZW9S,KX4SGE17200,2026-W36,2026-W35,0.0,0.0,,0.0,0.0,,0.0,0.0,0.0,0.0,,,,,,,,曝光/点击/CTR/CVR/ACOS/ROAS/活动清单
B0HF731DK6,KC4SGE05100,2026-W36,2026-W35,0.0,0.0,,0.0,0.0,,0.0,0.0,0.0,0.0,,,,,,,,曝光/点击/CTR/CVR/ACOS/ROAS/活动清单
B0HF733PGJ,KC4SGE03500,2026-W36,2026-W35,0.0,0.0,,0.0,0.0,,0.0,0.0,0.0,0.0,,,,,,,,曝光/点击/CTR/CVR/ACOS/ROAS/活动清单
B0HF7351SV,OO4SGE37300,2026-W36,2026-W35,0.0,0.0,,0.0,0.0,,0.0,0.0,0.0,0.0,,,,,,,,曝光/点击/CTR/CVR/ACOS/ROAS/活动清单
B0HF7357HG,KC4SGE05400,2026-W36,2026-W35,0.0,0.0,,0.0,0.0,,0.0,0.0,0.0,0.0,,,,,,,,曝光/点击/CTR/CVR/ACOS/ROAS/活动清单
B0HF737PVM,KX4SGE09100,2026-W36,2026-W35,0.0,1.0,-100.0,0.0,1523.2,-100.0,0.0,0.0,-54.18,643.03,,42.22,,,0.0,,单量下滑≥20%；销售额下滑≥20%,曝光/点击/CTR/CVR/ACOS/ROAS/活动清单
B0HF7395DL,PT4SGE24300,2026-W36,2026-W35,0.0,0.0,,0.0,0.0,,0.0,0.0,0.0,0.0,,,,,,,,曝光/点击/CTR/CVR/ACOS/ROAS/活动清单
B0HF739BDZ,OO4SGE36600,2026-W36,2026-W35,1.0,0.0,N/A,1026.8,0.0,N/A,0.0,0.0,201.91,-43.61,19.66,,,0.0,,,,曝光/点击/CTR/CVR/ACOS/ROAS/活动清单
B0HF73JD1T,KC4SGE05200,2026-W36,2026-W35,0.0,0.0,,0.0,0.0,,0.0,0.0,0.0,0.0,,,,,,,,曝光/点击/CTR/CVR/ACOS/ROAS/活动清单
B0HF73L3HM,PT4SGE23400,2026-W36,2026-W35,1.0,0.0,N/A,1013.2,0.0,N/A,0.0,0.0,129.29,0.0,12.76,,,0.0,,,,曝光/点击/CTR/CVR/ACOS/ROAS/活动清单
B0HF73ML4B,PT4SGE18500,2026-W36,2026-W35,0.0,0.0,,0.0,0.0,,0.0,0.0,0.0,0.0,,,,,,,,曝光/点击/CTR/CVR/ACOS/ROAS/活动清单
B0HF73ML5P,OO4SGE36200,2026-W36,2026-W35,0.0,0.0,,0.0,0.0,,0.0,0.0,0.0,0.0,,,,,,,,曝光/点击/CTR/CVR/ACOS/ROAS/活动清单
B0HF73Q9RD,KX4SGE09100,2026-W36,2026-W35,0.0,0.0,,0.0,0.0,,0.0,0.0,0.0,0.0,,,,,,,,曝光/点击/CTR/CVR/ACOS/ROAS/活动清单
B0HF73QDNR,KC4SGE05300,2026-W36,2026-W35,0.0,0.0,,0.0,0.0,,0.0,0.0,0.0,0.0,,,,,,,,曝光/点击/CTR/CVR/ACOS/ROAS/活动清单
B0HF73RMCC,KC4SGE02400,2026-W36,2026-W35,0.0,0.0,,0.0,0.0,,0.0,0.0,0.0,0.0,,,,,,,,曝光/点击/CTR/CVR/ACOS/ROAS/活动清单
B0HF73S98V,KX4SGE10100,2026-W36,2026-W35,0.0,0.0,,0.0,0.0,,0.0,9.93,0.0,-9.93,,,,,,,,曝光/点击/CTR/CVR/ACOS/ROAS/活动清单
B0HF73S9LG,KC4SGE01600,2026-W36,2026-W35,0.0,0.0,,0.0,0.0,,0.0,0.0,0.0,0.0,,,,,,,,曝光/点击/CTR/CVR/ACOS/ROAS/活动清单
B0HF73SB3S,KX4SGE08000,2026-W36,2026-W35,0.0,0.0,,0.0,0.0,,0.0,0.0,0.0,0.0,,,,,,,,曝光/点击/CTR/CVR/ACOS/ROAS/活动清单
B0HF73XVQB,KX4SGE13200,2026-W36,2026-W35,0.0,0.0,,0.0,0.0,,0.0,3.06,0.0,-3.06,,,,,,,,曝光/点击/CTR/CVR/ACOS/ROAS/活动清单
B0HF73YCW1,PT4SGE18600,2026-W36,2026-W35,0.0,0.0,,0.0,0.0,,0.0,0.0,0.0,0.0,,,,,,,,曝光/点击/CTR/CVR/ACOS/ROAS/活动清单
B0HF7415XG,KC4SGE04600,2026-W36,2026-W35,1.0,0.0,N/A,1468.8,0.0,N/A,0.0,0.0,366.61,-62.39,24.96,,,0.0,,,,曝光/点击/CTR/CVR/ACOS/ROAS/活动清单
B0HF7416NS,KC4SGE00500,2026-W36,2026-W35,0.0,0.0,,0.0,0.0,,0.0,0.0,0.0,0.0,,,,,,,,曝光/点击/CTR/CVR/ACOS/ROAS/活动清单
B0HF741V6G,PT4SGE24900,2026-W36,2026-W35,0.0,0.0,,0.0,0.0,,0.0,0.0,0.0,0.0,,,,,,,,曝光/点击/CTR/CVR/ACOS/ROAS/活动清单
B0HF745263,PT4SGE26800,2026-W36,2026-W35,0.0,0.0,,0.0,0.0,,0.0,0.0,0.0,0.0,,,,,,,,曝光/点击/CTR/CVR/ACOS/ROAS/活动清单
B0HF747396,KX4SGE12400,2026-W36,2026-W35,0.0,0.0,,0.0,0.0,,0.0,0.0,0.0,0.0,,,,,,,,曝光/点击/CTR/CVR/ACOS/ROAS/活动清单
B0HF748NYW,PT4SGE19600,2026-W36,2026-W35,0.0,0.0,,0.0,0.0,,0.0,0.0,0.0,0.0,,,,,,,,曝光/点击/CTR/CVR/ACOS/ROAS/活动清单
B0HF74BB4P,PT4SGE26300,2026-W36,2026-W35,0.0,0.0,,0.0,0.0,,0.0,0.0,0.0,0.0,,,,,,,,曝光/点击/CTR/CVR/ACOS/ROAS/活动清单
B0HF74BCS3,KC4SGE04800,2026-W36,2026-W35,0.0,0.0,,0.0,0.0,,0.0,0.0,0.0,0.0,,,,,,,,曝光/点击/CTR/CVR/ACOS/ROAS/活动清单
B0HF74FJL7,OO4SGE37200,2026-W36,2026-W35,0.0,0.0,,0.0,0.0,,0.0,0.0,0.0,0.0,,,,,,,,曝光/点击/CTR/CVR/ACOS/ROAS/活动清单
B0HF74GCJR,KX4SGE14700,2026-W36,2026-W35,0.0,0.0,,0.0,0.0,,0.0,0.0,0.0,0.0,,,,,,,,曝光/点击/CTR/CVR/ACOS/ROAS/活动清单
B0HF74GNP1,OO4SGE34800,2026-W36,2026-W35,0.0,0.0,,0.0,0.0,,0.0,0.0,0.0,0.0,,,,,,,,曝光/点击/CTR/CVR/ACOS/ROAS/活动清单
B0HF74HQC3,KX4SGE16700,2026-W36,2026-W35,0.0,0.0,,0.0,0.0,,0.0,0.0,0.0,0.0,,,,,,,,曝光/点击/CTR/CVR/ACOS/ROAS/活动清单
B0HF74NS15,PT4SGE19400,2026-W36,2026-W35,0.0,0.0,,0.0,0.0,,0.0,0.0,0.0,0.0,,,,,,,,曝光/点击/CTR/CVR/ACOS/ROAS/活动清单
B0HF74T1J1,PT4SGE25600,2026-W36,2026-W35,0.0,0.0,,0.0,0.0,,0.0,0.0,0.0,0.0,,,,,,,,曝光/点击/CTR/CVR/ACOS/ROAS/活动清单
B0HF74YMRR,OO4SGE35400,2026-W36,2026-W35,0.0,0.0,,0.0,0.0,,0.0,0.0,0.0,0.0,,,,,,,,曝光/点击/CTR/CVR/ACOS/ROAS/活动清单
B0HF753L5H,KC4PSP17900,2026-W36,2026-W35,0.0,0.0,,0.0,0.0,,0.0,0.0,0.0,0.0,,,,,,,,曝光/点击/CTR/CVR/ACOS/ROAS/活动清单
B0HF75B2D8,PT4SGE27000,2026-W36,2026-W35,0.0,0.0,,0.0,0.0,,0.0,0.0,0.0,0.0,,,,,,,,曝光/点击/CTR/CVR/ACOS/ROAS/活动清单
B0HF75B4PH,KX4SGE08300,2026-W36,2026-W35,0.0,0.0,,0.0,0.0,,0.0,0.0,0.0,0.0,,,,,,,,曝光/点击/CTR/CVR/ACOS/ROAS/活动清单
B0HF75CLFK,OO4SGE38600,2026-W36,2026-W35,0.0,0.0,,0.0,0.0,,0.0,0.0,0.0,0.0,,,,,,,,曝光/点击/CTR/CVR/ACOS/ROAS/活动清单
B0HF75M515,PT4SGE25600,2026-W36,2026-W35,0.0,0.0,,0.0,0.0,,0.0,0.0,0.0,0.0,,,,,,,,曝光/点击/CTR/CVR/ACOS/ROAS/活动清单
B0HF75QHRH,PT4SGE19700,2026-W36,2026-W35,0.0,0.0,,0.0,0.0,,0.0,0.0,0.0,0.0,,,,,,,,曝光/点击/CTR/CVR/ACOS/ROAS/活动清单
B0HF75QPV4,KC4SGE00400,2026-W36,2026-W35,0.0,0.0,,0.0,0.0,,0.0,0.0,0.0,0.0,,,,,,,,曝光/点击/CTR/CVR/ACOS/ROAS/活动清单
B0HF75R3SL,OO4SGE38000,2026-W36,2026-W35,0.0,0.0,,0.0,0.0,,0.0,0.0,0.0,0.0,,,,,,,,曝光/点击/CTR/CVR/ACOS/ROAS/活动清单
B0HF75RDZC,KX4SGE11700,2026-W36,2026-W35,0.0,0.0,,0.0,0.0,,0.0,0.0,0.0,0.0,,,,,,,,曝光/点击/CTR/CVR/ACOS/ROAS/活动清单
B0HF75RPLR,KX4SGE08400,2026-W36,2026-W35,0.0,0.0,,0.0,0.0,,0.0,0.0,0.0,0.0,,,,,,,,曝光/点击/CTR/CVR/ACOS/ROAS/活动清单
B0HF75SYSD,PT4SGE20100,2026-W36,2026-W35,0.0,0.0,,0.0,0.0,,0.0,0.0,0.0,0.0,,,,,,,,曝光/点击/CTR/CVR/ACOS/ROAS/活动清单
B0HF75V1LB,OO4SGE38800,2026-W36,2026-W35,0.0,0.0,,0.0,0.0,,0.0,0.0,0.0,0.0,,,,,,,,曝光/点击/CTR/CVR/ACOS/ROAS/活动清单
B0HF75WLKV,KC4SGE02500,2026-W36,2026-W35,0.0,0.0,,0.0,0.0,,0.0,0.0,0.0,0.0,,,,,,,,曝光/点击/CTR/CVR/ACOS/ROAS/活动清单
B0HF75YVWK,KC4SGE01800,2026-W36,2026-W35,0.0,0.0,,0.0,0.0,,0.0,0.0,0.0,0.0,,,,,,,,曝光/点击/CTR/CVR/ACOS/ROAS/活动清单
B0HF7624JZ,KX4SGE12100,2026-W36,2026-W35,0.0,0.0,,0.0,0.0,,0.0,0.0,0.0,0.0,,,,,,,,曝光/点击/CTR/CVR/ACOS/ROAS/活动清单
B0HF762L8Q,OO4SGE34200,2026-W36,2026-W35,0.0,0.0,,0.0,0.0,,0.0,0.0,0.0,0.0,,,,,,,,曝光/点击/CTR/CVR/ACOS/ROAS/活动清单
B0HF7653CB,KC4SGE02400,2026-W36,2026-W35,0.0,0.0,,0.0,0.0,,0.0,0.0,0.0,0.0,,,,,,,,曝光/点击/CTR/CVR/ACOS/ROAS/活动清单
B0HF7667J2,OO4SGE38500,2026-W36,2026-W35,0.0,0.0,,0.0,0.0,,0.0,0.0,0.0,0.0,,,,,,,,曝光/点击/CTR/CVR/ACOS/ROAS/活动清单
B0HF767K44,OO4SGE34300,2026-W36,2026-W35,0.0,0.0,,0.0,0.0,,0.0,0.0,0.0,0.0,,,,,,,,曝光/点击/CTR/CVR/ACOS/ROAS/活动清单
B0HF767K56,KX4SGE17700,2026-W36,2026-W35,0.0,0.0,,0.0,0.0,,0.0,0.0,0.0,0.0,,,,,,,,曝光/点击/CTR/CVR/ACOS/ROAS/活动清单
B0HF767ZMW,KC4SGE04800,2026-W36,2026-W35,0.0,0.0,,0.0,0.0,,0.0,0.14,0.0,-0.14,,,,,,,,曝光/点击/CTR/CVR/ACOS/ROAS/活动清单
B0HF7682QV,PT4SGE19400,2026-W36,2026-W35,0.0,0.0,,0.0,0.0,,0.0,0.0,0.0,0.0,,,,,,,,曝光/点击/CTR/CVR/ACOS/ROAS/活动清单
B0HF768MN9,OO4SGE37500,2026-W36,2026-W35,0.0,0.0,,0.0,0.0,,0.0,0.0,0.0,0.0,,,,,,,,曝光/点击/CTR/CVR/ACOS/ROAS/活动清单
B0HF7691CL,OO4SGE39000,2026-W36,2026-W35,0.0,0.0,,0.0,0.0,,0.0,0.0,0.0,0.0,,,,,,,,曝光/点击/CTR/CVR/ACOS/ROAS/活动清单
B0HF76BTBP,KX4SGE13700,2026-W36,2026-W35,0.0,0.0,,0.0,0.0,,0.0,0.0,0.0,0.0,,,,,,,,曝光/点击/CTR/CVR/ACOS/ROAS/活动清单
B0HF76CCC9,KC4PSP17900,2026-W36,2026-W35,0.0,0.0,,0.0,0.0,,0.0,0.0,0.0,0.0,,,,,,,,曝光/点击/CTR/CVR/ACOS/ROAS/活动清单
B0HF76G6GB,PT4SGE27300,2026-W36,2026-W35,0.0,0.0,,0.0,0.0,,0.0,0.0,0.0,0.0,,,,,,,,曝光/点击/CTR/CVR/ACOS/ROAS/活动清单
B0HF76H3YK,KX4SGE13200,2026-W36,2026-W35,0.0,0.0,,0.0,0.0,,0.0,0.0,0.0,0.0,,,,,,,,曝光/点击/CTR/CVR/ACOS/ROAS/活动清单
B0HF76HHS2,KX4SGE12400,2026-W36,2026-W35,4.0,1.0,300.0,5412.8,1353.2,300.0,0.0,4.76,620.68,190.13,11.47,14.05,-18.39,0.0,0.35,-100.0,,曝光/点击/CTR/CVR/ACOS/ROAS/活动清单
B0HF76HM4N,PT4SGE19900,2026-W36,2026-W35,0.0,0.0,,0.0,0.0,,0.0,0.0,0.0,0.0,,,,,,,,曝光/点击/CTR/CVR/ACOS/ROAS/活动清单
B0HF76HZLB,PT4SGE19700,2026-W36,2026-W35,0.0,0.0,,0.0,0.0,,0.0,0.0,0.0,0.0,,,,,,,,曝光/点击/CTR/CVR/ACOS/ROAS/活动清单
B0HF76J726,KX4SGE15800,2026-W36,2026-W35,0.0,0.0,,0.0,0.0,,0.0,0.0,0.0,0.0,,,,,,,,曝光/点击/CTR/CVR/ACOS/ROAS/活动清单
B0HF76JB9S,OO4SGE37200,2026-W36,2026-W35,0.0,0.0,,0.0,0.0,,0.0,0.0,0.0,0.0,,,,,,,,曝光/点击/CTR/CVR/ACOS/ROAS/活动清单
B0HF76LZG6,KX4SGE11700,2026-W36,2026-W35,0.0,0.0,,0.0,0.0,,0.0,0.0,0.0,0.0,,,,,,,,曝光/点击/CTR/CVR/ACOS/ROAS/活动清单
B0HF76MSJC,PT4SGE18400,2026-W36,2026-W35,0.0,0.0,,0.0,0.0,,0.0,0.0,0.0,0.0,,,,,,,,曝光/点击/CTR/CVR/ACOS/ROAS/活动清单
B0HF76MWNX,PT4SGE19800,2026-W36,2026-W35,0.0,0.0,,0.0,0.0,,0.0,0.0,0.0,0.0,,,,,,,,曝光/点击/CTR/CVR/ACOS/ROAS/活动清单
B0HF76MZKC,PT4SGE21000,2026-W36,2026-W35,0.0,0.0,,0.0,0.0,,0.0,0.0,0.0,0.0,,,,,,,,曝光/点击/CTR/CVR/ACOS/ROAS/活动清单
B0HF76NBHR,PT4SGE19600,2026-W36,2026-W35,0.0,0.0,,0.0,0.0,,0.0,0.0,0.0,0.0,,,,,,,,曝光/点击/CTR/CVR/ACOS/ROAS/活动清单
B0HF76NXCS,PT4SGE26600,2026-W36,2026-W35,0.0,0.0,,0.0,0.0,,0.0,0.0,0.0,0.0,,,,,,,,曝光/点击/CTR/CVR/ACOS/ROAS/活动清单
B0HF76P4LT,PT4SGE24300,2026-W36,2026-W35,0.0,0.0,,0.0,0.0,,0.0,0.0,0.0,0.0,,,,,,,,曝光/点击/CTR/CVR/ACOS/ROAS/活动清单
B0HF76QNZ5,KC4SGE01400,2026-W36,2026-W35,0.0,0.0,,0.0,0.0,,0.0,0.0,0.0,0.0,,,,,,,,曝光/点击/CTR/CVR/ACOS/ROAS/活动清单
B0HF76WN2M,KX4SGE16500,2026-W36,2026-W35,0.0,0.0,,0.0,0.0,,0.0,0.0,0.0,0.0,,,,,,,,曝光/点击/CTR/CVR/ACOS/ROAS/活动清单
B0HF76XC2G,KX4SGE17000,2026-W36,2026-W35,0.0,0.0,,0.0,0.0,,0.0,0.0,0.0,0.0,,,,,,,,曝光/点击/CTR/CVR/ACOS/ROAS/活动清单
B0HF76XTK4,KX4SGE08400,2026-W36,2026-W35,0.0,0.0,,0.0,0.0,,0.0,0.0,0.0,0.0,,,,,,,,曝光/点击/CTR/CVR/ACOS/ROAS/活动清单
B0HF776HRD,OO4SGE37300,2026-W36,2026-W35,0.0,0.0,,0.0,0.0,,0.0,0.0,0.0,0.0,,,,,,,,曝光/点击/CTR/CVR/ACOS/ROAS/活动清单
B0HF777WYF,KC4SGE03700,2026-W36,2026-W35,0.0,0.0,,0.0,0.0,,0.0,0.0,0.0,0.0,,,,,,,,曝光/点击/CTR/CVR/ACOS/ROAS/活动清单
B0HF778SVX,KC4SGE04100,2026-W36,2026-W35,0.0,0.0,,0.0,0.0,,0.0,0.0,0.0,0.0,,,,,,,,曝光/点击/CTR/CVR/ACOS/ROAS/活动清单
B0HF77JWMS,KC4PSP18100,2026-W36,2026-W35,0.0,0.0,,0.0,0.0,,0.0,0.0,0.0,0.0,,,,,,,,曝光/点击/CTR/CVR/ACOS/ROAS/活动清单
B0HF77MS3D,KC4PSP16100,2026-W36,2026-W35,0.0,0.0,,0.0,0.0,,0.0,0.0,0.0,0.0,,,,,,,,曝光/点击/CTR/CVR/ACOS/ROAS/活动清单
B0HF77TCHY,KC4SGE05000,2026-W36,2026-W35,0.0,0.0,,0.0,0.0,,0.0,0.0,0.0,0.0,,,,,,,,曝光/点击/CTR/CVR/ACOS/ROAS/活动清单
B0HF77YGQB,KC4SGE04900,2026-W36,2026-W35,0.0,0.0,,0.0,0.0,,0.0,0.0,0.0,0.0,,,,,,,,曝光/点击/CTR/CVR/ACOS/ROAS/活动清单
B0HF789PSQ,OO4SGE37000,2026-W36,2026-W35,0.0,0.0,,0.0,0.0,,0.0,0.0,0.0,0.0,,,,,,,,曝光/点击/CTR/CVR/ACOS/ROAS/活动清单
B0HF78BN4J,KX4SGE17000,2026-W36,2026-W35,0.0,0.0,,0.0,0.0,,0.0,0.0,0.0,0.0,,,,,,,,曝光/点击/CTR/CVR/ACOS/ROAS/活动清单
B0HF78DY75,OO4SGE36200,2026-W36,2026-W35,0.0,0.0,,0.0,0.0,,0.0,0.0,0.0,0.0,,,,,,,,曝光/点击/CTR/CVR/ACOS/ROAS/活动清单
B0HF78JKL6,OO4SGE34600,2026-W36,2026-W35,0.0,0.0,,0.0,0.0,,0.0,0.0,0.0,0.0,,,,,,,,曝光/点击/CTR/CVR/ACOS/ROAS/活动清单
B0HF78K37N,PT4SGE27900,2026-W36,2026-W35,0.0,0.0,,0.0,0.0,,0.0,0.0,0.0,0.0,,,,,,,,曝光/点击/CTR/CVR/ACOS/ROAS/活动清单
B0HF78L3SV,KC4SGE05100,2026-W36,2026-W35,0.0,0.0,,0.0,0.0,,0.0,0.0,0.0,0.0,,,,,,,,曝光/点击/CTR/CVR/ACOS/ROAS/活动清单
B0HF78L3TY,OO4SGE38800,2026-W36,2026-W35,0.0,0.0,,0.0,0.0,,0.0,0.0,0.0,0.0,,,,,,,,曝光/点击/CTR/CVR/ACOS/ROAS/活动清单
B0HF78MGVS,KX4SGE15400,2026-W36,2026-W35,0.0,0.0,,0.0,0.0,,0.0,0.0,0.0,0.0,,,,,,,,曝光/点击/CTR/CVR/ACOS/ROAS/活动清单
B0HF78Q5S6,KC4SGE03300,2026-W36,2026-W35,0.0,0.0,,0.0,0.0,,0.0,0.0,0.0,0.0,,,,,,,,曝光/点击/CTR/CVR/ACOS/ROAS/活动清单
B0HF78QYGS,KX4SGE15200,2026-W36,2026-W35,1.0,0.0,N/A,1210.4,0.0,N/A,0.0,0.0,236.73,0.0,19.56,,,0.0,,,,曝光/点击/CTR/CVR/ACOS/ROAS/活动清单
B0HF78SGXK,PT4SGE27900,2026-W36,2026-W35,0.0,0.0,,0.0,0.0,,0.0,0.0,0.0,0.0,,,,,,,,曝光/点击/CTR/CVR/ACOS/ROAS/活动清单
B0HF78TG34,OO4SGE38300,2026-W36,2026-W35,0.0,0.0,,0.0,0.0,,0.0,0.0,0.0,0.0,,,,,,,,曝光/点击/CTR/CVR/ACOS/ROAS/活动清单
B0HF78TLLP,KX4SGE13300,2026-W36,2026-W35,0.0,0.0,,0.0,0.0,,0.0,0.0,0.0,0.0,,,,,,,,曝光/点击/CTR/CVR/ACOS/ROAS/活动清单
B0HF78VD7Y,KX4SGE08000,2026-W36,2026-W35,0.0,0.0,,0.0,0.0,,0.0,0.0,0.0,0.0,,,,,,,,曝光/点击/CTR/CVR/ACOS/ROAS/活动清单
B0HF78X2KB,OO4SGE35700,2026-W36,2026-W35,0.0,0.0,,0.0,0.0,,0.0,5.64,0.0,-5.64,,,,,,,,曝光/点击/CTR/CVR/ACOS/ROAS/活动清单
B0HF78X3H8,PT4SGE18600,2026-W36,2026-W35,0.0,0.0,,0.0,0.0,,0.0,0.0,0.0,0.0,,,,,,,,曝光/点击/CTR/CVR/ACOS/ROAS/活动清单
B0HF78X6VJ,KC4PSP16000,2026-W36,2026-W35,0.0,0.0,,0.0,0.0,,0.0,0.0,0.0,0.0,,,,,,,,曝光/点击/CTR/CVR/ACOS/ROAS/活动清单
B0HF7913LT,PT4SGE19900,2026-W36,2026-W35,0.0,0.0,,0.0,0.0,,0.0,0.0,0.0,0.0,,,,,,,,曝光/点击/CTR/CVR/ACOS/ROAS/活动清单
B0HF793ZJ9,OO4SGE39100,2026-W36,2026-W35,0.0,0.0,,0.0,0.0,,0.0,0.0,0.0,0.0,,,,,,,,曝光/点击/CTR/CVR/ACOS/ROAS/活动清单
B0HF79625S,OO4SGE37000,2026-W36,2026-W35,1.0,0.0,N/A,1122.0,0.0,N/A,0.0,0.0,175.36,-47.66,15.63,,,0.0,,,,曝光/点击/CTR/CVR/ACOS/ROAS/活动清单
B0HF796T3P,PT4SGE23700,2026-W36,2026-W35,0.0,0.0,,0.0,0.0,,0.0,0.0,0.0,0.0,,,,,,,,曝光/点击/CTR/CVR/ACOS/ROAS/活动清单
B0HF796T8P,KX4SGE07900,2026-W36,2026-W35,0.0,0.0,,0.0,0.0,,0.0,0.0,0.0,0.0,,,,,,,,曝光/点击/CTR/CVR/ACOS/ROAS/活动清单
B0HF797WFF,PT4SGE23300,2026-W36,2026-W35,0.0,0.0,,0.0,0.0,,0.0,0.0,0.0,0.0,,,,,,,,曝光/点击/CTR/CVR/ACOS/ROAS/活动清单
B0HF798HPZ,PT4SGE26600,2026-W36,2026-W35,0.0,0.0,,0.0,0.0,,0.0,0.0,0.0,0.0,,,,,,,,曝光/点击/CTR/CVR/ACOS/ROAS/活动清单
B0HF799SKR,KC4SGE00300,2026-W36,2026-W35,0.0,0.0,,0.0,0.0,,0.0,0.0,0.0,0.0,,,,,,,,曝光/点击/CTR/CVR/ACOS/ROAS/活动清单
B0HF79C82P,OO4SGE36900,2026-W36,2026-W35,0.0,0.0,,0.0,0.0,,0.0,0.0,0.0,0.0,,,,,,,,曝光/点击/CTR/CVR/ACOS/ROAS/活动清单
B0HF79CDNM,OO4SGE35200,2026-W36,2026-W35,0.0,0.0,,0.0,0.0,,0.0,0.0,0.0,0.0,,,,,,,,曝光/点击/CTR/CVR/ACOS/ROAS/活动清单
B0HF79D4KT,OO4SGE38400,2026-W36,2026-W35,0.0,0.0,,0.0,0.0,,0.0,0.0,0.0,0.0,,,,,,,,曝光/点击/CTR/CVR/ACOS/ROAS/活动清单
B0HF79F3LW,KC4SGE05200,2026-W36,2026-W35,0.0,0.0,,0.0,0.0,,0.0,0.0,0.0,0.0,,,,,,,,曝光/点击/CTR/CVR/ACOS/ROAS/活动清单
B0HF79FM5V,OO4SGE38600,2026-W36,2026-W35,0.0,0.0,,0.0,0.0,,0.0,0.0,0.0,0.0,,,,,,,,曝光/点击/CTR/CVR/ACOS/ROAS/活动清单
B0HF79J84Y,PT4SGE18700,2026-W36,2026-W35,0.0,0.0,,0.0,0.0,,0.0,4.69,0.0,-4.69,,,,,,,,曝光/点击/CTR/CVR/ACOS/ROAS/活动清单
B0HF79R7DC,KC4SGE01500,2026-W36,2026-W35,0.0,0.0,,0.0,0.0,,0.0,3.54,0.0,-3.54,,,,,,,,曝光/点击/CTR/CVR/ACOS/ROAS/活动清单
B0HF79TBD2,KX4SGE14000,2026-W36,2026-W35,1.0,0.0,N/A,1604.8,0.0,N/A,0.0,16.32,361.71,-84.48,22.54,,,0.0,,,,曝光/点击/CTR/CVR/ACOS/ROAS/活动清单
B0HF7B3L8T,OO4SGE38000,2026-W36,2026-W35,0.0,0.0,,0.0,0.0,,0.0,0.0,0.0,0.0,,,,,,,,曝光/点击/CTR/CVR/ACOS/ROAS/活动清单
B0HF7BKGKT,KC4PSP17700,2026-W36,2026-W35,0.0,0.0,,0.0,0.0,,0.0,0.0,0.0,0.0,,,,,,,,曝光/点击/CTR/CVR/ACOS/ROAS/活动清单
B0HF7BWBCH,OO4SGE35400,2026-W36,2026-W35,0.0,0.0,,0.0,0.0,,0.0,0.0,0.0,0.0,,,,,,,,曝光/点击/CTR/CVR/ACOS/ROAS/活动清单
B0HF7BZB3X,PT4SGE24900,2026-W36,2026-W35,0.0,0.0,,0.0,0.0,,0.0,0.0,0.0,0.0,,,,,,,,曝光/点击/CTR/CVR/ACOS/ROAS/活动清单
B0HF7C132D,PT4SGE27000,2026-W36,2026-W35,0.0,0.0,,0.0,0.0,,0.0,0.0,0.0,0.0,,,,,,,,曝光/点击/CTR/CVR/ACOS/ROAS/活动清单
B0HF7C6BPQ,PT4SGE27500,2026-W36,2026-W35,0.0,0.0,,0.0,0.0,,0.0,0.0,0.0,0.0,,,,,,,,曝光/点击/CTR/CVR/ACOS/ROAS/活动清单
B0HF7C8TB3,KC4PSP18200,2026-W36,2026-W35,0.0,0.0,,0.0,0.0,,0.0,0.0,0.0,0.0,,,,,,,,曝光/点击/CTR/CVR/ACOS/ROAS/活动清单
B0HF7CJ5CP,PT4SGE24400,2026-W36,2026-W35,0.0,0.0,,0.0,0.0,,0.0,0.0,0.0,0.0,,,,,,,,曝光/点击/CTR/CVR/ACOS/ROAS/活动清单
B0HF7CKRX1,KX4SGE08100,2026-W36,2026-W35,0.0,0.0,,0.0,0.0,,0.0,0.0,0.0,0.0,,,,,,,,曝光/点击/CTR/CVR/ACOS/ROAS/活动清单
B0HF7CMPGW,KX4SGE08600,2026-W36,2026-W35,0.0,0.0,,0.0,0.0,,0.0,0.0,0.0,0.0,,,,,,,,曝光/点击/CTR/CVR/ACOS/ROAS/活动清单
B0HF7CSRRM,KC4SGE02700,2026-W36,2026-W35,0.0,0.0,,0.0,0.0,,0.0,0.0,0.0,0.0,,,,,,,,曝光/点击/CTR/CVR/ACOS/ROAS/活动清单
B0HF7CZQWX,OO4SGE36300,2026-W36,2026-W35,0.0,0.0,,0.0,0.0,,0.0,0.0,0.0,0.0,,,,,,,,曝光/点击/CTR/CVR/ACOS/ROAS/活动清单
B0HF7D1VT1,KX4SGE08500,2026-W36,2026-W35,0.0,0.0,,0.0,0.0,,0.0,0.0,0.0,0.0,,,,,,,,曝光/点击/CTR/CVR/ACOS/ROAS/活动清单
B0HF7D6QLT,OO4SGE35600,2026-W36,2026-W35,0.0,0.0,,0.0,0.0,,0.0,0.0,0.0,0.0,,,,,,,,曝光/点击/CTR/CVR/ACOS/ROAS/活动清单
B0HF7FDSHP,PT4SGE26000,2026-W36,2026-W35,0.0,0.0,,0.0,0.0,,0.0,0.0,0.0,0.0,,,,,,,,曝光/点击/CTR/CVR/ACOS/ROAS/活动清单
B0HF7FLS9R,PT4SGE24700,2026-W36,2026-W35,0.0,0.0,,0.0,0.0,,0.0,0.0,0.0,0.0,,,,,,,,曝光/点击/CTR/CVR/ACOS/ROAS/活动清单
B0HF7FNMLN,KX4SGE09300,2026-W36,2026-W35,0.0,0.0,,0.0,0.0,,0.0,0.0,0.0,0.0,,,,,,,,曝光/点击/CTR/CVR/ACOS/ROAS/活动清单
B0HF7FR1KG,KX4SGE10100,2026-W36,2026-W35,0.0,0.0,,0.0,0.0,,0.0,0.0,0.0,0.0,,,,,,,,曝光/点击/CTR/CVR/ACOS/ROAS/活动清单
B0HF7FSRS7,OO4SGE38900,2026-W36,2026-W35,0.0,0.0,,0.0,0.0,,0.0,0.0,0.0,0.0,,,,,,,,曝光/点击/CTR/CVR/ACOS/ROAS/活动清单
B0HF7FX5MM,KC4PSP17100,2026-W36,2026-W35,0.0,0.0,,0.0,0.0,,0.0,0.0,0.0,0.0,,,,,,,,曝光/点击/CTR/CVR/ACOS/ROAS/活动清单
B0HF7FZRXM,KX4SGE17700,2026-W36,2026-W35,2.0,0.0,N/A,2080.8,0.0,N/A,0.0,0.0,495.28,0.0,23.8,,,0.0,,,,曝光/点击/CTR/CVR/ACOS/ROAS/活动清单
B0HF7G2KK7,KC4SGE01200,2026-W36,2026-W35,0.0,0.0,,0.0,0.0,,0.0,0.0,0.0,0.0,,,,,,,,曝光/点击/CTR/CVR/ACOS/ROAS/活动清单
B0HF7G5RDY,PT4SGE24700,2026-W36,2026-W35,0.0,0.0,,0.0,0.0,,0.0,0.0,0.0,0.0,,,,,,,,曝光/点击/CTR/CVR/ACOS/ROAS/活动清单
B0HF7G7JHZ,PT4SGE24400,2026-W36,2026-W35,0.0,0.0,,0.0,0.0,,0.0,0.0,0.0,0.0,,,,,,,,曝光/点击/CTR/CVR/ACOS/ROAS/活动清单
B0HF7GBB38,OO4SGE35200,2026-W36,2026-W35,0.0,0.0,,0.0,0.0,,0.0,0.0,0.0,0.0,,,,,,,,曝光/点击/CTR/CVR/ACOS/ROAS/活动清单
B0HF7GJ383,PT4SGE25800,2026-W36,2026-W35,0.0,0.0,,0.0,0.0,,0.0,0.0,0.0,0.0,,,,,,,,曝光/点击/CTR/CVR/ACOS/ROAS/活动清单
B0HF7GP6MX,KX4SGE17200,2026-W36,2026-W35,0.0,0.0,,0.0,0.0,,0.0,0.0,0.0,0.0,,,,,,,,曝光/点击/CTR/CVR/ACOS/ROAS/活动清单
B0HF7GRHMZ,OO4SGE35700,2026-W36,2026-W35,0.0,0.0,,0.0,0.0,,0.0,0.0,0.0,0.0,,,,,,,,曝光/点击/CTR/CVR/ACOS/ROAS/活动清单
B0HF7HY2JM,KC4SGE01300,2026-W36,2026-W35,0.0,0.0,,0.0,0.0,,0.0,0.0,0.0,0.0,,,,,,,,曝光/点击/CTR/CVR/ACOS/ROAS/活动清单
B0HF7J9LCG,OO4SGE38500,2026-W36,2026-W35,0.0,0.0,,0.0,0.0,,0.0,0.0,0.0,0.0,,,,,,,,曝光/点击/CTR/CVR/ACOS/ROAS/活动清单
B0HF7JH99P,PT4SGE19800,2026-W36,2026-W35,0.0,0.0,,0.0,0.0,,0.0,0.0,0.0,0.0,,,,,,,,曝光/点击/CTR/CVR/ACOS/ROAS/活动清单
B0HF7JM825,KC4SGE03000,2026-W36,2026-W35,0.0,0.0,,0.0,0.0,,0.0,0.0,0.0,0.0,,,,,,,,曝光/点击/CTR/CVR/ACOS/ROAS/活动清单
B0HF7K1HDC,PT4SGE27800,2026-W36,2026-W35,0.0,0.0,,0.0,0.0,,0.0,0.0,0.0,0.0,,,,,,,,曝光/点击/CTR/CVR/ACOS/ROAS/活动清单
B0HF7K1TN8,KC4SGE04600,2026-W36,2026-W35,0.0,0.0,,0.0,0.0,,0.0,0.0,0.0,0.0,,,,,,,,曝光/点击/CTR/CVR/ACOS/ROAS/活动清单
B0HF7K85RP,PT4SGE18300,2026-W36,2026-W35,0.0,0.0,,0.0,0.0,,0.0,0.0,0.0,0.0,,,,,,,,曝光/点击/CTR/CVR/ACOS/ROAS/活动清单
B0HF7KF3Z8,OO4SGE36000,2026-W36,2026-W35,0.0,0.0,,0.0,0.0,,0.0,0.0,0.0,0.0,,,,,,,,曝光/点击/CTR/CVR/ACOS/ROAS/活动清单
B0HF7KMQYX,KC4SGE04700,2026-W36,2026-W35,0.0,0.0,,0.0,0.0,,0.0,0.0,0.0,0.0,,,,,,,,曝光/点击/CTR/CVR/ACOS/ROAS/活动清单
B0HF7KVWQC,KX4SGE10900,2026-W36,2026-W35,0.0,0.0,,0.0,0.0,,0.0,0.0,0.0,0.0,,,,,,,,曝光/点击/CTR/CVR/ACOS/ROAS/活动清单
B0HF7LDB61,PT4SGE24000,2026-W36,2026-W35,0.0,0.0,,0.0,0.0,,0.0,0.0,0.0,0.0,,,,,,,,曝光/点击/CTR/CVR/ACOS/ROAS/活动清单
B0HF7LDTTC,PT4SGE27500,2026-W36,2026-W35,0.0,0.0,,0.0,0.0,,0.0,0.0,0.0,0.0,,,,,,,,曝光/点击/CTR/CVR/ACOS/ROAS/活动清单
B0HF7LW421,KX4SGE14700,2026-W36,2026-W35,0.0,0.0,,0.0,0.0,,0.0,0.0,0.0,0.0,,,,,,,,曝光/点击/CTR/CVR/ACOS/ROAS/活动清单
B0HF7MJKPW,PT4SGE25800,2026-W36,2026-W35,0.0,0.0,,0.0,0.0,,0.0,0.0,0.0,0.0,,,,,,,,曝光/点击/CTR/CVR/ACOS/ROAS/活动清单
B0HF7MTLDT,KC4PSP16100,2026-W36,2026-W35,0.0,0.0,,0.0,0.0,,0.0,0.0,0.0,0.0,,,,,,,,曝光/点击/CTR/CVR/ACOS/ROAS/活动清单
B0HF7MWHRG,OO4SGE38900,2026-W36,2026-W35,0.0,0.0,,0.0,0.0,,0.0,0.0,0.0,0.0,,,,,,,,曝光/点击/CTR/CVR/ACOS/ROAS/活动清单
B0HF7MZD8R,PT4SGE27300,2026-W36,2026-W35,0.0,0.0,,0.0,0.0,,0.0,0.0,0.0,0.0,,,,,,,,曝光/点击/CTR/CVR/ACOS/ROAS/活动清单
B0HF7MZZ57,OO4SGE36800,2026-W36,2026-W35,0.0,0.0,,0.0,0.0,,0.0,0.0,0.0,0.0,,,,,,,,曝光/点击/CTR/CVR/ACOS/ROAS/活动清单
B0HF7N1JJV,PT4SGE26100,2026-W36,2026-W35,0.0,0.0,,0.0,0.0,,0.0,0.0,0.0,0.0,,,,,,,,曝光/点击/CTR/CVR/ACOS/ROAS/活动清单
B0HF7N5WZX,KC4SGE04200,2026-W36,2026-W35,0.0,0.0,,0.0,0.0,,0.0,0.0,0.0,0.0,,,,,,,,曝光/点击/CTR/CVR/ACOS/ROAS/活动清单
B0HF7NTHRJ,PT4SGE18400,2026-W36,2026-W35,0.0,0.0,,0.0,0.0,,0.0,0.0,0.0,0.0,,,,,,,,曝光/点击/CTR/CVR/ACOS/ROAS/活动清单
B0HF7P1983,KC4SGE03400,2026-W36,2026-W35,0.0,0.0,,0.0,0.0,,0.0,0.0,0.0,0.0,,,,,,,,曝光/点击/CTR/CVR/ACOS/ROAS/活动清单
B0HF7PHXJB,KX4SGE08200,2026-W36,2026-W35,0.0,0.0,,0.0,0.0,,0.0,0.0,0.0,0.0,,,,,,,,曝光/点击/CTR/CVR/ACOS/ROAS/活动清单
B0HF7PJMPM,KC4PSP15900,2026-W36,2026-W35,0.0,0.0,,0.0,0.0,,0.0,0.0,0.0,0.0,,,,,,,,曝光/点击/CTR/CVR/ACOS/ROAS/活动清单
B0HF7PJNVZ,KX4SGE09200,2026-W36,2026-W35,0.0,0.0,,0.0,0.0,,0.0,0.0,0.0,0.0,,,,,,,,曝光/点击/CTR/CVR/ACOS/ROAS/活动清单
B0HF7PKGKG,PT4SGE26000,2026-W36,2026-W35,0.0,0.0,,0.0,0.0,,0.0,0.0,0.0,0.0,,,,,,,,曝光/点击/CTR/CVR/ACOS/ROAS/活动清单
B0HF7PR8TF,PT4SGE23900,2026-W36,2026-W35,0.0,0.0,,0.0,0.0,,0.0,0.0,0.0,0.0,,,,,,,,曝光/点击/CTR/CVR/ACOS/ROAS/活动清单
B0HF7PT4HG,OO4SGE39000,2026-W36,2026-W35,0.0,0.0,,0.0,0.0,,0.0,0.0,0.0,0.0,,,,,,,,曝光/点击/CTR/CVR/ACOS/ROAS/活动清单
B0HF7PTQNG,KC4PSP15900,2026-W36,2026-W35,0.0,0.0,,0.0,0.0,,0.0,0.0,0.0,0.0,,,,,,,,曝光/点击/CTR/CVR/ACOS/ROAS/活动清单
B0HF7PWJFQ,PT4SGE24000,2026-W36,2026-W35,0.0,0.0,,0.0,0.0,,0.0,15.57,0.0,-15.57,,,,,,,,曝光/点击/CTR/CVR/ACOS/ROAS/活动清单
B0HF7Q22QQ,KC4SGE04700,2026-W36,2026-W35,0.0,0.0,,0.0,0.0,,0.0,0.0,0.0,0.0,,,,,,,,曝光/点击/CTR/CVR/ACOS/ROAS/活动清单
B0HF7Q3YY4,KC4SGE00400,2026-W36,2026-W35,0.0,0.0,,0.0,0.0,,0.0,5.03,0.0,-5.03,,,,,,,,曝光/点击/CTR/CVR/ACOS/ROAS/活动清单
B0HF7QGGLD,KX4SGE08900,2026-W36,2026-W35,0.0,0.0,,0.0,0.0,,0.0,0.0,0.0,0.0,,,,,,,,曝光/点击/CTR/CVR/ACOS/ROAS/活动清单
B0HF7QQM5L,OO4SGE38200,2026-W36,2026-W35,0.0,0.0,,0.0,0.0,,0.0,0.0,0.0,0.0,,,,,,,,曝光/点击/CTR/CVR/ACOS/ROAS/活动清单
B0HF7QX1P8,KX4SGE08800,2026-W36,2026-W35,0.0,0.0,,0.0,0.0,,0.0,0.0,0.0,0.0,,,,,,,,曝光/点击/CTR/CVR/ACOS/ROAS/活动清单
B0HF7QX57H,OO4SGE38100,2026-W36,2026-W35,0.0,0.0,,0.0,0.0,,0.0,0.0,0.0,0.0,,,,,,,,曝光/点击/CTR/CVR/ACOS/ROAS/活动清单
B0HF7R2WJ6,KX4SGE15800,2026-W36,2026-W35,0.0,0.0,,0.0,0.0,,0.0,0.0,0.0,0.0,,,,,,,,曝光/点击/CTR/CVR/ACOS/ROAS/活动清单
B0HF7R4KBL,PT4SGE22200,2026-W36,2026-W35,0.0,0.0,,0.0,0.0,,0.0,0.0,0.0,0.0,,,,,,,,曝光/点击/CTR/CVR/ACOS/ROAS/活动清单
B0HF7R5FJP,PT4SGE26200,2026-W36,2026-W35,0.0,0.0,,0.0,0.0,,0.0,0.0,0.0,0.0,,,,,,,,曝光/点击/CTR/CVR/ACOS/ROAS/活动清单
B0HF7R63QB,OO4SGE39100,2026-W36,2026-W35,0.0,0.0,,0.0,0.0,,0.0,0.0,0.0,0.0,,,,,,,,曝光/点击/CTR/CVR/ACOS/ROAS/活动清单
B0HF7RKQJH,KX4SGE08100,2026-W36,2026-W35,0.0,0.0,,0.0,0.0,,0.0,0.0,0.0,0.0,,,,,,,,曝光/点击/CTR/CVR/ACOS/ROAS/活动清单
B0HF7RW5Z2,KX4SGE08500,2026-W36,2026-W35,0.0,0.0,,0.0,0.0,,0.0,0.0,0.0,0.0,,,,,,,,曝光/点击/CTR/CVR/ACOS/ROAS/活动清单
B0HF7SGKG2,KC4PSP16000,2026-W36,2026-W35,0.0,0.0,,0.0,0.0,,0.0,0.0,0.0,0.0,,,,,,,,曝光/点击/CTR/CVR/ACOS/ROAS/活动清单
B0HF7SPGNW,KC4SGE04900,2026-W36,2026-W35,0.0,0.0,,0.0,0.0,,0.0,3.54,0.0,-3.54,,,,,,,,曝光/点击/CTR/CVR/ACOS/ROAS/活动清单
B0HF7SS49Z,OO4SGE38100,2026-W36,2026-W35,0.0,0.0,,0.0,0.0,,0.0,0.0,0.0,0.0,,,,,,,,曝光/点击/CTR/CVR/ACOS/ROAS/活动清单
B0HF7SZGPC,PT4SGE23700,2026-W36,2026-W35,0.0,0.0,,0.0,0.0,,0.0,0.0,0.0,0.0,,,,,,,,曝光/点击/CTR/CVR/ACOS/ROAS/活动清单
B0HF7TF1JB,OO4SGE34200,2026-W36,2026-W35,0.0,0.0,,0.0,0.0,,0.0,0.0,0.0,0.0,,,,,,,,曝光/点击/CTR/CVR/ACOS/ROAS/活动清单
B0HF7TGQLC,KX4SGE08800,2026-W36,2026-W35,0.0,0.0,,0.0,0.0,,0.0,0.0,0.0,0.0,,,,,,,,曝光/点击/CTR/CVR/ACOS/ROAS/活动清单
B0HF7TLZDQ,KX4SGE17100,2026-W36,2026-W35,0.0,0.0,,0.0,0.0,,0.0,0.0,0.0,0.0,,,,,,,,曝光/点击/CTR/CVR/ACOS/ROAS/活动清单
B0HF7TNZML,KC4SGE04200,2026-W36,2026-W35,0.0,0.0,,0.0,0.0,,0.0,0.0,0.0,0.0,,,,,,,,曝光/点击/CTR/CVR/ACOS/ROAS/活动清单
B0HF7TPDSY,PT4SGE24600,2026-W36,2026-W35,0.0,0.0,,0.0,0.0,,0.0,0.0,0.0,0.0,,,,,,,,曝光/点击/CTR/CVR/ACOS/ROAS/活动清单
B0HF7VCYD8,PT4SGE24600,2026-W36,2026-W35,0.0,0.0,,0.0,0.0,,0.0,0.0,0.0,0.0,,,,,,,,曝光/点击/CTR/CVR/ACOS/ROAS/活动清单
B0HF7WN6JZ,KC4SGE04300,2026-W36,2026-W35,1.0,0.0,N/A,1278.4,0.0,N/A,0.0,0.0,420.93,-54.3,32.93,,,0.0,,,,曝光/点击/CTR/CVR/ACOS/ROAS/活动清单
B0HF7WNSVS,PT4SGE26300,2026-W36,2026-W35,0.0,0.0,,0.0,0.0,,0.0,0.0,0.0,0.0,,,,,,,,曝光/点击/CTR/CVR/ACOS/ROAS/活动清单
B0HF7WSNZ6,KC4SGE02700,2026-W36,2026-W35,0.0,0.0,,0.0,0.0,,0.0,0.0,-71.02,0.0,,,,,,,,曝光/点击/CTR/CVR/ACOS/ROAS/活动清单
B0HF7WYYHG,PT4SGE18500,2026-W36,2026-W35,0.0,0.0,,0.0,0.0,,0.0,0.0,0.0,0.0,,,,,,,,曝光/点击/CTR/CVR/ACOS/ROAS/活动清单
B0HF7X26BH,KC4PSP18200,2026-W36,2026-W35,0.0,0.0,,0.0,0.0,,0.0,0.0,0.0,0.0,,,,,,,,曝光/点击/CTR/CVR/ACOS/ROAS/活动清单
B0HF7X2R1R,PT4SGE26100,2026-W36,2026-W35,0.0,0.0,,0.0,0.0,,0.0,0.0,0.0,0.0,,,,,,,,曝光/点击/CTR/CVR/ACOS/ROAS/活动清单
B0HF7X37KZ,KC4SGE05000,2026-W36,2026-W35,0.0,0.0,,0.0,0.0,,0.0,0.0,0.0,0.0,,,,,,,,曝光/点击/CTR/CVR/ACOS/ROAS/活动清单
B0HF7X3C6P,PT4SGE27600,2026-W36,2026-W35,0.0,0.0,,0.0,0.0,,0.0,0.0,0.0,0.0,,,,,,,,曝光/点击/CTR/CVR/ACOS/ROAS/活动清单
B0HF7X6LD5,KX4SGE16800,2026-W36,2026-W35,0.0,0.0,,0.0,0.0,,0.0,0.0,0.0,0.0,,,,,,,,曝光/点击/CTR/CVR/ACOS/ROAS/活动清单
B0HF7XRMYV,KX4SGE09200,2026-W36,2026-W35,0.0,0.0,,0.0,0.0,,0.0,0.0,0.0,0.0,,,,,,,,曝光/点击/CTR/CVR/ACOS/ROAS/活动清单
B0HF7XW9WM,KC4SGE02500,2026-W36,2026-W35,0.0,0.0,,0.0,0.0,,0.0,0.0,0.0,0.0,,,,,,,,曝光/点击/CTR/CVR/ACOS/ROAS/活动清单
B0HF7YM7QC,KX4SGE08300,2026-W36,2026-W35,0.0,0.0,,0.0,0.0,,0.0,0.0,0.0,0.0,,,,,,,,曝光/点击/CTR/CVR/ACOS/ROAS/活动清单
B0HF847D44,OO4SGE37700,2026-W36,2026-W35,1.0,0.0,N/A,1326.0,0.0,N/A,0.0,0.0,353.77,-56.32,26.68,,,0.0,,,,曝光/点击/CTR/CVR/ACOS/ROAS/活动清单
B0HFHCZ2YD,OO4SGE36600,2026-W36,2026-W35,0.0,0.0,,0.0,0.0,,0.0,4.69,0.0,-4.69,,,,,,,,曝光/点击/CTR/CVR/ACOS/ROAS/活动清单
B0HFHFSZRG,KX4SGE08900,2026-W36,2026-W35,0.0,0.0,,0.0,0.0,,0.0,0.0,0.0,0.0,,,,,,,,曝光/点击/CTR/CVR/ACOS/ROAS/活动清单
B0HFHHK9FJ,KX4SGE08600,2026-W36,2026-W35,0.0,0.0,,0.0,0.0,,0.0,3.74,0.0,-3.74,,,,,,,,曝光/点击/CTR/CVR/ACOS/ROAS/活动清单
B0HFHHTJF8,OO4SGE38200,2026-W36,2026-W35,0.0,0.0,,0.0,0.0,,0.0,0.0,0.0,0.0,,,,,,,,曝光/点击/CTR/CVR/ACOS/ROAS/活动清单
B0HFHJGHNR,OO4SGE37500,2026-W36,2026-W35,0.0,0.0,,0.0,0.0,,0.0,0.0,0.0,0.0,,,,,,,,曝光/点击/CTR/CVR/ACOS/ROAS/活动清单
