年月,ASIN,SKU,售价,出库销量,出库销售额,采购成本,头程,佣金,税费,仓储费,Coupon预留(5%),尾程费(参考未计主线),广告花费,平衡ACOS%,目标ACOS%,当前ACOS%,含尾程保守平衡ACOS%,状态
2026-08,B0DPQG957S,KC4PSP16200,1319.13,27.0,35616.56,16447.55,2424.98,7515.1,2230.4,1069.16,1780.83,0.0,1030.03,11.65,6.65,2.89,11.65,可增投
2026-08,B0F43KHJC2,KC4PSP16300,1275.54,25.0,31888.6,15156.61,963.14,6728.49,2041.35,1180.8,1594.43,0.0,728.29,13.25,8.25,2.28,13.25,可增投
2026-08,B0DWJZLMJ2,KC4PSP16900,1122.0,22.0,24684.0,11981.61,704.13,5208.32,1605.86,600.38,1234.2,0.0,379.47,13.57,8.57,1.54,13.57,可增投
2026-08,B0CN15P14D,KC4PSP16000,1013.0,20.0,20259.92,9254.08,1067.25,4274.84,1258.23,786.48,1013.0,0.0,1352.09,12.86,7.86,6.67,12.86,可增投
2026-08,B0DPCX4KJV,KX4SGE08100,1654.03,12.0,19848.38,9120.86,496.46,4188.01,1238.31,535.03,992.42,0.0,550.57,16.51,11.51,2.77,16.51,可增投
2026-08,B0DPCWXT64,KC4PSP17900,986.0,20.0,19720.0,8952.03,643.74,4160.92,1218.98,497.99,986.0,0.0,1860.03,16.53,11.53,9.43,16.53,可增投
2026-08,B0DPCWSF3G,KC4SGE04700,1085.21,17.0,18448.6,8040.85,483.83,3892.66,1105.94,460.91,922.43,0.0,1123.12,19.2,14.2,6.09,19.2,可增投
2026-08,B0DPQNQD9G,KC4PSP18200,1149.13,16.0,18386.11,7264.55,1172.87,3879.47,1024.95,788.93,919.31,0.0,662.04,18.14,13.14,3.6,18.14,可增投
2026-08,B0DPCXMRG4,KC4SGE03700,1195.03,15.0,17925.48,7227.3,412.06,3782.28,1014.2,475.41,896.27,0.0,451.76,22.97,17.97,2.52,22.97,可增投
2026-08,B0H6WNHXW2,KX4SGE12700,1026.73,15.0,15400.98,8210.04,443.2,3249.61,1077.68,414.54,770.05,0.0,149.14,8.02,3.02,0.97,8.02,可增投
2026-08,B0DWJLP9LW,KX4SGE08800,1121.93,12.0,13463.18,5649.31,310.39,2840.73,784.53,515.62,673.16,0.0,196.96,19.98,14.98,1.46,19.98,可增投
2026-08,B0GCM4SZ8D,PT4SGE24100,1618.33,8.0,12946.66,5925.66,290.64,2731.74,805.28,310.99,647.33,0.0,90.65,17.26,12.26,0.7,17.26,可增投
2026-08,B0DPCY3SC2,KC4SGE05100,1421.13,9.0,12790.19,5408.94,379.07,2698.73,749.65,419.73,639.51,0.0,519.07,19.5,14.5,4.06,19.5,可增投
2026-08,B0DPCWYHXB,KC4PSP17700,1054.0,12.0,12648.0,5708.53,275.11,2668.73,778.41,438.72,632.4,0.0,331.26,16.97,11.97,2.62,16.97,可增投
2026-08,B0GQZ68DTZ,KX4SGE09200,1149.2,11.0,12641.2,5077.91,376.61,2667.29,713.28,473.52,632.06,0.0,123.97,21.36,16.36,0.98,21.36,可增投
2026-08,B0GQZFFJLK,KC4SGE01800,1060.8,11.0,11668.8,4700.35,298.51,2462.12,659.76,524.26,583.44,0.0,304.67,20.91,15.91,2.61,20.91,可增投
2026-08,B0DPCXYMH5,KC4PSP16100,836.4,13.0,10873.2,4930.59,515.25,2294.25,671.57,340.92,543.66,0.0,169.06,14.5,9.5,1.55,14.5,可增投
2026-08,B0FLY773XG,KC4PSP16300,1312.4,8.0,10499.2,4850.12,308.21,2215.33,657.66,377.86,524.96,0.0,148.39,14.91,9.91,1.41,14.91,可增投
2026-08,B0DPCXKRCL,KX4SGE08200,952.0,11.0,10472.0,4711.65,411.44,2209.59,642.97,403.26,523.6,0.0,258.29,14.99,9.99,2.47,14.99,可增投
2026-08,B0H9LR1FFX,KX4SGE10200,1142.33,9.0,10280.99,5550.78,207.52,2169.29,726.64,387.6,514.05,0.0,7.14,7.05,2.05,0.07,7.05,可增投
2026-08,B0DSZWN9RL,KX4SGE08900,1271.6,8.0,10172.8,4301.95,312.47,2146.46,596.23,367.57,508.64,0.0,162.06,19.07,14.07,1.59,19.07,可增投
2026-08,B0DWMV3RPH,PT4SGE22200,922.33,11.0,10145.6,4167.58,601.79,2140.72,581.97,362.88,507.28,0.0,266.85,17.58,12.58,2.63,17.58,可增投
2026-08,B0G7J4KXT9,KC4SGE00900,1685.58,6.0,10113.5,4032.26,247.69,2133.95,567.53,241.54,505.68,0.0,86.64,23.58,18.58,0.86,23.58,可增投
2026-08,B0GR31KW4H,KX4SGE07700,1883.6,5.0,9418.0,3954.81,258.85,1987.2,549.11,182.41,470.9,0.0,130.1,21.39,16.39,1.38,21.39,可增投
2026-08,B0GSCKK336,OO4SGE37700,1326.0,7.0,9282.0,3424.42,185.21,1958.5,492.37,288.71,464.1,0.0,58.42,26.6,21.6,0.63,26.6,可增投
2026-08,B0F671NLKP,KC4PSP18200,1156.0,8.0,9248.0,3632.28,586.44,1951.33,513.3,394.47,462.4,0.0,148.46,18.47,13.47,1.61,18.47,可增投
2026-08,B0GCM51F8V,KC4PSP16600,829.6,11.0,9125.6,4983.14,262.86,1925.5,650.77,292.61,456.28,0.0,50.32,6.08,1.08,0.55,6.08,可增投
2026-08,B0DWMSG3ML,KX4SGE15200,1094.8,8.0,8758.4,4020.95,183.52,1848.02,546.04,235.75,437.92,0.0,253.93,16.97,11.97,2.9,16.97,可增投
2026-08,B0DPQLYGNY,KC4PSP17600,1081.2,8.0,8649.6,3938.7,161.86,1825.07,535.92,230.16,432.48,0.0,197.01,17.64,12.64,2.28,17.64,可增投
2026-08,B0GQZL8DZD,KC4SGE00900,1686.4,5.0,8432.0,3360.21,206.41,1779.15,473.0,201.28,421.6,0.0,74.06,23.6,18.6,0.88,23.6,可增投
2026-08,B0CN142XPS,KC4PSP16000,930.17,9.0,8371.55,4164.34,480.26,1766.4,555.02,353.92,418.58,0.0,11.56,7.56,2.56,0.14,7.56,可增投
2026-08,B0DPCXJTLG,KC4PSP18200,1162.8,7.0,8139.6,3178.24,513.13,1717.46,449.85,345.16,406.98,0.0,216.87,18.78,13.78,2.66,18.78,可增投
2026-08,B0DWMW2718,PT4SGE19700,729.16,11.0,8020.8,2716.17,173.68,1692.39,400.42,347.51,401.04,0.0,713.79,28.55,23.55,8.9,28.55,可增投
2026-08,B0GQZL4118,KX4SGE11700,1108.4,7.0,7758.8,2972.7,270.01,1637.11,422.94,176.36,387.94,0.0,82.76,24.38,19.38,1.07,24.38,可增投
2026-08,B0H6WM22T1,KC4PSP16600,849.93,9.0,7649.39,4077.11,215.07,1614.02,535.19,239.41,382.47,0.0,100.92,7.66,2.66,1.32,7.66,可增投
2026-08,B0F66Y1ZRR,KC4SGE02700,952.0,8.0,7616.0,3338.14,306.22,1606.98,458.49,303.09,380.8,0.0,59.71,16.05,11.05,0.78,16.05,可增投
2026-08,B0CX4W95SD,KC4PSP16900,1077.05,7.0,7539.36,3812.33,224.04,1590.81,506.24,191.03,376.97,0.0,5.58,11.11,6.11,0.07,11.11,可增投
2026-08,B0DPCWYNV6,KC4SGE02500,1074.4,7.0,7520.8,3322.49,199.31,1586.89,455.44,213.43,376.04,0.0,506.17,18.18,13.18,6.73,18.18,可增投
2026-08,B0DPMWTLZB,KC4PSP15900,912.76,8.0,7302.11,3316.83,170.93,1540.75,451.58,256.9,365.11,0.0,216.94,16.43,11.43,2.97,16.43,可增投
2026-08,B0DPCXHB93,KX4SGE08400,1026.8,7.0,7187.6,3083.27,177.53,1516.58,425.78,218.25,359.38,0.0,212.04,19.57,14.57,2.95,19.57,可增投
2026-08,B0DPCX7QHQ,KX4SGE10900,1190.0,6.0,7140.0,3114.28,194.27,1506.54,428.26,228.21,357.0,0.0,86.98,18.37,13.37,1.22,18.37,可增投
2026-08,B0DPCWQQCS,KC4SGE03400,1007.69,7.0,7053.84,2612.94,146.62,1488.36,375.27,166.18,352.69,0.0,597.77,27.1,22.1,8.47,27.1,可增投
2026-08,B0DSDNHMWF,KX4SGE07700,1760.72,4.0,7042.9,3163.85,207.08,1486.05,431.92,145.93,352.14,0.0,45.7,17.83,12.83,0.65,17.83,可增投
2026-08,B0DSPSL9SX,KX4SGE11100,1308.93,5.0,6544.66,3092.67,127.42,1380.92,417.1,221.32,327.23,0.0,37.34,14.94,9.94,0.57,14.94,可增投
2026-08,B0H6XDL6SG,KC4SGE04300,795.6,8.0,6364.8,3252.31,166.41,1342.97,430.87,286.24,318.24,0.0,106.29,8.92,3.92,1.67,8.92,可增投
2026-08,B0DWMVNYMS,PT4SGE25400,1572.7,4.0,6290.82,2629.43,101.27,1327.36,365.52,147.31,314.54,0.0,79.09,22.34,17.34,1.26,22.34,可增投
2026-08,B0DPCXF2L9,KC4PSP16500,884.0,7.0,6188.0,3015.03,136.44,1305.67,403.74,212.49,309.4,0.0,254.95,13.01,8.01,4.12,13.01,可增投
2026-08,B0DPCWK445,KX4SGE17300,1217.13,5.0,6085.66,3071.35,147.76,1284.07,408.02,170.35,304.28,0.0,13.06,11.5,6.5,0.21,11.5,可增投
2026-08,B0F672VQYZ,KX4SGE10900,1190.0,5.0,5950.0,2595.23,161.89,1255.45,356.88,190.18,297.5,0.0,253.25,18.37,13.37,4.26,18.37,可增投
2026-08,B0CN17GBN5,KC4PSP16100,833.99,7.0,5837.94,2654.93,260.83,1099.8,361.36,157.35,291.9,0.0,632.39,17.33,12.33,10.83,17.33,可增投
2026-08,B0DPZN1RR3,KC4SGE05100,1434.8,4.0,5739.2,2403.97,168.47,1210.97,334.0,186.55,286.96,0.0,85.89,20.01,15.01,1.5,20.01,可增投
2026-08,B0DWJG1S64,KX4SGE07900,1910.73,3.0,5732.2,2262.23,148.53,1209.49,319.28,147.34,286.61,0.0,68.55,23.7,18.7,1.2,23.7,可增投
2026-08,B0GR4N1CBL,KX4SGE07700,1883.6,3.0,5650.8,2372.89,155.31,1192.32,329.47,109.45,282.54,0.0,128.12,21.39,16.39,2.27,21.39,可增投
2026-08,B0H2Z1RV7D,KC4PSP15800,700.4,8.0,5603.2,2733.97,235.41,1182.28,365.99,274.89,280.16,0.0,0.0,9.47,4.47,0.0,9.47,可增投
2026-08,B0GQZ61J8N,KC4PSP18200,1353.2,4.0,5412.8,1816.14,293.22,1142.1,268.48,197.23,270.64,0.0,78.68,26.33,21.33,1.45,26.33,可增投
2026-08,B0GR2V4Y4F,KC4SGE05400,1353.2,4.0,5412.8,2436.53,97.05,1142.1,332.46,153.05,270.64,0.0,55.76,18.12,13.12,1.03,18.12,可增投
2026-08,B0GTT8WX7B,OO4SGE35600,1346.4,4.0,5385.6,2150.09,149.9,1136.36,302.51,108.95,269.28,0.0,116.97,23.55,18.55,2.17,23.55,可增投
2026-08,B0DPZS94X1,KX4SGE14500,1060.73,5.0,5303.66,2227.48,229.14,1119.07,309.26,155.33,265.18,0.0,224.35,18.82,13.82,4.23,18.82,可增投
2026-08,B0DQY5ZL3Z,KC4PSP18000,1319.13,4.0,5276.53,2202.82,131.01,1113.35,306.31,97.12,263.83,0.0,131.93,22.02,17.02,2.5,22.02,可增投
2026-08,B0DWMW8WBV,PT4SGE28200,1285.2,4.0,5140.8,1845.0,92.78,1084.71,267.38,130.89,257.04,0.0,23.73,28.46,23.46,0.46,28.46,可增投
2026-08,B0DPCX66CY,KX4SGE16500,1001.84,5.0,5009.22,2135.8,112.69,1056.95,295.39,197.48,250.46,0.0,55.08,19.17,14.17,1.1,19.17,可增投
2026-08,B0GQZ56VB2,KC4SGE00600,1666.0,3.0,4998.0,2427.9,113.62,1054.58,325.35,181.96,249.9,0.0,28.56,12.9,7.9,0.57,12.9,可增投
2026-08,B0GSD2NZ7K,OO4SGE38300,992.8,5.0,4964.0,2546.9,156.09,1047.4,337.11,109.94,248.2,0.0,37.95,10.44,5.44,0.76,10.44,可增投
2026-08,B0DWMT5PY9,PT4SGE24300,1210.33,4.0,4841.33,2131.07,82.27,1021.52,292.39,111.9,242.07,0.0,40.94,19.83,14.83,0.85,19.83,可增投
2026-08,B0CN1868JM,KC4PSP17900,952.0,5.0,4760.0,2238.01,160.94,1004.36,302.19,124.5,238.0,0.0,20.74,14.54,9.54,0.44,14.54,可增投
2026-08,B0DPCWYHX9,KC4SGE02800,945.2,5.0,4726.0,2167.67,122.02,997.19,294.43,162.9,236.3,0.0,191.03,15.77,10.77,4.04,15.77,可增投
2026-08,B0DPCX14JC,KX4SGE15800,1162.73,4.0,4650.93,2038.47,87.56,981.35,279.98,146.63,232.55,0.0,62.02,19.02,14.02,1.33,19.02,可增投
2026-08,B0DWMV85N5,PT4SGE27800,1149.13,4.0,4596.53,1848.04,65.18,969.87,259.53,167.78,229.83,0.0,59.71,22.98,17.98,1.3,22.98,可增投
2026-08,B0H6WNBRFQ,KX4SGE10200,1142.33,4.0,4569.33,2467.01,92.23,964.13,322.95,172.27,228.47,0.0,48.62,7.05,2.05,1.06,7.05,可增投
2026-08,B0BLRLL89F,KC4PSP17200,1130.5,4.0,4522.0,2124.34,387.12,954.14,286.9,106.46,226.1,0.0,134.11,9.66,4.66,2.97,9.66,可增投
2026-08,B0GQZ8T7R1,KC4SGE02400,1128.8,4.0,4515.2,1848.47,130.77,952.71,258.35,65.61,225.76,0.0,18.09,22.89,17.89,0.4,22.89,可增投
2026-08,B0DWK1388B,KX4SGE09200,1121.93,4.0,4487.73,1846.51,136.95,946.91,257.74,172.19,224.39,0.0,33.12,20.12,15.12,0.74,20.12,可增投
2026-08,B0DWMWW13T,PT4SGE21900,1109.69,4.0,4438.77,2066.32,96.51,936.58,279.67,88.82,221.94,0.0,27.54,16.87,11.87,0.62,16.87,可增投
2026-08,B0DWMVRNCJ,KX4SGE13100,1475.6,3.0,4426.8,1929.24,66.41,934.05,265.35,125.6,221.34,0.0,150.56,19.99,14.99,3.4,19.99,可增投
2026-08,B0GQZG42WY,KC4PSP16200,1475.6,3.0,4426.8,1827.51,269.44,934.05,254.86,118.8,221.34,0.0,44.54,18.09,13.09,1.01,18.09,可增投
2026-08,B0DSDMNPSC,KX4SGE15800,1098.47,4.0,4393.89,2038.47,87.56,927.11,276.13,146.63,219.69,0.0,54.2,15.89,10.89,1.23,15.89,可增投
2026-08,B0DSDVMWFK,KX4SGE09300,1463.7,3.0,4391.1,2133.61,180.91,926.52,285.89,80.52,219.56,0.0,63.59,12.85,7.85,1.45,12.85,可增投
2026-08,B0F18CHKSG,KX4SGE15200,1094.8,4.0,4379.2,2010.48,91.76,924.01,273.02,117.87,218.96,0.0,27.88,16.97,11.97,0.64,16.97,可增投
2026-08,B0GQZBWLRX,KC4SGE00700,1455.2,3.0,4365.6,1979.75,63.76,921.14,269.65,110.57,218.28,0.0,237.54,18.38,13.38,5.44,18.38,可增投
2026-08,B0H6WKSJ7V,OO4SGE37500,1074.33,4.0,4297.33,1903.72,99.18,906.74,260.78,90.6,214.87,0.0,51.41,19.12,14.12,1.2,19.12,可增投
2026-08,B0GSCQZNBJ,OO4SGE36800,1428.0,3.0,4284.0,1752.21,108.94,903.92,244.96,147.94,214.2,0.0,80.11,21.28,16.28,1.87,21.28,可增投
2026-08,B0DWMSSG1M,PT4SGE28100,1387.2,3.0,4161.6,1816.39,71.4,878.1,249.74,91.79,208.08,0.0,163.01,20.33,15.33,3.92,20.33,可增投
2026-08,B0H6WJ68X4,KC4PSP15900,829.53,5.0,4147.66,2073.02,106.83,875.16,275.99,160.56,207.38,0.0,56.65,10.82,5.82,1.37,10.82,可增投
2026-08,B0F6LJCNJ5,KX4SGE10200,1380.4,3.0,4141.2,1850.26,69.17,873.79,252.93,129.2,207.06,0.0,107.25,18.32,13.32,2.59,18.32,可增投
2026-08,B0G7JWTSN6,KX4SGE12900,1033.6,4.0,4134.4,1826.23,92.77,872.36,250.35,137.12,206.72,0.0,18.29,18.11,13.11,0.44,18.11,可增投
2026-08,B0DQ47S1R8,KC4SGE05200,1026.8,4.0,4107.2,2028.3,95.2,866.62,270.78,164.48,205.36,0.0,8.23,11.6,6.6,0.2,11.6,可增投
2026-08,B0DWMT4JDS,PT4SGE25600,1020.0,4.0,4080.0,1814.34,87.2,860.88,248.3,124.24,204.0,0.0,172.19,18.16,13.16,4.22,18.16,可增投
2026-08,B0DWMTK9F5,PT4SGE24400,1353.2,3.0,4059.6,1679.6,79.76,856.58,234.1,98.45,202.98,0.0,56.17,22.37,17.37,1.38,22.37,可增投
2026-08,B0DWMVSV8M,PT4SGE23200,1353.2,3.0,4059.6,1234.51,71.39,856.58,188.2,96.23,202.98,0.0,27.41,34.73,29.73,0.68,34.73,可增投
2026-08,B0DWMXBCS8,PT4SGE27600,1353.2,3.0,4059.6,1631.09,58.07,856.58,229.1,95.0,202.98,0.0,42.03,24.31,19.31,1.04,24.31,可增投
2026-08,B0F9P3N6DH,KC4SGE05400,1353.2,3.0,4059.6,1827.4,72.79,856.58,249.34,114.79,202.98,0.0,71.54,18.12,13.12,1.76,18.12,可增投
2026-08,B0H6WNKC22,OO4SGE36800,1319.13,3.0,3957.4,1752.21,108.94,835.01,240.06,147.94,197.87,0.0,25.71,17.07,12.07,0.65,17.07,可增投
2026-08,B0DSDQJT1S,KC4SGE00500,1292.0,3.0,3876.0,1793.34,76.46,817.84,243.08,72.67,193.8,0.0,74.6,17.51,12.51,1.92,17.51,可增投
2026-08,B0DWJQ3GNZ,KX4SGE12800,1291.93,3.0,3875.8,1725.66,77.6,817.79,236.1,82.91,193.79,0.0,80.11,19.14,14.14,2.07,19.14,可增投
2026-08,B0DPCWP8WR,KX4SGE14900,1277.31,3.0,3831.94,1608.83,70.89,808.54,223.39,113.84,191.6,0.0,231.42,21.26,16.26,6.04,21.26,可增投
2026-08,B0GY85VZTV,KC4PSP16100,921.94,4.0,3687.78,1517.11,158.54,778.12,211.77,104.9,184.39,0.0,0.0,19.88,14.88,0.0,19.88,可增投
2026-08,B0DPMTFB27,KC4PSP15800,727.6,5.0,3638.0,1708.73,147.13,767.62,230.78,171.81,181.9,0.0,212.52,11.82,6.82,5.84,11.82,可增投
2026-08,B0GQZCB8W1,KC4PSP17200,1196.8,3.0,3590.4,1593.26,290.34,757.57,218.16,79.85,179.52,0.0,115.68,13.14,8.14,3.22,13.14,可增投
2026-08,B0GSCZ2K1B,OO4SGE37500,1190.0,3.0,3570.0,1427.79,74.39,753.27,200.79,67.95,178.5,0.0,92.83,24.29,19.29,2.6,24.29,可增投
2026-08,B0DWMTCC74,PT4SGE19200,584.8,6.0,3508.8,1465.29,118.97,740.36,203.74,166.83,175.44,0.0,165.53,18.19,13.19,4.72,18.19,可增投
2026-08,B0DR144TNH,KX4SGE10300,1156.0,3.0,3468.0,1556.44,69.14,731.75,212.53,125.97,173.4,0.0,147.78,17.27,12.27,4.26,17.27,可增投
2026-08,B0H32FRVTL,KX4SGE10200,1142.4,3.0,3427.2,1850.26,69.17,723.14,242.22,129.2,171.36,0.0,3.06,7.06,2.06,0.09,7.06,可增投
2026-08,B0DWMTZ8H1,PT4SGE26100,852.72,4.0,3410.88,975.16,94.48,719.7,151.73,114.55,170.54,0.0,71.61,34.73,29.73,2.1,34.73,可增投
2026-08,B0D13MZ7N5,KC4PSP16600,852.65,4.0,3410.61,1812.05,95.58,719.64,238.03,106.4,170.53,0.0,0.0,7.87,2.87,0.0,7.87,可增投
2026-08,B0DPCXZJQR,KC4PSP17500,1135.6,3.0,3406.8,1469.14,60.44,718.83,202.61,302.77,170.34,0.0,75.69,14.17,9.17,2.22,14.17,可增投
2026-08,B0GSD1T7VX,OO4SGE38500,1135.6,3.0,3406.8,1213.27,85.19,718.83,176.22,81.71,170.34,0.0,36.25,28.21,23.21,1.06,28.21,可增投
2026-08,B0DWMVS1WG,PT4SGE26700,850.0,4.0,3400.0,1646.8,92.37,717.4,220.83,95.21,170.0,0.0,173.28,13.45,8.45,5.1,13.45,可增投
2026-08,B0GR4MK3S3,KC4SGE00900,1686.4,2.0,3372.8,1344.09,82.56,711.66,189.2,80.51,168.64,0.0,6.32,23.6,18.6,0.19,23.6,可增投
2026-08,B0DL55S89N,KC4SGE00900,1685.58,2.0,3371.17,1344.09,82.56,711.32,189.18,80.51,168.56,0.0,18.57,23.58,18.58,0.55,23.58,可增投
2026-08,B0DPCX69RB,KC4SGE00600,1666.0,2.0,3332.0,1618.6,75.75,703.05,216.9,121.3,166.6,0.0,81.67,12.9,7.9,2.45,12.9,可增投
2026-08,B0D579TSP1,KC4SGE04200,829.6,4.0,3318.4,1527.08,82.5,700.18,207.26,102.35,165.92,0.0,126.88,16.07,11.07,3.82,16.07,可增投
2026-08,B0GQZCPKQ3,KX4SGE08100,1652.4,2.0,3304.8,1520.14,82.74,697.31,206.34,89.17,165.24,0.0,43.25,16.46,11.46,1.31,16.46,可增投
2026-08,B0F6LJCDCK,KX4SGE08300,1093.71,3.0,3281.14,1382.95,70.35,692.32,191.83,106.85,164.06,0.0,63.79,20.5,15.5,1.94,20.5,可增投
2026-08,B0F9P2QX6Z,KX4SGE13500,1632.48,2.0,3264.95,1529.27,77.93,688.9,206.68,91.16,163.25,0.0,428.44,15.55,10.55,13.12,15.55,接近平衡线
2026-08,B0FLY4JKWH,KC4SGE03200,1632.0,2.0,3264.0,1065.66,45.91,688.7,158.86,73.13,163.2,0.0,3.26,32.74,27.74,0.1,32.74,可增投
2026-08,B0H9PZ5PBR,KX4SGE08100,1631.93,2.0,3263.86,1520.14,82.74,688.68,205.72,89.17,163.19,0.0,6.39,15.75,10.75,0.2,15.75,可增投
2026-08,B0GR4K8L8W,PT4SGE24100,1618.4,2.0,3236.8,1481.42,72.66,682.96,201.32,77.75,161.84,0.0,23.73,17.27,12.27,0.73,17.27,可增投
2026-08,B0H6WFXWPG,PT4SGE24100,1618.33,2.0,3236.66,1481.42,72.66,682.94,201.32,77.75,161.83,0.0,20.4,17.26,12.26,0.63,17.26,可增投
2026-08,B0DPCXKHXJ,KX4SGE13700,1075.83,3.0,3227.48,1484.11,67.77,681.0,201.46,110.38,161.37,0.0,664.21,16.15,11.15,20.58,16.15,高于平衡线，需优化
2026-08,B0DPCXH2PS,KC4PSP16700,1072.29,3.0,3216.88,1421.69,81.01,678.76,194.87,101.62,160.84,0.0,193.88,17.97,12.97,6.03,17.97,可增投
2026-08,B0H6W8QSG9,KX4SGE10100,1067.53,3.0,3202.6,1609.65,58.45,675.75,214.03,124.0,160.13,0.0,31.76,11.26,6.26,0.99,11.26,可增投
2026-08,B0DWMV7693,PT4SGE24600,1598.0,2.0,3196.0,1627.69,75.92,674.36,215.8,99.19,159.8,0.0,55.76,10.74,5.74,1.74,10.74,可增投
2026-08,B0DPCWLPQ4,KC4SGE01200,1060.8,3.0,3182.4,1515.19,79.24,671.49,203.99,170.28,159.12,0.0,81.67,12.04,7.04,2.57,12.04,可增投
2026-08,B0GSCGSCM3,OO4SGE34600,1550.4,2.0,3100.8,1301.59,77.35,654.27,180.74,81.79,155.04,0.0,43.8,20.96,15.96,1.41,20.96,可增投
2026-08,B0DPCX3B23,KX4SGE18000,1026.8,3.0,3080.4,1225.87,60.33,649.96,172.62,129.52,154.02,0.0,90.65,22.34,17.34,2.94,22.34,可增投
2026-08,B0H9M3FJ37,KX4SGE12700,1026.73,3.0,3080.2,1642.01,88.64,649.92,215.54,82.91,154.01,0.0,0.0,8.02,3.02,0.0,8.02,可增投
2026-08,B0DWMVQ3MR,PT4SGE23600,1518.92,2.0,3037.83,992.97,57.57,640.98,147.97,61.36,151.89,0.0,259.78,32.43,27.43,8.55,32.43,可增投
2026-08,B0DWMVBS9V,PT4SGE27900,1011.3,3.0,3033.89,1383.76,66.13,640.15,188.21,96.17,151.69,0.0,31.15,16.74,11.74,1.03,16.74,可增投
2026-08,B0H6WFLFYJ,KX4SGE14000,1482.33,2.0,2964.66,1316.29,72.91,625.54,180.21,83.85,148.23,0.0,10.88,18.13,13.13,0.37,18.13,可增投
2026-08,B0GR4MMBH1,KC4SGE00700,1455.2,2.0,2910.4,1319.83,42.51,614.09,179.76,73.71,145.52,0.0,232.92,18.38,13.38,8.0,18.38,可增投
2026-08,B0GR4FDFSQ,KC4SGE05100,1428.0,2.0,2856.0,1201.99,84.24,602.62,166.79,93.27,142.8,0.0,14.42,19.76,14.76,0.5,19.76,可增投
2026-08,B0H6WHDDM2,OO4SGE36000,1421.13,2.0,2842.26,1306.31,81.01,599.72,177.35,80.84,142.11,0.0,30.74,16.01,11.01,1.08,16.01,可增投
2026-08,B0FLY3JV9J,KX4SGE12200,938.4,3.0,2815.2,1464.98,119.5,594.01,193.3,71.84,140.76,0.0,53.32,8.2,3.2,1.89,8.2,可增投
2026-08,B0F9P2Y523,KX4SGE12600,1400.26,2.0,2800.51,1252.94,59.53,590.91,171.22,92.03,140.03,0.0,55.63,17.63,12.63,1.99,17.63,可增投
2026-08,B0DWMTBPZG,KX4SGE12400,1394.41,2.0,2788.82,1269.06,59.8,588.44,172.7,87.31,139.44,0.0,68.55,16.93,11.93,2.46,16.93,可增投
2026-08,B0FLY7Y3ZS,KC4SGE04800,1393.93,2.0,2787.86,1310.65,43.01,588.24,176.98,69.1,139.39,0.0,61.21,16.52,11.52,2.2,16.52,可增投
2026-08,B0F66YQD1K,KX4SGE10200,1380.4,2.0,2760.8,1233.51,46.12,582.53,168.62,86.13,138.04,0.0,74.74,18.32,13.32,2.71,18.32,可增投
2026-08,B0GQZ5YHNS,PT4SGE19400,918.0,3.0,2754.0,741.7,74.64,581.09,117.8,122.68,137.7,0.0,52.09,35.53,30.53,1.89,35.53,可增投
2026-08,B0GSCS65GB,OO4SGE36300,1373.6,2.0,2747.2,1238.94,45.78,579.66,168.97,86.5,137.36,0.0,10.2,17.84,12.84,0.37,17.84,可增投
2026-08,B0DR167V3Z,KX4SGE08600,911.2,3.0,2733.6,1266.9,168.84,576.79,171.65,79.52,136.68,0.0,129.55,12.19,7.19,4.74,12.19,可增投
2026-08,B0DWMTXQZK,PT4SGE19800,680.0,4.0,2720.0,957.07,76.13,573.92,139.5,128.7,136.0,0.0,34.68,26.05,21.05,1.28,26.05,可增投
2026-08,B0GR45VKKR,PT4SGE24900,1353.2,2.0,2706.4,1497.49,44.29,571.05,195.02,96.12,135.32,0.0,62.02,6.17,1.17,2.29,6.17,接近平衡线
2026-08,B0H6WQFDG8,KC4SGE05400,1353.13,2.0,2706.26,1218.27,48.53,571.02,166.23,76.53,135.31,0.0,39.44,18.12,13.12,1.46,18.12,可增投
2026-08,B0F9P7JHMQ,KC4SGE04200,897.6,3.0,2692.8,1145.31,61.88,568.18,158.5,76.76,134.64,0.0,52.84,20.33,15.33,1.96,20.33,可增投
2026-08,B0GTTQ9NMZ,OO4SGE35600,1346.4,2.0,2692.8,1075.04,74.95,568.18,151.26,54.48,134.64,0.0,7.62,23.55,18.55,0.28,23.55,可增投
2026-08,B0H6WP99DL,KC4PSP17700,890.73,3.0,2672.2,1427.13,68.78,563.83,187.26,109.68,133.61,0.0,23.94,6.81,1.81,0.9,6.81,可增投
2026-08,B0H2Z6B7SD,KC4SGE00700,1319.2,2.0,2638.4,1319.83,42.51,556.7,175.68,73.71,131.92,0.0,7.14,12.81,7.81,0.27,12.81,可增投
2026-08,B0DL56SP1J,KC4SGE01800,877.2,3.0,2631.6,1281.91,81.41,555.27,171.67,142.98,131.58,0.0,15.64,10.14,5.14,0.59,10.14,可增投
2026-08,B0DPCXS49Q,KX4SGE17100,1311.31,2.0,2622.62,968.85,40.99,553.37,139.25,72.49,131.13,0.0,27.81,27.32,22.32,1.06,27.32,可增投
2026-08,B0CX55D1S9,KC4PSP16600,863.6,3.0,2590.8,1359.04,71.69,546.66,179.01,79.8,129.54,0.0,17.68,8.69,3.69,0.68,8.69,可增投
2026-08,B0DSDP8SFX,KC4PSP17000,1294.04,2.0,2588.08,1086.82,98.94,546.08,150.9,75.51,129.4,0.0,146.21,19.34,14.34,5.65,19.34,可增投
2026-08,B0F672XXMY,KC4SGE00500,1292.0,2.0,2584.0,1195.56,50.97,545.22,162.05,48.45,129.2,0.0,55.7,17.51,12.51,2.16,17.51,可增投
2026-08,B0H32PD3NP,KC4SGE04800,1285.2,2.0,2570.4,1310.65,43.01,542.35,173.72,69.1,128.52,0.0,0.0,11.79,6.79,0.0,11.79,可增投
2026-08,B0DWMWR57F,PT4SGE20000,639.2,4.0,2556.8,990.05,104.67,539.48,140.45,417.87,127.84,0.0,93.3,9.25,4.25,3.65,9.25,可增投
2026-08,B0H9LN8C77,KC4PSP16600,849.93,3.0,2549.8,1359.04,71.69,538.01,178.4,79.8,127.49,0.0,15.1,7.66,2.66,0.59,7.66,可增投
2026-08,B0H9LR7JC8,KX4SGE12400,1257.93,2.0,2515.86,1269.06,59.8,530.85,168.61,87.31,125.79,0.0,0.0,10.91,5.91,0.0,10.91,可增投
2026-08,B0H6XD418V,OO4SGE34300,1244.33,2.0,2488.66,1222.18,138.26,525.11,163.37,72.8,124.43,0.0,108.81,9.74,4.74,4.37,9.74,可增投
2026-08,B0H6WQM9V9,KC4PSP16300,1237.53,2.0,2475.06,1212.53,77.05,522.24,162.17,94.46,123.75,0.0,66.37,11.43,6.43,2.68,11.43,可增投
2026-08,B0FLY1BWD5,KX4SGE15400,1224.0,2.0,2448.0,797.39,43.78,516.53,118.95,67.8,122.4,0.0,142.68,31.91,26.91,5.83,31.91,可增投
2026-08,B0DQZWB77C,KX4SGE15800,1217.13,2.0,2434.26,1019.24,43.78,513.63,141.62,73.31,121.71,0.0,83.31,21.4,16.4,3.42,21.4,可增投
2026-08,B0G7JVVRK2,KX4SGE17300,1217.13,2.0,2434.26,1228.54,59.1,513.63,163.21,68.14,121.71,0.0,33.05,11.5,6.5,1.36,11.5,可增投
2026-08,B0H6WC8Q7C,KX4SGE17300,1217.13,2.0,2434.26,1228.54,59.1,513.63,163.21,68.14,121.71,0.0,0.0,11.5,6.5,0.0,11.5,可增投
2026-08,B0F6LVFPSB,PT4SGE20300,808.86,3.0,2426.58,866.74,52.58,512.01,125.78,131.94,121.33,0.0,105.75,25.39,20.39,4.36,25.39,可增投
2026-08,B0H6XCDWXV,PT4SGE24700,1203.53,2.0,2407.06,1251.33,75.62,507.89,165.15,64.06,120.35,0.0,12.11,9.25,4.25,0.5,9.25,可增投
2026-08,B0DWMVF21W,PT4SGE21100,598.4,4.0,2393.6,1097.24,71.64,505.05,149.06,288.59,119.68,0.0,20.33,6.78,1.78,0.85,6.78,可增投
2026-08,B0H9Q561F6,KC4SGE04300,792.68,3.0,2378.03,1219.62,62.4,501.76,161.44,107.34,118.9,0.0,0.0,8.69,3.69,0.0,8.69,可增投
2026-08,B0GR4FJPJC,KC4SGE00500,1176.4,2.0,2352.8,1195.56,50.97,496.44,158.58,48.45,117.64,0.0,17.07,12.12,7.12,0.73,12.12,可增投
2026-08,B0H6WLTB7W,KC4PSP18200,1155.93,2.0,2311.86,908.07,146.61,487.8,128.32,98.62,115.59,0.0,41.55,18.46,13.46,1.8,18.46,可增投
2026-08,B0DSF696TB,KC4SGE01200,1149.47,2.0,2298.94,1010.13,52.83,485.08,138.65,113.52,114.95,0.0,62.97,16.69,11.69,2.74,16.69,可增投
2026-08,B0D14DZSF4,KC4SGE05100,1149.2,2.0,2298.4,1201.99,84.24,484.96,158.43,93.27,114.92,0.0,26.52,6.99,1.99,1.15,6.99,可增投
2026-08,B0DWMWXN5W,KX4SGE10100,1142.4,2.0,2284.8,1073.1,38.97,482.09,144.94,82.66,114.24,0.0,55.56,15.27,10.27,2.43,15.27,可增投
2026-08,B0GR4TMSHC,KC4SGE04700,1142.4,2.0,2284.8,945.98,56.92,482.09,131.83,54.22,114.24,0.0,32.23,21.86,16.86,1.41,21.86,可增投
2026-08,B0CF5F916G,KC4PSP17600,1135.8,2.0,2271.61,984.67,40.47,479.31,135.62,57.54,113.58,0.0,200.82,20.27,15.27,8.84,20.27,可增投
2026-08,B0GR454Y3M,KC4PSP17500,1128.8,2.0,2257.6,979.43,40.29,476.35,134.87,201.84,112.88,0.0,18.5,13.82,8.82,0.82,13.82,可增投
2026-08,B0F6Y8GRD1,KC4PSP17000,1122.0,2.0,2244.0,1086.82,98.94,473.48,145.74,75.51,112.2,0.0,24.75,11.2,6.2,1.1,11.2,可增投
2026-08,B0DR1582JY,KX4SGE11700,1109.96,2.0,2219.93,849.34,77.15,468.4,120.89,50.39,111.0,0.0,76.23,24.45,19.45,3.43,24.45,可增投
2026-08,B0DM98SRX6,KC4PSP18200,1108.88,2.0,2217.75,908.07,146.61,467.95,126.91,98.62,110.89,0.0,5.98,16.17,11.17,0.27,16.17,可增投
2026-08,B0CN6XCKMD,KC4PSP17500,1098.13,2.0,2196.26,979.43,40.29,463.41,133.95,201.84,109.81,0.0,85.48,12.18,7.18,3.89,12.18,可增投
2026-08,B0GQZFR5GF,KX4SGE09100,1098.13,2.0,2196.26,1203.54,66.66,463.41,157.06,75.25,109.81,0.0,16.32,5.49,0.49,0.74,5.49,接近平衡线
2026-08,B0GQZJJ997,KX4SGE08300,1094.8,2.0,2189.6,921.97,46.9,462.01,127.92,71.23,109.48,0.0,31.35,20.56,15.56,1.43,20.56,可增投
2026-08,B0GSD5QBTT,OO4SGE35200,1094.8,2.0,2189.6,1183.36,50.22,462.01,154.88,84.86,109.48,0.0,31.83,6.61,1.61,1.45,6.61,可增投
2026-08,B0F6LQ1KNV,KX4SGE14500,1090.18,2.0,2180.35,890.99,91.66,460.05,124.59,62.13,109.02,0.0,33.32,20.27,15.27,1.53,20.27,可增投
2026-08,B0FCXR51DX,KC4SGE02500,1088.0,2.0,2176.0,949.28,56.94,459.14,130.53,60.98,108.8,0.0,26.93,18.86,13.86,1.24,18.86,可增投
2026-08,B0GQZBK3H6,KC4PSP16100,1074.4,2.0,2148.8,758.55,79.27,453.4,110.46,52.45,107.44,0.0,42.16,27.33,22.33,1.96,27.33,可增投
2026-08,B0DWMW8QBM,PT4SGE23900,711.96,3.0,2135.88,826.98,58.69,450.67,117.32,73.73,106.79,0.0,80.93,23.49,18.49,3.79,23.49,可增投
2026-08,B0D5VM1FST,KC4PSP17500,1067.53,2.0,2135.06,979.43,40.29,450.5,133.03,201.84,106.75,0.0,30.53,10.45,5.45,1.43,10.45,可增投
2026-08,B0DPCVYND6,KC4SGE03000,530.4,4.0,2121.6,792.09,77.0,447.66,113.51,87.48,106.08,0.0,69.57,23.46,18.46,3.28,23.46,可增投
2026-08,B0H6WJZR7L,KX4SGE15400,1060.73,2.0,2121.46,797.39,43.78,447.63,114.05,67.8,106.07,0.0,23.87,25.68,20.68,1.13,25.68,可增投
2026-08,B0H6WKKXKW,KX4SGE14500,1060.73,2.0,2121.46,890.99,91.66,447.63,123.71,62.13,106.07,0.0,5.1,18.82,13.82,0.24,18.82,可增投
2026-08,B0FCXKTPVG,PT4SGE19300,1053.93,2.0,2107.86,487.19,106.24,444.76,81.86,40.46,105.39,0.0,42.98,39.94,34.94,2.04,39.94,可增投
2026-08,B0CF3W37F1,KC4PSP18000,1049.72,2.0,2099.43,1101.41,65.5,442.98,145.07,48.56,104.97,0.0,0.0,9.09,4.09,0.0,9.09,可增投
2026-08,B0GR51CJ8M,OO4SGE37000,1040.4,2.0,2080.8,928.01,186.47,439.05,126.91,64.24,104.04,0.0,45.56,11.15,6.15,2.19,11.15,可增投
2026-08,B0GYCDWN3C,KX4SGE15400,1036.52,2.0,2073.05,797.39,43.78,437.41,113.33,67.8,103.65,0.0,12.65,24.59,19.59,0.61,24.59,可增投
2026-08,B0GQZM88B7,KX4SGE08400,1033.6,2.0,2067.2,880.94,50.72,436.18,121.85,62.36,103.36,0.0,15.64,19.92,14.92,0.76,19.92,可增投
2026-08,B0HF3FGMZD,KX4SGE07700,2033.2,1.0,2033.2,790.96,51.77,429.01,112.07,36.48,101.66,0.0,2.52,25.15,20.15,0.12,25.15,可增投
2026-08,B0GQZG8LSC,PT4SGE22500,1013.2,2.0,2026.4,891.2,45.79,427.57,122.3,81.8,101.32,0.0,6.6,17.59,12.59,0.33,17.59,可增投
2026-08,B0GR2S1K2W,PT4SGE27900,1013.2,2.0,2026.4,922.51,44.09,427.57,125.53,64.12,101.32,0.0,11.02,16.84,11.84,0.54,16.84,可增投
2026-08,B0H6WDYZVD,KX4SGE12200,1006.33,2.0,2012.66,976.65,79.67,424.67,130.91,47.89,100.63,0.0,69.23,12.53,7.53,3.44,12.53,可增投
2026-08,B0DWMTG6H3,PT4SGE26800,999.6,2.0,1999.2,864.94,41.97,421.83,119.19,73.86,99.96,0.0,66.99,18.88,13.88,3.35,18.88,可增投
2026-08,B0DPQLLN9D,KC4SGE00100,497.01,4.0,1988.05,893.55,72.92,419.48,121.97,153.78,99.4,0.0,496.85,11.42,6.42,24.99,11.42,高于平衡线，需优化
2026-08,B0F6LJ961H,KX4SGE10400,984.64,2.0,1969.28,805.44,42.48,415.52,112.6,72.83,98.46,0.0,49.51,21.43,16.43,2.51,21.43,可增投
2026-08,B0GQZH1RRD,KX4SGE10600,972.4,2.0,1944.8,784.88,39.94,410.35,110.11,70.04,97.24,0.0,12.65,22.23,17.23,0.65,22.23,可增投
2026-08,B0F6LQYD4F,PT4SGE22200,965.6,2.0,1931.2,757.74,109.42,407.48,107.11,65.98,96.56,0.0,18.84,20.03,15.03,0.98,20.03,可增投
2026-08,B0H6WHS9SC,OO4SGE34000,965.53,2.0,1931.06,973.45,41.3,407.45,129.35,85.77,96.55,0.0,34.27,10.21,5.21,1.77,10.21,可增投
2026-08,B0H9LQCWMB,OO4SGE34000,965.53,2.0,1931.06,973.45,41.3,407.45,129.35,85.77,96.55,0.0,4.08,10.21,5.21,0.21,10.21,可增投
2026-08,B0DPCWN73Z,KX4SGE17700,961.32,2.0,1922.63,763.3,51.92,405.68,107.55,55.83,96.13,0.0,188.51,23.0,18.0,9.8,23.0,可增投
2026-08,B0H9LQTMD4,OO4SGE36600,951.93,2.0,1903.86,889.0,41.16,401.72,120.24,60.88,95.19,0.0,0.0,15.53,10.53,0.0,15.53,可增投
2026-08,B0H6WBQ8GH,KX4SGE07700,1883.53,1.0,1883.53,790.96,51.77,397.43,109.82,36.48,94.18,0.0,83.1,21.39,16.39,4.41,21.39,可增投
2026-08,B0F673DP4W,KC4PSP16000,931.6,2.0,1863.2,925.41,106.72,393.14,123.38,78.65,93.16,0.0,13.74,7.66,2.66,0.74,7.66,可增投
2026-08,B0GR4NBCFX,PT4SGE26700,931.6,2.0,1863.2,823.4,46.18,393.14,112.86,47.61,93.16,0.0,24.82,18.62,13.62,1.33,18.62,可增投
2026-08,B0H6WR8LPM,KX4SGE08500,931.53,2.0,1863.06,902.65,170.99,393.11,121.03,64.36,93.15,0.0,38.83,6.32,1.32,2.08,6.32,接近平衡线
2026-08,B0DQ1593RH,KX4SGE10600,924.73,2.0,1849.46,784.88,39.94,390.24,108.68,70.04,92.47,0.0,19.59,19.64,14.64,1.06,19.64,可增投
2026-08,B0H6WDBZGV,KC4SGE02700,917.93,2.0,1835.86,834.54,76.56,387.37,113.6,75.77,91.79,0.0,0.0,13.96,8.96,0.0,13.96,可增投
2026-08,B0F9P4R1H4,KX4SGE10700,916.5,2.0,1833.01,749.27,35.49,386.76,104.76,61.36,91.65,0.0,4.42,22.02,17.02,0.24,22.02,可增投
2026-08,B0F9P3352C,KX4SGE08600,911.2,2.0,1822.4,844.6,112.56,384.53,114.44,53.02,91.12,0.0,72.43,12.19,7.19,3.97,12.19,可增投
2026-08,B0FLY5WTN1,KX4SGE07900,1808.8,1.0,1808.8,754.08,49.51,381.66,104.9,49.11,90.44,0.0,50.94,20.96,15.96,2.82,20.96,可增投
2026-08,B0GR4CBL7C,KX4SGE14700,897.6,2.0,1795.2,823.59,48.81,378.79,111.86,84.24,89.76,0.0,10.13,14.38,9.38,0.56,14.38,可增投
2026-08,B0GR39CKDS,KC4SGE05500,591.6,3.0,1774.8,702.09,59.54,374.48,99.03,70.21,88.74,0.0,161.9,21.45,16.45,9.12,21.45,可增投
2026-08,B0HF6ZGR74,OO4SGE36000,1761.2,1.0,1761.2,653.15,40.5,371.61,93.77,40.42,88.06,0.0,0.0,26.89,21.89,0.0,26.89,可增投
2026-08,B0DWMSHL7S,PT4SGE19600,584.8,3.0,1754.4,743.55,78.58,370.18,102.99,111.08,87.72,0.0,102.55,14.84,9.84,5.85,14.84,可增投
2026-08,B0DSZQ5BCN,KX4SGE09200,863.67,2.0,1727.34,923.26,68.48,364.47,121.12,86.09,86.37,0.0,55.7,4.49,0.0,3.22,4.49,接近平衡线
2026-08,B0H6WMYKNQ,PT4SGE19400,863.53,2.0,1727.06,494.47,49.76,364.41,76.9,81.79,86.35,0.0,96.43,33.2,28.2,5.58,33.2,可增投
2026-08,B0GR4B355M,KC4SGE00900,1686.4,1.0,1686.4,672.04,41.28,355.83,94.6,40.26,84.32,0.0,23.12,23.6,18.6,1.37,23.6,可增投
2026-08,B0HF72WTP5,OO4SGE36900,1686.4,1.0,1686.4,560.71,33.83,355.83,83.12,32.8,84.32,0.0,0.0,31.77,26.77,0.0,31.77,可增投
2026-08,B0H6WN611V,KC4SGE00900,1686.33,1.0,1686.33,672.04,41.28,355.82,94.6,40.26,84.32,0.0,9.45,23.6,18.6,0.56,23.6,可增投
2026-08,B0H9LSNXDL,KC4SGE00900,1686.33,1.0,1686.33,672.04,41.28,355.82,94.6,40.26,84.32,0.0,0.0,23.6,18.6,0.0,23.6,可增投
2026-08,B0H33BKRHP,KC4SGE00600,1666.0,1.0,1666.0,809.3,37.87,351.53,108.45,60.65,83.3,0.0,0.0,12.9,7.9,0.0,12.9,可增投
2026-08,B0GR4C16WD,PT4SGE19200,829.6,2.0,1659.2,488.43,39.66,350.09,75.26,55.61,82.96,0.0,22.65,34.18,29.18,1.36,34.18,可增投
2026-08,B0GTT2ZVN4,OO4SGE36000,1659.2,1.0,1659.2,653.15,40.5,350.09,92.24,40.42,82.96,0.0,219.45,24.1,19.1,13.23,24.1,可增投
2026-08,B0G7HT2H8V,KX4SGE08100,1654.03,1.0,1654.03,760.07,41.37,349.0,103.19,44.59,82.7,0.0,18.84,16.51,11.51,1.14,16.51,可增投
2026-08,B0DPCXPSCH,KC4SGE04200,822.8,2.0,1645.6,763.54,41.25,347.22,103.42,51.18,82.28,0.0,57.19,15.6,10.6,3.48,15.6,可增投
2026-08,B0GYCCJWVR,KX4SGE08100,1633.56,1.0,1633.56,760.07,41.37,344.68,102.89,44.59,81.68,0.0,3.26,15.81,10.81,0.2,15.81,可增投
2026-08,B0GR4XKFB3,KX4SGE13500,1632.0,1.0,1632.0,764.63,38.96,344.35,103.33,45.58,81.6,0.0,55.22,15.54,10.54,3.38,15.54,可增投
2026-08,B0H6WGSHB4,KX4SGE13500,1631.93,1.0,1631.93,764.63,38.96,344.34,103.33,45.58,81.6,0.0,130.64,15.53,10.53,8.01,15.53,可增投
2026-08,B0H6WPSRG8,KX4SGE08100,1631.93,1.0,1631.93,760.07,41.37,344.34,102.86,44.59,81.6,0.0,54.47,15.75,10.75,3.34,15.75,可增投
2026-08,B0H9LKTWFJ,KX4SGE13500,1631.93,1.0,1631.93,764.63,38.96,344.34,103.33,45.58,81.6,0.0,0.0,15.53,10.53,0.0,15.53,可增投
2026-08,B0H9Q828BQ,PT4SGE24100,1618.33,1.0,1618.33,740.71,36.33,341.47,100.66,38.87,80.92,0.0,0.0,17.26,12.26,0.0,17.26,可增投
2026-08,B0DWMWJS7F,PT4SGE20300,808.86,2.0,1617.72,577.82,35.06,341.34,83.85,87.96,80.89,0.0,13.13,25.39,20.39,0.81,25.39,可增投
2026-08,B0HF79TBD2,KX4SGE14000,1604.8,1.0,1604.8,658.15,36.45,338.61,91.94,41.93,80.24,0.0,16.32,22.28,17.28,1.02,22.28,可增投
2026-08,B0G7K7V3RD,KC4SGE03100,1590.25,1.0,1590.25,658.01,32.34,335.54,91.71,40.53,79.51,0.0,14.62,22.17,17.17,0.92,22.17,可增投
2026-08,B0DWMVP2YN,PT4SGE25400,1572.7,1.0,1572.7,657.36,25.32,331.84,91.38,36.83,78.64,0.0,59.3,22.34,17.34,3.77,22.34,可增投
2026-08,B0GR2JB11S,PT4SGE25400,1570.8,1.0,1570.8,657.36,25.32,331.44,91.35,36.83,78.54,0.0,22.31,22.28,17.28,1.42,22.28,可增投
2026-08,B0DSDQLG4Q,KC4SGE00800,1565.7,1.0,1565.7,624.43,32.29,330.36,87.88,49.37,78.29,0.0,44.95,23.19,18.19,2.87,23.19,可增投
2026-08,B0F66ZWC45,KX4SGE16800,782.0,2.0,1564.0,693.85,47.42,330.0,95.01,66.67,78.2,0.0,106.23,16.17,11.17,6.79,16.17,可增投
2026-08,B0FCY4HGCF,KX4SGE16800,782.0,2.0,1564.0,693.85,47.42,330.0,95.01,66.67,78.2,0.0,153.97,16.17,11.17,9.84,16.17,可增投
2026-08,B0FLY4FLYR,KX4SGE16800,782.0,2.0,1564.0,693.85,47.42,330.0,95.01,66.67,78.2,0.0,25.43,16.17,11.17,1.63,16.17,可增投
2026-08,B0F671H2XC,KX4SGE13300,1551.9,1.0,1551.9,595.38,35.38,327.45,84.68,25.51,77.59,0.0,43.05,26.16,21.16,2.77,26.16,可增投
2026-08,B0FLY4J24Z,PT4SGE26100,775.2,2.0,1550.4,487.58,47.24,327.13,73.54,57.27,77.52,0.0,58.82,30.97,25.97,3.79,30.97,可增投
2026-08,B0GR4719CR,KX4SGE13300,1550.4,1.0,1550.4,595.38,35.38,327.13,84.65,25.51,77.52,0.0,69.23,26.11,21.11,4.47,26.11,可增投
2026-08,B0F673Q69B,KC4SGE01300,1545.16,1.0,1545.16,574.23,21.59,326.03,82.4,28.07,77.26,0.0,26.73,28.19,23.19,1.73,28.19,可增投
2026-08,B0GQZJT9VW,KC4SGE01300,1543.6,1.0,1543.6,574.23,21.59,325.7,82.37,28.07,77.18,0.0,36.38,28.15,23.15,2.36,28.15,可增投
2026-08,B0H2Z33F8Z,OO4SGE36900,1536.8,1.0,1536.8,560.71,33.83,324.26,80.88,32.8,76.84,0.0,0.0,27.82,22.82,0.0,27.82,可增投
2026-08,B0H6WMTYJQ,PT4SGE25400,1529.93,1.0,1529.93,657.36,25.32,322.82,90.74,36.83,76.5,0.0,11.97,20.94,15.94,0.78,20.94,可增投
2026-08,B0HF737PVM,KX4SGE09100,1523.2,1.0,1523.2,601.77,33.33,321.4,84.91,37.63,76.16,0.0,0.0,24.16,19.16,0.0,24.16,可增投
2026-08,B0D5VQ98F7,KC4PSP15800,754.8,2.0,1509.6,683.49,58.85,318.53,93.13,68.72,75.48,0.0,65.08,14.0,9.0,4.31,14.0,可增投
2026-08,B0DPCWMZ9B,KC4PSP15800,754.8,2.0,1509.6,683.49,58.85,318.53,93.13,68.72,75.48,0.0,136.83,14.0,9.0,9.06,14.0,接近平衡线
2026-08,B0GR2V8QBG,KX4SGE12400,1502.8,1.0,1502.8,634.53,29.9,317.09,87.98,43.65,75.14,0.0,26.52,20.93,15.93,1.76,20.93,可增投
2026-08,B0DQZX34G5,KC4SGE03100,1489.13,1.0,1489.13,658.01,32.34,314.21,90.19,40.53,74.46,0.0,6.12,18.76,13.76,0.41,18.76,可增投
2026-08,B0H6WPR3YY,KX4SGE13100,1475.53,1.0,1475.53,643.08,22.14,311.34,88.45,41.87,73.78,0.0,4.08,19.98,14.98,0.28,19.98,可增投
2026-08,B0HF7415XG,KC4SGE04600,1468.8,1.0,1468.8,580.5,28.0,309.92,81.9,31.6,73.44,0.0,0.0,24.74,19.74,0.0,24.74,可增投
2026-08,B0H6WNKC1Q,KX4SGE16800,734.33,2.0,1468.66,693.85,47.42,309.89,93.58,66.67,73.43,0.0,19.86,12.52,7.52,1.35,12.52,可增投
2026-08,B0H9LTXV5X,KX4SGE16800,734.33,2.0,1468.66,693.85,47.42,309.89,93.58,66.67,73.43,0.0,14.89,12.52,7.52,1.01,12.52,可增投
2026-08,B0DPCXXGCQ,KX4SGE09300,1463.7,1.0,1463.7,711.2,60.3,308.84,95.3,26.84,73.19,0.0,40.06,12.85,7.85,2.74,12.85,可增投
2026-08,B0FCXLHG8L,PT4SGE19700,729.16,2.0,1458.33,493.85,31.58,307.71,72.8,63.18,72.92,0.0,11.56,28.55,23.55,0.79,28.55,可增投
2026-08,B0F9P34GKZ,PT4SGE19700,727.6,2.0,1455.2,493.85,31.58,307.05,72.76,63.18,72.76,0.0,23.12,28.45,23.45,1.59,28.45,可增投
2026-08,B0FQQ4LTHV,KC4SGE00700,1455.2,1.0,1455.2,659.92,21.25,307.05,89.88,36.86,72.76,0.0,13.74,18.38,13.38,0.94,18.38,可增投
2026-08,B0GR39YKFT,KC4SGE05300,727.6,2.0,1455.2,595.1,41.9,307.05,83.2,73.59,72.76,0.0,7.21,19.35,14.35,0.5,19.35,可增投
2026-08,B0GSCYWWKW,OO4SGE38800,727.6,2.0,1455.2,593.58,42.93,307.05,83.04,68.13,72.76,0.0,98.06,19.77,14.77,6.74,19.77,可增投
2026-08,B0DSZVM93Q,KX4SGE08800,1455.13,1.0,1455.13,470.78,25.87,307.03,70.38,42.97,72.76,0.0,67.87,31.98,26.98,4.66,31.98,可增投
2026-08,B0F671HGDH,KC4SGE00700,1454.86,1.0,1454.86,659.92,21.25,306.98,89.88,36.86,72.74,0.0,25.64,18.37,13.37,1.76,18.37,可增投
2026-08,B0F6LJ9VDS,KC4SGE00700,1454.86,1.0,1454.86,659.92,21.25,306.98,89.88,36.86,72.74,0.0,13.06,18.37,13.37,0.9,18.37,可增投
2026-08,B0F6LR3XNC,PT4SGE27600,1447.99,1.0,1447.99,543.7,19.36,305.53,77.79,31.67,72.4,0.0,49.17,27.46,22.46,3.4,27.46,可增投
2026-08,B0GQZFXTGB,KC4PSP18100,1434.8,1.0,1434.8,639.91,33.31,302.74,87.51,76.2,71.74,0.0,34.82,15.57,10.57,2.43,15.57,可增投
2026-08,B0GR45NK9S,KC4PSP18100,1434.8,1.0,1434.8,639.91,33.31,302.74,87.51,76.2,71.74,0.0,47.2,15.57,10.57,3.29,15.57,可增投
2026-08,B0GTTKP5RB,OO4SGE36800,1428.0,1.0,1428.0,584.07,36.31,301.31,81.65,49.31,71.4,0.0,16.39,21.28,16.28,1.15,21.28,可增投
2026-08,B0DPCXNJXG,KC4SGE03800,1408.69,1.0,1408.69,691.09,28.53,297.23,92.4,35.54,70.43,0.0,33.25,13.73,8.73,2.36,13.73,可增投
2026-08,B0F9P2YZ89,KX4SGE13200,1401.41,1.0,1401.41,644.24,27.68,295.7,87.46,30.76,70.07,0.0,9.59,17.52,12.52,0.68,17.52,可增投
2026-08,B0GR2RTL92,KX4SGE12600,1400.8,1.0,1400.8,626.47,29.76,295.57,85.62,46.02,70.04,0.0,56.04,17.66,12.66,4.0,17.66,可增投
2026-08,B0H6WFYLY8,KC4SGE03100,1400.73,1.0,1400.73,658.01,32.34,295.55,88.87,40.53,70.04,0.0,87.18,15.38,10.38,6.22,15.38,可增投
2026-08,B0H6WPMXL9,KX4SGE12600,1400.73,1.0,1400.73,626.47,29.76,295.55,85.62,46.02,70.04,0.0,73.11,17.65,12.65,5.22,17.65,可增投
2026-08,B0H6XBB7RD,KX4SGE13200,1400.73,1.0,1400.73,644.24,27.68,295.55,87.45,30.76,70.04,0.0,22.99,17.49,12.49,1.64,17.49,可增投
2026-08,B0F6LWKX3Z,KX4SGE12400,1394.41,1.0,1394.41,634.53,29.9,294.22,86.35,43.65,69.72,0.0,14.76,16.93,11.93,1.06,16.93,可增投
2026-08,B0F6734V72,KX4SGE12700,1394.0,1.0,1394.0,547.34,29.55,294.13,77.35,27.64,69.7,0.0,62.5,24.99,19.99,4.48,24.99,可增投
2026-08,B0CX1DS5ZW,KC4SGE04800,1393.93,1.0,1393.93,655.32,21.5,294.12,88.49,34.55,69.7,0.0,44.61,16.52,11.52,3.2,16.52,可增投
2026-08,B0D5VNK2F7,KC4SGE04800,1393.93,1.0,1393.93,655.32,21.5,294.12,88.49,34.55,69.7,0.0,9.59,16.52,11.52,0.69,16.52,可增投
2026-08,B0GY8CJ123,KC4PSP16200,1392.5,1.0,1392.5,609.17,89.81,293.82,83.71,39.6,69.63,0.0,9.72,14.85,9.85,0.7,14.85,可增投
2026-08,B0GR2KNS32,PT4SGE24700,1387.2,1.0,1387.2,625.66,37.81,292.7,85.33,32.03,69.36,0.0,14.76,17.61,12.61,1.06,17.61,可增投
2026-08,B0GCM38QK4,PT4SGE24700,1387.13,1.0,1387.13,625.66,37.81,292.68,85.33,32.03,69.36,0.0,25.57,17.61,12.61,1.84,17.61,可增投
2026-08,B0D2D19CXW,KC4SGE05300,691.49,2.0,1382.98,595.1,41.9,291.81,82.11,73.59,69.15,0.0,219.32,16.58,11.58,15.86,16.58,接近平衡线
2026-08,B0DPCX6ZS9,KC4SGE01400,1380.4,1.0,1380.4,876.11,27.58,291.26,111.05,42.0,69.02,0.0,46.92,-2.65,0.0,3.4,-2.65,高于平衡线，需优化
2026-08,B0H6WBX8VX,KC4SGE01300,1380.33,1.0,1380.33,574.23,21.59,291.25,79.92,28.07,69.02,0.0,13.74,22.91,17.91,1.0,22.91,可增投
2026-08,B0F673ZGGP,KX4SGE08900,1373.6,1.0,1373.6,537.74,39.06,289.83,76.06,45.95,68.68,0.0,47.54,23.03,18.03,3.46,23.03,可增投
2026-08,B0GQZBJHLY,KX4SGE08900,1373.6,1.0,1373.6,537.74,39.06,289.83,76.06,45.95,68.68,0.0,14.55,23.03,18.03,1.06,23.03,可增投
2026-08,B0H6WBQWG6,KX4SGE13300,1373.53,1.0,1373.53,595.38,35.38,289.82,82.0,25.51,68.68,0.0,23.8,20.15,15.15,1.73,20.15,可增投
2026-08,B0H9LTLVNV,KX4SGE13300,1373.53,1.0,1373.53,595.38,35.38,289.82,82.0,25.51,68.68,0.0,0.0,20.15,15.15,0.0,20.15,可增投
2026-08,B0H6WLBQ9P,PT4SGE19200,686.73,2.0,1373.46,488.43,39.66,289.8,70.97,55.61,68.67,0.0,9.72,26.23,21.23,0.71,26.23,可增投
2026-08,B0GR39T55F,KX4SGE17300,1366.8,1.0,1366.8,614.27,29.55,288.39,83.85,34.07,68.34,0.0,35.77,18.17,13.17,2.62,18.17,可增投
2026-08,B0GR42M1FL,KC4PSP18000,1366.8,1.0,1366.8,550.71,32.75,288.39,77.29,24.28,68.34,0.0,5.98,23.78,18.78,0.44,23.78,可增投
2026-08,B0H6WKXNV3,PT4SGE24900,1366.8,1.0,1366.8,748.75,22.14,288.39,97.72,48.06,68.34,0.0,6.53,6.83,1.83,0.48,6.83,可增投
2026-08,B0DL55X91S,KC4PSP17800,1360.0,1.0,1360.0,580.41,32.93,286.96,80.26,41.99,68.0,0.0,63.79,19.81,14.81,4.69,19.81,可增投
2026-08,B0GQZLS7PZ,KC4SGE04600,1360.0,1.0,1360.0,580.5,28.0,286.96,80.26,31.6,68.0,0.0,80.86,20.93,15.93,5.95,20.93,可增投
2026-08,B0GR3FTPG4,KX4SGE14900,1360.0,1.0,1360.0,536.28,23.63,286.96,75.7,37.95,68.0,0.0,22.44,24.37,19.37,1.65,24.37,可增投
2026-08,B0GR42MZ7S,PT4SGE19800,680.0,2.0,1360.0,478.53,38.06,286.96,69.75,64.35,68.0,0.0,37.47,26.05,21.05,2.76,26.05,可增投
2026-08,B0GR45X65X,KX4SGE14900,1360.0,1.0,1360.0,536.28,23.63,286.96,75.7,37.95,68.0,0.0,17.21,24.37,19.37,1.27,24.37,可增投
2026-08,B0GR4HWSV9,KX4SGE14900,1360.0,1.0,1360.0,536.28,23.63,286.96,75.7,37.95,68.0,0.0,7.14,24.37,19.37,0.53,24.37,可增投
2026-08,B0F6LRJSGY,KC4PSP18200,1354.02,1.0,1354.02,454.03,73.3,285.7,67.13,49.31,67.7,0.0,62.5,26.35,21.35,4.62,26.35,可增投
2026-08,B0DWMT7C59,PT4SGE24400,1353.2,1.0,1353.2,559.87,26.59,285.53,78.03,32.82,67.66,0.0,61.07,22.37,17.37,4.51,22.37,可增投
2026-08,B0DWMWQTGG,PT4SGE23200,1353.2,1.0,1353.2,411.5,23.8,285.53,62.73,32.08,67.66,0.0,88.07,34.73,29.73,6.51,34.73,可增投
2026-08,B0FLY5Q2JY,KC4SGE05400,1353.2,1.0,1353.2,609.13,24.26,285.53,83.11,38.26,67.66,0.0,15.85,18.12,13.12,1.17,18.12,可增投
2026-08,B0HF76HHS2,KX4SGE12400,1353.2,1.0,1353.2,634.53,29.9,285.53,85.73,43.65,67.66,0.0,4.76,15.24,10.24,0.35,15.24,可增投
2026-08,B0H6WNJXT3,PT4SGE23200,1353.13,1.0,1353.13,411.5,23.8,285.51,62.73,32.08,67.66,0.0,12.79,34.72,29.72,0.94,34.72,可增投
2026-08,B0GSD39Q7L,OO4SGE35600,1346.4,1.0,1346.4,537.52,37.47,284.09,75.63,27.24,67.32,0.0,108.2,23.55,18.55,8.04,23.55,可增投
2026-08,B0HF7119G6,OO4SGE34300,1346.4,1.0,1346.4,611.09,69.13,284.09,83.21,36.4,67.32,0.0,0.0,14.49,9.49,0.0,14.49,可增投
2026-08,B0H6XGB3TG,KC4PSP18000,1346.33,1.0,1346.33,550.71,32.75,284.08,76.99,24.28,67.32,0.0,36.72,23.04,18.04,2.73,23.04,可增投
2026-08,B0GR4L77BC,KX4SGE12100,1339.6,1.0,1339.6,505.13,20.45,282.66,72.19,31.58,66.98,0.0,35.36,26.92,21.92,2.64,26.92,可增投
2026-08,B0DR16MVLD,KX4SGE12100,1339.53,1.0,1339.53,505.13,20.45,282.64,72.18,31.58,66.98,0.0,0.0,26.92,21.92,0.0,26.92,可增投
2026-08,B0DPZK76DX,KC4SGE04800,1326.0,1.0,1326.0,655.32,21.5,279.79,87.47,34.55,66.3,0.0,35.7,13.66,8.66,2.69,13.66,可增投
2026-08,B0GTSC9PSP,OO4SGE35700,1326.0,1.0,1326.0,596.26,24.91,279.79,81.38,33.74,66.3,0.0,19.38,18.37,13.37,1.46,18.37,可增投
2026-08,B0HF847D44,OO4SGE37700,1326.0,1.0,1326.0,489.2,26.46,279.79,70.34,41.24,66.3,0.0,0.0,26.6,21.6,0.0,26.6,可增投
2026-08,B0D6LMS4WJ,KC4SGE05300,659.53,2.0,1319.06,595.1,41.9,278.32,81.16,73.59,65.95,0.0,0.0,13.88,8.88,0.0,13.88,可增投
2026-08,B0DPCXMDMM,KC4SGE04600,1311.31,1.0,1311.31,580.5,28.0,276.69,79.53,31.6,65.57,0.0,86.64,19.02,14.02,6.61,19.02,可增投
2026-08,B0DR1648XY,KX4SGE11100,1308.93,1.0,1308.93,618.53,25.48,276.18,83.42,44.26,65.45,0.0,21.63,14.94,9.94,1.65,14.94,可增投
2026-08,B0F9P2JFN9,KC4PSP16400,1305.6,1.0,1305.6,557.19,22.88,275.48,77.04,42.97,65.28,0.0,64.88,20.28,15.28,4.97,20.28,可增投
2026-08,B0FLY3X7MD,KX4SGE11100,1305.6,1.0,1305.6,618.53,25.48,275.48,83.37,44.26,65.28,0.0,0.0,14.8,9.8,0.0,14.8,可增投
2026-08,B0GR4MXRHY,KC4PSP16400,1305.6,1.0,1305.6,557.19,22.88,275.48,77.04,42.97,65.28,0.0,24.41,20.28,15.28,1.87,20.28,可增投
2026-08,B0GR4QK87D,KX4SGE11100,1305.6,1.0,1305.6,618.53,25.48,275.48,83.37,44.26,65.28,0.0,9.18,14.8,9.8,0.7,14.8,可增投
2026-08,B0H9PRYZY2,KC4SGE04600,1305.53,1.0,1305.53,580.5,28.0,275.47,79.45,31.6,65.28,0.0,0.0,18.79,13.79,0.0,18.79,可增投
2026-08,B0DSDPLJZ3,KC4PSP18000,1303.29,1.0,1303.29,550.71,32.75,274.99,76.34,24.28,65.16,0.0,38.15,21.41,16.41,2.93,21.41,可增投
2026-08,B0H6WGKPR5,OO4SGE35700,1298.73,1.0,1298.73,596.26,24.91,274.03,80.97,33.74,64.94,0.0,44.41,17.24,12.24,3.42,17.24,可增投
2026-08,B0DWMWW45F,KX4SGE12400,1292.0,1.0,1292.0,634.53,29.9,272.61,84.82,43.65,64.6,0.0,79.23,12.53,7.53,6.13,12.53,可增投
2026-08,B0GQZGPBM2,PT4SGE20800,646.0,2.0,1292.0,496.89,38.57,272.61,70.62,47.01,64.6,0.0,36.45,23.35,18.35,2.82,23.35,可增投
2026-08,B0F671Q8R8,KC4SGE01500,1285.2,1.0,1285.2,626.71,30.2,271.18,83.91,32.06,64.26,0.0,0.0,13.76,8.76,0.0,13.76,可增投
2026-08,B0GR4FRN1X,KC4SGE04800,1285.2,1.0,1285.2,655.32,21.5,271.18,86.86,34.55,64.26,0.0,22.44,11.79,6.79,1.75,11.79,可增投
2026-08,B0H6WG6FBJ,KC4SGE04800,1285.13,1.0,1285.13,655.32,21.5,271.16,86.86,34.55,64.26,0.0,53.66,11.79,6.79,4.18,11.79,可增投
2026-08,B0HF7WN6JZ,KC4SGE04300,1278.4,1.0,1278.4,406.54,20.8,269.74,61.1,35.78,63.92,0.0,0.0,32.89,27.89,0.0,32.89,可增投
2026-08,B0H6WKNBLS,KX4SGE12400,1257.93,1.0,1257.93,634.53,29.9,265.42,84.3,43.65,62.9,0.0,25.43,10.91,5.91,2.02,10.91,可增投
2026-08,B0H6WM1NCV,OO4SGE35600,1251.13,1.0,1251.13,537.52,37.47,263.99,74.2,27.24,62.56,0.0,13.81,19.83,14.83,1.1,19.83,可增投
2026-08,B0H9LRP211,KC4PSP18100,1246.3,1.0,1246.3,639.91,33.31,262.97,84.69,76.2,62.32,0.0,0.0,6.97,1.97,0.0,6.97,可增投
2026-08,B0H2Z4F2C7,KC4PSP16300,1237.6,1.0,1237.6,606.26,38.53,261.13,81.09,47.23,61.88,0.0,9.79,11.43,6.43,0.79,11.43,可增投
2026-08,B0H6WFSBT4,PT4SGE23600,1237.53,1.0,1237.53,496.48,28.78,261.12,69.76,30.68,61.88,0.0,44.34,23.34,18.34,3.58,23.34,可增投
2026-08,B0CN9J33S8,KC4PSP17000,1233.59,1.0,1233.59,543.41,49.47,260.29,74.54,37.75,61.68,0.0,11.97,16.74,11.74,0.97,16.74,可增投
2026-08,B0H6WFXQ6N,KX4SGE17100,1230.73,1.0,1230.73,484.43,20.5,259.68,68.42,36.24,61.54,0.0,0.0,24.37,19.37,0.0,24.37,可增投
2026-08,B0DWMXKTLC,PT4SGE28200,1228.69,1.0,1228.69,461.25,23.2,259.25,66.0,32.72,61.43,0.0,53.45,26.44,21.44,4.35,26.44,可增投
2026-08,B0FCY1GJ2D,PT4SGE28200,1228.69,1.0,1228.69,461.25,23.2,259.25,66.0,32.72,61.43,0.0,13.47,26.44,21.44,1.1,26.44,可增投
2026-08,B0F5324ZWR,KC4SGE03200,1224.0,1.0,1224.0,532.83,22.95,258.26,73.31,36.56,61.2,0.0,49.92,19.52,14.52,4.08,19.52,可增投
2026-08,B0GR4TWF3D,PT4SGE20800,612.0,2.0,1224.0,496.89,38.57,258.26,69.6,47.01,61.2,0.0,29.45,20.63,15.63,2.41,20.63,可增投
2026-08,B0HF3HVBLZ,OO4SGE38100,1224.0,1.0,1224.0,530.97,28.86,258.26,73.12,24.66,61.2,0.0,36.38,20.17,15.17,2.97,20.17,可增投
2026-08,B0F6LQYSQ6,KX4SGE17300,1217.13,1.0,1217.13,614.27,29.55,256.81,81.6,34.07,60.86,0.0,22.37,11.5,6.5,1.84,11.5,可增投
2026-08,B0FLXYZC67,KC4PSP18100,1217.13,1.0,1217.13,639.91,33.31,256.81,84.25,76.2,60.86,0.0,19.45,5.41,0.41,1.6,5.41,接近平衡线
2026-08,B0FH6QKKB6,KX4SGE15800,1210.4,1.0,1210.4,509.62,21.89,255.39,70.71,36.66,60.52,0.0,43.32,21.12,16.12,3.58,21.12,可增投
2026-08,B0H6WN4PXL,KC4PSP17000,1210.33,1.0,1210.33,543.41,49.47,255.38,74.19,37.75,60.52,0.0,5.1,15.67,10.67,0.42,15.67,可增投
2026-08,B0F6LPL4WY,KC4PSP16400,1203.6,1.0,1203.6,557.19,22.88,253.96,75.51,42.97,60.18,0.0,12.45,15.86,10.86,1.03,15.86,可增投
2026-08,B0GR2P2HL1,KC4SGE05200,1203.6,1.0,1203.6,507.08,23.8,253.96,70.35,41.12,60.18,0.0,7.34,20.53,15.53,0.61,20.53,可增投
2026-08,B0H2YYR6YL,PT4SGE24700,1203.6,1.0,1203.6,625.66,37.81,253.96,82.58,32.03,60.18,0.0,6.19,9.25,4.25,0.51,9.25,可增投
2026-08,B0DWMTXJNQ,PT4SGE19500,598.4,2.0,1196.8,429.04,41.16,252.52,62.2,71.62,59.84,0.0,23.05,23.43,18.43,1.93,23.43,可增投
2026-08,B0F671WTP3,PT4SGE19500,598.4,2.0,1196.8,429.04,41.16,252.52,62.2,71.62,59.84,0.0,125.27,23.43,18.43,10.47,23.43,可增投
2026-08,B0GQZCYLNP,PT4SGE18600,598.4,2.0,1196.8,483.88,37.83,252.52,67.85,56.52,59.84,0.0,56.85,19.92,14.92,4.75,19.92,可增投
2026-08,B0GQZP4YW1,KX4SGE10300,1196.8,1.0,1196.8,518.81,23.05,252.52,71.45,41.99,59.84,0.0,18.29,19.15,14.15,1.53,19.15,可增投
2026-08,B0GR4GKLF4,KX4SGE10300,1196.8,1.0,1196.8,518.81,23.05,252.52,71.45,41.99,59.84,0.0,47.33,19.15,14.15,3.95,19.15,可增投
2026-08,B0GR4KG17D,KX4SGE17100,1196.8,1.0,1196.8,484.43,20.5,252.52,67.91,36.24,59.84,0.0,10.4,23.01,18.01,0.87,23.01,可增投
2026-08,B0DWMVST5H,PT4SGE20500,597.99,2.0,1195.98,494.11,40.15,252.35,68.89,63.42,59.8,0.0,55.56,18.17,13.17,4.65,18.17,可增投
2026-08,B0DPCX6MJR,KC4SGE03900,1190.0,1.0,1190.0,725.66,33.39,251.09,92.68,37.84,59.5,0.0,25.84,-0.85,0.0,2.17,-0.85,高于平衡线，需优化
2026-08,B0GQZDB9RJ,KX4SGE10900,1190.0,1.0,1190.0,519.05,32.38,251.09,71.38,38.04,59.5,0.0,71.61,18.37,13.37,6.02,18.37,可增投
2026-08,B0F6LJCHXW,KC4SGE05500,591.6,2.0,1183.2,468.06,39.69,249.66,66.02,46.81,59.16,0.0,49.3,21.45,16.45,4.17,21.45,可增投
2026-08,B0GR4BH1YQ,KC4SGE05500,591.6,2.0,1183.2,468.06,39.69,249.66,66.02,46.81,59.16,0.0,29.51,21.45,16.45,2.49,21.45,可增投
2026-08,B0H6WHFGV8,KC4SGE00500,1176.33,1.0,1176.33,597.78,25.49,248.21,79.29,24.22,58.82,0.0,5.44,12.12,7.12,0.46,12.12,可增投
2026-08,B0CSYFB6P2,KC4PSP18200,1162.8,1.0,1162.8,454.03,73.3,245.35,64.26,49.31,58.14,0.0,48.08,18.78,13.78,4.13,18.78,可增投
2026-08,B0DPCXSHJ8,KX4SGE09700,1162.8,1.0,1162.8,490.24,33.35,245.35,68.0,35.81,58.14,0.0,144.99,19.94,14.94,12.47,19.94,可增投
2026-08,B0DSDQSMVY,KX4SGE09700,1162.8,1.0,1162.8,490.24,33.35,245.35,68.0,35.81,58.14,0.0,63.45,19.94,14.94,5.46,19.94,可增投
2026-08,B0F9P58SC6,KX4SGE15800,1156.0,1.0,1156.0,509.62,21.89,243.92,69.89,36.66,57.8,0.0,34.34,18.7,13.7,2.97,18.7,可增投
2026-08,B0FLY648TN,PT4SGE19100,578.0,2.0,1156.0,488.24,75.1,243.92,67.69,42.53,57.8,0.0,118.13,15.63,10.63,10.22,15.63,可增投
2026-08,B0GR322BJM,PT4SGE19100,578.0,2.0,1156.0,488.24,75.1,243.92,67.69,42.53,57.8,0.0,79.5,15.63,10.63,6.88,15.63,可增投
2026-08,B0GR3ZQG93,KC4SGE01500,1156.0,1.0,1156.0,626.71,30.2,243.92,81.97,32.06,57.8,0.0,1.36,7.21,2.21,0.12,7.21,可增投
2026-08,B0F66ZGCVQ,KX4SGE09200,1151.17,1.0,1151.17,461.63,34.24,242.9,64.87,43.05,57.56,0.0,110.24,21.45,16.45,9.58,21.45,可增投
2026-08,B0F9P2Q85P,KC4PSP17100,1149.34,1.0,1149.34,531.87,27.41,242.51,72.09,33.68,57.47,0.0,49.37,16.04,11.04,4.3,16.04,可增投
2026-08,B0DL56LYF8,KC4PSP16900,1149.2,1.0,1149.2,544.62,32.01,242.48,73.4,27.29,57.46,0.0,22.44,14.96,9.96,1.95,14.96,可增投
2026-08,B0CM6LF2PG,KC4PSP17400,1143.01,1.0,1143.01,560.7,29.22,241.18,74.97,23.4,57.15,0.0,8.7,13.68,8.68,0.76,13.68,可增投
2026-08,B0CPFCXGMR,KC4PSP17400,1142.06,1.0,1142.06,560.7,29.22,240.97,74.95,23.4,57.1,0.0,59.1,13.63,8.63,5.17,13.63,可增投
2026-08,B0F671XPRK,KX4SGE08800,1135.6,1.0,1135.6,470.78,25.87,239.61,65.58,42.97,56.78,0.0,29.92,20.61,15.61,2.63,20.61,可增投
2026-08,B0H2Z2C29H,PT4SGE27000,1135.6,1.0,1135.6,460.12,27.65,239.61,64.48,74.09,56.78,0.0,0.0,18.75,13.75,0.0,18.75,可增投
2026-08,B0CM987JTK,KC4PSP17200,1130.5,1.0,1130.5,531.09,96.78,238.54,71.73,26.62,56.53,0.0,31.08,9.66,4.66,2.75,9.66,可增投
2026-08,B0F531Y2YC,KC4PSP16800,1128.8,1.0,1128.8,455.96,23.11,238.18,63.95,20.89,56.44,0.0,26.11,23.94,18.94,2.31,23.94,可增投
2026-08,B0GR4V1436,KX4SGE12900,1122.0,1.0,1122.0,456.56,23.19,236.74,63.91,34.28,56.1,0.0,42.57,22.39,17.39,3.79,22.39,可增投
2026-08,B0H6WGBZ8Q,KX4SGE09100,1122.0,1.0,1122.0,601.77,33.33,236.74,78.89,37.63,56.1,0.0,62.77,6.91,1.91,5.59,6.91,接近平衡线
2026-08,B0HF79625S,OO4SGE37000,1122.0,1.0,1122.0,464.01,93.23,236.74,64.68,32.12,56.1,0.0,0.0,15.61,10.61,0.0,15.61,可增投
2026-08,B0GZT7KTZH,KX4SGE08900,1115.2,1.0,1115.2,537.74,39.06,235.31,72.18,45.95,55.76,0.0,0.0,11.59,6.59,0.0,11.59,可增投
2026-08,B0H6WG6J3Y,KX4SGE08900,1115.13,1.0,1115.13,537.74,39.06,235.29,72.18,45.95,55.76,0.0,19.31,11.58,6.58,1.73,11.58,可增投
2026-08,B0H9Q8M69P,KX4SGE08900,1115.13,1.0,1115.13,537.74,39.06,235.29,72.18,45.95,55.76,0.0,0.0,11.58,6.58,0.0,11.58,可增投
2026-08,B0DPCWLGG6,KX4SGE11700,1109.96,1.0,1109.96,424.67,38.57,234.2,60.44,25.19,55.5,0.0,11.42,24.45,19.45,1.03,24.45,可增投
2026-08,B0DWMVLDXS,PT4SGE21900,1109.69,1.0,1109.69,516.58,24.13,234.15,69.92,22.2,55.48,0.0,25.5,16.87,11.87,2.3,16.87,可增投
2026-08,B0GR345J7B,KC4SGE03300,1108.4,1.0,1108.4,465.65,20.5,233.87,64.65,22.92,55.42,0.0,34.82,22.14,17.14,3.14,22.14,可增投
2026-08,B0GR3G98M1,PT4SGE22800,1108.4,1.0,1108.4,444.79,21.45,233.87,62.5,80.35,55.42,0.0,25.5,18.95,13.95,2.3,18.95,可增投
2026-08,B0GR4BHBPD,PT4SGE21900,1108.4,1.0,1108.4,516.58,24.13,233.87,69.9,22.2,55.42,0.0,31.21,16.81,11.81,2.82,16.81,可增投
2026-08,B0GHYMNFKR,KX4SGE17300,1108.33,1.0,1108.33,614.27,29.55,233.86,79.97,34.07,55.42,0.0,0.0,5.52,0.52,0.0,5.52,可增投
2026-08,B0DWMX4BRG,KX4SGE15200,1094.8,1.0,1094.8,502.62,22.94,231.0,68.25,29.47,54.74,0.0,105.34,16.97,11.97,9.62,16.97,可增投
2026-08,B0F66ZGNY8,KX4SGE14500,1090.18,1.0,1090.18,445.5,45.83,230.03,62.29,31.07,54.51,0.0,112.48,20.27,15.27,10.32,20.27,可增投
2026-08,B0GTTK9SN9,OO4SGE34800,1088.0,1.0,1088.0,560.71,27.43,229.57,74.14,27.24,54.4,0.0,0.0,10.52,5.52,0.0,10.52,可增投
2026-08,B0FLY63Z5L,PT4SGE22800,1081.2,1.0,1081.2,444.79,21.45,228.13,62.09,80.35,54.06,0.0,3.06,17.6,12.6,0.28,17.6,可增投
2026-08,B0H32HH55B,KC4PSP17700,1081.2,1.0,1081.2,475.71,22.93,228.13,65.28,36.56,54.06,0.0,6.12,18.36,13.36,0.57,18.36,可增投
2026-08,B0DPCWMYZS,KC4SGE05000,1078.75,1.0,1078.75,424.42,41.09,227.62,59.95,39.9,53.94,0.0,38.76,21.49,16.49,3.59,21.49,可增投
2026-08,B0F9P2ZWVH,KX4SGE13700,1075.83,1.0,1075.83,494.7,22.59,227.0,67.15,36.79,53.79,0.0,26.39,16.15,11.15,2.45,16.15,可增投
2026-08,B0FCXRLK3L,KX4SGE13700,1075.83,1.0,1075.83,494.7,22.59,227.0,67.15,36.79,53.79,0.0,16.73,16.15,11.15,1.56,16.15,可增投
2026-08,B0F9P5S24R,KC4PSP16000,1074.6,1.0,1074.6,462.7,53.36,226.74,63.84,39.32,53.73,0.0,0.41,16.28,11.28,0.04,16.28,可增投
2026-08,B0F6LQBYQM,KC4SGE02500,1074.4,1.0,1074.4,474.64,28.47,226.7,65.06,30.49,53.72,0.0,23.12,18.18,13.18,2.15,18.18,可增投
2026-08,B0GR2TT15G,KX4SGE13700,1074.4,1.0,1074.4,494.7,22.59,226.7,67.13,36.79,53.72,0.0,14.28,16.08,11.08,1.33,16.08,可增投
2026-08,B0GR4LNWTM,KX4SGE13700,1074.4,1.0,1074.4,494.7,22.59,226.7,67.13,36.79,53.72,0.0,17.82,16.08,11.08,1.66,16.08,可增投
2026-08,B0H9PT7LNH,OO4SGE37500,1074.33,1.0,1074.33,475.93,24.8,226.68,65.2,22.65,53.72,0.0,0.0,19.12,14.12,0.0,19.12,可增投
2026-08,B0GR3YK82S,KX4SGE10100,1067.6,1.0,1067.6,536.55,19.48,225.26,71.35,41.33,53.38,0.0,20.74,11.26,6.26,1.94,11.26,可增投
2026-08,B0CN18MW7K,KC4PSP16900,1060.8,1.0,1060.8,544.62,32.01,223.83,72.08,27.29,53.04,0.0,8.23,10.18,5.18,0.78,10.18,可增投
2026-08,B0GR4395WW,KC4SGE01800,1060.8,1.0,1060.8,427.3,27.14,223.83,59.98,47.66,53.04,0.0,52.57,20.91,15.91,4.96,20.91,可增投
2026-08,B0GXYT81R6,KX4SGE10900,1060.8,1.0,1060.8,519.05,32.38,223.83,69.44,38.04,53.04,0.0,0.0,11.79,6.79,0.0,11.79,可增投
2026-08,B0DPWVY87S,KC4SGE01700,1054.0,1.0,1054.0,489.74,22.31,222.39,66.31,26.63,52.7,0.0,25.37,16.5,11.5,2.41,16.5,可增投
2026-08,B0F6LJ7BNY,KC4PSP17700,1054.0,1.0,1054.0,475.71,22.93,222.39,64.87,36.56,52.7,0.0,36.66,16.97,11.97,3.48,16.97,可增投
2026-08,B0F9P8R4SX,KC4SGE03400,1054.0,1.0,1054.0,373.28,20.95,222.39,54.3,23.74,52.7,0.0,3.13,29.09,24.09,0.3,29.09,可增投
2026-08,B0GQZ8BTP9,KC4PSP17700,1054.0,1.0,1054.0,475.71,22.93,222.39,64.87,36.56,52.7,0.0,65.69,16.97,11.97,6.23,16.97,可增投
2026-08,B0CN179KRG,KC4PSP16000,1053.93,1.0,1053.93,462.7,53.36,222.38,63.53,39.32,52.7,0.0,0.2,15.18,10.18,0.02,15.18,可增投
2026-08,B0H6WFS239,PT4SGE23100,1053.93,1.0,1053.93,523.04,22.9,222.38,69.75,48.39,52.7,0.0,24.55,10.89,5.89,2.33,10.89,可增投
2026-08,B0H6WQK99C,KX4SGE16500,1053.93,1.0,1053.93,427.16,22.54,222.38,59.86,39.5,52.7,0.0,21.29,21.8,16.8,2.02,21.8,可增投
2026-08,B0H6WR728V,KC4SGE01700,1053.93,1.0,1053.93,489.74,22.31,222.38,66.31,26.63,52.7,0.0,13.47,16.5,11.5,1.28,16.5,可增投
2026-08,B0FQP7C3MN,KX4SGE08500,1047.2,1.0,1047.2,451.33,85.5,220.96,62.25,32.18,52.36,0.0,6.26,13.62,8.62,0.6,13.62,可增投
2026-08,B0GR3ZM7FZ,PT4SGE19300,1047.2,1.0,1047.2,243.6,53.12,220.96,40.83,20.23,52.36,0.0,12.99,39.73,34.73,1.24,39.73,可增投
2026-08,B0GR4FCY4R,PT4SGE23400,1047.2,1.0,1047.2,478.57,23.5,220.96,65.06,22.22,52.36,0.0,115.81,17.62,12.62,11.06,17.62,可增投
2026-08,B0GSCYCMBG,OO4SGE34100,1047.2,1.0,1047.2,510.09,23.04,220.96,68.31,28.74,52.36,0.0,73.92,13.72,8.72,7.06,13.72,可增投
2026-08,B0FCY54KWG,KX4SGE08500,1044.0,1.0,1044.0,451.33,85.5,220.28,62.2,32.18,52.2,0.0,13.06,13.44,8.44,1.25,13.44,可增投
2026-08,B0DL574JW3,KC4PSP17200,1040.4,1.0,1040.4,531.09,96.78,219.52,70.37,26.62,52.02,0.0,25.09,4.23,0.0,2.41,4.23,接近平衡线
2026-08,B0HF4VJ9S3,OO4SGE34000,1040.4,1.0,1040.4,486.73,20.65,219.52,65.8,42.88,52.02,0.0,4.69,14.69,9.69,0.45,14.69,可增投
2026-08,B0H6WKLBTP,KC4PSP17900,1040.33,1.0,1040.33,447.6,32.19,219.51,61.76,24.9,52.02,0.0,25.77,19.45,14.45,2.48,19.45,可增投
2026-08,B0DSZS1MPG,KX4SGE12800,1033.6,1.0,1033.6,575.22,25.87,218.09,74.82,27.64,51.68,0.0,54.13,5.83,0.83,5.24,5.83,接近平衡线
2026-08,B0F6LQG5DJ,KX4SGE12700,1033.6,1.0,1033.6,547.34,29.55,218.09,71.95,27.64,51.68,0.0,47.54,8.45,3.45,4.6,8.45,接近平衡线
2026-08,B0H6WDZLHS,KX4SGE09200,1033.53,1.0,1033.53,461.63,34.24,218.08,63.11,43.05,51.68,0.0,5.3,15.65,10.65,0.51,15.65,可增投
2026-08,B0CM97Y53C,KC4PSP17100,1031.36,1.0,1031.36,531.87,27.41,217.62,70.32,33.68,51.57,0.0,0.0,9.59,4.59,0.0,9.59,可增投
2026-08,B0HF3MWYJR,OO4SGE36600,1026.8,1.0,1026.8,444.5,20.58,216.65,61.24,30.44,51.34,0.0,0.2,19.68,14.68,0.02,19.68,可增投
2026-08,B0HF739BDZ,OO4SGE36600,1026.8,1.0,1026.8,444.5,20.58,216.65,61.24,30.44,51.34,0.0,0.0,19.68,14.68,0.0,19.68,可增投
2026-08,B0FQPFJXQ1,KC4PSP17000,1020.0,1.0,1020.0,543.41,49.47,215.22,71.34,37.75,51.0,0.0,5.44,5.08,0.08,0.53,5.08,接近平衡线
2026-08,B0HDCB6XRT,KC4PSP16100,1020.0,1.0,1020.0,379.28,39.63,215.22,54.41,26.22,51.0,0.0,0.0,24.92,19.92,0.0,24.92,可增投
2026-08,B0CBS97JLD,KC4PSP16000,1017.01,1.0,1017.01,462.7,53.36,214.59,62.97,39.32,50.85,0.0,40.26,13.1,8.1,3.96,13.1,可增投
2026-08,B0GQZ5WZFL,KC4SGE02700,1013.2,1.0,1013.2,417.27,38.28,213.79,58.23,37.89,50.66,0.0,28.63,19.45,14.45,2.83,19.45,可增投
2026-08,B0H9LZFTZX,PT4SGE27900,1013.13,1.0,1013.13,461.25,22.04,213.77,62.76,32.06,50.66,0.0,0.0,16.84,11.84,0.0,16.84,可增投
2026-08,B0DWMTVB9C,PT4SGE22500,1012.38,1.0,1012.38,445.6,22.89,213.61,61.14,40.9,50.62,0.0,55.29,17.54,12.54,5.46,17.54,可增投
2026-08,B0FCY1ZRZT,PT4SGE27900,1011.3,1.0,1011.3,461.25,22.04,213.38,62.74,32.06,50.56,0.0,17.75,16.74,11.74,1.76,16.74,可增投
2026-08,B0H6WNKJCR,KC4SGE00100,503.2,2.0,1006.4,446.77,36.46,212.35,61.17,76.89,50.32,0.0,161.31,12.17,7.17,16.03,12.17,高于平衡线，需优化
2026-08,B0FCXRVNRV,KC4SGE00300,1006.33,1.0,1006.33,391.36,31.99,212.34,55.45,21.34,50.32,0.0,22.03,24.2,19.2,2.19,24.2,可增投
2026-08,B0H9LN5X55,KX4SGE12200,1006.33,1.0,1006.33,488.33,39.83,212.34,65.45,23.95,50.32,0.0,0.0,12.53,7.53,0.0,12.53,可增投
2026-08,B0GR34PLB8,KX4SGE16500,999.6,1.0,999.6,427.16,22.54,210.92,59.04,39.5,49.98,0.0,40.4,19.05,14.05,4.04,19.05,可增投
2026-08,B0CX54G77T,KC4PSP17100,998.72,1.0,998.72,531.87,27.41,210.73,69.83,33.68,49.94,0.0,0.0,7.54,2.54,0.0,7.54,可增投
2026-08,B0FCY2SJ1V,KC4SGE05000,988.72,1.0,988.72,424.42,41.09,208.62,58.6,39.9,49.44,0.0,29.04,16.86,11.86,2.94,16.86,可增投
2026-08,B0CN6CLFVC,KC4PSP17900,986.0,1.0,986.0,447.6,32.19,208.05,60.95,24.9,49.3,0.0,44.68,16.53,11.53,4.53,16.53,可增投
2026-08,B0F6MPHQ3M,KC4PSP17900,986.0,1.0,986.0,447.6,32.19,208.05,60.95,24.9,49.3,0.0,31.35,16.53,11.53,3.18,16.53,可增投
2026-08,B0DPCWWJHP,KC4SGE04900,984.64,1.0,984.64,407.72,22.27,207.76,56.82,24.43,49.23,0.0,55.97,21.98,16.98,5.68,21.98,可增投
2026-08,B0FCXQ7839,KX4SGE10400,984.64,1.0,984.64,402.72,21.24,207.76,56.3,36.41,49.23,0.0,70.45,21.43,16.43,7.16,21.43,可增投
2026-08,B0BHR38WKP,KC4PSP16900,979.13,1.0,979.13,544.62,32.01,206.6,70.85,27.29,48.96,0.0,0.0,4.99,0.0,0.0,4.99,接近平衡线
2026-08,B0GYN786H8,KC4SGE05000,978.45,1.0,978.45,424.42,41.09,206.45,58.44,39.9,48.92,0.0,0.0,16.27,11.27,0.0,16.27,可增投
2026-08,B0H9LXCDJF,KX4SGE17700,958.73,1.0,958.73,381.65,25.96,202.29,53.74,27.92,47.94,0.0,0.0,22.87,17.87,0.0,22.87,可增投
2026-08,B0F6LQTF1Y,KC4SGE02700,952.0,1.0,952.0,417.27,38.28,200.87,57.31,37.89,47.6,0.0,44.88,16.05,11.05,4.71,16.05,可增投
2026-08,B0F6LXPQZQ,KX4SGE08200,952.0,1.0,952.0,428.33,37.4,200.87,58.45,36.66,47.6,0.0,4.69,14.99,9.99,0.49,14.99,可增投
2026-08,B0F9P4CDDW,KX4SGE08200,952.0,1.0,952.0,428.33,37.4,200.87,58.45,36.66,47.6,0.0,12.79,14.99,9.99,1.34,14.99,可增投
2026-08,B0H6WCKDC2,OO4SGE36600,951.93,1.0,951.93,444.5,20.58,200.86,60.12,30.44,47.6,0.0,7.14,15.53,10.53,0.75,15.53,可增投
2026-08,B0GYN9LD8D,PT4SGE26700,946.56,1.0,946.56,411.7,23.09,199.72,56.66,23.8,47.33,0.0,0.0,19.47,14.47,0.0,19.47,可增投
2026-08,B0DQZW5FXY,KC4SGE02400,945.2,1.0,945.2,462.12,32.69,199.44,61.83,16.4,47.26,0.0,46.38,13.27,8.27,4.91,13.27,可增投
2026-08,B0DQZTVFTQ,KC4SGE03400,945.13,1.0,945.13,373.28,20.95,199.42,52.67,23.74,47.26,0.0,32.44,24.1,19.1,3.43,24.1,可增投
2026-08,B0D2D2S1WN,KC4SGE01700,936.29,1.0,936.29,489.74,22.31,197.56,64.55,26.63,46.81,0.0,0.0,9.47,4.47,0.0,9.47,可增投
2026-08,B0GR34B6Q7,PT4SGE27500,931.6,1.0,931.6,379.32,17.39,196.57,53.09,36.64,46.58,0.0,11.08,21.68,16.68,1.19,21.68,可增投
2026-08,B0CN12FKX6,KC4PSP16700,930.17,1.0,930.17,473.9,27.0,196.27,62.82,33.87,46.51,0.0,0.0,9.65,4.65,0.0,9.65,可增投
2026-08,B0DWMVBR7Q,PT4SGE27500,929.76,1.0,929.76,379.32,17.39,196.18,53.06,36.64,46.49,0.0,87.32,21.58,16.58,9.39,21.58,可增投
2026-08,B0FCY5JYPT,PT4SGE23700,925.28,1.0,925.28,386.84,19.69,195.23,53.77,25.51,46.26,0.0,14.28,21.39,16.39,1.54,21.39,可增投
2026-08,B0DPWYBZ41,KC4SGE03400,924.73,1.0,924.73,373.28,20.95,195.12,52.37,23.74,46.24,0.0,47.74,23.04,18.04,5.16,23.04,可增投
2026-08,B0H9PZKPLF,PT4SGE22800,924.73,1.0,924.73,444.79,21.45,195.12,59.74,80.35,46.24,0.0,0.0,8.33,3.33,0.0,8.33,可增投
2026-08,B0H6WDHXH5,KC4SGE01800,917.93,1.0,917.93,427.3,27.14,193.68,57.83,47.66,45.9,0.0,73.65,12.9,7.9,8.02,12.9,接近平衡线
2026-08,B0DPCWWRMM,KX4SGE10700,916.5,1.0,916.5,374.64,17.75,193.38,52.38,30.68,45.83,0.0,16.73,22.02,17.02,1.83,22.02,可增投
2026-08,B0F9P7R4ZM,KX4SGE10700,916.5,1.0,916.5,374.64,17.75,193.38,52.38,30.68,45.83,0.0,16.93,22.02,17.02,1.85,22.02,可增投
2026-08,B0GQZ8FW2P,KC4PSP15900,911.2,1.0,911.2,414.6,21.37,192.26,56.42,32.11,45.56,0.0,42.57,16.34,11.34,4.67,16.34,可增投
2026-08,B0DPCZ3SPZ,KX4SGE14700,900.66,1.0,900.66,411.8,24.4,190.04,55.98,42.12,45.03,0.0,37.47,14.58,9.58,4.16,14.58,可增投
2026-08,B0F67322ZM,KC4PSP17700,890.8,1.0,890.8,475.71,22.93,187.96,62.42,36.56,44.54,0.0,0.0,6.81,1.81,0.0,6.81,可增投
2026-08,B0H9LMRWR4,KC4PSP17700,890.73,1.0,890.73,475.71,22.93,187.94,62.42,36.56,44.54,0.0,0.0,6.81,1.81,0.0,6.81,可增投
2026-08,B0DSF2DRGY,KX4SGE10600,889.78,1.0,889.78,392.44,19.97,187.74,53.82,35.02,44.49,0.0,120.57,17.57,12.57,13.55,17.57,接近平衡线
2026-08,B0CD241Q7W,KC4PSP16700,885.84,1.0,885.84,473.9,27.0,186.91,62.16,33.87,44.29,0.0,0.0,6.51,1.51,0.0,6.51,可增投
2026-08,B0GR3B3S1F,KX4SGE16800,877.2,1.0,877.2,346.93,23.71,185.09,48.93,33.34,43.86,0.0,54.88,22.27,17.27,6.26,22.27,可增投
2026-08,B0GSCHRBZ9,OO4SGE38900,877.2,1.0,877.2,199.12,15.11,185.09,33.69,33.0,43.86,0.0,80.25,41.88,36.88,9.15,41.88,可增投
2026-08,B0CRB3J8ZW,KC4PSP16600,863.6,1.0,863.6,453.01,23.9,182.22,59.67,26.6,43.18,0.0,20.81,8.69,3.69,2.41,8.69,可增投
2026-08,B0GR4V3RNT,KC4SGE00400,856.8,1.0,856.8,385.62,20.98,180.78,52.62,24.84,42.84,0.0,22.03,17.4,12.4,2.57,17.4,可增投
2026-08,B0CF1B11W8,KC4PSP15800,850.0,1.0,850.0,341.75,29.43,179.35,47.99,34.36,42.5,0.0,19.86,20.54,15.54,2.34,20.54,可增投
2026-08,B0GR34KY99,PT4SGE26100,850.0,1.0,850.0,243.79,23.62,179.35,37.89,28.64,42.5,0.0,54.54,34.61,29.61,6.42,34.61,可增投
2026-08,B0CR1B3BYT,KC4SGE05000,845.17,1.0,845.17,424.42,41.09,178.33,56.45,39.9,42.26,0.0,0.0,7.42,2.42,0.0,7.42,可增投
2026-08,B0F674LGB2,PT4SGE19200,826.34,1.0,826.34,244.21,19.83,174.36,37.58,27.81,41.32,0.0,14.42,34.03,29.03,1.74,34.03,可增投
2026-08,B0H32K9RXY,KC4SGE00400,816.0,1.0,816.0,385.62,20.98,172.18,52.01,24.84,40.8,0.0,0.0,14.65,9.65,0.0,14.65,可增投
2026-08,B0FCXKV3P2,PT4SGE20300,808.86,1.0,808.86,288.91,17.53,170.67,41.93,43.98,40.44,0.0,32.71,25.39,20.39,4.04,25.39,可增投
2026-08,B0DWJQCQJ2,KX4SGE17400,802.33,1.0,802.33,445.92,29.92,169.29,58.02,20.71,40.12,0.0,38.7,4.78,0.0,4.82,4.78,高于平衡线，需优化
2026-08,B0H6WHND3D,OO4SGE38900,802.33,1.0,802.33,199.12,15.11,169.29,32.57,33.0,40.12,0.0,7.14,39.03,34.03,0.89,39.03,可增投
2026-08,B0H9Q5J2CY,OO4SGE38900,802.33,1.0,802.33,199.12,15.11,169.29,32.57,33.0,40.12,0.0,0.0,39.03,34.03,0.0,39.03,可增投
2026-08,B0DQ3KXSFQ,KC4SGE04300,775.2,1.0,775.2,406.54,20.8,163.57,53.55,35.78,38.76,0.0,22.92,7.25,2.25,2.96,7.25,接近平衡线
2026-08,B0GR4QK84Z,KC4SGE04300,775.2,1.0,775.2,406.54,20.8,163.57,53.55,35.78,38.76,0.0,46.79,7.25,2.25,6.04,7.25,接近平衡线
2026-08,B0GTTSGB84,OO4SGE38600,775.2,1.0,775.2,277.52,19.12,163.57,40.25,20.65,38.76,0.0,2.86,27.78,22.78,0.37,27.78,可增投
2026-08,B0DWMTY66B,PT4SGE22700,741.2,1.0,741.2,373.15,22.22,156.39,49.6,41.2,37.06,0.0,61.21,8.31,3.31,8.26,8.31,接近平衡线
2026-08,B0F671XZ98,PT4SGE26600,741.2,1.0,741.2,234.95,22.06,156.39,35.35,32.59,37.06,0.0,23.33,30.06,25.06,3.15,30.06,可增投
2026-08,B0GTTD3KYH,OO4SGE39000,727.6,1.0,727.6,284.54,14.04,153.52,40.26,21.56,36.38,0.0,56.99,24.37,19.37,7.83,24.37,可增投
2026-08,B0GTTHLTHZ,OO4SGE38800,727.6,1.0,727.6,296.79,21.47,153.52,41.52,34.06,36.38,0.0,37.68,19.77,14.77,5.18,19.77,可增投
2026-08,B0GR4GVXZM,PT4SGE21100,707.2,1.0,707.2,274.31,17.91,149.22,38.9,72.15,35.36,0.0,15.71,16.88,11.88,2.22,16.88,可增投
2026-08,B0FLY6SC71,PT4SGE19200,686.8,1.0,686.8,244.21,19.83,144.91,35.49,27.81,34.34,0.0,7.75,26.24,21.24,1.13,26.24,可增投
2026-08,B0F18R2YW4,PT4SGE19800,680.0,1.0,680.0,239.27,19.03,143.48,34.87,32.17,34.0,0.0,44.34,26.05,21.05,6.52,26.05,可增投
2026-08,B0GR492V81,PT4SGE19800,680.0,1.0,680.0,239.27,19.03,143.48,34.87,32.17,34.0,0.0,12.51,26.05,21.05,1.84,26.05,可增投
2026-08,B0DWMWLGF3,PT4SGE26300,673.2,1.0,673.2,244.19,22.13,142.05,35.28,23.67,33.66,0.0,109.01,25.58,20.58,16.19,25.58,可增投
2026-08,B0D5VL2VXB,KC4SGE05300,659.53,1.0,659.53,297.55,20.95,139.16,40.58,36.8,32.98,0.0,17.55,13.88,8.88,2.66,13.88,可增投
2026-08,B0HF3LQJXQ,PT4SGE20500,646.0,1.0,646.0,247.06,20.07,136.31,35.17,31.71,32.3,0.0,0.0,22.2,17.2,0.0,22.2,可增投
2026-08,B0HF4JGY5G,PT4SGE20500,646.0,1.0,646.0,247.06,20.07,136.31,35.17,31.71,32.3,0.0,0.0,22.2,17.2,0.0,22.2,可增投
2026-08,B0H6WQNFSR,KC4SGE05500,645.93,1.0,645.93,234.03,19.85,136.29,33.82,23.4,32.3,0.0,20.54,25.74,20.74,3.18,25.74,可增投
2026-08,B0DWMW4MXR,PT4SGE20800,642.8,1.0,642.8,248.45,19.28,135.63,35.26,23.5,32.14,0.0,69.57,23.11,18.11,10.82,23.11,可增投
2026-08,B0F671NLJ9,PT4SGE20000,639.2,1.0,639.2,247.51,26.17,134.87,35.11,104.47,31.96,0.0,50.66,9.25,4.25,7.93,9.25,接近平衡线
2026-08,B0GR4CLXDD,PT4SGE18500,632.4,1.0,632.4,242.98,21.83,133.44,34.54,17.79,31.62,0.0,60.66,23.75,18.75,9.59,23.75,可增投
2026-08,B0GR4PVZMB,PT4SGE26000,632.4,1.0,632.4,221.59,20.86,133.44,32.34,27.64,31.62,0.0,31.69,26.08,21.08,5.01,26.08,可增投
2026-08,B0F9P45CHY,PT4SGE26500,628.05,1.0,628.05,243.35,22.09,132.52,34.52,37.27,31.4,0.0,60.25,20.2,15.2,9.59,20.2,可增投
2026-08,B0DWMSF77S,PT4SGE18700,605.2,1.0,605.2,214.73,33.04,127.7,31.22,23.15,30.26,0.0,31.21,23.98,18.98,5.16,23.98,可增投
2026-08,B0GR3CK745,KC4SGE03500,605.2,1.0,605.2,211.87,19.33,127.7,30.93,21.75,30.26,0.0,103.23,26.99,21.99,17.06,26.99,可增投
2026-08,B0G2C17JDG,PT4SGE18600,598.4,1.0,598.4,241.94,18.92,126.26,33.93,28.26,29.92,0.0,38.76,19.92,14.92,6.48,19.92,可增投
2026-08,B0GR4GVZNB,PT4SGE18600,598.4,1.0,598.4,241.94,18.92,126.26,33.93,28.26,29.92,0.0,57.67,19.92,14.92,9.64,19.92,可增投
2026-08,B0H6WCHBKY,PT4SGE19500,598.33,1.0,598.33,214.52,20.58,126.25,31.1,35.81,29.92,0.0,4.08,23.43,18.43,0.68,23.43,可增投
2026-08,B0F6LTZ1PB,PT4SGE20500,597.99,1.0,597.99,247.06,20.07,126.18,34.45,31.71,29.9,0.0,16.66,18.17,13.17,2.79,18.17,可增投
2026-08,B0FCXQK488,PT4SGE20500,597.99,1.0,597.99,247.06,20.07,126.18,34.45,31.71,29.9,0.0,24.01,18.17,13.17,4.01,18.17,可增投
2026-08,B0F43P82KJ,KC4SGE05500,591.6,1.0,591.6,234.03,19.85,124.83,33.01,23.4,29.58,0.0,74.94,21.45,16.45,12.67,21.45,可增投
2026-08,B0F53BT2RC,KC4SGE05500,591.6,1.0,591.6,234.03,19.85,124.83,33.01,23.4,29.58,0.0,22.17,21.45,16.45,3.75,21.45,可增投
2026-08,B0H6WPRBFM,PT4SGE18300,584.73,1.0,584.73,242.85,16.31,123.38,33.81,23.18,29.24,0.0,28.22,19.83,14.83,4.83,19.83,可增投
2026-08,B0H6WLQHP5,PT4SGE20300,577.93,1.0,577.93,288.91,17.53,121.94,38.46,43.98,28.9,0.0,18.02,6.61,1.61,3.12,6.61,接近平衡线
2026-08,B0H9LL1JF8,PT4SGE20300,577.93,1.0,577.93,288.91,17.53,121.94,38.46,43.98,28.9,0.0,0.0,6.61,1.61,0.0,6.61,可增投
2026-08,B0H9PXVW57,PT4SGE18600,577.93,1.0,577.93,241.94,18.92,121.94,33.62,28.26,28.9,0.0,4.08,18.06,13.06,0.71,18.06,可增投
2026-08,B0DWMW85HW,PT4SGE19100,577.59,1.0,577.59,244.12,37.55,121.87,33.84,21.26,28.88,0.0,70.93,15.59,10.59,12.28,15.59,接近平衡线
2026-08,B0F6LJB2C1,PT4SGE19100,577.59,1.0,577.59,244.12,37.55,121.87,33.84,21.26,28.88,0.0,3.67,15.59,10.59,0.64,15.59,可增投
2026-08,B0GR2RS2P2,PT4SGE18300,564.4,1.0,564.4,242.85,16.31,119.09,33.51,23.18,28.22,0.0,3.06,17.94,12.94,0.54,17.94,可增投
2026-08,B0F672W45Q,PT4SGE25800,543.93,1.0,543.93,220.65,19.65,114.77,30.91,40.89,27.2,0.0,33.25,16.52,11.52,6.11,16.52,可增投
2026-08,B0FLY2W3KJ,PT4SGE18500,530.33,1.0,530.33,242.98,21.83,111.9,33.01,17.79,26.52,0.0,2.72,14.39,9.39,0.51,14.39,可增投
2026-08,B0GR4DP13M,KC4SGE03500,510.0,1.0,510.0,211.87,19.33,107.61,29.5,21.75,25.5,0.0,13.81,18.52,13.52,2.71,18.52,可增投
2026-08,B0H6W9LK57,KC4SGE03500,509.93,1.0,509.93,211.87,19.33,107.6,29.5,21.75,25.5,0.0,20.67,18.51,13.51,4.05,18.51,可增投
2026-08,B0H6WMVHPH,PT4SGE25800,509.93,1.0,509.93,220.65,19.65,107.6,30.4,40.89,25.5,0.0,30.6,12.79,7.79,6.0,12.79,可增投
2026-08,B0H9LPTCTQ,KC4SGE00100,497.15,1.0,497.15,223.39,18.23,104.9,30.49,38.44,24.86,0.0,6.8,11.43,6.43,1.37,11.43,可增投
2026-08,B0DQY58X6W,KC4SGE00100,497.01,1.0,497.01,223.39,18.23,104.87,30.49,38.44,24.85,0.0,39.72,11.42,6.42,7.99,11.42,接近平衡线
2026-08,B0F673YCRF,KC4SGE00100,497.01,1.0,497.01,223.39,18.23,104.87,30.49,38.44,24.85,0.0,88.2,11.42,6.42,17.75,11.42,高于平衡线，需优化
2026-08,B0GR489418,KC4SGE00100,489.6,1.0,489.6,223.39,18.23,103.31,30.38,38.44,24.48,0.0,51.62,10.49,5.49,10.54,10.49,高于平衡线，需优化
2026-08,B0BHQZD6R9,KC4PSP16000,,0.0,0.0,0.0,0.0,0.0,0.0,0.0,0.0,0.0,0.0,,,,,数据不足
2026-08,B0BHTGVBRB,KC4PSP17700,,0.0,0.0,0.0,0.0,0.0,0.0,0.0,0.0,0.0,11.9,,,,,数据不足
2026-08,B0BHTJ9G48,KC4PSP16600,,0.0,0.0,0.0,0.0,0.0,0.0,0.0,0.0,0.0,0.0,,,,,数据不足
2026-08,B0BJKK2MLP,KC4PSP17100,,0.0,0.0,0.0,0.0,0.0,0.0,0.0,0.0,0.0,2.18,,,,,数据不足
2026-08,B0BJV5L526,KC4PSP16900,,0.0,0.0,0.0,0.0,0.0,0.0,0.0,0.0,0.0,0.0,,,,,数据不足
2026-08,B0BJV9CPXG,KC4PSP15900,,0.0,0.0,0.0,0.0,0.0,0.0,0.0,0.0,0.0,15.3,,,,,数据不足
2026-08,B0BL2DLJ95,KC4PSP16100,,0.0,0.0,0.0,0.0,0.0,0.0,0.0,0.0,0.0,0.0,,,,,数据不足
2026-08,B0BL72L8YZ,KC4PSP17300,,0.0,0.0,0.0,0.0,0.0,0.0,0.0,0.0,0.0,0.0,,,,,数据不足
2026-08,B0C1SCBX65,KC4PSP16500,,0.0,0.0,0.0,0.0,0.0,0.0,0.0,0.0,0.0,0.0,,,,,数据不足
2026-08,B0C3HK9H5Y,KC4PSP15900,,0.0,0.0,0.0,0.0,0.0,0.0,0.0,0.0,0.0,3.26,,,,,数据不足
2026-08,B0C5MW5NDQ,KC4PSP16800,,0.0,0.0,0.0,0.0,0.0,0.0,0.0,0.0,0.0,0.0,,,,,数据不足
2026-08,B0CB7XJ2GM,KC4SGE00900,,0.0,0.0,0.0,0.0,0.0,0.0,0.0,0.0,0.0,43.66,,,,,数据不足
2026-08,B0CBPGBTFN,KC4PSP17100,,0.0,0.0,0.0,0.0,0.0,0.0,0.0,0.0,0.0,0.0,,,,,数据不足
2026-08,B0CBPGMQHF,KC4PSP16000,,0.0,0.0,0.0,0.0,0.0,0.0,0.0,0.0,0.0,7.82,,,,,数据不足
2026-08,B0CBS7ZS3K,KC4PSP17400,,0.0,0.0,0.0,0.0,0.0,0.0,0.0,0.0,0.0,0.0,,,,,数据不足
2026-08,B0CBTPY4F2,KC4PSP16400,,0.0,0.0,0.0,0.0,0.0,0.0,0.0,0.0,0.0,0.0,,,,,数据不足
2026-08,B0CBTRBNK1,KC4PSP17200,,0.0,0.0,0.0,0.0,0.0,0.0,0.0,0.0,0.0,0.0,,,,,数据不足
2026-08,B0CBTSR963,KC4PSP18200,,0.0,0.0,0.0,0.0,0.0,0.0,0.0,0.0,0.0,44.0,,,,,数据不足
2026-08,B0CCSCLCSS,KC4PSP15800,,0.0,0.0,0.0,0.0,0.0,0.0,0.0,0.0,0.0,16.8,,,,,数据不足
2026-08,B0CCVBJN1C,KC4SGE00300,,0.0,0.0,0.0,0.0,0.0,0.0,0.0,0.0,0.0,0.0,,,,,数据不足
2026-08,B0CD25HG2B,KC4SGE00100,,0.0,0.0,0.0,0.0,0.0,0.0,0.0,0.0,0.0,0.0,,,,,数据不足
2026-08,B0CD7VLYWQ,KC4PSP17600,,0.0,0.0,0.0,0.0,0.0,0.0,0.0,0.0,0.0,0.0,,,,,数据不足
2026-08,B0CDWMF62P,KC4PSP17700,,0.0,0.0,0.0,0.0,0.0,0.0,0.0,0.0,0.0,6.39,,,,,数据不足
2026-08,B0CDWP5MP4,KC4PSP17000,,0.0,0.0,0.0,0.0,0.0,0.0,0.0,0.0,0.0,0.0,,,,,数据不足
2026-08,B0CF1CTWGV,KC4PSP17100,,0.0,0.0,0.0,0.0,0.0,0.0,0.0,0.0,0.0,0.0,,,,,数据不足
2026-08,B0CF2G6GQZ,KC4PSP16700,,0.0,0.0,0.0,0.0,0.0,0.0,0.0,0.0,0.0,0.0,,,,,数据不足
2026-08,B0CF4CQ7SK,KC4PSP17400,,0.0,0.0,0.0,0.0,0.0,0.0,0.0,0.0,0.0,0.0,,,,,数据不足
2026-08,B0CF59QVS8,KC4SGE01300,,0.0,0.0,0.0,0.0,0.0,0.0,0.0,0.0,0.0,0.0,,,,,数据不足
2026-08,B0CFF3SMT8,KC4PSP18200,,0.0,0.0,0.0,0.0,0.0,0.0,0.0,0.0,0.0,2.58,,,,,数据不足
2026-08,B0CGMF52M4,KC4PSP17300,,0.0,0.0,0.0,0.0,0.0,0.0,0.0,0.0,0.0,0.0,,,,,数据不足
2026-08,B0CGMFTFJ5,KC4PSP16000,,0.0,0.0,0.0,0.0,0.0,0.0,0.0,0.0,0.0,0.0,,,,,数据不足
2026-08,B0CHRY9LFW,KC4SGE00400,,0.0,0.0,0.0,0.0,0.0,0.0,0.0,0.0,0.0,0.0,,,,,数据不足
2026-08,B0CM5J3D3R,KC4PSP18100,,0.0,0.0,0.0,0.0,0.0,0.0,0.0,0.0,0.0,0.0,,,,,数据不足
2026-08,B0CM5KXCBC,KC4PSP17000,,0.0,0.0,0.0,0.0,0.0,0.0,0.0,0.0,0.0,0.0,,,,,数据不足
2026-08,B0CM5M5Y9P,KC4PSP17100,,0.0,0.0,0.0,0.0,0.0,0.0,0.0,0.0,0.0,33.12,,,,,数据不足
2026-08,B0CM6MYFV2,KC4PSP17700,,0.0,0.0,0.0,0.0,0.0,0.0,0.0,0.0,0.0,2.24,,,,,数据不足
2026-08,B0CM8VCS3W,KC4PSP18200,,0.0,0.0,0.0,0.0,0.0,0.0,0.0,0.0,0.0,0.0,,,,,数据不足
2026-08,B0CM8XGPG9,KC4SGE01300,,0.0,0.0,0.0,0.0,0.0,0.0,0.0,0.0,0.0,0.0,,,,,数据不足
2026-08,B0CM98RGTF,KC4PSP16100,,0.0,0.0,0.0,0.0,0.0,0.0,0.0,0.0,0.0,0.0,,,,,数据不足
2026-08,B0CM98WTYV,KC4PSP16000,,0.0,0.0,0.0,0.0,0.0,0.0,0.0,0.0,0.0,0.0,,,,,数据不足
2026-08,B0CM99BGZD,KC4PSP18200,,0.0,0.0,0.0,0.0,0.0,0.0,0.0,0.0,0.0,0.0,,,,,数据不足
2026-08,B0CM9B1YL9,KC4SGE00300,,0.0,0.0,0.0,0.0,0.0,0.0,0.0,0.0,0.0,0.0,,,,,数据不足
2026-08,B0CM9B9ZBS,KC4SGE01700,,0.0,0.0,0.0,0.0,0.0,0.0,0.0,0.0,0.0,0.0,,,,,数据不足
2026-08,B0CM9BBVKZ,KC4PSP17300,,0.0,0.0,0.0,0.0,0.0,0.0,0.0,0.0,0.0,0.0,,,,,数据不足
2026-08,B0CM9BQJX2,KC4SGE01200,,0.0,0.0,0.0,0.0,0.0,0.0,0.0,0.0,0.0,0.0,,,,,数据不足
2026-08,B0CM9HLMNP,KC4PSP18000,,0.0,0.0,0.0,0.0,0.0,0.0,0.0,0.0,0.0,0.0,,,,,数据不足
2026-08,B0CN127282,KC4PSP18200,,0.0,0.0,0.0,0.0,0.0,0.0,0.0,0.0,0.0,0.0,,,,,数据不足
2026-08,B0CN138TN6,KC4PSP17500,,0.0,0.0,0.0,0.0,0.0,0.0,0.0,0.0,0.0,0.0,,,,,数据不足
2026-08,B0CN13GFRJ,KC4PSP16200,,0.0,0.0,0.0,0.0,0.0,0.0,0.0,0.0,0.0,0.0,,,,,数据不足
2026-08,B0CN1487MF,KC4PSP16300,,0.0,0.0,0.0,0.0,0.0,0.0,0.0,0.0,0.0,0.0,,,,,数据不足
2026-08,B0CN14FJP6,KC4PSP16500,,0.0,0.0,0.0,0.0,0.0,0.0,0.0,0.0,0.0,0.0,,,,,数据不足
2026-08,B0CN14KWCH,KC4PSP18000,,0.0,0.0,0.0,0.0,0.0,0.0,0.0,0.0,0.0,0.0,,,,,数据不足
2026-08,B0CN14M1B4,KC4PSP16800,,0.0,0.0,0.0,0.0,0.0,0.0,0.0,0.0,0.0,20.33,,,,,数据不足
2026-08,B0CN15GSSJ,KC4PSP16700,,0.0,0.0,0.0,0.0,0.0,0.0,0.0,0.0,0.0,0.0,,,,,数据不足
2026-08,B0CN15ZVKL,KC4PSP16200,,0.0,0.0,0.0,0.0,0.0,0.0,0.0,0.0,0.0,0.0,,,,,数据不足
2026-08,B0CN16BJH1,KC4PSP16500,,0.0,0.0,0.0,0.0,0.0,0.0,0.0,0.0,0.0,0.0,,,,,数据不足
2026-08,B0CN16BX1P,KC4PSP17300,,0.0,0.0,0.0,0.0,0.0,0.0,0.0,0.0,0.0,37.13,,,,,数据不足
2026-08,B0CN16M9RX,KC4PSP17600,,0.0,0.0,0.0,0.0,0.0,0.0,0.0,0.0,0.0,0.0,,,,,数据不足
2026-08,B0CN16WLHC,KC4PSP18100,,0.0,0.0,0.0,0.0,0.0,0.0,0.0,0.0,0.0,13.4,,,,,数据不足
2026-08,B0CN1742GF,KC4PSP17200,,0.0,0.0,0.0,0.0,0.0,0.0,0.0,0.0,0.0,0.0,,,,,数据不足
2026-08,B0CN17T7DS,KC4PSP18000,,0.0,0.0,0.0,0.0,0.0,0.0,0.0,0.0,0.0,0.0,,,,,数据不足
2026-08,B0CN18DYWC,KC4PSP16200,,0.0,0.0,0.0,0.0,0.0,0.0,0.0,0.0,0.0,0.0,,,,,数据不足
2026-08,B0CN18G4KY,KC4PSP17500,,0.0,0.0,0.0,0.0,0.0,0.0,0.0,0.0,0.0,0.0,,,,,数据不足
2026-08,B0CN18RQBG,KC4SGE01000,,0.0,0.0,0.0,0.0,0.0,0.0,0.0,0.0,0.0,0.0,,,,,数据不足
2026-08,B0CN6CPCGN,KC4PSP16600,,0.0,0.0,0.0,0.0,0.0,0.0,0.0,0.0,0.0,2.52,,,,,数据不足
2026-08,B0CN6CTMXS,KC4PSP16200,,0.0,0.0,0.0,0.0,0.0,0.0,0.0,0.0,0.0,0.0,,,,,数据不足
2026-08,B0CN6VQ8ZR,KC4PSP17800,,0.0,0.0,0.0,0.0,0.0,0.0,0.0,0.0,0.0,0.0,,,,,数据不足
2026-08,B0CN6WBH73,KC4PSP17400,,0.0,0.0,0.0,0.0,0.0,0.0,0.0,0.0,0.0,0.0,,,,,数据不足
2026-08,B0CN6WX6L3,KC4PSP18200,,0.0,0.0,0.0,0.0,0.0,0.0,0.0,0.0,0.0,0.0,,,,,数据不足
2026-08,B0CN9C2CYX,KC4PSP18000,,0.0,0.0,0.0,0.0,0.0,0.0,0.0,0.0,0.0,0.0,,,,,数据不足
2026-08,B0CN9DF84F,KC4PSP18100,,0.0,0.0,0.0,0.0,0.0,0.0,0.0,0.0,0.0,0.0,,,,,数据不足
2026-08,B0CN9F1FVY,KC4PSP16000,,0.0,0.0,0.0,0.0,0.0,0.0,0.0,0.0,0.0,5.1,,,,,数据不足
2026-08,B0CN9F4H38,KC4PSP17300,,0.0,0.0,0.0,0.0,0.0,0.0,0.0,0.0,0.0,0.0,,,,,数据不足
2026-08,B0CN9F6LTF,KC4SGE00400,,0.0,0.0,0.0,0.0,0.0,0.0,0.0,0.0,0.0,18.97,,,,,数据不足
2026-08,B0CN9G78G2,KC4PSP15800,,0.0,0.0,0.0,0.0,0.0,0.0,0.0,0.0,0.0,0.0,,,,,数据不足
2026-08,B0CN9GPBF4,KC4PSP16100,,0.0,0.0,0.0,0.0,0.0,0.0,0.0,0.0,0.0,0.0,,,,,数据不足
2026-08,B0CNKBY7KX,KC4SGE00400,,0.0,0.0,0.0,0.0,0.0,0.0,0.0,0.0,0.0,0.0,,,,,数据不足
2026-08,B0CNKDRQ69,KC4PSP18200,,0.0,0.0,0.0,0.0,0.0,0.0,0.0,0.0,0.0,0.0,,,,,数据不足
2026-08,B0CNKF8XSM,KC4SGE04200,,0.0,0.0,0.0,0.0,0.0,0.0,0.0,0.0,0.0,0.0,,,,,数据不足
2026-08,B0CP22PCQC,KC4SGE01600,,0.0,0.0,0.0,0.0,0.0,0.0,0.0,0.0,0.0,0.0,,,,,数据不足
2026-08,B0CP22T895,KC4PSP17000,,0.0,0.0,0.0,0.0,0.0,0.0,0.0,0.0,0.0,0.0,,,,,数据不足
2026-08,B0CP23HY13,KC4PSP16500,,0.0,0.0,0.0,0.0,0.0,0.0,0.0,0.0,0.0,4.42,,,,,数据不足
2026-08,B0CP23K6DB,KC4PSP16700,,0.0,0.0,0.0,0.0,0.0,0.0,0.0,0.0,0.0,0.0,,,,,数据不足
2026-08,B0CP24GBPW,KC4PSP17600,,0.0,0.0,0.0,0.0,0.0,0.0,0.0,0.0,0.0,0.0,,,,,数据不足
2026-08,B0CP24LPPZ,KC4PSP16600,,0.0,0.0,0.0,0.0,0.0,0.0,0.0,0.0,0.0,0.0,,,,,数据不足
2026-08,B0CP3PT94H,KC4PSP17400,,0.0,0.0,0.0,0.0,0.0,0.0,0.0,0.0,0.0,0.0,,,,,数据不足
2026-08,B0CP3Q1M6Z,KC4SGE00500,,0.0,0.0,0.0,0.0,0.0,0.0,0.0,0.0,0.0,0.0,,,,,数据不足
2026-08,B0CP3QH3W5,KC4PSP17200,,0.0,0.0,0.0,0.0,0.0,0.0,0.0,0.0,0.0,0.0,,,,,数据不足
2026-08,B0CP3SZD61,KC4PSP15800,,0.0,0.0,0.0,0.0,0.0,0.0,0.0,0.0,0.0,0.0,,,,,数据不足
2026-08,B0CP3TZ8JK,KC4PSP17700,,0.0,0.0,0.0,0.0,0.0,0.0,0.0,0.0,0.0,0.0,,,,,数据不足
2026-08,B0CP4PKXTR,KC4PSP16100,,0.0,0.0,0.0,0.0,0.0,0.0,0.0,0.0,0.0,0.0,,,,,数据不足
2026-08,B0CPF6QQNV,KC4SGE00400,,0.0,0.0,0.0,0.0,0.0,0.0,0.0,0.0,0.0,0.0,,,,,数据不足
2026-08,B0CPF71DFB,KC4PSP16100,,0.0,0.0,0.0,0.0,0.0,0.0,0.0,0.0,0.0,0.0,,,,,数据不足
2026-08,B0CPF7F4QL,KC4SGE03400,,0.0,0.0,0.0,0.0,0.0,0.0,0.0,0.0,0.0,10.68,,,,,数据不足
2026-08,B0CPHPVTR4,KC4PSP16100,,0.0,0.0,0.0,0.0,0.0,0.0,0.0,0.0,0.0,0.0,,,,,数据不足
2026-08,B0CPLYQPPW,KC4PSP17100,,0.0,0.0,0.0,0.0,0.0,0.0,0.0,0.0,0.0,12.24,,,,,数据不足
2026-08,B0CPLZN7R3,KC4PSP17400,,0.0,0.0,0.0,0.0,0.0,0.0,0.0,0.0,0.0,0.0,,,,,数据不足
2026-08,B0CPLZP16V,KC4PSP17700,,0.0,0.0,0.0,0.0,0.0,0.0,0.0,0.0,0.0,0.0,,,,,数据不足
2026-08,B0CPLZT789,KC4SGE03400,,0.0,0.0,0.0,0.0,0.0,0.0,0.0,0.0,0.0,0.0,,,,,数据不足
2026-08,B0CPLZXQ14,KC4SGE03400,,0.0,0.0,0.0,0.0,0.0,0.0,0.0,0.0,0.0,19.18,,,,,数据不足
2026-08,B0CPLZYXGY,KC4SGE01600,,0.0,0.0,0.0,0.0,0.0,0.0,0.0,0.0,0.0,0.0,,,,,数据不足
2026-08,B0CPM1G454,KC4PSP16700,,0.0,0.0,0.0,0.0,0.0,0.0,0.0,0.0,0.0,0.0,,,,,数据不足
2026-08,B0CPM1ZY2P,KC4PSP16500,,0.0,0.0,0.0,0.0,0.0,0.0,0.0,0.0,0.0,0.0,,,,,数据不足
2026-08,B0CPM2KRK3,KC4PSP17100,,0.0,0.0,0.0,0.0,0.0,0.0,0.0,0.0,0.0,0.0,,,,,数据不足
2026-08,B0CQX36FZ2,KC4PSP17400,,0.0,0.0,0.0,0.0,0.0,0.0,0.0,0.0,0.0,0.0,,,,,数据不足
2026-08,B0CQYS2SH3,KC4SGE00100,,0.0,0.0,0.0,0.0,0.0,0.0,0.0,0.0,0.0,0.0,,,,,数据不足
2026-08,B0CQYS4C9Y,KC4PSP17900,,0.0,0.0,0.0,0.0,0.0,0.0,0.0,0.0,0.0,0.0,,,,,数据不足
2026-08,B0CQYSLSZN,KC4SGE01700,,0.0,0.0,0.0,0.0,0.0,0.0,0.0,0.0,0.0,0.0,,,,,数据不足
2026-08,B0CQYSPWWG,KC4PSP15900,,0.0,0.0,0.0,0.0,0.0,0.0,0.0,0.0,0.0,5.17,,,,,数据不足
2026-08,B0CQYSTBJZ,KC4PSP16400,,0.0,0.0,0.0,0.0,0.0,0.0,0.0,0.0,0.0,0.0,,,,,数据不足
2026-08,B0CQYT2T4W,KC4SGE01100,,0.0,0.0,0.0,0.0,0.0,0.0,0.0,0.0,0.0,0.0,,,,,数据不足
2026-08,B0CQYT9QVX,KC4SGE03400,,0.0,0.0,0.0,0.0,0.0,0.0,0.0,0.0,0.0,21.01,,,,,数据不足
2026-08,B0CQYV24BD,KC4PSP18000,,0.0,0.0,0.0,0.0,0.0,0.0,0.0,0.0,0.0,0.0,,,,,数据不足
2026-08,B0CQYVJJLW,KC4PSP17100,,0.0,0.0,0.0,0.0,0.0,0.0,0.0,0.0,0.0,0.0,,,,,数据不足
2026-08,B0CQYVR54J,KC4SGE01600,,0.0,0.0,0.0,0.0,0.0,0.0,0.0,0.0,0.0,0.0,,,,,数据不足
2026-08,B0CR178P4G,KC4SGE03000,,0.0,0.0,0.0,0.0,0.0,0.0,0.0,0.0,0.0,0.0,,,,,数据不足
2026-08,B0CR18HZJC,KC4SGE05300,,0.0,0.0,0.0,0.0,0.0,0.0,0.0,0.0,0.0,17.41,,,,,数据不足
2026-08,B0CR18XR8H,KC4SGE04300,,0.0,0.0,0.0,0.0,0.0,0.0,0.0,0.0,0.0,0.0,,,,,数据不足
2026-08,B0CR18XSVX,KC4SGE05200,,0.0,0.0,0.0,0.0,0.0,0.0,0.0,0.0,0.0,0.0,,,,,数据不足
2026-08,B0CR1D5PD5,KC4SGE03100,,0.0,0.0,0.0,0.0,0.0,0.0,0.0,0.0,0.0,0.0,,,,,数据不足
2026-08,B0CR3TDNS1,KC4SGE04200,,0.0,0.0,0.0,0.0,0.0,0.0,0.0,0.0,0.0,0.0,,,,,数据不足
2026-08,B0CR42YFR6,KC4SGE04700,,0.0,0.0,0.0,0.0,0.0,0.0,0.0,0.0,0.0,0.0,,,,,数据不足
2026-08,B0CRB2FJJY,KC4PSP18100,,0.0,0.0,0.0,0.0,0.0,0.0,0.0,0.0,0.0,0.0,,,,,数据不足
2026-08,B0CRB2FJK9,KC4SGE04600,,0.0,0.0,0.0,0.0,0.0,0.0,0.0,0.0,0.0,0.0,,,,,数据不足
2026-08,B0CRB2NSNX,KC4SGE05200,,0.0,0.0,0.0,0.0,0.0,0.0,0.0,0.0,0.0,0.0,,,,,数据不足
2026-08,B0CRB2W852,KC4PSP16800,,0.0,0.0,0.0,0.0,0.0,0.0,0.0,0.0,0.0,58.62,,,,,数据不足
2026-08,B0CRB2YR83,KC4PSP18200,,0.0,0.0,0.0,0.0,0.0,0.0,0.0,0.0,0.0,0.0,,,,,数据不足
2026-08,B0CRB38T48,KC4SGE03000,,0.0,0.0,0.0,0.0,0.0,0.0,0.0,0.0,0.0,22.92,,,,,数据不足
2026-08,B0CRB3GRMS,KC4SGE04800,,0.0,0.0,0.0,0.0,0.0,0.0,0.0,0.0,0.0,0.0,,,,,数据不足
2026-08,B0CRB3RHZ2,KC4SGE01500,,0.0,0.0,0.0,0.0,0.0,0.0,0.0,0.0,0.0,0.0,,,,,数据不足
2026-08,B0CRB4BLSY,KC4SGE02500,,0.0,0.0,0.0,0.0,0.0,0.0,0.0,0.0,0.0,0.0,,,,,数据不足
2026-08,B0CRRMW2TY,KC4PSP17000,,0.0,0.0,0.0,0.0,0.0,0.0,0.0,0.0,0.0,0.0,,,,,数据不足
2026-08,B0CRYDP6CQ,KC4SGE01800,,0.0,0.0,0.0,0.0,0.0,0.0,0.0,0.0,0.0,0.0,,,,,数据不足
2026-08,B0CRYMGRST,KC4SGE03500,,0.0,0.0,0.0,0.0,0.0,0.0,0.0,0.0,0.0,0.0,,,,,数据不足
2026-08,B0CRYTL92Q,KC4SGE02500,,0.0,0.0,0.0,0.0,0.0,0.0,0.0,0.0,0.0,0.0,,,,,数据不足
2026-08,B0CSYB8ZYC,KC4PSP17100,,0.0,0.0,0.0,0.0,0.0,0.0,0.0,0.0,0.0,0.0,,,,,数据不足
2026-08,B0CSYCC57R,KC4SGE03400,,0.0,0.0,0.0,0.0,0.0,0.0,0.0,0.0,0.0,0.0,,,,,数据不足
2026-08,B0CSYL1GYB,KC4SGE01100,,0.0,0.0,0.0,0.0,0.0,0.0,0.0,0.0,0.0,0.0,,,,,数据不足
2026-08,B0CSYLR1YX,KC4SGE05000,,0.0,0.0,0.0,0.0,0.0,0.0,0.0,0.0,0.0,0.0,,,,,数据不足
2026-08,B0CSYN3FQM,KC4PSP18100,,0.0,0.0,0.0,0.0,0.0,0.0,0.0,0.0,0.0,0.0,,,,,数据不足
2026-08,B0CSZ2M6ST,KC4SGE04800,,0.0,0.0,0.0,0.0,0.0,0.0,0.0,0.0,0.0,0.0,,,,,数据不足
2026-08,B0CSZ2NKNZ,KC4PSP17900,,0.0,0.0,0.0,0.0,0.0,0.0,0.0,0.0,0.0,0.0,,,,,数据不足
2026-08,B0CTZYBD41,KC4PSP16000,,0.0,0.0,0.0,0.0,0.0,0.0,0.0,0.0,0.0,0.0,,,,,数据不足
2026-08,B0CTZYMR7H,KC4PSP16200,,0.0,0.0,0.0,0.0,0.0,0.0,0.0,0.0,0.0,0.0,,,,,数据不足
2026-08,B0CWKPGTGY,KC4SGE04300,,0.0,0.0,0.0,0.0,0.0,0.0,0.0,0.0,0.0,0.0,,,,,数据不足
2026-08,B0CX16JK94,KC4PSP15800,,0.0,0.0,0.0,0.0,0.0,0.0,0.0,0.0,0.0,75.28,,,,,数据不足
2026-08,B0CX16WZN5,KC4SGE04100,,0.0,0.0,0.0,0.0,0.0,0.0,0.0,0.0,0.0,0.0,,,,,数据不足
2026-08,B0CX1BHH55,KC4SGE04600,,0.0,0.0,0.0,0.0,0.0,0.0,0.0,0.0,0.0,0.0,,,,,数据不足
2026-08,B0CX1CBMTY,KC4SGE03000,,0.0,0.0,0.0,0.0,0.0,0.0,0.0,0.0,0.0,0.0,,,,,数据不足
2026-08,B0CX1CHLNC,KC4SGE03800,,0.0,0.0,0.0,0.0,0.0,0.0,0.0,0.0,0.0,0.0,,,,,数据不足
2026-08,B0CX1CKPYX,KC4SGE05000,,0.0,0.0,0.0,0.0,0.0,0.0,0.0,0.0,0.0,0.0,,,,,数据不足
2026-08,B0CX1CLQZ5,KC4PSP16400,,0.0,0.0,0.0,0.0,0.0,0.0,0.0,0.0,0.0,0.0,,,,,数据不足
2026-08,B0CX1DNSRM,KC4SGE02700,,0.0,0.0,0.0,0.0,0.0,0.0,0.0,0.0,0.0,24.28,,,,,数据不足
2026-08,B0CX1DX6S7,KC4PSP16900,,0.0,0.0,0.0,0.0,0.0,0.0,0.0,0.0,0.0,0.0,,,,,数据不足
2026-08,B0CX1DY43R,KC4PSP17400,,0.0,0.0,0.0,0.0,0.0,0.0,0.0,0.0,0.0,0.0,,,,,数据不足
2026-08,B0CX1DYCRD,KC4PSP18200,,0.0,0.0,0.0,0.0,0.0,0.0,0.0,0.0,0.0,0.0,,,,,数据不足
2026-08,B0CX1F1KG7,KC4SGE01300,,0.0,0.0,0.0,0.0,0.0,0.0,0.0,0.0,0.0,2.52,,,,,数据不足
2026-08,B0CX1F51V6,KC4SGE03500,,0.0,0.0,0.0,0.0,0.0,0.0,0.0,0.0,0.0,0.0,,,,,数据不足
2026-08,B0CX1F5VXT,KC4SGE02500,,0.0,0.0,0.0,0.0,0.0,0.0,0.0,0.0,0.0,0.0,,,,,数据不足
2026-08,B0CX1FW5TT,KC4SGE00300,,0.0,0.0,0.0,0.0,0.0,0.0,0.0,0.0,0.0,7.62,,,,,数据不足
2026-08,B0CX1G1XLP,KC4SGE02400,,0.0,0.0,0.0,0.0,0.0,0.0,0.0,0.0,0.0,0.0,,,,,数据不足
2026-08,B0CX1GFTP7,KC4SGE03700,,0.0,0.0,0.0,0.0,0.0,0.0,0.0,0.0,0.0,0.0,,,,,数据不足
2026-08,B0CX1GHM1R,KC4PSP16800,,0.0,0.0,0.0,0.0,0.0,0.0,0.0,0.0,0.0,0.0,,,,,数据不足
2026-08,B0CX1H6BD7,KC4PSP18000,,0.0,0.0,0.0,0.0,0.0,0.0,0.0,0.0,0.0,0.0,,,,,数据不足
2026-08,B0CX1K9R5J,KC4SGE05200,,0.0,0.0,0.0,0.0,0.0,0.0,0.0,0.0,0.0,0.0,,,,,数据不足
2026-08,B0CX4GTPFR,KC4PSP16600,,0.0,0.0,0.0,0.0,0.0,0.0,0.0,0.0,0.0,4.42,,,,,数据不足
2026-08,B0CX4KNZC7,KC4PSP16900,,0.0,0.0,0.0,0.0,0.0,0.0,0.0,0.0,0.0,5.03,,,,,数据不足
2026-08,B0CX4PC8CB,KC4PSP18200,,0.0,0.0,0.0,0.0,0.0,0.0,0.0,0.0,0.0,0.0,,,,,数据不足
2026-08,B0CX4S4V29,KC4PSP18100,,0.0,0.0,0.0,0.0,0.0,0.0,0.0,0.0,0.0,0.0,,,,,数据不足
2026-08,B0CX4TJ1VN,KC4SGE00900,,0.0,0.0,0.0,0.0,0.0,0.0,0.0,0.0,0.0,0.0,,,,,数据不足
2026-08,B0CX4TPF16,KC4SGE02400,,0.0,0.0,0.0,0.0,0.0,0.0,0.0,0.0,0.0,0.0,,,,,数据不足
2026-08,B0CX4VGCWW,KC4PSP17800,,0.0,0.0,0.0,0.0,0.0,0.0,0.0,0.0,0.0,0.0,,,,,数据不足
2026-08,B0CX4VMPMW,KC4PSP17400,,0.0,0.0,0.0,0.0,0.0,0.0,0.0,0.0,0.0,0.0,,,,,数据不足
2026-08,B0CX4VNJK1,KC4PSP16000,,0.0,0.0,0.0,0.0,0.0,0.0,0.0,0.0,0.0,0.0,,,,,数据不足
2026-08,B0CX4VWB56,KC4PSP18100,,0.0,0.0,0.0,0.0,0.0,0.0,0.0,0.0,0.0,0.0,,,,,数据不足
2026-08,B0CX4VX1Z8,KC4PSP17000,,0.0,0.0,0.0,0.0,0.0,0.0,0.0,0.0,0.0,0.0,,,,,数据不足
2026-08,B0CX4W6JZ9,KC4SGE02900,,0.0,0.0,0.0,0.0,0.0,0.0,0.0,0.0,0.0,0.0,,,,,数据不足
2026-08,B0CX4W842Q,KC4SGE03200,,0.0,0.0,0.0,0.0,0.0,0.0,0.0,0.0,0.0,6.12,,,,,数据不足
2026-08,B0CX4W8JJ2,KC4SGE03100,,0.0,0.0,0.0,0.0,0.0,0.0,0.0,0.0,0.0,0.0,,,,,数据不足
2026-08,B0CX4X1TH8,KC4SGE01300,,0.0,0.0,0.0,0.0,0.0,0.0,0.0,0.0,0.0,0.0,,,,,数据不足
2026-08,B0CX4X2XRY,KC4PSP15800,,0.0,0.0,0.0,0.0,0.0,0.0,0.0,0.0,0.0,0.0,,,,,数据不足
2026-08,B0CX4X9LRT,KC4SGE05500,,0.0,0.0,0.0,0.0,0.0,0.0,0.0,0.0,0.0,3.74,,,,,数据不足
2026-08,B0CX4XN51J,KC4SGE02500,,0.0,0.0,0.0,0.0,0.0,0.0,0.0,0.0,0.0,0.0,,,,,数据不足
2026-08,B0CX4Y118C,KC4PSP16800,,0.0,0.0,0.0,0.0,0.0,0.0,0.0,0.0,0.0,0.0,,,,,数据不足
2026-08,B0CX4YQGBK,KC4SGE03800,,0.0,0.0,0.0,0.0,0.0,0.0,0.0,0.0,0.0,0.0,,,,,数据不足
2026-08,B0CX4YQGG9,KC4PSP17700,,0.0,0.0,0.0,0.0,0.0,0.0,0.0,0.0,0.0,0.0,,,,,数据不足
2026-08,B0CX4YVCVD,KC4SGE02700,,0.0,0.0,0.0,0.0,0.0,0.0,0.0,0.0,0.0,0.0,,,,,数据不足
2026-08,B0CX4ZYC1T,KC4PSP16200,,0.0,0.0,0.0,0.0,0.0,0.0,0.0,0.0,0.0,0.0,,,,,数据不足
2026-08,B0CX51BDLL,KC4PSP16100,,0.0,0.0,0.0,0.0,0.0,0.0,0.0,0.0,0.0,0.0,,,,,数据不足
2026-08,B0CX54MGG8,KC4SGE01600,,0.0,0.0,0.0,0.0,0.0,0.0,0.0,0.0,0.0,0.0,,,,,数据不足
2026-08,B0CX56Q29K,KC4PSP17500,,0.0,0.0,0.0,0.0,0.0,0.0,0.0,0.0,0.0,0.0,,,,,数据不足
2026-08,B0CX56RHLV,KC4PSP15800,,0.0,0.0,0.0,0.0,0.0,0.0,0.0,0.0,0.0,0.0,,,,,数据不足
2026-08,B0CX58SGZS,KC4SGE02800,,0.0,0.0,0.0,0.0,0.0,0.0,0.0,0.0,0.0,0.0,,,,,数据不足
2026-08,B0CX58WJ7N,KC4PSP17800,,0.0,0.0,0.0,0.0,0.0,0.0,0.0,0.0,0.0,0.0,,,,,数据不足
2026-08,B0D13WCR3Z,KC4SGE04800,,0.0,0.0,0.0,0.0,0.0,0.0,0.0,0.0,0.0,0.0,,,,,数据不足
2026-08,B0D13WH5KW,KC4SGE03000,,0.0,0.0,0.0,0.0,0.0,0.0,0.0,0.0,0.0,68.89,,,,,数据不足
2026-08,B0D13ZBLZV,KC4PSP16200,,0.0,0.0,0.0,0.0,0.0,0.0,0.0,0.0,0.0,0.0,,,,,数据不足
2026-08,B0D1415XXY,KC4SGE05400,,0.0,0.0,0.0,0.0,0.0,0.0,0.0,0.0,0.0,0.0,,,,,数据不足
2026-08,B0D146YW8J,KC4PSP16400,,0.0,0.0,0.0,0.0,0.0,0.0,0.0,0.0,0.0,0.0,,,,,数据不足
2026-08,B0D148HRC4,KC4SGE03100,,0.0,0.0,0.0,0.0,0.0,0.0,0.0,0.0,0.0,0.0,,,,,数据不足
2026-08,B0D149F7NM,KC4PSP18200,,0.0,0.0,0.0,0.0,0.0,0.0,0.0,0.0,0.0,6.32,,,,,数据不足
2026-08,B0D14BMGJ3,KC4PSP17700,,0.0,0.0,0.0,0.0,0.0,0.0,0.0,0.0,0.0,0.0,,,,,数据不足
2026-08,B0D14F2Q6D,KC4PSP18100,,0.0,0.0,0.0,0.0,0.0,0.0,0.0,0.0,0.0,0.0,,,,,数据不足
2026-08,B0D14FCDG5,KC4SGE02800,,0.0,0.0,0.0,0.0,0.0,0.0,0.0,0.0,0.0,0.0,,,,,数据不足
2026-08,B0D2CV31V3,KC4PSP15900,,0.0,0.0,0.0,0.0,0.0,0.0,0.0,0.0,0.0,0.0,,,,,数据不足
2026-08,B0D2CZ3LYW,KC4SGE05100,,0.0,0.0,0.0,0.0,0.0,0.0,0.0,0.0,0.0,0.0,,,,,数据不足
2026-08,B0D2D15TVX,KC4PSP16000,,0.0,0.0,0.0,0.0,0.0,0.0,0.0,0.0,0.0,0.0,,,,,数据不足
2026-08,B0D2D1DKC1,KC4SGE02400,,0.0,0.0,0.0,0.0,0.0,0.0,0.0,0.0,0.0,22.37,,,,,数据不足
2026-08,B0D2D2Q921,KC4SGE00400,,0.0,0.0,0.0,0.0,0.0,0.0,0.0,0.0,0.0,0.0,,,,,数据不足
2026-08,B0D46K8KV3,KC4PSP15800,,0.0,0.0,0.0,0.0,0.0,0.0,0.0,0.0,0.0,25.5,,,,,数据不足
2026-08,B0D47266BX,KC4SGE05400,,0.0,0.0,0.0,0.0,0.0,0.0,0.0,0.0,0.0,0.0,,,,,数据不足
2026-08,B0D475253F,KC4SGE00800,,0.0,0.0,0.0,0.0,0.0,0.0,0.0,0.0,0.0,0.0,,,,,数据不足
2026-08,B0D47FDWWC,KC4PSP16200,,0.0,0.0,0.0,0.0,0.0,0.0,0.0,0.0,0.0,0.0,,,,,数据不足
2026-08,B0D48Q5L57,KC4SGE00700,,0.0,0.0,0.0,0.0,0.0,0.0,0.0,0.0,0.0,0.0,,,,,数据不足
2026-08,B0D575PRVS,KC4SGE05200,,0.0,0.0,0.0,0.0,0.0,0.0,0.0,0.0,0.0,0.0,,,,,数据不足
2026-08,B0D5764FBF,KC4SGE04600,,0.0,0.0,0.0,0.0,0.0,0.0,0.0,0.0,0.0,3.94,,,,,数据不足
2026-08,B0D576K6R6,KC4PSP17300,,0.0,0.0,0.0,0.0,0.0,0.0,0.0,0.0,0.0,0.0,,,,,数据不足
2026-08,B0D577QJ2G,KC4PSP16100,,0.0,0.0,0.0,0.0,0.0,0.0,0.0,0.0,0.0,0.0,,,,,数据不足
2026-08,B0D5785Q19,KC4SGE00900,,0.0,0.0,0.0,0.0,0.0,0.0,0.0,0.0,0.0,0.0,,,,,数据不足
2026-08,B0D5VLYGX8,KC4PSP16500,,0.0,0.0,0.0,0.0,0.0,0.0,0.0,0.0,0.0,0.0,,,,,数据不足
2026-08,B0D5VN4X6R,KC4SGE02800,,0.0,0.0,0.0,0.0,0.0,0.0,0.0,0.0,0.0,0.0,,,,,数据不足
2026-08,B0D5VN5XQW,KC4SGE03400,,0.0,0.0,0.0,0.0,0.0,0.0,0.0,0.0,0.0,3.26,,,,,数据不足
2026-08,B0D5VNG4G5,KC4PSP16000,,0.0,0.0,0.0,0.0,0.0,0.0,0.0,0.0,0.0,0.0,,,,,数据不足
2026-08,B0D5VNHDGQ,KC4PSP15800,,0.0,0.0,0.0,0.0,0.0,0.0,0.0,0.0,0.0,0.0,,,,,数据不足
2026-08,B0D5VP53XT,KC4SGE05500,,0.0,0.0,0.0,0.0,0.0,0.0,0.0,0.0,0.0,0.0,,,,,数据不足
2026-08,B0D5VPPX2C,KC4PSP16200,,0.0,0.0,0.0,0.0,0.0,0.0,0.0,0.0,0.0,8.77,,,,,数据不足
2026-08,B0D5VQB4WF,KC4PSP17800,,0.0,0.0,0.0,0.0,0.0,0.0,0.0,0.0,0.0,0.0,,,,,数据不足
2026-08,B0D5W8JFPZ,KC4SGE02900,,0.0,0.0,0.0,0.0,0.0,0.0,0.0,0.0,0.0,0.0,,,,,数据不足
2026-08,B0D6LL2QZ8,KC4SGE04900,,0.0,0.0,0.0,0.0,0.0,0.0,0.0,0.0,0.0,0.0,,,,,数据不足
2026-08,B0D6LLKT4L,KC4SGE04900,,0.0,0.0,0.0,0.0,0.0,0.0,0.0,0.0,0.0,41.42,,,,,数据不足
2026-08,B0D6LNTYTG,KC4PSP17200,,0.0,0.0,0.0,0.0,0.0,0.0,0.0,0.0,0.0,0.0,,,,,数据不足
2026-08,B0D6LPFP5Z,KC4PSP15800,,0.0,0.0,0.0,0.0,0.0,0.0,0.0,0.0,0.0,0.0,,,,,数据不足
2026-08,B0D6LRBK82,KC4SGE02500,,0.0,0.0,0.0,0.0,0.0,0.0,0.0,0.0,0.0,0.0,,,,,数据不足
2026-08,B0DL55KMRP,KC4PSP16200,,0.0,0.0,0.0,0.0,0.0,0.0,0.0,0.0,0.0,0.0,,,,,数据不足
2026-08,B0DL576PHY,KC4PSP16400,,0.0,0.0,0.0,0.0,0.0,0.0,0.0,0.0,0.0,8.23,,,,,数据不足
2026-08,B0DL57D6LW,KC4SGE02900,,0.0,0.0,0.0,0.0,0.0,0.0,0.0,0.0,0.0,4.9,,,,,数据不足
2026-08,B0DL57JF8T,KC4PSP17300,,0.0,0.0,0.0,0.0,0.0,0.0,0.0,0.0,0.0,0.0,,,,,数据不足
2026-08,B0DL583J3P,KC4PSP16100,,0.0,0.0,0.0,0.0,0.0,0.0,0.0,0.0,0.0,0.0,,,,,数据不足
2026-08,B0DL5854SM,KC4SGE03000,,0.0,0.0,0.0,0.0,0.0,0.0,0.0,0.0,0.0,0.0,,,,,数据不足
2026-08,B0DM952QZC,KC4SGE02400,,0.0,0.0,0.0,0.0,0.0,0.0,0.0,0.0,0.0,6.12,,,,,数据不足
2026-08,B0DM96BQMG,KX4SGE10200,,0.0,0.0,0.0,0.0,0.0,0.0,0.0,0.0,0.0,42.98,,,,,数据不足
2026-08,B0DM971PHY,KC4SGE04800,,0.0,0.0,0.0,0.0,0.0,0.0,0.0,0.0,0.0,0.0,,,,,数据不足
2026-08,B0DM97P24W,KC4PSP16000,,0.0,0.0,0.0,0.0,0.0,0.0,0.0,0.0,0.0,9.45,,,,,数据不足
2026-08,B0DM97PHWP,KC4SGE03300,,0.0,0.0,0.0,0.0,0.0,0.0,0.0,0.0,0.0,6.8,,,,,数据不足
2026-08,B0DM97YXJQ,KC4SGE03000,,0.0,0.0,0.0,0.0,0.0,0.0,0.0,0.0,0.0,0.0,,,,,数据不足
2026-08,B0DM9BG9J8,KX4SGE14900,,0.0,0.0,0.0,0.0,0.0,0.0,0.0,0.0,0.0,22.1,,,,,数据不足
2026-08,B0DPCVTXDB,KC4SGE01100,,0.0,0.0,0.0,0.0,0.0,0.0,0.0,0.0,0.0,4.08,,,,,数据不足
2026-08,B0DPCVYM66,KC4PSP15900,,0.0,0.0,0.0,0.0,0.0,0.0,0.0,0.0,0.0,0.0,,,,,数据不足
2026-08,B0DPCVZ4KH,KX4SGE13300,,0.0,0.0,0.0,0.0,0.0,0.0,0.0,0.0,0.0,12.85,,,,,数据不足
2026-08,B0DPCW8Q3P,KC4SGE01300,,0.0,0.0,0.0,0.0,0.0,0.0,0.0,0.0,0.0,17.75,,,,,数据不足
2026-08,B0DPCW8WHC,KC4PSP17000,,0.0,0.0,0.0,0.0,0.0,0.0,0.0,0.0,0.0,0.0,,,,,数据不足
2026-08,B0DPCW9XLC,KX4SGE08600,,0.0,0.0,0.0,0.0,0.0,0.0,0.0,0.0,0.0,0.0,,,,,数据不足
2026-08,B0DPCWF3ZC,KX4SGE13500,,0.0,0.0,0.0,0.0,0.0,0.0,0.0,0.0,0.0,0.0,,,,,数据不足
2026-08,B0DPCWJTDR,KC4SGE01600,,0.0,0.0,0.0,0.0,0.0,0.0,0.0,0.0,0.0,26.52,,,,,数据不足
2026-08,B0DPCWK1LZ,KC4SGE04100,,0.0,0.0,0.0,0.0,0.0,0.0,0.0,0.0,0.0,0.0,,,,,数据不足
2026-08,B0DPCWL9DP,KC4SGE01800,,0.0,0.0,0.0,0.0,0.0,0.0,0.0,0.0,0.0,0.0,,,,,数据不足
2026-08,B0DPCWQW36,KC4SGE03300,,0.0,0.0,0.0,0.0,0.0,0.0,0.0,0.0,0.0,31.42,,,,,数据不足
2026-08,B0DPCWR4GD,KX4SGE16800,,0.0,0.0,0.0,0.0,0.0,0.0,0.0,0.0,0.0,0.0,,,,,数据不足
2026-08,B0DPCWS9M9,KX4SGE14500,,0.0,0.0,0.0,0.0,0.0,0.0,0.0,0.0,0.0,0.0,,,,,数据不足
2026-08,B0DPCWVYHN,KC4SGE00900,,0.0,0.0,0.0,0.0,0.0,0.0,0.0,0.0,0.0,0.0,,,,,数据不足
2026-08,B0DPCWXBS4,KX4SGE10600,,0.0,0.0,0.0,0.0,0.0,0.0,0.0,0.0,0.0,0.0,,,,,数据不足
2026-08,B0DPCWY6CY,KX4SGE10400,,0.0,0.0,0.0,0.0,0.0,0.0,0.0,0.0,0.0,0.0,,,,,数据不足
2026-08,B0DPCX11BY,KC4PSP16600,,0.0,0.0,0.0,0.0,0.0,0.0,0.0,0.0,0.0,102.76,,,,,数据不足
2026-08,B0DPCX1NRX,KX4SGE16700,,0.0,0.0,0.0,0.0,0.0,0.0,0.0,0.0,0.0,0.0,,,,,数据不足
2026-08,B0DPCX1ZSQ,KC4SGE02900,,0.0,0.0,0.0,0.0,0.0,0.0,0.0,0.0,0.0,0.0,,,,,数据不足
2026-08,B0DPCX2GY3,KC4SGE05300,,0.0,0.0,0.0,0.0,0.0,0.0,0.0,0.0,0.0,0.0,,,,,数据不足
2026-08,B0DPCX2GY5,KX4SGE11100,,0.0,0.0,0.0,0.0,0.0,0.0,0.0,0.0,0.0,20.06,,,,,数据不足
2026-08,B0DPCX572T,KX4SGE08300,,0.0,0.0,0.0,0.0,0.0,0.0,0.0,0.0,0.0,0.0,,,,,数据不足
2026-08,B0DPCX75QY,KC4SGE04300,,0.0,0.0,0.0,0.0,0.0,0.0,0.0,0.0,0.0,58.14,,,,,数据不足
2026-08,B0DPCX88KX,KC4PSP17100,,0.0,0.0,0.0,0.0,0.0,0.0,0.0,0.0,0.0,39.78,,,,,数据不足
2026-08,B0DPCX9T7K,KX4SGE15400,,0.0,0.0,0.0,0.0,0.0,0.0,0.0,0.0,0.0,0.0,,,,,数据不足
2026-08,B0DPCXBW8L,KC4SGE01000,,0.0,0.0,0.0,0.0,0.0,0.0,0.0,0.0,0.0,3.06,,,,,数据不足
2026-08,B0DPCXC32D,KC4SGE02500,,0.0,0.0,0.0,0.0,0.0,0.0,0.0,0.0,0.0,15.51,,,,,数据不足
2026-08,B0DPCXCTN1,KX4SGE12900,,0.0,0.0,0.0,0.0,0.0,0.0,0.0,0.0,0.0,8.84,,,,,数据不足
2026-08,B0DPCXGLKB,KC4PSP17800,,0.0,0.0,0.0,0.0,0.0,0.0,0.0,0.0,0.0,49.78,,,,,数据不足
2026-08,B0DPCXJLRF,KC4SGE02400,,0.0,0.0,0.0,0.0,0.0,0.0,0.0,0.0,0.0,0.0,,,,,数据不足
2026-08,B0DPCXJN9S,KC4SGE00400,,0.0,0.0,0.0,0.0,0.0,0.0,0.0,0.0,0.0,0.0,,,,,数据不足
2026-08,B0DPCXK7B5,KC4SGE05200,,0.0,0.0,0.0,0.0,0.0,0.0,0.0,0.0,0.0,85.89,,,,,数据不足
2026-08,B0DPCXL6DK,KC4PSP18000,,0.0,0.0,0.0,0.0,0.0,0.0,0.0,0.0,0.0,23.73,,,,,数据不足
2026-08,B0DPCXLY1Y,KC4PSP17200,,0.0,0.0,0.0,0.0,0.0,0.0,0.0,0.0,0.0,59.3,,,,,数据不足
2026-08,B0DPCXPSCG,KX4SGE17400,,0.0,0.0,0.0,0.0,0.0,0.0,0.0,0.0,0.0,0.0,,,,,数据不足
2026-08,B0DPCXZ6MJ,KC4SGE00500,,0.0,0.0,0.0,0.0,0.0,0.0,0.0,0.0,0.0,0.0,,,,,数据不足
2026-08,B0DPCY29GS,KX4SGE10200,,0.0,0.0,0.0,0.0,0.0,0.0,0.0,0.0,0.0,57.87,,,,,数据不足
2026-08,B0DPCY7FPM,KC4PSP17300,,0.0,0.0,0.0,0.0,0.0,0.0,0.0,0.0,0.0,0.0,,,,,数据不足
2026-08,B0DPCYGFTK,KX4SGE14000,,0.0,0.0,0.0,0.0,0.0,0.0,0.0,0.0,0.0,6.32,,,,,数据不足
2026-08,B0DPCYJN57,KC4SGE02700,,0.0,0.0,0.0,0.0,0.0,0.0,0.0,0.0,0.0,0.0,,,,,数据不足
2026-08,B0DPQBT566,KC4PSP16100,,0.0,0.0,0.0,0.0,0.0,0.0,0.0,0.0,0.0,0.0,,,,,数据不足
2026-08,B0DPQF3QHK,KC4PSP16000,,0.0,0.0,0.0,0.0,0.0,0.0,0.0,0.0,0.0,0.0,,,,,数据不足
2026-08,B0DPQFYLPN,KC4PSP16400,,0.0,0.0,0.0,0.0,0.0,0.0,0.0,0.0,0.0,0.0,,,,,数据不足
2026-08,B0DPQGHBJQ,KC4PSP16300,,0.0,0.0,0.0,0.0,0.0,0.0,0.0,0.0,0.0,0.0,,,,,数据不足
2026-08,B0DPQHX41H,KC4PSP17300,,0.0,0.0,0.0,0.0,0.0,0.0,0.0,0.0,0.0,0.0,,,,,数据不足
2026-08,B0DPQJ9GVG,KC4PSP16500,,0.0,0.0,0.0,0.0,0.0,0.0,0.0,0.0,0.0,39.72,,,,,数据不足
2026-08,B0DPQKR3GQ,KC4PSP17500,,0.0,0.0,0.0,0.0,0.0,0.0,0.0,0.0,0.0,23.26,,,,,数据不足
2026-08,B0DPQKWQ6D,KC4PSP17800,,0.0,0.0,0.0,0.0,0.0,0.0,0.0,0.0,0.0,0.0,,,,,数据不足
2026-08,B0DPQMH3MY,KC4PSP18000,,0.0,0.0,0.0,0.0,0.0,0.0,0.0,0.0,0.0,0.0,,,,,数据不足
2026-08,B0DPQMKLMD,KC4PSP17200,,0.0,0.0,0.0,0.0,0.0,0.0,0.0,0.0,0.0,0.0,,,,,数据不足
2026-08,B0DPQMTRLL,KC4PSP17900,,0.0,0.0,0.0,0.0,0.0,0.0,0.0,0.0,0.0,0.0,,,,,数据不足
2026-08,B0DPQNGS4C,KC4PSP18100,,0.0,0.0,0.0,0.0,0.0,0.0,0.0,0.0,0.0,0.0,,,,,数据不足
2026-08,B0DPW7DYNF,KC4SGE00300,,0.0,0.0,0.0,0.0,0.0,0.0,0.0,0.0,0.0,5.3,,,,,数据不足
2026-08,B0DPW7JQ68,KC4SGE00200,,0.0,0.0,0.0,0.0,0.0,0.0,0.0,0.0,0.0,30.6,,,,,数据不足
2026-08,B0DPW8Q7F4,KC4SGE00400,,0.0,0.0,0.0,0.0,0.0,0.0,0.0,0.0,0.0,0.0,,,,,数据不足
2026-08,B0DPW95LBX,KC4SGE00600,,0.0,0.0,0.0,0.0,0.0,0.0,0.0,0.0,0.0,0.0,,,,,数据不足
2026-08,B0DPWBWXPB,KC4SGE00700,,0.0,0.0,0.0,0.0,0.0,0.0,0.0,0.0,0.0,0.0,,,,,数据不足
2026-08,B0DPWHYDLC,KC4SGE00900,,0.0,0.0,0.0,0.0,0.0,0.0,0.0,0.0,0.0,0.0,,,,,数据不足
2026-08,B0DPWN7YTS,KC4SGE01400,,0.0,0.0,0.0,0.0,0.0,0.0,0.0,0.0,0.0,0.0,,,,,数据不足
2026-08,B0DPWTKYNX,KC4SGE01600,,0.0,0.0,0.0,0.0,0.0,0.0,0.0,0.0,0.0,0.0,,,,,数据不足
2026-08,B0DPWTWBNV,KC4SGE02400,,0.0,0.0,0.0,0.0,0.0,0.0,0.0,0.0,0.0,26.05,,,,,数据不足
2026-08,B0DPWVKS7P,KC4SGE02800,,0.0,0.0,0.0,0.0,0.0,0.0,0.0,0.0,0.0,0.0,,,,,数据不足
2026-08,B0DPWWTKQP,KC4SGE02900,,0.0,0.0,0.0,0.0,0.0,0.0,0.0,0.0,0.0,0.2,,,,,数据不足
2026-08,B0DPWWVLC7,KC4SGE02700,,0.0,0.0,0.0,0.0,0.0,0.0,0.0,0.0,0.0,0.0,,,,,数据不足
2026-08,B0DPWYBG2D,KC4SGE03000,,0.0,0.0,0.0,0.0,0.0,0.0,0.0,0.0,0.0,39.99,,,,,数据不足
2026-08,B0DPWZDK76,KC4SGE03100,,0.0,0.0,0.0,0.0,0.0,0.0,0.0,0.0,0.0,0.0,,,,,数据不足
2026-08,B0DPX58WVJ,KC4SGE05200,,0.0,0.0,0.0,0.0,0.0,0.0,0.0,0.0,0.0,0.0,,,,,数据不足
2026-08,B0DPX6R75S,KC4SGE04100,,0.0,0.0,0.0,0.0,0.0,0.0,0.0,0.0,0.0,0.0,,,,,数据不足
2026-08,B0DPZKF5TG,KC4SGE04700,,0.0,0.0,0.0,0.0,0.0,0.0,0.0,0.0,0.0,0.0,,,,,数据不足
2026-08,B0DPZMG6B4,KC4SGE05200,,0.0,0.0,0.0,0.0,0.0,0.0,0.0,0.0,0.0,0.0,,,,,数据不足
2026-08,B0DPZMTD3C,KC4SGE04900,,0.0,0.0,0.0,0.0,0.0,0.0,0.0,0.0,0.0,0.0,,,,,数据不足
2026-08,B0DPZNJS5T,KX4SGE17700,,0.0,0.0,0.0,0.0,0.0,0.0,0.0,0.0,0.0,0.0,,,,,数据不足
2026-08,B0DPZQCD9D,KX4SGE16700,,0.0,0.0,0.0,0.0,0.0,0.0,0.0,0.0,0.0,102.28,,,,,数据不足
2026-08,B0DPZS1LTK,KX4SGE16500,,0.0,0.0,0.0,0.0,0.0,0.0,0.0,0.0,0.0,18.63,,,,,数据不足
2026-08,B0DPZSMKVJ,KX4SGE14900,,0.0,0.0,0.0,0.0,0.0,0.0,0.0,0.0,0.0,0.0,,,,,数据不足
2026-08,B0DPZVL1QL,KX4SGE14700,,0.0,0.0,0.0,0.0,0.0,0.0,0.0,0.0,0.0,0.0,,,,,数据不足
2026-08,B0DPZZNHWJ,KX4SGE10400,,0.0,0.0,0.0,0.0,0.0,0.0,0.0,0.0,0.0,31.69,,,,,数据不足
2026-08,B0DPZZS42B,KX4SGE12200,,0.0,0.0,0.0,0.0,0.0,0.0,0.0,0.0,0.0,0.0,,,,,数据不足
2026-08,B0DQ11L42D,KX4SGE12100,,0.0,0.0,0.0,0.0,0.0,0.0,0.0,0.0,0.0,0.0,,,,,数据不足
2026-08,B0DQ125CCF,KX4SGE13500,,0.0,0.0,0.0,0.0,0.0,0.0,0.0,0.0,0.0,0.0,,,,,数据不足
2026-08,B0DQ127SL9,KX4SGE13300,,0.0,0.0,0.0,0.0,0.0,0.0,0.0,0.0,0.0,40.53,,,,,数据不足
2026-08,B0DQ14QGDQ,KX4SGE10700,,0.0,0.0,0.0,0.0,0.0,0.0,0.0,0.0,0.0,0.0,,,,,数据不足
2026-08,B0DQ159KSX,KX4SGE10900,,0.0,0.0,0.0,0.0,0.0,0.0,0.0,0.0,0.0,242.84,,,,,数据不足
2026-08,B0DQ16GZVP,KX4SGE09700,,0.0,0.0,0.0,0.0,0.0,0.0,0.0,0.0,0.0,0.0,,,,,数据不足
2026-08,B0DQ1713QC,KX4SGE11700,,0.0,0.0,0.0,0.0,0.0,0.0,0.0,0.0,0.0,17.48,,,,,数据不足
2026-08,B0DQ19L6JY,KX4SGE08500,,0.0,0.0,0.0,0.0,0.0,0.0,0.0,0.0,0.0,0.0,,,,,数据不足
2026-08,B0DQ3B16QC,KC4SGE00900,,0.0,0.0,0.0,0.0,0.0,0.0,0.0,0.0,0.0,0.0,,,,,数据不足
2026-08,B0DQ3BN5J1,KC4SGE00200,,0.0,0.0,0.0,0.0,0.0,0.0,0.0,0.0,0.0,0.0,,,,,数据不足
2026-08,B0DQ3QZ92R,KC4PSP16400,,0.0,0.0,0.0,0.0,0.0,0.0,0.0,0.0,0.0,0.0,,,,,数据不足
2026-08,B0DQ3TCJK1,KC4PSP18200,,0.0,0.0,0.0,0.0,0.0,0.0,0.0,0.0,0.0,0.0,,,,,数据不足
2026-08,B0DQ4D5VHY,KC4PSP17900,,0.0,0.0,0.0,0.0,0.0,0.0,0.0,0.0,0.0,0.41,,,,,数据不足
2026-08,B0DQ4GXDN2,KC4PSP17600,,0.0,0.0,0.0,0.0,0.0,0.0,0.0,0.0,0.0,0.0,,,,,数据不足
2026-08,B0DQ55B2FJ,KX4SGE08400,,0.0,0.0,0.0,0.0,0.0,0.0,0.0,0.0,0.0,0.0,,,,,数据不足
2026-08,B0DQ5CQBB7,KX4SGE08100,,0.0,0.0,0.0,0.0,0.0,0.0,0.0,0.0,0.0,12.24,,,,,数据不足
2026-08,B0DQ5DS3XR,KC4PSP16600,,0.0,0.0,0.0,0.0,0.0,0.0,0.0,0.0,0.0,0.0,,,,,数据不足
2026-08,B0DQ5DZFZM,KX4SGE08200,,0.0,0.0,0.0,0.0,0.0,0.0,0.0,0.0,0.0,0.0,,,,,数据不足
2026-08,B0DQ5F635B,KX4SGE08000,,0.0,0.0,0.0,0.0,0.0,0.0,0.0,0.0,0.0,30.13,,,,,数据不足
2026-08,B0DQ8H2JZZ,KX4SGE09300,,0.0,0.0,0.0,0.0,0.0,0.0,0.0,0.0,0.0,0.0,,,,,数据不足
2026-08,B0DQ8LPQPC,KX4SGE11100,,0.0,0.0,0.0,0.0,0.0,0.0,0.0,0.0,0.0,0.0,,,,,数据不足
2026-08,B0DQY2R2LM,KC4SGE00200,,0.0,0.0,0.0,0.0,0.0,0.0,0.0,0.0,0.0,0.0,,,,,数据不足
2026-08,B0DQY4V77K,KC4PSP16200,,0.0,0.0,0.0,0.0,0.0,0.0,0.0,0.0,0.0,0.0,,,,,数据不足
2026-08,B0DQY512DB,KC4PSP17200,,0.0,0.0,0.0,0.0,0.0,0.0,0.0,0.0,0.0,0.0,,,,,数据不足
2026-08,B0DQY51MMH,KC4PSP17600,,0.0,0.0,0.0,0.0,0.0,0.0,0.0,0.0,0.0,0.0,,,,,数据不足
2026-08,B0DQY561Z7,KC4PSP15900,,0.0,0.0,0.0,0.0,0.0,0.0,0.0,0.0,0.0,0.0,,,,,数据不足
2026-08,B0DQY5BX1Q,KC4PSP18100,,0.0,0.0,0.0,0.0,0.0,0.0,0.0,0.0,0.0,0.0,,,,,数据不足
2026-08,B0DQY5LGZ1,KC4PSP15800,,0.0,0.0,0.0,0.0,0.0,0.0,0.0,0.0,0.0,33.12,,,,,数据不足
2026-08,B0DQY5PNYT,KC4PSP17700,,0.0,0.0,0.0,0.0,0.0,0.0,0.0,0.0,0.0,0.0,,,,,数据不足
2026-08,B0DQY5T2RQ,KC4PSP17500,,0.0,0.0,0.0,0.0,0.0,0.0,0.0,0.0,0.0,5.1,,,,,数据不足
2026-08,B0DQY5XZHZ,KC4PSP16000,,0.0,0.0,0.0,0.0,0.0,0.0,0.0,0.0,0.0,0.0,,,,,数据不足
2026-08,B0DQY6KDSS,KC4PSP16700,,0.0,0.0,0.0,0.0,0.0,0.0,0.0,0.0,0.0,0.0,,,,,数据不足
2026-08,B0DQY6LPWW,KC4PSP16100,,0.0,0.0,0.0,0.0,0.0,0.0,0.0,0.0,0.0,0.0,,,,,数据不足
2026-08,B0DQY6TD6C,KC4PSP18200,,0.0,0.0,0.0,0.0,0.0,0.0,0.0,0.0,0.0,0.0,,,,,数据不足
2026-08,B0DQY86821,KC4PSP17300,,0.0,0.0,0.0,0.0,0.0,0.0,0.0,0.0,0.0,0.0,,,,,数据不足
2026-08,B0DQY8CJ2L,KC4PSP17100,,0.0,0.0,0.0,0.0,0.0,0.0,0.0,0.0,0.0,0.0,,,,,数据不足
2026-08,B0DQZRQMR5,KX4SGE16700,,0.0,0.0,0.0,0.0,0.0,0.0,0.0,0.0,0.0,0.0,,,,,数据不足
2026-08,B0DQZRRW8M,KC4SGE00900,,0.0,0.0,0.0,0.0,0.0,0.0,0.0,0.0,0.0,0.0,,,,,数据不足
2026-08,B0DQZS99BC,KC4SGE00700,,0.0,0.0,0.0,0.0,0.0,0.0,0.0,0.0,0.0,0.0,,,,,数据不足
2026-08,B0DQZS9NTG,KC4SGE02800,,0.0,0.0,0.0,0.0,0.0,0.0,0.0,0.0,0.0,11.49,,,,,数据不足
2026-08,B0DQZSHPDZ,KC4SGE00800,,0.0,0.0,0.0,0.0,0.0,0.0,0.0,0.0,0.0,0.0,,,,,数据不足
2026-08,B0DQZTR7TZ,KC4SGE03300,,0.0,0.0,0.0,0.0,0.0,0.0,0.0,0.0,0.0,0.0,,,,,数据不足
2026-08,B0DQZTSY6V,KC4SGE05400,,0.0,0.0,0.0,0.0,0.0,0.0,0.0,0.0,0.0,43.25,,,,,数据不足
2026-08,B0DQZV4K6K,KC4SGE00600,,0.0,0.0,0.0,0.0,0.0,0.0,0.0,0.0,0.0,0.0,,,,,数据不足
2026-08,B0DQZV53GG,KC4SGE04800,,0.0,0.0,0.0,0.0,0.0,0.0,0.0,0.0,0.0,0.0,,,,,数据不足
2026-08,B0DQZVHMQN,KC4SGE01800,,0.0,0.0,0.0,0.0,0.0,0.0,0.0,0.0,0.0,0.0,,,,,数据不足
2026-08,B0DQZVT6JV,KC4SGE01300,,0.0,0.0,0.0,0.0,0.0,0.0,0.0,0.0,0.0,23.05,,,,,数据不足
2026-08,B0DQZW2C1Q,KC4SGE04200,,0.0,0.0,0.0,0.0,0.0,0.0,0.0,0.0,0.0,13.26,,,,,数据不足
2026-08,B0DQZWJCFH,KC4SGE00400,,0.0,0.0,0.0,0.0,0.0,0.0,0.0,0.0,0.0,0.0,,,,,数据不足
2026-08,B0DQZWMH13,KC4SGE05300,,0.0,0.0,0.0,0.0,0.0,0.0,0.0,0.0,0.0,0.0,,,,,数据不足
2026-08,B0DQZWXBL5,KC4SGE04100,,0.0,0.0,0.0,0.0,0.0,0.0,0.0,0.0,0.0,0.0,,,,,数据不足
2026-08,B0DQZWXRX3,KC4PSP16500,,0.0,0.0,0.0,0.0,0.0,0.0,0.0,0.0,0.0,0.0,,,,,数据不足
2026-08,B0DQZWZ38L,KX4SGE16500,,0.0,0.0,0.0,0.0,0.0,0.0,0.0,0.0,0.0,0.0,,,,,数据不足
2026-08,B0DQZWZSFM,KC4SGE02900,,0.0,0.0,0.0,0.0,0.0,0.0,0.0,0.0,0.0,0.0,,,,,数据不足
2026-08,B0DQZX2CXP,KC4SGE03000,,0.0,0.0,0.0,0.0,0.0,0.0,0.0,0.0,0.0,12.38,,,,,数据不足
2026-08,B0DQZX7L79,KC4SGE05100,,0.0,0.0,0.0,0.0,0.0,0.0,0.0,0.0,0.0,10.74,,,,,数据不足
2026-08,B0DQZXZWV1,KC4SGE01000,,0.0,0.0,0.0,0.0,0.0,0.0,0.0,0.0,0.0,0.0,,,,,数据不足
2026-08,B0DQZYK9KK,KC4SGE00300,,0.0,0.0,0.0,0.0,0.0,0.0,0.0,0.0,0.0,0.0,,,,,数据不足
2026-08,B0DR14RD2F,KC4SGE04600,,0.0,0.0,0.0,0.0,0.0,0.0,0.0,0.0,0.0,0.0,,,,,数据不足
2026-08,B0DR157SSK,KX4SGE13500,,0.0,0.0,0.0,0.0,0.0,0.0,0.0,0.0,0.0,0.0,,,,,数据不足
2026-08,B0DR1582JR,KX4SGE13700,,0.0,0.0,0.0,0.0,0.0,0.0,0.0,0.0,0.0,0.0,,,,,数据不足
2026-08,B0DR158F59,KX4SGE08200,,0.0,0.0,0.0,0.0,0.0,0.0,0.0,0.0,0.0,29.31,,,,,数据不足
2026-08,B0DR16VDGY,KX4SGE14900,,0.0,0.0,0.0,0.0,0.0,0.0,0.0,0.0,0.0,0.0,,,,,数据不足
2026-08,B0DR17PR85,KX4SGE14500,,0.0,0.0,0.0,0.0,0.0,0.0,0.0,0.0,0.0,21.56,,,,,数据不足
2026-08,B0DR1F3YDP,KX4SGE09300,,0.0,0.0,0.0,0.0,0.0,0.0,0.0,0.0,0.0,0.0,,,,,数据不足
2026-08,B0DR1JGJJF,KC4SGE01400,,0.0,0.0,0.0,0.0,0.0,0.0,0.0,0.0,0.0,0.0,,,,,数据不足
2026-08,B0DR1V4YFW,KX4SGE09700,,0.0,0.0,0.0,0.0,0.0,0.0,0.0,0.0,0.0,0.0,,,,,数据不足
2026-08,B0DR1V71K3,KX4SGE14700,,0.0,0.0,0.0,0.0,0.0,0.0,0.0,0.0,0.0,0.0,,,,,数据不足
2026-08,B0DR1XX4CV,KX4SGE10600,,0.0,0.0,0.0,0.0,0.0,0.0,0.0,0.0,0.0,31.76,,,,,数据不足
2026-08,B0DR211Y69,KX4SGE08000,,0.0,0.0,0.0,0.0,0.0,0.0,0.0,0.0,0.0,0.0,,,,,数据不足
2026-08,B0DR232T5S,KX4SGE17300,,0.0,0.0,0.0,0.0,0.0,0.0,0.0,0.0,0.0,0.0,,,,,数据不足
2026-08,B0DR2335TW,KX4SGE10900,,0.0,0.0,0.0,0.0,0.0,0.0,0.0,0.0,0.0,0.0,,,,,数据不足
2026-08,B0DR234TXG,KX4SGE08500,,0.0,0.0,0.0,0.0,0.0,0.0,0.0,0.0,0.0,0.0,,,,,数据不足
2026-08,B0DSDJV4NR,KX4SGE14000,,0.0,0.0,0.0,0.0,0.0,0.0,0.0,0.0,0.0,45.77,,,,,数据不足
2026-08,B0DSDKVX4J,KX4SGE18000,,0.0,0.0,0.0,0.0,0.0,0.0,0.0,0.0,0.0,15.64,,,,,数据不足
2026-08,B0DSDN54CH,KX4SGE08400,,0.0,0.0,0.0,0.0,0.0,0.0,0.0,0.0,0.0,29.38,,,,,数据不足
2026-08,B0DSDP1VWQ,KC4SGE05300,,0.0,0.0,0.0,0.0,0.0,0.0,0.0,0.0,0.0,36.18,,,,,数据不足
2026-08,B0DSDP4HXC,KC4SGE04300,,0.0,0.0,0.0,0.0,0.0,0.0,0.0,0.0,0.0,17.27,,,,,数据不足
2026-08,B0DSDPMZT6,KX4SGE17400,,0.0,0.0,0.0,0.0,0.0,0.0,0.0,0.0,0.0,5.3,,,,,数据不足
2026-08,B0DSDPQQBJ,KC4SGE05100,,0.0,0.0,0.0,0.0,0.0,0.0,0.0,0.0,0.0,0.0,,,,,数据不足
2026-08,B0DSDQD8KV,KC4SGE00100,,0.0,0.0,0.0,0.0,0.0,0.0,0.0,0.0,0.0,0.0,,,,,数据不足
2026-08,B0DSDRZYNV,KC4SGE00900,,0.0,0.0,0.0,0.0,0.0,0.0,0.0,0.0,0.0,0.0,,,,,数据不足
2026-08,B0DSDS1MD1,KX4SGE14900,,0.0,0.0,0.0,0.0,0.0,0.0,0.0,0.0,0.0,11.76,,,,,数据不足
2026-08,B0DSF3YM3M,KX4SGE08500,,0.0,0.0,0.0,0.0,0.0,0.0,0.0,0.0,0.0,0.0,,,,,数据不足
2026-08,B0DSPPMDT1,KC4SGE03200,,0.0,0.0,0.0,0.0,0.0,0.0,0.0,0.0,0.0,0.0,,,,,数据不足
2026-08,B0DSPPNS5J,KX4SGE14500,,0.0,0.0,0.0,0.0,0.0,0.0,0.0,0.0,0.0,0.0,,,,,数据不足
2026-08,B0DSPS8DR3,KX4SGE14700,,0.0,0.0,0.0,0.0,0.0,0.0,0.0,0.0,0.0,0.0,,,,,数据不足
2026-08,B0DSPSFKV2,KX4SGE17700,,0.0,0.0,0.0,0.0,0.0,0.0,0.0,0.0,0.0,0.0,,,,,数据不足
2026-08,B0DSPSG4C3,KC4SGE02500,,0.0,0.0,0.0,0.0,0.0,0.0,0.0,0.0,0.0,0.0,,,,,数据不足
2026-08,B0DSPTZQ8C,KX4SGE11700,,0.0,0.0,0.0,0.0,0.0,0.0,0.0,0.0,0.0,0.0,,,,,数据不足
2026-08,B0DSPVZ77D,KC4SGE04100,,0.0,0.0,0.0,0.0,0.0,0.0,0.0,0.0,0.0,0.0,,,,,数据不足
2026-08,B0DSPVZS9W,KC4PSP16600,,0.0,0.0,0.0,0.0,0.0,0.0,0.0,0.0,0.0,0.0,,,,,数据不足
2026-08,B0DSPW645Y,KC4PSP18000,,0.0,0.0,0.0,0.0,0.0,0.0,0.0,0.0,0.0,0.0,,,,,数据不足
2026-08,B0DSZKSVFS,KX4SGE12800,,0.0,0.0,0.0,0.0,0.0,0.0,0.0,0.0,0.0,0.0,,,,,数据不足
2026-08,B0DSZLTFTL,KX4SGE12700,,0.0,0.0,0.0,0.0,0.0,0.0,0.0,0.0,0.0,157.77,,,,,数据不足
2026-08,B0DSZPZY17,KX4SGE08800,,0.0,0.0,0.0,0.0,0.0,0.0,0.0,0.0,0.0,39.85,,,,,数据不足
2026-08,B0DSZS6NF4,PT4SGE21100,,0.0,0.0,0.0,0.0,0.0,0.0,0.0,0.0,0.0,0.0,,,,,数据不足
2026-08,B0DT11L48N,KX4SGE09200,,0.0,0.0,0.0,0.0,0.0,0.0,0.0,0.0,0.0,32.23,,,,,数据不足
2026-08,B0DWJQC5MN,KX4SGE14000,,0.0,0.0,0.0,0.0,0.0,0.0,0.0,0.0,0.0,0.0,,,,,数据不足
2026-08,B0DWJS6X85,KX4SGE13200,,0.0,0.0,0.0,0.0,0.0,0.0,0.0,0.0,0.0,0.0,,,,,数据不足
2026-08,B0DWJVN71Y,KX4SGE18000,,0.0,0.0,0.0,0.0,0.0,0.0,0.0,0.0,0.0,98.88,,,,,数据不足
2026-08,B0DWJXRXNM,KX4SGE17100,,0.0,0.0,0.0,0.0,0.0,0.0,0.0,0.0,0.0,7.55,,,,,数据不足
2026-08,B0DWK1HVFF,KX4SGE12900,,0.0,0.0,0.0,0.0,0.0,0.0,0.0,0.0,0.0,41.62,,,,,数据不足
2026-08,B0DWMQS9GP,PT4SGE26500,,0.0,0.0,0.0,0.0,0.0,0.0,0.0,0.0,0.0,32.91,,,,,数据不足
2026-08,B0DWMS9Y4H,PT4SGE19600,,0.0,0.0,0.0,0.0,0.0,0.0,0.0,0.0,0.0,0.0,,,,,数据不足
2026-08,B0DWMSW236,PT4SGE27300,,0.0,0.0,0.0,0.0,0.0,0.0,0.0,0.0,0.0,0.0,,,,,数据不足
2026-08,B0DWMT3VKB,PT4SGE19400,,0.0,0.0,0.0,0.0,0.0,0.0,0.0,0.0,0.0,34.75,,,,,数据不足
2026-08,B0DWMT6F8P,PT4SGE24000,,0.0,0.0,0.0,0.0,0.0,0.0,0.0,0.0,0.0,0.0,,,,,数据不足
2026-08,B0DWMT83TF,KX4SGE10100,,0.0,0.0,0.0,0.0,0.0,0.0,0.0,0.0,0.0,0.0,,,,,数据不足
2026-08,B0DWMT91GZ,PT4SGE18600,,0.0,0.0,0.0,0.0,0.0,0.0,0.0,0.0,0.0,137.71,,,,,数据不足
2026-08,B0DWMTDNKW,PT4SGE26300,,0.0,0.0,0.0,0.0,0.0,0.0,0.0,0.0,0.0,41.82,,,,,数据不足
2026-08,B0DWMTDRJB,PT4SGE26200,,0.0,0.0,0.0,0.0,0.0,0.0,0.0,0.0,0.0,0.0,,,,,数据不足
2026-08,B0DWMTNSG6,PT4SGE20300,,0.0,0.0,0.0,0.0,0.0,0.0,0.0,0.0,0.0,0.0,,,,,数据不足
2026-08,B0DWMTNV1D,PT4SGE24900,,0.0,0.0,0.0,0.0,0.0,0.0,0.0,0.0,0.0,8.57,,,,,数据不足
2026-08,B0DWMTNV4G,PT4SGE23100,,0.0,0.0,0.0,0.0,0.0,0.0,0.0,0.0,0.0,0.0,,,,,数据不足
2026-08,B0DWMTPJ43,PT4SGE21500,,0.0,0.0,0.0,0.0,0.0,0.0,0.0,0.0,0.0,0.0,,,,,数据不足
2026-08,B0DWMTPL8K,PT4SGE25800,,0.0,0.0,0.0,0.0,0.0,0.0,0.0,0.0,0.0,0.0,,,,,数据不足
2026-08,B0DWMTRDD2,PT4SGE26600,,0.0,0.0,0.0,0.0,0.0,0.0,0.0,0.0,0.0,0.0,,,,,数据不足
2026-08,B0DWMTVC74,PT4SGE18300,,0.0,0.0,0.0,0.0,0.0,0.0,0.0,0.0,0.0,0.0,,,,,数据不足
2026-08,B0DWMTVZ28,KC4PSP16300,,0.0,0.0,0.0,0.0,0.0,0.0,0.0,0.0,0.0,10.13,,,,,数据不足
2026-08,B0DWMTWGR8,PT4SGE19900,,0.0,0.0,0.0,0.0,0.0,0.0,0.0,0.0,0.0,0.0,,,,,数据不足
2026-08,B0DWMTWKBP,PT4SGE24700,,0.0,0.0,0.0,0.0,0.0,0.0,0.0,0.0,0.0,14.76,,,,,数据不足
2026-08,B0DWMTWWMP,PT4SGE20100,,0.0,0.0,0.0,0.0,0.0,0.0,0.0,0.0,0.0,0.0,,,,,数据不足
2026-08,B0DWMTXGTZ,PT4SGE21400,,0.0,0.0,0.0,0.0,0.0,0.0,0.0,0.0,0.0,0.0,,,,,数据不足
2026-08,B0DWMTXGXW,PT4SGE26000,,0.0,0.0,0.0,0.0,0.0,0.0,0.0,0.0,0.0,0.0,,,,,数据不足
2026-08,B0DWMTXN9Y,PT4SGE19700,,0.0,0.0,0.0,0.0,0.0,0.0,0.0,0.0,0.0,0.0,,,,,数据不足
2026-08,B0DWMTZCK3,PT4SGE23700,,0.0,0.0,0.0,0.0,0.0,0.0,0.0,0.0,0.0,7.48,,,,,数据不足
2026-08,B0DWMV24J4,PT4SGE21100,,0.0,0.0,0.0,0.0,0.0,0.0,0.0,0.0,0.0,0.0,,,,,数据不足
2026-08,B0DWMV2749,PT4SGE26800,,0.0,0.0,0.0,0.0,0.0,0.0,0.0,0.0,0.0,0.0,,,,,数据不足
2026-08,B0DWMV2FY1,PT4SGE24900,,0.0,0.0,0.0,0.0,0.0,0.0,0.0,0.0,0.0,61.34,,,,,数据不足
2026-08,B0DWMV2FZ4,PT4SGE27700,,0.0,0.0,0.0,0.0,0.0,0.0,0.0,0.0,0.0,0.0,,,,,数据不足
2026-08,B0DWMV3S49,PT4SGE21000,,0.0,0.0,0.0,0.0,0.0,0.0,0.0,0.0,0.0,44.27,,,,,数据不足
2026-08,B0DWMV77TN,PT4SGE21400,,0.0,0.0,0.0,0.0,0.0,0.0,0.0,0.0,0.0,0.0,,,,,数据不足
2026-08,B0DWMV786B,PT4SGE22500,,0.0,0.0,0.0,0.0,0.0,0.0,0.0,0.0,0.0,0.0,,,,,数据不足
2026-08,B0DWMV9MMG,PT4SGE24000,,0.0,0.0,0.0,0.0,0.0,0.0,0.0,0.0,0.0,37.2,,,,,数据不足
2026-08,B0DWMVC8SP,PT4SGE20000,,0.0,0.0,0.0,0.0,0.0,0.0,0.0,0.0,0.0,34.21,,,,,数据不足
2026-08,B0DWMVCPWQ,PT4SGE26200,,0.0,0.0,0.0,0.0,0.0,0.0,0.0,0.0,0.0,0.0,,,,,数据不足
2026-08,B0DWMVF9JC,PT4SGE23400,,0.0,0.0,0.0,0.0,0.0,0.0,0.0,0.0,0.0,0.0,,,,,数据不足
2026-08,B0DWMVMGP9,PT4SGE20800,,0.0,0.0,0.0,0.0,0.0,0.0,0.0,0.0,0.0,2.24,,,,,数据不足
2026-08,B0DWMVNZQ2,PT4SGE22800,,0.0,0.0,0.0,0.0,0.0,0.0,0.0,0.0,0.0,0.0,,,,,数据不足
2026-08,B0DWMVNZQQ,PT4SGE25800,,0.0,0.0,0.0,0.0,0.0,0.0,0.0,0.0,0.0,21.56,,,,,数据不足
2026-08,B0DWMVQGKD,PT4SGE27000,,0.0,0.0,0.0,0.0,0.0,0.0,0.0,0.0,0.0,27.13,,,,,数据不足
2026-08,B0DWMVQQ5W,PT4SGE26100,,0.0,0.0,0.0,0.0,0.0,0.0,0.0,0.0,0.0,0.0,,,,,数据不足
2026-08,B0DWMVR26F,PT4SGE23700,,0.0,0.0,0.0,0.0,0.0,0.0,0.0,0.0,0.0,0.0,,,,,数据不足
2026-08,B0DWMVTMVT,PT4SGE24600,,0.0,0.0,0.0,0.0,0.0,0.0,0.0,0.0,0.0,0.0,,,,,数据不足
2026-08,B0DWMVVZTC,PT4SGE18500,,0.0,0.0,0.0,0.0,0.0,0.0,0.0,0.0,0.0,0.0,,,,,数据不足
2026-08,B0DWMVW888,PT4SGE19800,,0.0,0.0,0.0,0.0,0.0,0.0,0.0,0.0,0.0,14.69,,,,,数据不足
2026-08,B0DWMVWJQB,KX4SGE13100,,0.0,0.0,0.0,0.0,0.0,0.0,0.0,0.0,0.0,0.0,,,,,数据不足
2026-08,B0DWMVXFQ5,PT4SGE23300,,0.0,0.0,0.0,0.0,0.0,0.0,0.0,0.0,0.0,63.45,,,,,数据不足
2026-08,B0DWMVYC9M,PT4SGE23400,,0.0,0.0,0.0,0.0,0.0,0.0,0.0,0.0,0.0,95.21,,,,,数据不足
2026-08,B0DWMVZ3BX,PT4SGE24300,,0.0,0.0,0.0,0.0,0.0,0.0,0.0,0.0,0.0,43.8,,,,,数据不足
2026-08,B0DWMW19KX,PT4SGE26600,,0.0,0.0,0.0,0.0,0.0,0.0,0.0,0.0,0.0,3.26,,,,,数据不足
2026-08,B0DWMW6BCK,PT4SGE18500,,0.0,0.0,0.0,0.0,0.0,0.0,0.0,0.0,0.0,0.0,,,,,数据不足
2026-08,B0DWMW7WG7,PT4SGE26000,,0.0,0.0,0.0,0.0,0.0,0.0,0.0,0.0,0.0,0.0,,,,,数据不足
2026-08,B0DWMW8ZPH,PT4SGE23100,,0.0,0.0,0.0,0.0,0.0,0.0,0.0,0.0,0.0,0.0,,,,,数据不足
2026-08,B0DWMW9RDM,PT4SGE19400,,0.0,0.0,0.0,0.0,0.0,0.0,0.0,0.0,0.0,0.0,,,,,数据不足
2026-08,B0DWMWB1YB,PT4SGE27800,,0.0,0.0,0.0,0.0,0.0,0.0,0.0,0.0,0.0,0.0,,,,,数据不足
2026-08,B0DWMWBJ2Y,PT4SGE27600,,0.0,0.0,0.0,0.0,0.0,0.0,0.0,0.0,0.0,0.0,,,,,数据不足
2026-08,B0DWMWDCGG,PT4SGE19900,,0.0,0.0,0.0,0.0,0.0,0.0,0.0,0.0,0.0,5.98,,,,,数据不足
2026-08,B0DWMWDHTG,PT4SGE26500,,0.0,0.0,0.0,0.0,0.0,0.0,0.0,0.0,0.0,0.0,,,,,数据不足
2026-08,B0DWMWDMSG,PT4SGE20100,,0.0,0.0,0.0,0.0,0.0,0.0,0.0,0.0,0.0,36.04,,,,,数据不足
2026-08,B0DWMWF3M3,PT4SGE23600,,0.0,0.0,0.0,0.0,0.0,0.0,0.0,0.0,0.0,0.0,,,,,数据不足
2026-08,B0DWMWFPJL,KC4PSP16300,,0.0,0.0,0.0,0.0,0.0,0.0,0.0,0.0,0.0,42.78,,,,,数据不足
2026-08,B0DWMWHW6D,PT4SGE28100,,0.0,0.0,0.0,0.0,0.0,0.0,0.0,0.0,0.0,43.66,,,,,数据不足
2026-08,B0DWMWHXPT,PT4SGE18400,,0.0,0.0,0.0,0.0,0.0,0.0,0.0,0.0,0.0,0.0,,,,,数据不足
2026-08,B0DWMWJ28T,PT4SGE27900,,0.0,0.0,0.0,0.0,0.0,0.0,0.0,0.0,0.0,0.0,,,,,数据不足
2026-08,B0DWMWJ4YX,PT4SGE19500,,0.0,0.0,0.0,0.0,0.0,0.0,0.0,0.0,0.0,0.0,,,,,数据不足
2026-08,B0DWMWJ67H,PT4SGE27000,,0.0,0.0,0.0,0.0,0.0,0.0,0.0,0.0,0.0,111.33,,,,,数据不足
2026-08,B0DWMWKKRN,PT4SGE22800,,0.0,0.0,0.0,0.0,0.0,0.0,0.0,0.0,0.0,31.49,,,,,数据不足
2026-08,B0DWMWKTNS,PT4SGE21500,,0.0,0.0,0.0,0.0,0.0,0.0,0.0,0.0,0.0,0.0,,,,,数据不足
2026-08,B0DWMWLPP3,PT4SGE27500,,0.0,0.0,0.0,0.0,0.0,0.0,0.0,0.0,0.0,28.15,,,,,数据不足
2026-08,B0DWMWM7RD,PT4SGE18600,,0.0,0.0,0.0,0.0,0.0,0.0,0.0,0.0,0.0,55.7,,,,,数据不足
2026-08,B0DWMWNV9V,PT4SGE23900,,0.0,0.0,0.0,0.0,0.0,0.0,0.0,0.0,0.0,23.53,,,,,数据不足
2026-08,B0DWMWPHXF,PT4SGE27700,,0.0,0.0,0.0,0.0,0.0,0.0,0.0,0.0,0.0,0.0,,,,,数据不足
2026-08,B0DWMWRL4Y,PT4SGE18700,,0.0,0.0,0.0,0.0,0.0,0.0,0.0,0.0,0.0,0.0,,,,,数据不足
2026-08,B0DWMWRW4J,PT4SGE18300,,0.0,0.0,0.0,0.0,0.0,0.0,0.0,0.0,0.0,0.0,,,,,数据不足
2026-08,B0DWMWSC1F,PT4SGE18800,,0.0,0.0,0.0,0.0,0.0,0.0,0.0,0.0,0.0,0.0,,,,,数据不足
2026-08,B0DWMWSW64,PT4SGE19100,,0.0,0.0,0.0,0.0,0.0,0.0,0.0,0.0,0.0,13.4,,,,,数据不足
2026-08,B0DWMWXLKT,PT4SGE24100,,0.0,0.0,0.0,0.0,0.0,0.0,0.0,0.0,0.0,0.0,,,,,数据不足
2026-08,B0DWMX43HG,PT4SGE22700,,0.0,0.0,0.0,0.0,0.0,0.0,0.0,0.0,0.0,0.0,,,,,数据不足
2026-08,B0DWMXF64B,PT4SGE20500,,0.0,0.0,0.0,0.0,0.0,0.0,0.0,0.0,0.0,0.0,,,,,数据不足
2026-08,B0DWMXGGK4,PT4SGE25600,,0.0,0.0,0.0,0.0,0.0,0.0,0.0,0.0,0.0,0.0,,,,,数据不足
2026-08,B0DWMY68C8,PT4SGE18800,,0.0,0.0,0.0,0.0,0.0,0.0,0.0,0.0,0.0,0.0,,,,,数据不足
2026-08,B0DWMYH5XW,PT4SGE22200,,0.0,0.0,0.0,0.0,0.0,0.0,0.0,0.0,0.0,0.0,,,,,数据不足
2026-08,B0DWMYH5ZG,PT4SGE18400,,0.0,0.0,0.0,0.0,0.0,0.0,0.0,0.0,0.0,0.0,,,,,数据不足
2026-08,B0DWSC41SP,KX4SGE08500,,0.0,0.0,0.0,0.0,0.0,0.0,0.0,0.0,0.0,0.0,,,,,数据不足
2026-08,B0DWSJCGV4,KC4PSP16100,,0.0,0.0,0.0,0.0,0.0,0.0,0.0,0.0,0.0,0.0,,,,,数据不足
2026-08,B0F186R1FQ,PT4SGE24000,,0.0,0.0,0.0,0.0,0.0,0.0,0.0,0.0,0.0,0.0,,,,,数据不足
2026-08,B0F186SW7J,KC4PSP16300,,0.0,0.0,0.0,0.0,0.0,0.0,0.0,0.0,0.0,16.59,,,,,数据不足
2026-08,B0F18B5J2V,PT4SGE24400,,0.0,0.0,0.0,0.0,0.0,0.0,0.0,0.0,0.0,214.49,,,,,数据不足
2026-08,B0F18BPNFH,PT4SGE19700,,0.0,0.0,0.0,0.0,0.0,0.0,0.0,0.0,0.0,0.0,,,,,数据不足
2026-08,B0F18DTWD5,PT4SGE27600,,0.0,0.0,0.0,0.0,0.0,0.0,0.0,0.0,0.0,0.0,,,,,数据不足
2026-08,B0F18DYHQ7,PT4SGE23100,,0.0,0.0,0.0,0.0,0.0,0.0,0.0,0.0,0.0,0.0,,,,,数据不足
2026-08,B0F18J33CK,PT4SGE18300,,0.0,0.0,0.0,0.0,0.0,0.0,0.0,0.0,0.0,0.0,,,,,数据不足
2026-08,B0F18JFCJQ,PT4SGE26500,,0.0,0.0,0.0,0.0,0.0,0.0,0.0,0.0,0.0,0.0,,,,,数据不足
2026-08,B0F18M5THF,PT4SGE26000,,0.0,0.0,0.0,0.0,0.0,0.0,0.0,0.0,0.0,16.59,,,,,数据不足
2026-08,B0F18WTNZF,PT4SGE23900,,0.0,0.0,0.0,0.0,0.0,0.0,0.0,0.0,0.0,0.0,,,,,数据不足
2026-08,B0F18WYS7C,PT4SGE27000,,0.0,0.0,0.0,0.0,0.0,0.0,0.0,0.0,0.0,0.0,,,,,数据不足
2026-08,B0F18X2D7K,PT4SGE27800,,0.0,0.0,0.0,0.0,0.0,0.0,0.0,0.0,0.0,0.0,,,,,数据不足
2026-08,B0F43NQY7N,KC4SGE04300,,0.0,0.0,0.0,0.0,0.0,0.0,0.0,0.0,0.0,28.22,,,,,数据不足
2026-08,B0F52XDM8T,PT4SGE21500,,0.0,0.0,0.0,0.0,0.0,0.0,0.0,0.0,0.0,13.47,,,,,数据不足
2026-08,B0F52XS7Y7,KC4SGE04800,,0.0,0.0,0.0,0.0,0.0,0.0,0.0,0.0,0.0,33.93,,,,,数据不足
2026-08,B0F5362LX9,KX4SGE08000,,0.0,0.0,0.0,0.0,0.0,0.0,0.0,0.0,0.0,0.0,,,,,数据不足
2026-08,B0F536RR47,KC4SGE05200,,0.0,0.0,0.0,0.0,0.0,0.0,0.0,0.0,0.0,24.41,,,,,数据不足
2026-08,B0F537GH49,KC4SGE03200,,0.0,0.0,0.0,0.0,0.0,0.0,0.0,0.0,0.0,0.0,,,,,数据不足
2026-08,B0F539BRTN,KC4SGE04300,,0.0,0.0,0.0,0.0,0.0,0.0,0.0,0.0,0.0,0.0,,,,,数据不足
2026-08,B0F53BTL67,KC4SGE04800,,0.0,0.0,0.0,0.0,0.0,0.0,0.0,0.0,0.0,20.13,,,,,数据不足
2026-08,B0F53C1RFK,KX4SGE08000,,0.0,0.0,0.0,0.0,0.0,0.0,0.0,0.0,0.0,0.0,,,,,数据不足
2026-08,B0F53D9CK6,KC4PSP16800,,0.0,0.0,0.0,0.0,0.0,0.0,0.0,0.0,0.0,0.0,,,,,数据不足
2026-08,B0F53DF7MR,PT4SGE21500,,0.0,0.0,0.0,0.0,0.0,0.0,0.0,0.0,0.0,11.9,,,,,数据不足
2026-08,B0F53DJQ49,KC4SGE05400,,0.0,0.0,0.0,0.0,0.0,0.0,0.0,0.0,0.0,3.6,,,,,数据不足
2026-08,B0F66V9CSK,KX4SGE09700,,0.0,0.0,0.0,0.0,0.0,0.0,0.0,0.0,0.0,0.0,,,,,数据不足
2026-08,B0F66W9Z4G,KC4SGE01100,,0.0,0.0,0.0,0.0,0.0,0.0,0.0,0.0,0.0,0.0,,,,,数据不足
2026-08,B0F66WFMZK,KC4SGE02800,,0.0,0.0,0.0,0.0,0.0,0.0,0.0,0.0,0.0,0.0,,,,,数据不足
2026-08,B0F66X11Z5,KX4SGE14700,,0.0,0.0,0.0,0.0,0.0,0.0,0.0,0.0,0.0,0.0,,,,,数据不足
2026-08,B0F66XCGWM,KC4SGE01800,,0.0,0.0,0.0,0.0,0.0,0.0,0.0,0.0,0.0,0.0,,,,,数据不足
2026-08,B0F66XF6T5,PT4SGE26200,,0.0,0.0,0.0,0.0,0.0,0.0,0.0,0.0,0.0,0.0,,,,,数据不足
2026-08,B0F66XGRMT,KX4SGE09100,,0.0,0.0,0.0,0.0,0.0,0.0,0.0,0.0,0.0,0.0,,,,,数据不足
2026-08,B0F66XPZRH,PT4SGE22700,,0.0,0.0,0.0,0.0,0.0,0.0,0.0,0.0,0.0,0.0,,,,,数据不足
2026-08,B0F66XTD4Z,KX4SGE13500,,0.0,0.0,0.0,0.0,0.0,0.0,0.0,0.0,0.0,0.0,,,,,数据不足
2026-08,B0F66Y1ZW8,KX4SGE15800,,0.0,0.0,0.0,0.0,0.0,0.0,0.0,0.0,0.0,0.0,,,,,数据不足
2026-08,B0F66YCL47,KC4SGE04300,,0.0,0.0,0.0,0.0,0.0,0.0,0.0,0.0,0.0,0.0,,,,,数据不足
2026-08,B0F66YL93N,KC4PSP16200,,0.0,0.0,0.0,0.0,0.0,0.0,0.0,0.0,0.0,94.12,,,,,数据不足
2026-08,B0F66YL9ZW,KC4SGE04600,,0.0,0.0,0.0,0.0,0.0,0.0,0.0,0.0,0.0,0.0,,,,,数据不足
2026-08,B0F66YQDJ8,KX4SGE17000,,0.0,0.0,0.0,0.0,0.0,0.0,0.0,0.0,0.0,0.0,,,,,数据不足
2026-08,B0F66YTQ19,PT4SGE20100,,0.0,0.0,0.0,0.0,0.0,0.0,0.0,0.0,0.0,0.0,,,,,数据不足
2026-08,B0F66YVWDZ,KC4PSP16800,,0.0,0.0,0.0,0.0,0.0,0.0,0.0,0.0,0.0,0.0,,,,,数据不足
2026-08,B0F66YVWHD,KC4SGE02400,,0.0,0.0,0.0,0.0,0.0,0.0,0.0,0.0,0.0,0.0,,,,,数据不足
2026-08,B0F66YWHZR,KX4SGE17700,,0.0,0.0,0.0,0.0,0.0,0.0,0.0,0.0,0.0,0.0,,,,,数据不足
2026-08,B0F66YZG6G,PT4SGE27900,,0.0,0.0,0.0,0.0,0.0,0.0,0.0,0.0,0.0,16.32,,,,,数据不足
2026-08,B0F66Z1367,PT4SGE25600,,0.0,0.0,0.0,0.0,0.0,0.0,0.0,0.0,0.0,0.0,,,,,数据不足
2026-08,B0F66Z6WZ7,KC4SGE03200,,0.0,0.0,0.0,0.0,0.0,0.0,0.0,0.0,0.0,19.93,,,,,数据不足
2026-08,B0F66ZFBPR,PT4SGE28200,,0.0,0.0,0.0,0.0,0.0,0.0,0.0,0.0,0.0,0.0,,,,,数据不足
2026-08,B0F66ZKJFN,KC4SGE05000,,0.0,0.0,0.0,0.0,0.0,0.0,0.0,0.0,0.0,0.0,,,,,数据不足
2026-08,B0F66ZM5HY,PT4SGE26500,,0.0,0.0,0.0,0.0,0.0,0.0,0.0,0.0,0.0,0.0,,,,,数据不足
2026-08,B0F66ZM5JS,PT4SGE19800,,0.0,0.0,0.0,0.0,0.0,0.0,0.0,0.0,0.0,0.0,,,,,数据不足
2026-08,B0F66ZMYLS,KX4SGE15400,,0.0,0.0,0.0,0.0,0.0,0.0,0.0,0.0,0.0,0.0,,,,,数据不足
2026-08,B0F66ZRNSS,KC4PSP17600,,0.0,0.0,0.0,0.0,0.0,0.0,0.0,0.0,0.0,0.0,,,,,数据不足
2026-08,B0F66ZVPJT,KC4PSP16700,,0.0,0.0,0.0,0.0,0.0,0.0,0.0,0.0,0.0,22.44,,,,,数据不足
2026-08,B0F66ZWGQD,KC4SGE00900,,0.0,0.0,0.0,0.0,0.0,0.0,0.0,0.0,0.0,0.0,,,,,数据不足
2026-08,B0F66ZYR9M,KC4SGE03300,,0.0,0.0,0.0,0.0,0.0,0.0,0.0,0.0,0.0,1.9,,,,,数据不足
2026-08,B0F66ZYSY6,PT4SGE22200,,0.0,0.0,0.0,0.0,0.0,0.0,0.0,0.0,0.0,0.0,,,,,数据不足
2026-08,B0F6711TJJ,KC4SGE02900,,0.0,0.0,0.0,0.0,0.0,0.0,0.0,0.0,0.0,0.0,,,,,数据不足
2026-08,B0F67143SL,PT4SGE27500,,0.0,0.0,0.0,0.0,0.0,0.0,0.0,0.0,0.0,0.0,,,,,数据不足
2026-08,B0F6714QJN,PT4SGE26000,,0.0,0.0,0.0,0.0,0.0,0.0,0.0,0.0,0.0,0.0,,,,,数据不足
2026-08,B0F6714ZFF,KC4SGE01000,,0.0,0.0,0.0,0.0,0.0,0.0,0.0,0.0,0.0,0.0,,,,,数据不足
2026-08,B0F6718664,KX4SGE09300,,0.0,0.0,0.0,0.0,0.0,0.0,0.0,0.0,0.0,26.59,,,,,数据不足
2026-08,B0F6719J4Y,PT4SGE27700,,0.0,0.0,0.0,0.0,0.0,0.0,0.0,0.0,0.0,0.0,,,,,数据不足
2026-08,B0F6719M57,KC4SGE01700,,0.0,0.0,0.0,0.0,0.0,0.0,0.0,0.0,0.0,0.0,,,,,数据不足
2026-08,B0F6719MHL,KX4SGE07900,,0.0,0.0,0.0,0.0,0.0,0.0,0.0,0.0,0.0,0.0,,,,,数据不足
2026-08,B0F6719MVD,PT4SGE18700,,0.0,0.0,0.0,0.0,0.0,0.0,0.0,0.0,0.0,0.0,,,,,数据不足
2026-08,B0F671CRBG,KX4SGE08400,,0.0,0.0,0.0,0.0,0.0,0.0,0.0,0.0,0.0,0.0,,,,,数据不足
2026-08,B0F671DGB8,KC4SGE01600,,0.0,0.0,0.0,0.0,0.0,0.0,0.0,0.0,0.0,0.0,,,,,数据不足
2026-08,B0F671K3LF,KX4SGE10100,,0.0,0.0,0.0,0.0,0.0,0.0,0.0,0.0,0.0,32.64,,,,,数据不足
2026-08,B0F671KRVL,PT4SGE21400,,0.0,0.0,0.0,0.0,0.0,0.0,0.0,0.0,0.0,0.0,,,,,数据不足
2026-08,B0F671L76Z,KC4SGE03000,,0.0,0.0,0.0,0.0,0.0,0.0,0.0,0.0,0.0,90.79,,,,,数据不足
2026-08,B0F671LQDV,PT4SGE20500,,0.0,0.0,0.0,0.0,0.0,0.0,0.0,0.0,0.0,10.06,,,,,数据不足
2026-08,B0F671MSR1,PT4SGE24400,,0.0,0.0,0.0,0.0,0.0,0.0,0.0,0.0,0.0,26.93,,,,,数据不足
2026-08,B0F671N1LF,PT4SGE18400,,0.0,0.0,0.0,0.0,0.0,0.0,0.0,0.0,0.0,0.0,,,,,数据不足
2026-08,B0F671N4VM,KC4SGE03900,,0.0,0.0,0.0,0.0,0.0,0.0,0.0,0.0,0.0,0.0,,,,,数据不足
2026-08,B0F671N77Y,PT4SGE20300,,0.0,0.0,0.0,0.0,0.0,0.0,0.0,0.0,0.0,0.0,,,,,数据不足
2026-08,B0F671QM9C,KC4SGE02500,,0.0,0.0,0.0,0.0,0.0,0.0,0.0,0.0,0.0,0.0,,,,,数据不足
2026-08,B0F671RJBT,KX4SGE12900,,0.0,0.0,0.0,0.0,0.0,0.0,0.0,0.0,0.0,0.0,,,,,数据不足
2026-08,B0F671RJZY,PT4SGE19100,,0.0,0.0,0.0,0.0,0.0,0.0,0.0,0.0,0.0,0.0,,,,,数据不足
2026-08,B0F671RLY9,KX4SGE12100,,0.0,0.0,0.0,0.0,0.0,0.0,0.0,0.0,0.0,0.0,,,,,数据不足
2026-08,B0F671T3GH,KX4SGE18000,,0.0,0.0,0.0,0.0,0.0,0.0,0.0,0.0,0.0,0.0,,,,,数据不足
2026-08,B0F671WXMY,PT4SGE18500,,0.0,0.0,0.0,0.0,0.0,0.0,0.0,0.0,0.0,29.38,,,,,数据不足
2026-08,B0F671WXY4,PT4SGE24600,,0.0,0.0,0.0,0.0,0.0,0.0,0.0,0.0,0.0,0.0,,,,,数据不足
2026-08,B0F671XDVV,KC4SGE05400,,0.0,0.0,0.0,0.0,0.0,0.0,0.0,0.0,0.0,0.0,,,,,数据不足
2026-08,B0F671XZCR,KX4SGE08200,,0.0,0.0,0.0,0.0,0.0,0.0,0.0,0.0,0.0,0.0,,,,,数据不足
2026-08,B0F671Y9K7,PT4SGE24000,,0.0,0.0,0.0,0.0,0.0,0.0,0.0,0.0,0.0,0.0,,,,,数据不足
2026-08,B0F672214Z,KC4SGE03500,,0.0,0.0,0.0,0.0,0.0,0.0,0.0,0.0,0.0,0.0,,,,,数据不足
2026-08,B0F6722NW4,PT4SGE27600,,0.0,0.0,0.0,0.0,0.0,0.0,0.0,0.0,0.0,0.0,,,,,数据不足
2026-08,B0F6723QX8,KC4SGE00400,,0.0,0.0,0.0,0.0,0.0,0.0,0.0,0.0,0.0,5.44,,,,,数据不足
2026-08,B0F6723ZP2,KX4SGE08600,,0.0,0.0,0.0,0.0,0.0,0.0,0.0,0.0,0.0,0.0,,,,,数据不足
2026-08,B0F6723ZTS,KC4PSP17100,,0.0,0.0,0.0,0.0,0.0,0.0,0.0,0.0,0.0,2.72,,,,,数据不足
2026-08,B0F67248GG,PT4SGE22500,,0.0,0.0,0.0,0.0,0.0,0.0,0.0,0.0,0.0,0.0,,,,,数据不足
2026-08,B0F6724S5Z,KC4SGE04700,,0.0,0.0,0.0,0.0,0.0,0.0,0.0,0.0,0.0,0.0,,,,,数据不足
2026-08,B0F6725CL7,KX4SGE10600,,0.0,0.0,0.0,0.0,0.0,0.0,0.0,0.0,0.0,26.52,,,,,数据不足
2026-08,B0F6725W6J,KX4SGE12400,,0.0,0.0,0.0,0.0,0.0,0.0,0.0,0.0,0.0,0.0,,,,,数据不足
2026-08,B0F67279T9,PT4SGE18600,,0.0,0.0,0.0,0.0,0.0,0.0,0.0,0.0,0.0,22.24,,,,,数据不足
2026-08,B0F6727LV5,KC4SGE01200,,0.0,0.0,0.0,0.0,0.0,0.0,0.0,0.0,0.0,0.0,,,,,数据不足
2026-08,B0F6728CD8,KX4SGE11100,,0.0,0.0,0.0,0.0,0.0,0.0,0.0,0.0,0.0,7.0,,,,,数据不足
2026-08,B0F6728J8K,KX4SGE10700,,0.0,0.0,0.0,0.0,0.0,0.0,0.0,0.0,0.0,12.85,,,,,数据不足
2026-08,B0F6728X5S,KC4SGE05500,,0.0,0.0,0.0,0.0,0.0,0.0,0.0,0.0,0.0,0.0,,,,,数据不足
2026-08,B0F6729QCQ,KC4SGE05100,,0.0,0.0,0.0,0.0,0.0,0.0,0.0,0.0,0.0,0.0,,,,,数据不足
2026-08,B0F672B1QN,KC4PSP16600,,0.0,0.0,0.0,0.0,0.0,0.0,0.0,0.0,0.0,9.86,,,,,数据不足
2026-08,B0F672B6NS,KC4SGE02500,,0.0,0.0,0.0,0.0,0.0,0.0,0.0,0.0,0.0,0.0,,,,,数据不足
2026-08,B0F672BHPC,KX4SGE16500,,0.0,0.0,0.0,0.0,0.0,0.0,0.0,0.0,0.0,10.81,,,,,数据不足
2026-08,B0F672R5VW,KX4SGE10300,,0.0,0.0,0.0,0.0,0.0,0.0,0.0,0.0,0.0,4.22,,,,,数据不足
2026-08,B0F672S2VT,KC4SGE04800,,0.0,0.0,0.0,0.0,0.0,0.0,0.0,0.0,0.0,0.0,,,,,数据不足
2026-08,B0F672SLXV,KX4SGE12600,,0.0,0.0,0.0,0.0,0.0,0.0,0.0,0.0,0.0,15.98,,,,,数据不足
2026-08,B0F672SQQP,KX4SGE13700,,0.0,0.0,0.0,0.0,0.0,0.0,0.0,0.0,0.0,0.0,,,,,数据不足
2026-08,B0F672TDWG,KC4SGE04900,,0.0,0.0,0.0,0.0,0.0,0.0,0.0,0.0,0.0,0.0,,,,,数据不足
2026-08,B0F672W1G5,KC4PSP16400,,0.0,0.0,0.0,0.0,0.0,0.0,0.0,0.0,0.0,0.0,,,,,数据不足
2026-08,B0F672X9FD,PT4SGE27300,,0.0,0.0,0.0,0.0,0.0,0.0,0.0,0.0,0.0,0.0,,,,,数据不足
2026-08,B0F672XC81,PT4SGE21100,,0.0,0.0,0.0,0.0,0.0,0.0,0.0,0.0,0.0,0.0,,,,,数据不足
2026-08,B0F672ZZWG,PT4SGE28100,,0.0,0.0,0.0,0.0,0.0,0.0,0.0,0.0,0.0,0.0,,,,,数据不足
2026-08,B0F6731LXC,PT4SGE27800,,0.0,0.0,0.0,0.0,0.0,0.0,0.0,0.0,0.0,0.0,,,,,数据不足
2026-08,B0F6732G7C,KX4SGE14900,,0.0,0.0,0.0,0.0,0.0,0.0,0.0,0.0,0.0,5.64,,,,,数据不足
2026-08,B0F6734N9K,KC4SGE01400,,0.0,0.0,0.0,0.0,0.0,0.0,0.0,0.0,0.0,0.0,,,,,数据不足
2026-08,B0F6735N2M,KX4SGE08100,,0.0,0.0,0.0,0.0,0.0,0.0,0.0,0.0,0.0,0.0,,,,,数据不足
2026-08,B0F673B41S,KC4PSP17300,,0.0,0.0,0.0,0.0,0.0,0.0,0.0,0.0,0.0,0.0,,,,,数据不足
2026-08,B0F673F69B,PT4SGE21900,,0.0,0.0,0.0,0.0,0.0,0.0,0.0,0.0,0.0,0.0,,,,,数据不足
2026-08,B0F673H415,PT4SGE26700,,0.0,0.0,0.0,0.0,0.0,0.0,0.0,0.0,0.0,49.78,,,,,数据不足
2026-08,B0F673HJC1,KC4SGE03100,,0.0,0.0,0.0,0.0,0.0,0.0,0.0,0.0,0.0,0.0,,,,,数据不足
2026-08,B0F673JP6T,PT4SGE21000,,0.0,0.0,0.0,0.0,0.0,0.0,0.0,0.0,0.0,0.0,,,,,数据不足
2026-08,B0F673JP96,KX4SGE15200,,0.0,0.0,0.0,0.0,0.0,0.0,0.0,0.0,0.0,17.41,,,,,数据不足
2026-08,B0F673JSV8,KC4SGE00200,,0.0,0.0,0.0,0.0,0.0,0.0,0.0,0.0,0.0,0.0,,,,,数据不足
2026-08,B0F673KL4M,KX4SGE17400,,0.0,0.0,0.0,0.0,0.0,0.0,0.0,0.0,0.0,21.42,,,,,数据不足
2026-08,B0F673LWGL,PT4SGE19900,,0.0,0.0,0.0,0.0,0.0,0.0,0.0,0.0,0.0,0.0,,,,,数据不足
2026-08,B0F673N895,KC4SGE00800,,0.0,0.0,0.0,0.0,0.0,0.0,0.0,0.0,0.0,0.0,,,,,数据不足
2026-08,B0F673NRMS,PT4SGE19700,,0.0,0.0,0.0,0.0,0.0,0.0,0.0,0.0,0.0,0.0,,,,,数据不足
2026-08,B0F673QG8L,KC4PSP17800,,0.0,0.0,0.0,0.0,0.0,0.0,0.0,0.0,0.0,25.23,,,,,数据不足
2026-08,B0F673R2FD,KX4SGE17300,,0.0,0.0,0.0,0.0,0.0,0.0,0.0,0.0,0.0,0.0,,,,,数据不足
2026-08,B0F673R339,KC4PSP16500,,0.0,0.0,0.0,0.0,0.0,0.0,0.0,0.0,0.0,2.92,,,,,数据不足
2026-08,B0F673RTJZ,KC4SGE03800,,0.0,0.0,0.0,0.0,0.0,0.0,0.0,0.0,0.0,0.0,,,,,数据不足
2026-08,B0F673V66M,KX4SGE11700,,0.0,0.0,0.0,0.0,0.0,0.0,0.0,0.0,0.0,0.0,,,,,数据不足
2026-08,B0F673V9LW,KX4SGE12200,,0.0,0.0,0.0,0.0,0.0,0.0,0.0,0.0,0.0,0.0,,,,,数据不足
2026-08,B0F673XCCG,PT4SGE21100,,0.0,0.0,0.0,0.0,0.0,0.0,0.0,0.0,0.0,49.24,,,,,数据不足
2026-08,B0F673XD5H,PT4SGE23600,,0.0,0.0,0.0,0.0,0.0,0.0,0.0,0.0,0.0,0.0,,,,,数据不足
2026-08,B0F673YB29,KX4SGE13200,,0.0,0.0,0.0,0.0,0.0,0.0,0.0,0.0,0.0,11.49,,,,,数据不足
2026-08,B0F673ZG8W,PT4SGE23400,,0.0,0.0,0.0,0.0,0.0,0.0,0.0,0.0,0.0,0.0,,,,,数据不足
2026-08,B0F673ZYHW,KC4PSP16100,,0.0,0.0,0.0,0.0,0.0,0.0,0.0,0.0,0.0,0.0,,,,,数据不足
2026-08,B0F6741NZW,KC4PSP17500,,0.0,0.0,0.0,0.0,0.0,0.0,0.0,0.0,0.0,0.0,,,,,数据不足
2026-08,B0F6742S7G,PT4SGE23900,,0.0,0.0,0.0,0.0,0.0,0.0,0.0,0.0,0.0,0.0,,,,,数据不足
2026-08,B0F6745R7K,PT4SGE27000,,0.0,0.0,0.0,0.0,0.0,0.0,0.0,0.0,0.0,0.0,,,,,数据不足
2026-08,B0F6746Y4S,KX4SGE10400,,0.0,0.0,0.0,0.0,0.0,0.0,0.0,0.0,0.0,87.18,,,,,数据不足
2026-08,B0F67477ML,KC4SGE04200,,0.0,0.0,0.0,0.0,0.0,0.0,0.0,0.0,0.0,5.3,,,,,数据不足
2026-08,B0F6747XR5,KC4SGE00600,,0.0,0.0,0.0,0.0,0.0,0.0,0.0,0.0,0.0,0.0,,,,,数据不足
2026-08,B0F6749JM8,PT4SGE26100,,0.0,0.0,0.0,0.0,0.0,0.0,0.0,0.0,0.0,22.65,,,,,数据不足
2026-08,B0F674J4JD,PT4SGE19600,,0.0,0.0,0.0,0.0,0.0,0.0,0.0,0.0,0.0,9.59,,,,,数据不足
2026-08,B0F674J8K1,PT4SGE26300,,0.0,0.0,0.0,0.0,0.0,0.0,0.0,0.0,0.0,0.0,,,,,数据不足
2026-08,B0F674NQZH,KX4SGE08300,,0.0,0.0,0.0,0.0,0.0,0.0,0.0,0.0,0.0,3.26,,,,,数据不足
2026-08,B0F674RDT5,PT4SGE25400,,0.0,0.0,0.0,0.0,0.0,0.0,0.0,0.0,0.0,0.0,,,,,数据不足
2026-08,B0F674RQLQ,PT4SGE18800,,0.0,0.0,0.0,0.0,0.0,0.0,0.0,0.0,0.0,0.0,,,,,数据不足
2026-08,B0F674VB7L,PT4SGE23700,,0.0,0.0,0.0,0.0,0.0,0.0,0.0,0.0,0.0,0.0,,,,,数据不足
2026-08,B0F6753T3Z,KC4PSP17200,,0.0,0.0,0.0,0.0,0.0,0.0,0.0,0.0,0.0,3.26,,,,,数据不足
2026-08,B0F67594GG,KC4PSP15800,,0.0,0.0,0.0,0.0,0.0,0.0,0.0,0.0,0.0,0.0,,,,,数据不足
2026-08,B0F675NJF7,KC4PSP18000,,0.0,0.0,0.0,0.0,0.0,0.0,0.0,0.0,0.0,51.21,,,,,数据不足
2026-08,B0F675TRNY,KC4SGE05300,,0.0,0.0,0.0,0.0,0.0,0.0,0.0,0.0,0.0,0.0,,,,,数据不足
2026-08,B0F675V3M4,PT4SGE19400,,0.0,0.0,0.0,0.0,0.0,0.0,0.0,0.0,0.0,37.34,,,,,数据不足
2026-08,B0F675XZ7M,KC4PSP18100,,0.0,0.0,0.0,0.0,0.0,0.0,0.0,0.0,0.0,86.03,,,,,数据不足
2026-08,B0F6LJ6TSH,PT4SGE19400,,0.0,0.0,0.0,0.0,0.0,0.0,0.0,0.0,0.0,36.72,,,,,数据不足
2026-08,B0F6LJ7SHC,KX4SGE12600,,0.0,0.0,0.0,0.0,0.0,0.0,0.0,0.0,0.0,75.15,,,,,数据不足
2026-08,B0F6LJ7SV7,PT4SGE24400,,0.0,0.0,0.0,0.0,0.0,0.0,0.0,0.0,0.0,100.58,,,,,数据不足
2026-08,B0F6LJ85SB,KX4SGE12100,,0.0,0.0,0.0,0.0,0.0,0.0,0.0,0.0,0.0,84.74,,,,,数据不足
2026-08,B0F6LJ8BR9,PT4SGE27500,,0.0,0.0,0.0,0.0,0.0,0.0,0.0,0.0,0.0,13.94,,,,,数据不足
2026-08,B0F6LJ8MML,PT4SGE21100,,0.0,0.0,0.0,0.0,0.0,0.0,0.0,0.0,0.0,0.0,,,,,数据不足
2026-08,B0F6LJ93D9,PT4SGE24600,,0.0,0.0,0.0,0.0,0.0,0.0,0.0,0.0,0.0,0.0,,,,,数据不足
2026-08,B0F6LJ9JYR,KC4SGE00500,,0.0,0.0,0.0,0.0,0.0,0.0,0.0,0.0,0.0,0.0,,,,,数据不足
2026-08,B0F6LJ9NDC,KX4SGE14900,,0.0,0.0,0.0,0.0,0.0,0.0,0.0,0.0,0.0,0.0,,,,,数据不足
2026-08,B0F6LJ9ZMP,PT4SGE27300,,0.0,0.0,0.0,0.0,0.0,0.0,0.0,0.0,0.0,0.0,,,,,数据不足
2026-08,B0F6LJB1MX,PT4SGE19600,,0.0,0.0,0.0,0.0,0.0,0.0,0.0,0.0,0.0,0.0,,,,,数据不足
2026-08,B0F6LJB6ZD,PT4SGE26100,,0.0,0.0,0.0,0.0,0.0,0.0,0.0,0.0,0.0,0.0,,,,,数据不足
2026-08,B0F6LJBFD3,PT4SGE28200,,0.0,0.0,0.0,0.0,0.0,0.0,0.0,0.0,0.0,7.14,,,,,数据不足
2026-08,B0F6LJBYMX,KC4SGE03300,,0.0,0.0,0.0,0.0,0.0,0.0,0.0,0.0,0.0,44.41,,,,,数据不足
2026-08,B0F6LJBYPH,PT4SGE18600,,0.0,0.0,0.0,0.0,0.0,0.0,0.0,0.0,0.0,0.0,,,,,数据不足
2026-08,B0F6LJBZWX,PT4SGE18700,,0.0,0.0,0.0,0.0,0.0,0.0,0.0,0.0,0.0,0.0,,,,,数据不足
2026-08,B0F6LJC2ZZ,KX4SGE16800,,0.0,0.0,0.0,0.0,0.0,0.0,0.0,0.0,0.0,17.68,,,,,数据不足
2026-08,B0F6LJCG2Q,KC4SGE03100,,0.0,0.0,0.0,0.0,0.0,0.0,0.0,0.0,0.0,0.0,,,,,数据不足
2026-08,B0F6LJCMF1,KC4SGE04200,,0.0,0.0,0.0,0.0,0.0,0.0,0.0,0.0,0.0,8.16,,,,,数据不足
2026-08,B0F6LJDDTH,PT4SGE25600,,0.0,0.0,0.0,0.0,0.0,0.0,0.0,0.0,0.0,0.0,,,,,数据不足
2026-08,B0F6LJDM2N,PT4SGE28100,,0.0,0.0,0.0,0.0,0.0,0.0,0.0,0.0,0.0,0.0,,,,,数据不足
2026-08,B0F6LJDXLF,KX4SGE08100,,0.0,0.0,0.0,0.0,0.0,0.0,0.0,0.0,0.0,0.0,,,,,数据不足
2026-08,B0F6LJFGNZ,KX4SGE09100,,0.0,0.0,0.0,0.0,0.0,0.0,0.0,0.0,0.0,0.0,,,,,数据不足
2026-08,B0F6LMJ5S2,PT4SGE18800,,0.0,0.0,0.0,0.0,0.0,0.0,0.0,0.0,0.0,0.0,,,,,数据不足
2026-08,B0F6LMJFW7,KC4PSP16200,,0.0,0.0,0.0,0.0,0.0,0.0,0.0,0.0,0.0,129.35,,,,,数据不足
2026-08,B0F6LMJQMC,KC4PSP16000,,0.0,0.0,0.0,0.0,0.0,0.0,0.0,0.0,0.0,17.27,,,,,数据不足
2026-08,B0F6LMJT5D,PT4SGE19700,,0.0,0.0,0.0,0.0,0.0,0.0,0.0,0.0,0.0,18.5,,,,,数据不足
2026-08,B0F6LMK7RW,PT4SGE20100,,0.0,0.0,0.0,0.0,0.0,0.0,0.0,0.0,0.0,0.0,,,,,数据不足
2026-08,B0F6LMKBQ2,KC4SGE02400,,0.0,0.0,0.0,0.0,0.0,0.0,0.0,0.0,0.0,14.49,,,,,数据不足
2026-08,B0F6LMKCDD,KC4SGE03700,,0.0,0.0,0.0,0.0,0.0,0.0,0.0,0.0,0.0,30.26,,,,,数据不足
2026-08,B0F6LMKF5M,KC4SGE05300,,0.0,0.0,0.0,0.0,0.0,0.0,0.0,0.0,0.0,13.87,,,,,数据不足
2026-08,B0F6LMKJLT,PT4SGE27800,,0.0,0.0,0.0,0.0,0.0,0.0,0.0,0.0,0.0,0.0,,,,,数据不足
2026-08,B0F6LMKLYR,KX4SGE10300,,0.0,0.0,0.0,0.0,0.0,0.0,0.0,0.0,0.0,0.0,,,,,数据不足
2026-08,B0F6LMKRSQ,KC4SGE05400,,0.0,0.0,0.0,0.0,0.0,0.0,0.0,0.0,0.0,0.0,,,,,数据不足
2026-08,B0F6LMKTP6,KC4PSP17800,,0.0,0.0,0.0,0.0,0.0,0.0,0.0,0.0,0.0,0.0,,,,,数据不足
2026-08,B0F6LML89P,PT4SGE27000,,0.0,0.0,0.0,0.0,0.0,0.0,0.0,0.0,0.0,0.0,,,,,数据不足
2026-08,B0F6LML94M,KX4SGE09200,,0.0,0.0,0.0,0.0,0.0,0.0,0.0,0.0,0.0,5.92,,,,,数据不足
2026-08,B0F6LMLB78,KX4SGE11100,,0.0,0.0,0.0,0.0,0.0,0.0,0.0,0.0,0.0,9.66,,,,,数据不足
2026-08,B0F6LMLWCS,KX4SGE13500,,0.0,0.0,0.0,0.0,0.0,0.0,0.0,0.0,0.0,0.0,,,,,数据不足
2026-08,B0F6LMLY8H,PT4SGE23900,,0.0,0.0,0.0,0.0,0.0,0.0,0.0,0.0,0.0,0.0,,,,,数据不足
2026-08,B0F6LMM4W3,KC4SGE03200,,0.0,0.0,0.0,0.0,0.0,0.0,0.0,0.0,0.0,0.0,,,,,数据不足
2026-08,B0F6LMMSSG,PT4SGE23100,,0.0,0.0,0.0,0.0,0.0,0.0,0.0,0.0,0.0,0.0,,,,,数据不足
2026-08,B0F6LMMY9R,KC4SGE00400,,0.0,0.0,0.0,0.0,0.0,0.0,0.0,0.0,0.0,0.0,,,,,数据不足
2026-08,B0F6LMN155,KC4SGE00200,,0.0,0.0,0.0,0.0,0.0,0.0,0.0,0.0,0.0,0.0,,,,,数据不足
2026-08,B0F6LMN3ZN,KX4SGE16500,,0.0,0.0,0.0,0.0,0.0,0.0,0.0,0.0,0.0,0.0,,,,,数据不足
2026-08,B0F6LPGFHP,KC4PSP17300,,0.0,0.0,0.0,0.0,0.0,0.0,0.0,0.0,0.0,0.0,,,,,数据不足
2026-08,B0F6LPLFQG,KX4SGE15200,,0.0,0.0,0.0,0.0,0.0,0.0,0.0,0.0,0.0,0.0,,,,,数据不足
2026-08,B0F6LQ1J5Y,KC4PSP17600,,0.0,0.0,0.0,0.0,0.0,0.0,0.0,0.0,0.0,66.99,,,,,数据不足
2026-08,B0F6LQ79V3,PT4SGE26600,,0.0,0.0,0.0,0.0,0.0,0.0,0.0,0.0,0.0,0.0,,,,,数据不足
2026-08,B0F6LQCN51,KC4SGE01100,,0.0,0.0,0.0,0.0,0.0,0.0,0.0,0.0,0.0,0.0,,,,,数据不足
2026-08,B0F6LQGPDS,KX4SGE12200,,0.0,0.0,0.0,0.0,0.0,0.0,0.0,0.0,0.0,0.0,,,,,数据不足
2026-08,B0F6LQJQYC,PT4SGE18400,,0.0,0.0,0.0,0.0,0.0,0.0,0.0,0.0,0.0,9.18,,,,,数据不足
2026-08,B0F6LQKQC1,PT4SGE19800,,0.0,0.0,0.0,0.0,0.0,0.0,0.0,0.0,0.0,28.97,,,,,数据不足
2026-08,B0F6LQLBKT,PT4SGE22500,,0.0,0.0,0.0,0.0,0.0,0.0,0.0,0.0,0.0,0.0,,,,,数据不足
2026-08,B0F6LQX4LL,KC4SGE01200,,0.0,0.0,0.0,0.0,0.0,0.0,0.0,0.0,0.0,0.0,,,,,数据不足
2026-08,B0F6LQYSKJ,KC4SGE00600,,0.0,0.0,0.0,0.0,0.0,0.0,0.0,0.0,0.0,0.0,,,,,数据不足
2026-08,B0F6LR13QQ,KC4SGE01600,,0.0,0.0,0.0,0.0,0.0,0.0,0.0,0.0,0.0,1.09,,,,,数据不足
2026-08,B0F6LR1MT4,KC4SGE02800,,0.0,0.0,0.0,0.0,0.0,0.0,0.0,0.0,0.0,0.0,,,,,数据不足
2026-08,B0F6LR2N91,KC4PSP16500,,0.0,0.0,0.0,0.0,0.0,0.0,0.0,0.0,0.0,0.0,,,,,数据不足
2026-08,B0F6LR6C1N,KC4SGE00800,,0.0,0.0,0.0,0.0,0.0,0.0,0.0,0.0,0.0,0.0,,,,,数据不足
2026-08,B0F6LR7MQX,PT4SGE26200,,0.0,0.0,0.0,0.0,0.0,0.0,0.0,0.0,0.0,0.0,,,,,数据不足
2026-08,B0F6LR8W9G,PT4SGE27900,,0.0,0.0,0.0,0.0,0.0,0.0,0.0,0.0,0.0,19.45,,,,,数据不足
2026-08,B0F6LRBY6L,KX4SGE13300,,0.0,0.0,0.0,0.0,0.0,0.0,0.0,0.0,0.0,0.0,,,,,数据不足
2026-08,B0F6LRCGWZ,KX4SGE08600,,0.0,0.0,0.0,0.0,0.0,0.0,0.0,0.0,0.0,0.0,,,,,数据不足
2026-08,B0F6LRDKQQ,KC4SGE04800,,0.0,0.0,0.0,0.0,0.0,0.0,0.0,0.0,0.0,0.0,,,,,数据不足
2026-08,B0F6LRGJ5K,PT4SGE19900,,0.0,0.0,0.0,0.0,0.0,0.0,0.0,0.0,0.0,0.0,,,,,数据不足
2026-08,B0F6LRGZDM,PT4SGE21000,,0.0,0.0,0.0,0.0,0.0,0.0,0.0,0.0,0.0,0.0,,,,,数据不足
2026-08,B0F6LRGZGY,KC4SGE01700,,0.0,0.0,0.0,0.0,0.0,0.0,0.0,0.0,0.0,0.0,,,,,数据不足
2026-08,B0F6LRKPVM,KC4PSP17100,,0.0,0.0,0.0,0.0,0.0,0.0,0.0,0.0,0.0,0.0,,,,,数据不足
2026-08,B0F6LRKXS2,PT4SGE21500,,0.0,0.0,0.0,0.0,0.0,0.0,0.0,0.0,0.0,8.02,,,,,数据不足
2026-08,B0F6LRKXZD,KC4SGE03900,,0.0,0.0,0.0,0.0,0.0,0.0,0.0,0.0,0.0,0.0,,,,,数据不足
2026-08,B0F6LRKYBK,KX4SGE08900,,0.0,0.0,0.0,0.0,0.0,0.0,0.0,0.0,0.0,0.0,,,,,数据不足
2026-08,B0F6LRKZ3F,KX4SGE08800,,0.0,0.0,0.0,0.0,0.0,0.0,0.0,0.0,0.0,0.0,,,,,数据不足
2026-08,B0F6LRLBNS,KC4PSP16100,,0.0,0.0,0.0,0.0,0.0,0.0,0.0,0.0,0.0,0.0,,,,,数据不足
2026-08,B0F6LRLF6S,KX4SGE13200,,0.0,0.0,0.0,0.0,0.0,0.0,0.0,0.0,0.0,0.0,,,,,数据不足
2026-08,B0F6LRLGMV,PT4SGE21100,,0.0,0.0,0.0,0.0,0.0,0.0,0.0,0.0,0.0,0.0,,,,,数据不足
2026-08,B0F6LRLLWT,KC4SGE01300,,0.0,0.0,0.0,0.0,0.0,0.0,0.0,0.0,0.0,0.0,,,,,数据不足
2026-08,B0F6LRLPF2,KC4SGE01800,,0.0,0.0,0.0,0.0,0.0,0.0,0.0,0.0,0.0,0.0,,,,,数据不足
2026-08,B0F6LRLRF5,KC4SGE01000,,0.0,0.0,0.0,0.0,0.0,0.0,0.0,0.0,0.0,0.0,,,,,数据不足
2026-08,B0F6LRLWDB,KC4SGE01400,,0.0,0.0,0.0,0.0,0.0,0.0,0.0,0.0,0.0,0.0,,,,,数据不足
2026-08,B0F6LRLZDS,KC4SGE03800,,0.0,0.0,0.0,0.0,0.0,0.0,0.0,0.0,0.0,0.0,,,,,数据不足
2026-08,B0F6LRMMY2,KC4PSP15800,,0.0,0.0,0.0,0.0,0.0,0.0,0.0,0.0,0.0,32.37,,,,,数据不足
2026-08,B0F6LRN8DD,PT4SGE23600,,0.0,0.0,0.0,0.0,0.0,0.0,0.0,0.0,0.0,0.0,,,,,数据不足
2026-08,B0F6LRNGJS,KX4SGE10700,,0.0,0.0,0.0,0.0,0.0,0.0,0.0,0.0,0.0,82.42,,,,,数据不足
2026-08,B0F6LRNH8T,KC4SGE02900,,0.0,0.0,0.0,0.0,0.0,0.0,0.0,0.0,0.0,4.9,,,,,数据不足
2026-08,B0F6LRNHYQ,KX4SGE17400,,0.0,0.0,0.0,0.0,0.0,0.0,0.0,0.0,0.0,0.0,,,,,数据不足
2026-08,B0F6LRNM1K,KX4SGE10100,,0.0,0.0,0.0,0.0,0.0,0.0,0.0,0.0,0.0,4.42,,,,,数据不足
2026-08,B0F6LRP4ZW,KC4PSP15900,,0.0,0.0,0.0,0.0,0.0,0.0,0.0,0.0,0.0,44.95,,,,,数据不足
2026-08,B0F6LRPG2S,PT4SGE22700,,0.0,0.0,0.0,0.0,0.0,0.0,0.0,0.0,0.0,0.0,,,,,数据不足
2026-08,B0F6LRPJTB,KC4SGE04600,,0.0,0.0,0.0,0.0,0.0,0.0,0.0,0.0,0.0,0.0,,,,,数据不足
2026-08,B0F6LRPTGW,PT4SGE26700,,0.0,0.0,0.0,0.0,0.0,0.0,0.0,0.0,0.0,13.67,,,,,数据不足
2026-08,B0F6LRQ5L6,KX4SGE18000,,0.0,0.0,0.0,0.0,0.0,0.0,0.0,0.0,0.0,0.0,,,,,数据不足
2026-08,B0F6LTGRJH,KX4SGE09700,,0.0,0.0,0.0,0.0,0.0,0.0,0.0,0.0,0.0,0.0,,,,,数据不足
2026-08,B0F6LTKT6G,KX4SGE08400,,0.0,0.0,0.0,0.0,0.0,0.0,0.0,0.0,0.0,18.36,,,,,数据不足
2026-08,B0F6LTL5H6,KC4SGE02500,,0.0,0.0,0.0,0.0,0.0,0.0,0.0,0.0,0.0,9.11,,,,,数据不足
2026-08,B0F6LTL5L9,KX4SGE07900,,0.0,0.0,0.0,0.0,0.0,0.0,0.0,0.0,0.0,0.0,,,,,数据不足
2026-08,B0F6LTM8G3,KC4PSP16700,,0.0,0.0,0.0,0.0,0.0,0.0,0.0,0.0,0.0,0.0,,,,,数据不足
2026-08,B0F6LTV6D2,KX4SGE08500,,0.0,0.0,0.0,0.0,0.0,0.0,0.0,0.0,0.0,0.0,,,,,数据不足
2026-08,B0F6LTW3WQ,PT4SGE21900,,0.0,0.0,0.0,0.0,0.0,0.0,0.0,0.0,0.0,0.0,,,,,数据不足
2026-08,B0F6LTY2R7,KC4PSP16800,,0.0,0.0,0.0,0.0,0.0,0.0,0.0,0.0,0.0,0.0,,,,,数据不足
2026-08,B0F6LV1CVP,KC4SGE05000,,0.0,0.0,0.0,0.0,0.0,0.0,0.0,0.0,0.0,19.52,,,,,数据不足
2026-08,B0F6LV2CD1,KC4SGE01500,,0.0,0.0,0.0,0.0,0.0,0.0,0.0,0.0,0.0,0.0,,,,,数据不足
2026-08,B0F6LV3X79,KC4SGE00100,,0.0,0.0,0.0,0.0,0.0,0.0,0.0,0.0,0.0,0.0,,,,,数据不足
2026-08,B0F6LV7QK6,KX4SGE14700,,0.0,0.0,0.0,0.0,0.0,0.0,0.0,0.0,0.0,0.0,,,,,数据不足
2026-08,B0F6LV8PG1,PT4SGE25400,,0.0,0.0,0.0,0.0,0.0,0.0,0.0,0.0,0.0,0.0,,,,,数据不足
2026-08,B0F6LV9KBN,KC4SGE03000,,0.0,0.0,0.0,0.0,0.0,0.0,0.0,0.0,0.0,0.0,,,,,数据不足
2026-08,B0F6LV9RY4,PT4SGE20000,,0.0,0.0,0.0,0.0,0.0,0.0,0.0,0.0,0.0,99.29,,,,,数据不足
2026-08,B0F6LVBWGF,KX4SGE09300,,0.0,0.0,0.0,0.0,0.0,0.0,0.0,0.0,0.0,0.0,,,,,数据不足
2026-08,B0F6LVCF71,PT4SGE26800,,0.0,0.0,0.0,0.0,0.0,0.0,0.0,0.0,0.0,0.0,,,,,数据不足
2026-08,B0F6LVDZ4B,KX4SGE10900,,0.0,0.0,0.0,0.0,0.0,0.0,0.0,0.0,0.0,0.0,,,,,数据不足
2026-08,B0F6LVFRX8,PT4SGE26500,,0.0,0.0,0.0,0.0,0.0,0.0,0.0,0.0,0.0,0.0,,,,,数据不足
2026-08,B0F6LVGT92,KC4SGE00900,,0.0,0.0,0.0,0.0,0.0,0.0,0.0,0.0,0.0,0.0,,,,,数据不足
2026-08,B0F6LVHLM8,KX4SGE12900,,0.0,0.0,0.0,0.0,0.0,0.0,0.0,0.0,0.0,44.0,,,,,数据不足
2026-08,B0F6LVKCVH,KX4SGE11700,,0.0,0.0,0.0,0.0,0.0,0.0,0.0,0.0,0.0,6.32,,,,,数据不足
2026-08,B0F6LVNVBG,PT4SGE22800,,0.0,0.0,0.0,0.0,0.0,0.0,0.0,0.0,0.0,25.57,,,,,数据不足
2026-08,B0F6LVQPX9,KC4PSP17500,,0.0,0.0,0.0,0.0,0.0,0.0,0.0,0.0,0.0,11.76,,,,,数据不足
2026-08,B0F6LVQR5X,PT4SGE24000,,0.0,0.0,0.0,0.0,0.0,0.0,0.0,0.0,0.0,0.0,,,,,数据不足
2026-08,B0F6LVVW4Q,PT4SGE21400,,0.0,0.0,0.0,0.0,0.0,0.0,0.0,0.0,0.0,0.0,,,,,数据不足
2026-08,B0F6LVWBQP,KC4SGE05100,,0.0,0.0,0.0,0.0,0.0,0.0,0.0,0.0,0.0,0.0,,,,,数据不足
2026-08,B0F6LVWXXV,PT4SGE19500,,0.0,0.0,0.0,0.0,0.0,0.0,0.0,0.0,0.0,45.43,,,,,数据不足
2026-08,B0F6LVXTQ4,KC4PSP18100,,0.0,0.0,0.0,0.0,0.0,0.0,0.0,0.0,0.0,0.0,,,,,数据不足
2026-08,B0F6LW2D1V,KC4PSP17200,,0.0,0.0,0.0,0.0,0.0,0.0,0.0,0.0,0.0,0.0,,,,,数据不足
2026-08,B0F6LW4Y6Y,KC4PSP16600,,0.0,0.0,0.0,0.0,0.0,0.0,0.0,0.0,0.0,0.0,,,,,数据不足
2026-08,B0F6LW5CRB,PT4SGE18500,,0.0,0.0,0.0,0.0,0.0,0.0,0.0,0.0,0.0,0.0,,,,,数据不足
2026-08,B0F6LWCHLG,KX4SGE17700,,0.0,0.0,0.0,0.0,0.0,0.0,0.0,0.0,0.0,30.6,,,,,数据不足
2026-08,B0F6LWF86H,KX4SGE15400,,0.0,0.0,0.0,0.0,0.0,0.0,0.0,0.0,0.0,15.1,,,,,数据不足
2026-08,B0F6LWH37L,KX4SGE10600,,0.0,0.0,0.0,0.0,0.0,0.0,0.0,0.0,0.0,0.0,,,,,数据不足
2026-08,B0F6LWJJTM,KX4SGE15800,,0.0,0.0,0.0,0.0,0.0,0.0,0.0,0.0,0.0,0.0,,,,,数据不足
2026-08,B0F6LWLX32,PT4SGE26300,,0.0,0.0,0.0,0.0,0.0,0.0,0.0,0.0,0.0,3.4,,,,,数据不足
2026-08,B0F6LWPP68,PT4SGE23700,,0.0,0.0,0.0,0.0,0.0,0.0,0.0,0.0,0.0,0.0,,,,,数据不足
2026-08,B0F6LWR6VX,PT4SGE27700,,0.0,0.0,0.0,0.0,0.0,0.0,0.0,0.0,0.0,0.0,,,,,数据不足
2026-08,B0F6LWSKQG,KC4SGE03500,,0.0,0.0,0.0,0.0,0.0,0.0,0.0,0.0,0.0,0.0,,,,,数据不足
2026-08,B0F6LWVFSN,PT4SGE19200,,0.0,0.0,0.0,0.0,0.0,0.0,0.0,0.0,0.0,0.0,,,,,数据不足
2026-08,B0F6LX2WBF,PT4SGE26000,,0.0,0.0,0.0,0.0,0.0,0.0,0.0,0.0,0.0,0.0,,,,,数据不足
2026-08,B0F6LXG9SD,PT4SGE25800,,0.0,0.0,0.0,0.0,0.0,0.0,0.0,0.0,0.0,0.0,,,,,数据不足
2026-08,B0F6LXKKVW,KC4SGE04300,,0.0,0.0,0.0,0.0,0.0,0.0,0.0,0.0,0.0,0.0,,,,,数据不足
2026-08,B0F6XTQLZM,KC4PSP16300,,0.0,0.0,0.0,0.0,0.0,0.0,0.0,0.0,0.0,49.24,,,,,数据不足
2026-08,B0F6Y1FFYQ,KX4SGE16700,,0.0,0.0,0.0,0.0,0.0,0.0,0.0,0.0,0.0,6.8,,,,,数据不足
2026-08,B0F6Y1ML4R,KX4SGE17100,,0.0,0.0,0.0,0.0,0.0,0.0,0.0,0.0,0.0,0.0,,,,,数据不足
2026-08,B0F6Y1Q67S,PT4SGE18300,,0.0,0.0,0.0,0.0,0.0,0.0,0.0,0.0,0.0,6.12,,,,,数据不足
2026-08,B0F6Y2H9YX,PT4SGE24900,,0.0,0.0,0.0,0.0,0.0,0.0,0.0,0.0,0.0,0.0,,,,,数据不足
2026-08,B0F6Y2VP1F,PT4SGE20800,,0.0,0.0,0.0,0.0,0.0,0.0,0.0,0.0,0.0,21.49,,,,,数据不足
2026-08,B0F6Y32Y6D,KX4SGE17200,,0.0,0.0,0.0,0.0,0.0,0.0,0.0,0.0,0.0,0.0,,,,,数据不足
2026-08,B0F6Y35SXM,KX4SGE12800,,0.0,0.0,0.0,0.0,0.0,0.0,0.0,0.0,0.0,0.0,,,,,数据不足
2026-08,B0F6Y36RDS,KC4SGE00300,,0.0,0.0,0.0,0.0,0.0,0.0,0.0,0.0,0.0,0.0,,,,,数据不足
2026-08,B0F6Y3D8Y5,PT4SGE24900,,0.0,0.0,0.0,0.0,0.0,0.0,0.0,0.0,0.0,10.34,,,,,数据不足
2026-08,B0F6Y3GWKJ,KX4SGE13100,,0.0,0.0,0.0,0.0,0.0,0.0,0.0,0.0,0.0,9.38,,,,,数据不足
2026-08,B0F6Y3L6PG,KC4PSP17000,,0.0,0.0,0.0,0.0,0.0,0.0,0.0,0.0,0.0,0.0,,,,,数据不足
2026-08,B0F6Y3MNMY,KX4SGE08000,,0.0,0.0,0.0,0.0,0.0,0.0,0.0,0.0,0.0,0.0,,,,,数据不足
2026-08,B0F6Y3MXDZ,KX4SGE13100,,0.0,0.0,0.0,0.0,0.0,0.0,0.0,0.0,0.0,35.98,,,,,数据不足
2026-08,B0F6Y3N8LV,KC4PSP16300,,0.0,0.0,0.0,0.0,0.0,0.0,0.0,0.0,0.0,0.0,,,,,数据不足
2026-08,B0F6Y3V6MH,KC4SGE05200,,0.0,0.0,0.0,0.0,0.0,0.0,0.0,0.0,0.0,0.0,,,,,数据不足
2026-08,B0F6Y3XB21,KX4SGE12800,,0.0,0.0,0.0,0.0,0.0,0.0,0.0,0.0,0.0,0.0,,,,,数据不足
2026-08,B0F6Y3XFTY,KX4SGE16700,,0.0,0.0,0.0,0.0,0.0,0.0,0.0,0.0,0.0,0.0,,,,,数据不足
2026-08,B0F6Y42CRP,KX4SGE17100,,0.0,0.0,0.0,0.0,0.0,0.0,0.0,0.0,0.0,0.0,,,,,数据不足
2026-08,B0F6Y4LGL2,KX4SGE08000,,0.0,0.0,0.0,0.0,0.0,0.0,0.0,0.0,0.0,0.0,,,,,数据不足
2026-08,B0F6Y6JS91,KC4PSP16300,,0.0,0.0,0.0,0.0,0.0,0.0,0.0,0.0,0.0,0.0,,,,,数据不足
2026-08,B0F6Y6VZRV,KX4SGE17200,,0.0,0.0,0.0,0.0,0.0,0.0,0.0,0.0,0.0,0.0,,,,,数据不足
2026-08,B0F6Y7HHRS,KC4SGE00300,,0.0,0.0,0.0,0.0,0.0,0.0,0.0,0.0,0.0,0.0,,,,,数据不足
2026-08,B0F6Y8246N,KC4PSP16300,,0.0,0.0,0.0,0.0,0.0,0.0,0.0,0.0,0.0,4.9,,,,,数据不足
2026-08,B0F9NYHK1Y,KX4SGE07900,,0.0,0.0,0.0,0.0,0.0,0.0,0.0,0.0,0.0,0.0,,,,,数据不足
2026-08,B0F9NZF4YG,KX4SGE09100,,0.0,0.0,0.0,0.0,0.0,0.0,0.0,0.0,0.0,23.87,,,,,数据不足
2026-08,B0F9NZGVB8,KC4PSP16200,,0.0,0.0,0.0,0.0,0.0,0.0,0.0,0.0,0.0,48.69,,,,,数据不足
2026-08,B0F9NZMJ4V,KX4SGE10300,,0.0,0.0,0.0,0.0,0.0,0.0,0.0,0.0,0.0,0.0,,,,,数据不足
2026-08,B0F9NZVHXN,KC4PSP15900,,0.0,0.0,0.0,0.0,0.0,0.0,0.0,0.0,0.0,0.0,,,,,数据不足
2026-08,B0F9P1429X,PT4SGE27000,,0.0,0.0,0.0,0.0,0.0,0.0,0.0,0.0,0.0,0.41,,,,,数据不足
2026-08,B0F9P15CFH,KC4SGE04600,,0.0,0.0,0.0,0.0,0.0,0.0,0.0,0.0,0.0,23.12,,,,,数据不足
2026-08,B0F9P15RQC,KC4PSP18100,,0.0,0.0,0.0,0.0,0.0,0.0,0.0,0.0,0.0,0.0,,,,,数据不足
2026-08,B0F9P16L52,KC4SGE01700,,0.0,0.0,0.0,0.0,0.0,0.0,0.0,0.0,0.0,0.0,,,,,数据不足
2026-08,B0F9P17MGC,PT4SGE27300,,0.0,0.0,0.0,0.0,0.0,0.0,0.0,0.0,0.0,11.29,,,,,数据不足
2026-08,B0F9P1QSQ9,KC4SGE03100,,0.0,0.0,0.0,0.0,0.0,0.0,0.0,0.0,0.0,62.23,,,,,数据不足
2026-08,B0F9P1SCYX,KX4SGE14900,,0.0,0.0,0.0,0.0,0.0,0.0,0.0,0.0,0.0,0.0,,,,,数据不足
2026-08,B0F9P1TM2T,KC4PSP17800,,0.0,0.0,0.0,0.0,0.0,0.0,0.0,0.0,0.0,0.0,,,,,数据不足
2026-08,B0F9P245M5,KC4PSP16000,,0.0,0.0,0.0,0.0,0.0,0.0,0.0,0.0,0.0,0.0,,,,,数据不足
2026-08,B0F9P262ZZ,KC4SGE05400,,0.0,0.0,0.0,0.0,0.0,0.0,0.0,0.0,0.0,0.0,,,,,数据不足
2026-08,B0F9P27NXR,KC4SGE00200,,0.0,0.0,0.0,0.0,0.0,0.0,0.0,0.0,0.0,0.0,,,,,数据不足
2026-08,B0F9P29199,KX4SGE18000,,0.0,0.0,0.0,0.0,0.0,0.0,0.0,0.0,0.0,0.0,,,,,数据不足
2026-08,B0F9P2BMDF,KC4SGE01500,,0.0,0.0,0.0,0.0,0.0,0.0,0.0,0.0,0.0,0.0,,,,,数据不足
2026-08,B0F9P2BSL6,KC4SGE03500,,0.0,0.0,0.0,0.0,0.0,0.0,0.0,0.0,0.0,0.0,,,,,数据不足
2026-08,B0F9P2D1ZC,PT4SGE24400,,0.0,0.0,0.0,0.0,0.0,0.0,0.0,0.0,0.0,0.0,,,,,数据不足
2026-08,B0F9P2DR6L,PT4SGE19700,,0.0,0.0,0.0,0.0,0.0,0.0,0.0,0.0,0.0,0.0,,,,,数据不足
2026-08,B0F9P2FVVS,KC4PSP17600,,0.0,0.0,0.0,0.0,0.0,0.0,0.0,0.0,0.0,0.0,,,,,数据不足
2026-08,B0F9P2H5QG,PT4SGE26700,,0.0,0.0,0.0,0.0,0.0,0.0,0.0,0.0,0.0,24.21,,,,,数据不足
2026-08,B0F9P2M14Q,KC4PSP16700,,0.0,0.0,0.0,0.0,0.0,0.0,0.0,0.0,0.0,0.0,,,,,数据不足
2026-08,B0F9P2Q5WS,KC4SGE00700,,0.0,0.0,0.0,0.0,0.0,0.0,0.0,0.0,0.0,0.0,,,,,数据不足
2026-08,B0F9P2QBDW,KC4SGE02700,,0.0,0.0,0.0,0.0,0.0,0.0,0.0,0.0,0.0,15.1,,,,,数据不足
2026-08,B0F9P2QBSV,KC4SGE01200,,0.0,0.0,0.0,0.0,0.0,0.0,0.0,0.0,0.0,0.0,,,,,数据不足
2026-08,B0F9P2VZBP,PT4SGE26500,,0.0,0.0,0.0,0.0,0.0,0.0,0.0,0.0,0.0,0.0,,,,,数据不足
2026-08,B0F9P2W6CW,KC4PSP17700,,0.0,0.0,0.0,0.0,0.0,0.0,0.0,0.0,0.0,0.0,,,,,数据不足
2026-08,B0F9P2WH5D,KC4SGE01400,,0.0,0.0,0.0,0.0,0.0,0.0,0.0,0.0,0.0,0.0,,,,,数据不足
2026-08,B0F9P2XBR2,KC4PSP16600,,0.0,0.0,0.0,0.0,0.0,0.0,0.0,0.0,0.0,0.0,,,,,数据不足
2026-08,B0F9P2ZWQF,KX4SGE15400,,0.0,0.0,0.0,0.0,0.0,0.0,0.0,0.0,0.0,0.0,,,,,数据不足
2026-08,B0F9P325K4,KC4SGE03300,,0.0,0.0,0.0,0.0,0.0,0.0,0.0,0.0,0.0,0.0,,,,,数据不足
2026-08,B0F9P32PJQ,KX4SGE08000,,0.0,0.0,0.0,0.0,0.0,0.0,0.0,0.0,0.0,0.0,,,,,数据不足
2026-08,B0F9P33RVM,KC4SGE04200,,0.0,0.0,0.0,0.0,0.0,0.0,0.0,0.0,0.0,13.81,,,,,数据不足
2026-08,B0F9P34MZ9,KC4PSP17000,,0.0,0.0,0.0,0.0,0.0,0.0,0.0,0.0,0.0,13.47,,,,,数据不足
2026-08,B0F9P3639R,PT4SGE24000,,0.0,0.0,0.0,0.0,0.0,0.0,0.0,0.0,0.0,0.0,,,,,数据不足
2026-08,B0F9P363PW,PT4SGE27700,,0.0,0.0,0.0,0.0,0.0,0.0,0.0,0.0,0.0,0.0,,,,,数据不足
2026-08,B0F9P38NR7,KC4SGE02800,,0.0,0.0,0.0,0.0,0.0,0.0,0.0,0.0,0.0,52.43,,,,,数据不足
2026-08,B0F9P39BQ3,KC4SGE05100,,0.0,0.0,0.0,0.0,0.0,0.0,0.0,0.0,0.0,9.04,,,,,数据不足
2026-08,B0F9P39LSF,KX4SGE07900,,0.0,0.0,0.0,0.0,0.0,0.0,0.0,0.0,0.0,0.0,,,,,数据不足
2026-08,B0F9P3D4RC,KC4PSP16300,,0.0,0.0,0.0,0.0,0.0,0.0,0.0,0.0,0.0,35.91,,,,,数据不足
2026-08,B0F9P3MWHL,KC4SGE01500,,0.0,0.0,0.0,0.0,0.0,0.0,0.0,0.0,0.0,0.0,,,,,数据不足
2026-08,B0F9P3ND1Z,KC4PSP17000,,0.0,0.0,0.0,0.0,0.0,0.0,0.0,0.0,0.0,0.0,,,,,数据不足
2026-08,B0F9P3PCC3,PT4SGE27600,,0.0,0.0,0.0,0.0,0.0,0.0,0.0,0.0,0.0,0.0,,,,,数据不足
2026-08,B0F9P3PX48,KC4SGE01700,,0.0,0.0,0.0,0.0,0.0,0.0,0.0,0.0,0.0,0.0,,,,,数据不足
2026-08,B0F9P3PZCS,PT4SGE19700,,0.0,0.0,0.0,0.0,0.0,0.0,0.0,0.0,0.0,0.0,,,,,数据不足
2026-08,B0F9P3PZR2,PT4SGE26700,,0.0,0.0,0.0,0.0,0.0,0.0,0.0,0.0,0.0,0.0,,,,,数据不足
2026-08,B0F9P3QW3M,KC4PSP15900,,0.0,0.0,0.0,0.0,0.0,0.0,0.0,0.0,0.0,0.0,,,,,数据不足
2026-08,B0F9P3R4ZP,KC4PSP17700,,0.0,0.0,0.0,0.0,0.0,0.0,0.0,0.0,0.0,0.0,,,,,数据不足
2026-08,B0F9P3RPWF,KX4SGE09100,,0.0,0.0,0.0,0.0,0.0,0.0,0.0,0.0,0.0,0.0,,,,,数据不足
2026-08,B0F9P3VHDL,KX4SGE12200,,0.0,0.0,0.0,0.0,0.0,0.0,0.0,0.0,0.0,0.0,,,,,数据不足
2026-08,B0F9P3YMVH,KC4SGE00300,,0.0,0.0,0.0,0.0,0.0,0.0,0.0,0.0,0.0,0.0,,,,,数据不足
2026-08,B0F9P451QY,KC4SGE03900,,0.0,0.0,0.0,0.0,0.0,0.0,0.0,0.0,0.0,0.0,,,,,数据不足
2026-08,B0F9P4C3HG,PT4SGE27600,,0.0,0.0,0.0,0.0,0.0,0.0,0.0,0.0,0.0,0.0,,,,,数据不足
2026-08,B0F9P4CQWD,PT4SGE27000,,0.0,0.0,0.0,0.0,0.0,0.0,0.0,0.0,0.0,0.0,,,,,数据不足
2026-08,B0F9P4HWT4,KC4SGE00800,,0.0,0.0,0.0,0.0,0.0,0.0,0.0,0.0,0.0,22.37,,,,,数据不足
2026-08,B0F9P4PD4Z,PT4SGE24000,,0.0,0.0,0.0,0.0,0.0,0.0,0.0,0.0,0.0,88.75,,,,,数据不足
2026-08,B0F9P4VHVF,KC4PSP18100,,0.0,0.0,0.0,0.0,0.0,0.0,0.0,0.0,0.0,0.0,,,,,数据不足
2026-08,B0F9P51MXT,KC4SGE02700,,0.0,0.0,0.0,0.0,0.0,0.0,0.0,0.0,0.0,0.0,,,,,数据不足
2026-08,B0F9P53F72,KX4SGE17400,,0.0,0.0,0.0,0.0,0.0,0.0,0.0,0.0,0.0,0.0,,,,,数据不足
2026-08,B0F9P56J5K,KC4SGE05100,,0.0,0.0,0.0,0.0,0.0,0.0,0.0,0.0,0.0,36.79,,,,,数据不足
2026-08,B0F9P57HY9,KC4SGE00800,,0.0,0.0,0.0,0.0,0.0,0.0,0.0,0.0,0.0,0.0,,,,,数据不足
2026-08,B0F9P5HDDQ,KC4SGE01000,,0.0,0.0,0.0,0.0,0.0,0.0,0.0,0.0,0.0,0.0,,,,,数据不足
2026-08,B0F9P5L5QJ,KX4SGE18000,,0.0,0.0,0.0,0.0,0.0,0.0,0.0,0.0,0.0,3.94,,,,,数据不足
2026-08,B0F9P5MGVH,KC4SGE03300,,0.0,0.0,0.0,0.0,0.0,0.0,0.0,0.0,0.0,0.0,,,,,数据不足
2026-08,B0F9P5PCHK,PT4SGE27300,,0.0,0.0,0.0,0.0,0.0,0.0,0.0,0.0,0.0,0.0,,,,,数据不足
2026-08,B0F9P5PYS8,KX4SGE14500,,0.0,0.0,0.0,0.0,0.0,0.0,0.0,0.0,0.0,0.0,,,,,数据不足
2026-08,B0F9P5Q32W,KC4SGE02500,,0.0,0.0,0.0,0.0,0.0,0.0,0.0,0.0,0.0,0.0,,,,,数据不足
2026-08,B0F9P5Q5TX,KC4SGE03500,,0.0,0.0,0.0,0.0,0.0,0.0,0.0,0.0,0.0,0.0,,,,,数据不足
2026-08,B0F9P6FVZP,KC4SGE03900,,0.0,0.0,0.0,0.0,0.0,0.0,0.0,0.0,0.0,0.0,,,,,数据不足
2026-08,B0F9P6GH7T,KC4PSP16500,,0.0,0.0,0.0,0.0,0.0,0.0,0.0,0.0,0.0,0.0,,,,,数据不足
2026-08,B0F9P6HCXT,KC4SGE05500,,0.0,0.0,0.0,0.0,0.0,0.0,0.0,0.0,0.0,0.0,,,,,数据不足
2026-08,B0F9P6NNK3,KC4SGE04600,,0.0,0.0,0.0,0.0,0.0,0.0,0.0,0.0,0.0,0.0,,,,,数据不足
2026-08,B0F9P6QSYV,KC4SGE02500,,0.0,0.0,0.0,0.0,0.0,0.0,0.0,0.0,0.0,0.0,,,,,数据不足
2026-08,B0F9P6R93Z,KC4SGE02800,,0.0,0.0,0.0,0.0,0.0,0.0,0.0,0.0,0.0,18.84,,,,,数据不足
2026-08,B0F9P6TCDJ,KC4SGE01400,,0.0,0.0,0.0,0.0,0.0,0.0,0.0,0.0,0.0,0.0,,,,,数据不足
2026-08,B0F9P6TGR8,KC4SGE02900,,0.0,0.0,0.0,0.0,0.0,0.0,0.0,0.0,0.0,0.0,,,,,数据不足
2026-08,B0F9P6Z4J9,PT4SGE24400,,0.0,0.0,0.0,0.0,0.0,0.0,0.0,0.0,0.0,265.02,,,,,数据不足
2026-08,B0F9P6ZFM7,KC4PSP17800,,0.0,0.0,0.0,0.0,0.0,0.0,0.0,0.0,0.0,0.0,,,,,数据不足
2026-08,B0F9P738HC,KC4PSP17100,,0.0,0.0,0.0,0.0,0.0,0.0,0.0,0.0,0.0,0.0,,,,,数据不足
2026-08,B0F9P741LY,KX4SGE12100,,0.0,0.0,0.0,0.0,0.0,0.0,0.0,0.0,0.0,0.0,,,,,数据不足
2026-08,B0F9P74TV3,KX4SGE10200,,0.0,0.0,0.0,0.0,0.0,0.0,0.0,0.0,0.0,45.77,,,,,数据不足
2026-08,B0F9P75415,KX4SGE17100,,0.0,0.0,0.0,0.0,0.0,0.0,0.0,0.0,0.0,0.0,,,,,数据不足
2026-08,B0F9P76CD5,KX4SGE08000,,0.0,0.0,0.0,0.0,0.0,0.0,0.0,0.0,0.0,0.0,,,,,数据不足
2026-08,B0F9P777HP,KC4PSP16200,,0.0,0.0,0.0,0.0,0.0,0.0,0.0,0.0,0.0,0.0,,,,,数据不足
2026-08,B0F9P7BKQX,KX4SGE12200,,0.0,0.0,0.0,0.0,0.0,0.0,0.0,0.0,0.0,0.0,,,,,数据不足
2026-08,B0F9P7D591,KC4PSP16400,,0.0,0.0,0.0,0.0,0.0,0.0,0.0,0.0,0.0,0.0,,,,,数据不足
2026-08,B0F9P7FY3D,KX4SGE17700,,0.0,0.0,0.0,0.0,0.0,0.0,0.0,0.0,0.0,37.74,,,,,数据不足
2026-08,B0F9P7GNTS,KX4SGE12600,,0.0,0.0,0.0,0.0,0.0,0.0,0.0,0.0,0.0,0.0,,,,,数据不足
2026-08,B0F9P7HCWC,KC4SGE03100,,0.0,0.0,0.0,0.0,0.0,0.0,0.0,0.0,0.0,0.0,,,,,数据不足
2026-08,B0F9P7JSJF,KC4SGE03200,,0.0,0.0,0.0,0.0,0.0,0.0,0.0,0.0,0.0,0.0,,,,,数据不足
2026-08,B0F9P7JT94,KC4PSP17600,,0.0,0.0,0.0,0.0,0.0,0.0,0.0,0.0,0.0,0.0,,,,,数据不足
2026-08,B0F9P7P6MF,KC4SGE01200,,0.0,0.0,0.0,0.0,0.0,0.0,0.0,0.0,0.0,0.0,,,,,数据不足
2026-08,B0F9P7QWCZ,KC4SGE03800,,0.0,0.0,0.0,0.0,0.0,0.0,0.0,0.0,0.0,0.0,,,,,数据不足
2026-08,B0F9P7T83Z,KX4SGE08200,,0.0,0.0,0.0,0.0,0.0,0.0,0.0,0.0,0.0,0.0,,,,,数据不足
2026-08,B0F9P7XLG5,KX4SGE10900,,0.0,0.0,0.0,0.0,0.0,0.0,0.0,0.0,0.0,0.0,,,,,数据不足
2026-08,B0F9P88JT2,KC4PSP16100,,0.0,0.0,0.0,0.0,0.0,0.0,0.0,0.0,0.0,0.0,,,,,数据不足
2026-08,B0F9P89JS1,PT4SGE27700,,0.0,0.0,0.0,0.0,0.0,0.0,0.0,0.0,0.0,0.0,,,,,数据不足
2026-08,B0F9P8BM2K,KX4SGE15400,,0.0,0.0,0.0,0.0,0.0,0.0,0.0,0.0,0.0,0.0,,,,,数据不足
2026-08,B0F9P8BQMG,KC4SGE01300,,0.0,0.0,0.0,0.0,0.0,0.0,0.0,0.0,0.0,0.0,,,,,数据不足
2026-08,B0F9P8CMT1,KX4SGE08600,,0.0,0.0,0.0,0.0,0.0,0.0,0.0,0.0,0.0,24.28,,,,,数据不足
2026-08,B0F9P8CRVS,KC4SGE00300,,0.0,0.0,0.0,0.0,0.0,0.0,0.0,0.0,0.0,0.0,,,,,数据不足
2026-08,B0F9P8D7PT,KX4SGE10300,,0.0,0.0,0.0,0.0,0.0,0.0,0.0,0.0,0.0,0.0,,,,,数据不足
2026-08,B0F9P8FDPJ,KC4PSP16700,,0.0,0.0,0.0,0.0,0.0,0.0,0.0,0.0,0.0,0.0,,,,,数据不足
2026-08,B0F9P8K7KW,KX4SGE14900,,0.0,0.0,0.0,0.0,0.0,0.0,0.0,0.0,0.0,0.0,,,,,数据不足
2026-08,B0F9P8MK9F,KX4SGE13500,,0.0,0.0,0.0,0.0,0.0,0.0,0.0,0.0,0.0,0.0,,,,,数据不足
2026-08,B0F9P8PT7D,KX4SGE08300,,0.0,0.0,0.0,0.0,0.0,0.0,0.0,0.0,0.0,0.0,,,,,数据不足
2026-08,B0F9P8Y3Q1,KC4PSP17200,,0.0,0.0,0.0,0.0,0.0,0.0,0.0,0.0,0.0,0.0,,,,,数据不足
2026-08,B0F9P93MYF,KC4SGE00700,,0.0,0.0,0.0,0.0,0.0,0.0,0.0,0.0,0.0,0.0,,,,,数据不足
2026-08,B0FCWSVZXX,PT4SGE19800,,0.0,0.0,0.0,0.0,0.0,0.0,0.0,0.0,0.0,0.0,,,,,数据不足
2026-08,B0FCX1MN1M,KC4SGE03200,,0.0,0.0,0.0,0.0,0.0,0.0,0.0,0.0,0.0,0.0,,,,,数据不足
2026-08,B0FCX1SSRR,KC4SGE00400,,0.0,0.0,0.0,0.0,0.0,0.0,0.0,0.0,0.0,0.0,,,,,数据不足
2026-08,B0FCX1SSRT,KC4SGE05100,,0.0,0.0,0.0,0.0,0.0,0.0,0.0,0.0,0.0,0.0,,,,,数据不足
2026-08,B0FCX4JTT4,KX4SGE12100,,0.0,0.0,0.0,0.0,0.0,0.0,0.0,0.0,0.0,0.0,,,,,数据不足
2026-08,B0FCXDS4HF,KC4SGE03900,,0.0,0.0,0.0,0.0,0.0,0.0,0.0,0.0,0.0,9.86,,,,,数据不足
2026-08,B0FCXDSJY6,KX4SGE17700,,0.0,0.0,0.0,0.0,0.0,0.0,0.0,0.0,0.0,0.0,,,,,数据不足
2026-08,B0FCXDWK9W,KC4SGE00700,,0.0,0.0,0.0,0.0,0.0,0.0,0.0,0.0,0.0,26.93,,,,,数据不足
2026-08,B0FCXDY8GG,PT4SGE23600,,0.0,0.0,0.0,0.0,0.0,0.0,0.0,0.0,0.0,0.0,,,,,数据不足
2026-08,B0FCXDZB1H,KC4SGE00500,,0.0,0.0,0.0,0.0,0.0,0.0,0.0,0.0,0.0,0.0,,,,,数据不足
2026-08,B0FCXF11MB,PT4SGE20000,,0.0,0.0,0.0,0.0,0.0,0.0,0.0,0.0,0.0,0.0,,,,,数据不足
2026-08,B0FCXKRQ4Q,PT4SGE20100,,0.0,0.0,0.0,0.0,0.0,0.0,0.0,0.0,0.0,0.0,,,,,数据不足
2026-08,B0FCXKRQ4R,KX4SGE13100,,0.0,0.0,0.0,0.0,0.0,0.0,0.0,0.0,0.0,0.0,,,,,数据不足
2026-08,B0FCXKSXJ2,KC4SGE02900,,0.0,0.0,0.0,0.0,0.0,0.0,0.0,0.0,0.0,0.0,,,,,数据不足
2026-08,B0FCXKW3Q2,PT4SGE26100,,0.0,0.0,0.0,0.0,0.0,0.0,0.0,0.0,0.0,0.0,,,,,数据不足
2026-08,B0FCXKWTCM,KX4SGE11100,,0.0,0.0,0.0,0.0,0.0,0.0,0.0,0.0,0.0,0.0,,,,,数据不足
2026-08,B0FCXKZ2TP,KX4SGE10300,,0.0,0.0,0.0,0.0,0.0,0.0,0.0,0.0,0.0,0.0,,,,,数据不足
2026-08,B0FCXL4T7H,PT4SGE23100,,0.0,0.0,0.0,0.0,0.0,0.0,0.0,0.0,0.0,0.0,,,,,数据不足
2026-08,B0FCXL81L4,KC4SGE02700,,0.0,0.0,0.0,0.0,0.0,0.0,0.0,0.0,0.0,0.0,,,,,数据不足
2026-08,B0FCXLCSNF,KX4SGE09100,,0.0,0.0,0.0,0.0,0.0,0.0,0.0,0.0,0.0,0.0,,,,,数据不足
2026-08,B0FCXLPVC9,KX4SGE17400,,0.0,0.0,0.0,0.0,0.0,0.0,0.0,0.0,0.0,0.0,,,,,数据不足
2026-08,B0FCXLS2R9,KC4SGE01000,,0.0,0.0,0.0,0.0,0.0,0.0,0.0,0.0,0.0,0.0,,,,,数据不足
2026-08,B0FCXLT1YC,KC4SGE03300,,0.0,0.0,0.0,0.0,0.0,0.0,0.0,0.0,0.0,0.0,,,,,数据不足
2026-08,B0FCXPG77X,KC4PSP16300,,0.0,0.0,0.0,0.0,0.0,0.0,0.0,0.0,0.0,0.0,,,,,数据不足
2026-08,B0FCXPJZ2K,KC4SGE00900,,0.0,0.0,0.0,0.0,0.0,0.0,0.0,0.0,0.0,35.57,,,,,数据不足
2026-08,B0FCXPKBL5,KC4PSP15900,,0.0,0.0,0.0,0.0,0.0,0.0,0.0,0.0,0.0,0.0,,,,,数据不足
2026-08,B0FCXPWBXD,KC4SGE01600,,0.0,0.0,0.0,0.0,0.0,0.0,0.0,0.0,0.0,0.0,,,,,数据不足
2026-08,B0FCXPYNMK,KX4SGE16700,,0.0,0.0,0.0,0.0,0.0,0.0,0.0,0.0,0.0,0.0,,,,,数据不足
2026-08,B0FCXQ23VC,KX4SGE09700,,0.0,0.0,0.0,0.0,0.0,0.0,0.0,0.0,0.0,0.0,,,,,数据不足
2026-08,B0FCXQMKCS,KC4SGE04600,,0.0,0.0,0.0,0.0,0.0,0.0,0.0,0.0,0.0,58.96,,,,,数据不足
2026-08,B0FCXQNNJR,PT4SGE21500,,0.0,0.0,0.0,0.0,0.0,0.0,0.0,0.0,0.0,96.77,,,,,数据不足
2026-08,B0FCXQW27N,KX4SGE15200,,0.0,0.0,0.0,0.0,0.0,0.0,0.0,0.0,0.0,0.0,,,,,数据不足
2026-08,B0FCXR4MMG,PT4SGE26000,,0.0,0.0,0.0,0.0,0.0,0.0,0.0,0.0,0.0,0.0,,,,,数据不足
2026-08,B0FCXR68F2,KC4SGE02400,,0.0,0.0,0.0,0.0,0.0,0.0,0.0,0.0,0.0,0.0,,,,,数据不足
2026-08,B0FCXR68F3,KC4PSP16400,,0.0,0.0,0.0,0.0,0.0,0.0,0.0,0.0,0.0,0.0,,,,,数据不足
2026-08,B0FCXRDFJM,PT4SGE19400,,0.0,0.0,0.0,0.0,0.0,0.0,0.0,0.0,0.0,0.0,,,,,数据不足
2026-08,B0FCXRGZS1,KX4SGE11700,,0.0,0.0,0.0,0.0,0.0,0.0,0.0,0.0,0.0,0.0,,,,,数据不足
2026-08,B0FCXRJGDS,KC4SGE01800,,0.0,0.0,0.0,0.0,0.0,0.0,0.0,0.0,0.0,0.0,,,,,数据不足
2026-08,B0FCXRN1NH,KX4SGE10100,,0.0,0.0,0.0,0.0,0.0,0.0,0.0,0.0,0.0,13.4,,,,,数据不足
2026-08,B0FCXRRJ9D,KX4SGE12200,,0.0,0.0,0.0,0.0,0.0,0.0,0.0,0.0,0.0,0.0,,,,,数据不足
2026-08,B0FCXRV9TR,KC4SGE04200,,0.0,0.0,0.0,0.0,0.0,0.0,0.0,0.0,0.0,0.0,,,,,数据不足
2026-08,B0FCXRVNRZ,PT4SGE19100,,0.0,0.0,0.0,0.0,0.0,0.0,0.0,0.0,0.0,42.57,,,,,数据不足
2026-08,B0FCXRYWWR,PT4SGE26600,,0.0,0.0,0.0,0.0,0.0,0.0,0.0,0.0,0.0,0.0,,,,,数据不足
2026-08,B0FCXS1D44,KC4SGE04700,,0.0,0.0,0.0,0.0,0.0,0.0,0.0,0.0,0.0,0.0,,,,,数据不足
2026-08,B0FCXS4WX3,KX4SGE10900,,0.0,0.0,0.0,0.0,0.0,0.0,0.0,0.0,0.0,11.97,,,,,数据不足
2026-08,B0FCXS5XSK,KX4SGE15400,,0.0,0.0,0.0,0.0,0.0,0.0,0.0,0.0,0.0,0.0,,,,,数据不足
2026-08,B0FCXSZ7MB,PT4SGE18400,,0.0,0.0,0.0,0.0,0.0,0.0,0.0,0.0,0.0,0.0,,,,,数据不足
2026-08,B0FCXT2347,KC4PSP16600,,0.0,0.0,0.0,0.0,0.0,0.0,0.0,0.0,0.0,19.11,,,,,数据不足
2026-08,B0FCXT57NG,PT4SGE25600,,0.0,0.0,0.0,0.0,0.0,0.0,0.0,0.0,0.0,0.0,,,,,数据不足
2026-08,B0FCXT6K2H,KC4SGE02800,,0.0,0.0,0.0,0.0,0.0,0.0,0.0,0.0,0.0,0.0,,,,,数据不足
2026-08,B0FCXT7VTC,KC4SGE03500,,0.0,0.0,0.0,0.0,0.0,0.0,0.0,0.0,0.0,0.0,,,,,数据不足
2026-08,B0FCXTDSQP,PT4SGE22200,,0.0,0.0,0.0,0.0,0.0,0.0,0.0,0.0,0.0,0.0,,,,,数据不足
2026-08,B0FCXTLYFD,KX4SGE14700,,0.0,0.0,0.0,0.0,0.0,0.0,0.0,0.0,0.0,0.0,,,,,数据不足
2026-08,B0FCXTNFZ1,KC4SGE01700,,0.0,0.0,0.0,0.0,0.0,0.0,0.0,0.0,0.0,0.0,,,,,数据不足
2026-08,B0FCXTSHJB,KX4SGE16500,,0.0,0.0,0.0,0.0,0.0,0.0,0.0,0.0,0.0,0.0,,,,,数据不足
2026-08,B0FCXTT4Z3,KC4PSP17200,,0.0,0.0,0.0,0.0,0.0,0.0,0.0,0.0,0.0,0.0,,,,,数据不足
2026-08,B0FCXTTHDV,PT4SGE25800,,0.0,0.0,0.0,0.0,0.0,0.0,0.0,0.0,0.0,0.0,,,,,数据不足
2026-08,B0FCXTWBHN,PT4SGE18500,,0.0,0.0,0.0,0.0,0.0,0.0,0.0,0.0,0.0,0.0,,,,,数据不足
2026-08,B0FCXV7FCZ,PT4SGE24400,,0.0,0.0,0.0,0.0,0.0,0.0,0.0,0.0,0.0,0.0,,,,,数据不足
2026-08,B0FCXV83P4,KC4PSP17500,,0.0,0.0,0.0,0.0,0.0,0.0,0.0,0.0,0.0,0.0,,,,,数据不足
2026-08,B0FCXV9YB4,KX4SGE12600,,0.0,0.0,0.0,0.0,0.0,0.0,0.0,0.0,0.0,0.0,,,,,数据不足
2026-08,B0FCXVCVR2,KC4PSP16000,,0.0,0.0,0.0,0.0,0.0,0.0,0.0,0.0,0.0,0.0,,,,,数据不足
2026-08,B0FCXVKMRB,KC4SGE01500,,0.0,0.0,0.0,0.0,0.0,0.0,0.0,0.0,0.0,0.0,,,,,数据不足
2026-08,B0FCXVMN66,PT4SGE24000,,0.0,0.0,0.0,0.0,0.0,0.0,0.0,0.0,0.0,0.0,,,,,数据不足
2026-08,B0FCXVNLJ6,KX4SGE12900,,0.0,0.0,0.0,0.0,0.0,0.0,0.0,0.0,0.0,0.0,,,,,数据不足
2026-08,B0FCXVNXV2,PT4SGE28100,,0.0,0.0,0.0,0.0,0.0,0.0,0.0,0.0,0.0,0.0,,,,,数据不足
2026-08,B0FCXVPPY5,KC4PSP18100,,0.0,0.0,0.0,0.0,0.0,0.0,0.0,0.0,0.0,0.0,,,,,数据不足
2026-08,B0FCXVQSV6,KC4SGE05400,,0.0,0.0,0.0,0.0,0.0,0.0,0.0,0.0,0.0,0.0,,,,,数据不足
2026-08,B0FCXVZSGS,KC4SGE01300,,0.0,0.0,0.0,0.0,0.0,0.0,0.0,0.0,0.0,0.0,,,,,数据不足
2026-08,B0FCXW3856,KC4SGE05200,,0.0,0.0,0.0,0.0,0.0,0.0,0.0,0.0,0.0,19.65,,,,,数据不足
2026-08,B0FCXW3857,KX4SGE08100,,0.0,0.0,0.0,0.0,0.0,0.0,0.0,0.0,0.0,0.0,,,,,数据不足
2026-08,B0FCXW3KZ5,KC4SGE03000,,0.0,0.0,0.0,0.0,0.0,0.0,0.0,0.0,0.0,0.0,,,,,数据不足
2026-08,B0FCXW4ZY3,KX4SGE10700,,0.0,0.0,0.0,0.0,0.0,0.0,0.0,0.0,0.0,0.0,,,,,数据不足
2026-08,B0FCXW7BZW,PT4SGE24600,,0.0,0.0,0.0,0.0,0.0,0.0,0.0,0.0,0.0,0.0,,,,,数据不足
2026-08,B0FCXXNBP4,KX4SGE08400,,0.0,0.0,0.0,0.0,0.0,0.0,0.0,0.0,0.0,30.47,,,,,数据不足
2026-08,B0FCXXP5Q5,KC4PSP17100,,0.0,0.0,0.0,0.0,0.0,0.0,0.0,0.0,0.0,0.0,,,,,数据不足
2026-08,B0FCXXQYT3,KX4SGE08000,,0.0,0.0,0.0,0.0,0.0,0.0,0.0,0.0,0.0,0.0,,,,,数据不足
2026-08,B0FCXXTN63,KC4SGE01400,,0.0,0.0,0.0,0.0,0.0,0.0,0.0,0.0,0.0,9.79,,,,,数据不足
2026-08,B0FCXXXZHZ,KC4SGE05300,,0.0,0.0,0.0,0.0,0.0,0.0,0.0,0.0,0.0,0.0,,,,,数据不足
2026-08,B0FCXXYDNV,KC4PSP17000,,0.0,0.0,0.0,0.0,0.0,0.0,0.0,0.0,0.0,0.0,,,,,数据不足
2026-08,B0FCXXZFXY,KC4SGE01200,,0.0,0.0,0.0,0.0,0.0,0.0,0.0,0.0,0.0,0.0,,,,,数据不足
2026-08,B0FCXY3LLS,KC4SGE04900,,0.0,0.0,0.0,0.0,0.0,0.0,0.0,0.0,0.0,0.0,,,,,数据不足
2026-08,B0FCXY85QD,KX4SGE10200,,0.0,0.0,0.0,0.0,0.0,0.0,0.0,0.0,0.0,46.79,,,,,数据不足
2026-08,B0FCXYFGT8,PT4SGE27300,,0.0,0.0,0.0,0.0,0.0,0.0,0.0,0.0,0.0,0.0,,,,,数据不足
2026-08,B0FCXYG5CX,KC4PSP18000,,0.0,0.0,0.0,0.0,0.0,0.0,0.0,0.0,0.0,0.0,,,,,数据不足
2026-08,B0FCXYHDYD,KC4SGE03700,,0.0,0.0,0.0,0.0,0.0,0.0,0.0,0.0,0.0,0.0,,,,,数据不足
2026-08,B0FCXYLX1Q,KC4SGE04800,,0.0,0.0,0.0,0.0,0.0,0.0,0.0,0.0,0.0,0.0,,,,,数据不足
2026-08,B0FCXYP1JK,KX4SGE08600,,0.0,0.0,0.0,0.0,0.0,0.0,0.0,0.0,0.0,20.61,,,,,数据不足
2026-08,B0FCXYT3H6,KX4SGE17200,,0.0,0.0,0.0,0.0,0.0,0.0,0.0,0.0,0.0,0.0,,,,,数据不足
2026-08,B0FCXYVK2N,PT4SGE20800,,0.0,0.0,0.0,0.0,0.0,0.0,0.0,0.0,0.0,0.0,,,,,数据不足
2026-08,B0FCY1JLTV,KX4SGE17300,,0.0,0.0,0.0,0.0,0.0,0.0,0.0,0.0,0.0,0.0,,,,,数据不足
2026-08,B0FCY1K8N5,KX4SGE10600,,0.0,0.0,0.0,0.0,0.0,0.0,0.0,0.0,0.0,0.0,,,,,数据不足
2026-08,B0FCY1P9YD,KX4SGE15800,,0.0,0.0,0.0,0.0,0.0,0.0,0.0,0.0,0.0,8.5,,,,,数据不足
2026-08,B0FCY1ZS15,KC4SGE03800,,0.0,0.0,0.0,0.0,0.0,0.0,0.0,0.0,0.0,17.41,,,,,数据不足
2026-08,B0FCY28VSK,PT4SGE22800,,0.0,0.0,0.0,0.0,0.0,0.0,0.0,0.0,0.0,13.6,,,,,数据不足
2026-08,B0FCY2KMVF,KX4SGE07900,,0.0,0.0,0.0,0.0,0.0,0.0,0.0,0.0,0.0,0.0,,,,,数据不足
2026-08,B0FCY2LP4W,PT4SGE18700,,0.0,0.0,0.0,0.0,0.0,0.0,0.0,0.0,0.0,0.0,,,,,数据不足
2026-08,B0FCY2LP4X,KX4SGE08300,,0.0,0.0,0.0,0.0,0.0,0.0,0.0,0.0,0.0,0.0,,,,,数据不足
2026-08,B0FCY2P3VF,PT4SGE21900,,0.0,0.0,0.0,0.0,0.0,0.0,0.0,0.0,0.0,0.0,,,,,数据不足
2026-08,B0FCY2PH1H,KC4SGE00600,,0.0,0.0,0.0,0.0,0.0,0.0,0.0,0.0,0.0,8.57,,,,,数据不足
2026-08,B0FCY2PTVP,KX4SGE08200,,0.0,0.0,0.0,0.0,0.0,0.0,0.0,0.0,0.0,0.0,,,,,数据不足
2026-08,B0FCY2T9PW,PT4SGE19600,,0.0,0.0,0.0,0.0,0.0,0.0,0.0,0.0,0.0,0.0,,,,,数据不足
2026-08,B0FCY2TRZD,PT4SGE27700,,0.0,0.0,0.0,0.0,0.0,0.0,0.0,0.0,0.0,0.0,,,,,数据不足
2026-08,B0FCY2YN5G,PT4SGE26300,,0.0,0.0,0.0,0.0,0.0,0.0,0.0,0.0,0.0,0.0,,,,,数据不足
2026-08,B0FCY31KGJ,KX4SGE13500,,0.0,0.0,0.0,0.0,0.0,0.0,0.0,0.0,0.0,0.0,,,,,数据不足
2026-08,B0FCY35J53,KX4SGE12400,,0.0,0.0,0.0,0.0,0.0,0.0,0.0,0.0,0.0,0.0,,,,,数据不足
2026-08,B0FCY35XL7,KC4PSP16500,,0.0,0.0,0.0,0.0,0.0,0.0,0.0,0.0,0.0,0.0,,,,,数据不足
2026-08,B0FCY39NR5,PT4SGE18800,,0.0,0.0,0.0,0.0,0.0,0.0,0.0,0.0,0.0,0.0,,,,,数据不足
2026-08,B0FCY3CWLC,KX4SGE13300,,0.0,0.0,0.0,0.0,0.0,0.0,0.0,0.0,0.0,0.0,,,,,数据不足
2026-08,B0FCY3D9JR,KC4PSP17600,,0.0,0.0,0.0,0.0,0.0,0.0,0.0,0.0,0.0,0.0,,,,,数据不足
2026-08,B0FCY3HWGX,KC4SGE05500,,0.0,0.0,0.0,0.0,0.0,0.0,0.0,0.0,0.0,7.24,,,,,数据不足
2026-08,B0FCY3KFN7,KC4SGE00800,,0.0,0.0,0.0,0.0,0.0,0.0,0.0,0.0,0.0,0.0,,,,,数据不足
2026-08,B0FCY3LQ22,KX4SGE18000,,0.0,0.0,0.0,0.0,0.0,0.0,0.0,0.0,0.0,0.0,,,,,数据不足
2026-08,B0FCY3MWW2,KC4SGE01100,,0.0,0.0,0.0,0.0,0.0,0.0,0.0,0.0,0.0,25.64,,,,,数据不足
2026-08,B0FCY49VLV,KX4SGE13200,,0.0,0.0,0.0,0.0,0.0,0.0,0.0,0.0,0.0,32.85,,,,,数据不足
2026-08,B0FCY4CL3C,PT4SGE26200,,0.0,0.0,0.0,0.0,0.0,0.0,0.0,0.0,0.0,0.0,,,,,数据不足
2026-08,B0FCY4G83J,KC4PSP16800,,0.0,0.0,0.0,0.0,0.0,0.0,0.0,0.0,0.0,0.0,,,,,数据不足
2026-08,B0FCY4LB3B,KC4SGE00100,,0.0,0.0,0.0,0.0,0.0,0.0,0.0,0.0,0.0,0.0,,,,,数据不足
2026-08,B0FCY4LN7W,KC4SGE03100,,0.0,0.0,0.0,0.0,0.0,0.0,0.0,0.0,0.0,0.0,,,,,数据不足
2026-08,B0FCY4MFMV,PT4SGE19900,,0.0,0.0,0.0,0.0,0.0,0.0,0.0,0.0,0.0,0.0,,,,,数据不足
2026-08,B0FCY52SGG,PT4SGE25400,,0.0,0.0,0.0,0.0,0.0,0.0,0.0,0.0,0.0,0.0,,,,,数据不足
2026-08,B0FCY543ZW,PT4SGE27500,,0.0,0.0,0.0,0.0,0.0,0.0,0.0,0.0,0.0,0.0,,,,,数据不足
2026-08,B0FCY55RFB,KC4PSP17700,,0.0,0.0,0.0,0.0,0.0,0.0,0.0,0.0,0.0,0.0,,,,,数据不足
2026-08,B0FCY5953S,KX4SGE17100,,0.0,0.0,0.0,0.0,0.0,0.0,0.0,0.0,0.0,0.0,,,,,数据不足
2026-08,B0FCY59VCT,KC4PSP16200,,0.0,0.0,0.0,0.0,0.0,0.0,0.0,0.0,0.0,0.0,,,,,数据不足
2026-08,B0FCY5DXQT,KC4PSP15800,,0.0,0.0,0.0,0.0,0.0,0.0,0.0,0.0,0.0,33.53,,,,,数据不足
2026-08,B0FCY5H7WH,PT4SGE21400,,0.0,0.0,0.0,0.0,0.0,0.0,0.0,0.0,0.0,0.0,,,,,数据不足
2026-08,B0FCY5HNQN,KX4SGE08900,,0.0,0.0,0.0,0.0,0.0,0.0,0.0,0.0,0.0,21.97,,,,,数据不足
2026-08,B0FCY5HZKG,KC4PSP18200,,0.0,0.0,0.0,0.0,0.0,0.0,0.0,0.0,0.0,0.0,,,,,数据不足
2026-08,B0FCY5WSVD,KC4PSP17300,,0.0,0.0,0.0,0.0,0.0,0.0,0.0,0.0,0.0,0.0,,,,,数据不足
2026-08,B0FCY5YS4Z,KX4SGE12700,,0.0,0.0,0.0,0.0,0.0,0.0,0.0,0.0,0.0,0.0,,,,,数据不足
2026-08,B0FCY5ZTQ1,PT4SGE27800,,0.0,0.0,0.0,0.0,0.0,0.0,0.0,0.0,0.0,0.0,,,,,数据不足
2026-08,B0FCY84ZJV,PT4SGE22700,,0.0,0.0,0.0,0.0,0.0,0.0,0.0,0.0,0.0,0.0,,,,,数据不足
2026-08,B0FCY894BF,PT4SGE22500,,0.0,0.0,0.0,0.0,0.0,0.0,0.0,0.0,0.0,0.0,,,,,数据不足
2026-08,B0FCY89GNF,KX4SGE14000,,0.0,0.0,0.0,0.0,0.0,0.0,0.0,0.0,0.0,2.65,,,,,数据不足
2026-08,B0FCY8FXX8,KX4SGE14500,,0.0,0.0,0.0,0.0,0.0,0.0,0.0,0.0,0.0,0.0,,,,,数据不足
2026-08,B0FCY8MHRJ,KX4SGE09300,,0.0,0.0,0.0,0.0,0.0,0.0,0.0,0.0,0.0,3.06,,,,,数据不足
2026-08,B0FCY8N99M,PT4SGE27600,,0.0,0.0,0.0,0.0,0.0,0.0,0.0,0.0,0.0,19.38,,,,,数据不足
2026-08,B0FCY8YV7W,PT4SGE19500,,0.0,0.0,0.0,0.0,0.0,0.0,0.0,0.0,0.0,0.0,,,,,数据不足
2026-08,B0FCY93RGM,PT4SGE23300,,0.0,0.0,0.0,0.0,0.0,0.0,0.0,0.0,0.0,0.0,,,,,数据不足
2026-08,B0FCYC9H4P,KX4SGE07700,,0.0,0.0,0.0,0.0,0.0,0.0,0.0,0.0,0.0,0.0,,,,,数据不足
2026-08,B0FFMLVFRY,KC4SGE01800,,0.0,0.0,0.0,0.0,0.0,0.0,0.0,0.0,0.0,0.0,,,,,数据不足
2026-08,B0FFMMFX2Z,KX4SGE08400,,0.0,0.0,0.0,0.0,0.0,0.0,0.0,0.0,0.0,0.0,,,,,数据不足
2026-08,B0FH6PX98Y,KX4SGE17200,,0.0,0.0,0.0,0.0,0.0,0.0,0.0,0.0,0.0,0.0,,,,,数据不足
2026-08,B0FH6QJNT1,KX4SGE17200,,0.0,0.0,0.0,0.0,0.0,0.0,0.0,0.0,0.0,0.0,,,,,数据不足
2026-08,B0FH6R2H4X,KX4SGE17200,,0.0,0.0,0.0,0.0,0.0,0.0,0.0,0.0,0.0,0.0,,,,,数据不足
2026-08,B0FH6SNJD4,KC4PSP18000,,0.0,0.0,0.0,0.0,0.0,0.0,0.0,0.0,0.0,0.0,,,,,数据不足
2026-08,B0FLXYZT3C,KC4SGE04200,,0.0,0.0,0.0,0.0,0.0,0.0,0.0,0.0,0.0,0.0,,,,,数据不足
2026-08,B0FLXZBDZB,PT4SGE19900,,0.0,0.0,0.0,0.0,0.0,0.0,0.0,0.0,0.0,0.0,,,,,数据不足
2026-08,B0FLXZC36P,KC4SGE01600,,0.0,0.0,0.0,0.0,0.0,0.0,0.0,0.0,0.0,0.0,,,,,数据不足
2026-08,B0FLXZWS2B,KC4SGE02400,,0.0,0.0,0.0,0.0,0.0,0.0,0.0,0.0,0.0,0.0,,,,,数据不足
2026-08,B0FLY1FW2T,KC4PSP16400,,0.0,0.0,0.0,0.0,0.0,0.0,0.0,0.0,0.0,0.0,,,,,数据不足
2026-08,B0FLY1MW81,KC4SGE05100,,0.0,0.0,0.0,0.0,0.0,0.0,0.0,0.0,0.0,9.25,,,,,数据不足
2026-08,B0FLY1RDS5,KC4SGE04300,,0.0,0.0,0.0,0.0,0.0,0.0,0.0,0.0,0.0,0.0,,,,,数据不足
2026-08,B0FLY1TWFX,KC4SGE05300,,0.0,0.0,0.0,0.0,0.0,0.0,0.0,0.0,0.0,41.21,,,,,数据不足
2026-08,B0FLY1Z92N,KX4SGE12900,,0.0,0.0,0.0,0.0,0.0,0.0,0.0,0.0,0.0,0.0,,,,,数据不足
2026-08,B0FLY1ZTCY,KX4SGE10100,,0.0,0.0,0.0,0.0,0.0,0.0,0.0,0.0,0.0,0.0,,,,,数据不足
2026-08,B0FLY2466W,PT4SGE20300,,0.0,0.0,0.0,0.0,0.0,0.0,0.0,0.0,0.0,0.0,,,,,数据不足
2026-08,B0FLY28YG6,PT4SGE18800,,0.0,0.0,0.0,0.0,0.0,0.0,0.0,0.0,0.0,0.0,,,,,数据不足
2026-08,B0FLY2BV2N,KC4SGE01300,,0.0,0.0,0.0,0.0,0.0,0.0,0.0,0.0,0.0,0.0,,,,,数据不足
2026-08,B0FLY2F8RS,KX4SGE12700,,0.0,0.0,0.0,0.0,0.0,0.0,0.0,0.0,0.0,0.0,,,,,数据不足
2026-08,B0FLY2GTQK,KC4PSP18000,,0.0,0.0,0.0,0.0,0.0,0.0,0.0,0.0,0.0,0.0,,,,,数据不足
2026-08,B0FLY2GTR9,KC4SGE02500,,0.0,0.0,0.0,0.0,0.0,0.0,0.0,0.0,0.0,13.6,,,,,数据不足
2026-08,B0FLY2GZJL,PT4SGE19400,,0.0,0.0,0.0,0.0,0.0,0.0,0.0,0.0,0.0,0.0,,,,,数据不足
2026-08,B0FLY2J9PM,PT4SGE22500,,0.0,0.0,0.0,0.0,0.0,0.0,0.0,0.0,0.0,0.0,,,,,数据不足
2026-08,B0FLY2JP16,PT4SGE18400,,0.0,0.0,0.0,0.0,0.0,0.0,0.0,0.0,0.0,0.0,,,,,数据不足
2026-08,B0FLY2KT3V,PT4SGE21400,,0.0,0.0,0.0,0.0,0.0,0.0,0.0,0.0,0.0,0.0,,,,,数据不足
2026-08,B0FLY2M1P7,PT4SGE25800,,0.0,0.0,0.0,0.0,0.0,0.0,0.0,0.0,0.0,0.0,,,,,数据不足
2026-08,B0FLY2PBTG,KX4SGE10700,,0.0,0.0,0.0,0.0,0.0,0.0,0.0,0.0,0.0,0.0,,,,,数据不足
2026-08,B0FLY2RZS3,KC4PSP16200,,0.0,0.0,0.0,0.0,0.0,0.0,0.0,0.0,0.0,0.0,,,,,数据不足
2026-08,B0FLY2XPMB,KC4PSP17200,,0.0,0.0,0.0,0.0,0.0,0.0,0.0,0.0,0.0,0.0,,,,,数据不足
2026-08,B0FLY31RNF,PT4SGE21100,,0.0,0.0,0.0,0.0,0.0,0.0,0.0,0.0,0.0,0.0,,,,,数据不足
2026-08,B0FLY32TD9,PT4SGE19700,,0.0,0.0,0.0,0.0,0.0,0.0,0.0,0.0,0.0,0.0,,,,,数据不足
2026-08,B0FLY32YDH,PT4SGE27300,,0.0,0.0,0.0,0.0,0.0,0.0,0.0,0.0,0.0,0.0,,,,,数据不足
2026-08,B0FLY34QJX,PT4SGE24400,,0.0,0.0,0.0,0.0,0.0,0.0,0.0,0.0,0.0,0.0,,,,,数据不足
2026-08,B0FLY35Z5B,PT4SGE28200,,0.0,0.0,0.0,0.0,0.0,0.0,0.0,0.0,0.0,0.0,,,,,数据不足
2026-08,B0FLY36FK3,KC4PSP17700,,0.0,0.0,0.0,0.0,0.0,0.0,0.0,0.0,0.0,0.0,,,,,数据不足
2026-08,B0FLY36KJ4,KX4SGE08900,,0.0,0.0,0.0,0.0,0.0,0.0,0.0,0.0,0.0,2.92,,,,,数据不足
2026-08,B0FLY37LYN,PT4SGE20000,,0.0,0.0,0.0,0.0,0.0,0.0,0.0,0.0,0.0,0.0,,,,,数据不足
2026-08,B0FLY37WMG,KX4SGE14900,,0.0,0.0,0.0,0.0,0.0,0.0,0.0,0.0,0.0,0.0,,,,,数据不足
2026-08,B0FLY3D314,KC4PSP15800,,0.0,0.0,0.0,0.0,0.0,0.0,0.0,0.0,0.0,0.0,,,,,数据不足
2026-08,B0FLY3D8C9,KX4SGE14700,,0.0,0.0,0.0,0.0,0.0,0.0,0.0,0.0,0.0,0.0,,,,,数据不足
2026-08,B0FLY3F7FP,KC4SGE00800,,0.0,0.0,0.0,0.0,0.0,0.0,0.0,0.0,0.0,0.0,,,,,数据不足
2026-08,B0FLY3FFWP,KC4PSP16600,,0.0,0.0,0.0,0.0,0.0,0.0,0.0,0.0,0.0,0.0,,,,,数据不足
2026-08,B0FLY3GXTZ,KC4PSP16500,,0.0,0.0,0.0,0.0,0.0,0.0,0.0,0.0,0.0,0.0,,,,,数据不足
2026-08,B0FLY3JZ29,PT4SGE19600,,0.0,0.0,0.0,0.0,0.0,0.0,0.0,0.0,0.0,0.0,,,,,数据不足
2026-08,B0FLY3NCF8,KC4SGE03500,,0.0,0.0,0.0,0.0,0.0,0.0,0.0,0.0,0.0,0.0,,,,,数据不足
2026-08,B0FLY3NPJ7,KC4SGE05000,,0.0,0.0,0.0,0.0,0.0,0.0,0.0,0.0,0.0,0.0,,,,,数据不足
2026-08,B0FLY3V5CQ,KC4PSP17100,,0.0,0.0,0.0,0.0,0.0,0.0,0.0,0.0,0.0,0.0,,,,,数据不足
2026-08,B0FLY3VDV4,PT4SGE18700,,0.0,0.0,0.0,0.0,0.0,0.0,0.0,0.0,0.0,6.46,,,,,数据不足
2026-08,B0FLY3VXF3,PT4SGE24000,,0.0,0.0,0.0,0.0,0.0,0.0,0.0,0.0,0.0,0.0,,,,,数据不足
2026-08,B0FLY3W2K1,KX4SGE17700,,0.0,0.0,0.0,0.0,0.0,0.0,0.0,0.0,0.0,0.0,,,,,数据不足
2026-08,B0FLY3WB8L,PT4SGE19500,,0.0,0.0,0.0,0.0,0.0,0.0,0.0,0.0,0.0,27.07,,,,,数据不足
2026-08,B0FLY3Z4ZH,KC4SGE03100,,0.0,0.0,0.0,0.0,0.0,0.0,0.0,0.0,0.0,0.0,,,,,数据不足
2026-08,B0FLY42612,KC4PSP16000,,0.0,0.0,0.0,0.0,0.0,0.0,0.0,0.0,0.0,0.0,,,,,数据不足
2026-08,B0FLY42TVV,KX4SGE12600,,0.0,0.0,0.0,0.0,0.0,0.0,0.0,0.0,0.0,0.0,,,,,数据不足
2026-08,B0FLY43CDC,KC4PSP17000,,0.0,0.0,0.0,0.0,0.0,0.0,0.0,0.0,0.0,0.0,,,,,数据不足
2026-08,B0FLY447MD,KX4SGE13500,,0.0,0.0,0.0,0.0,0.0,0.0,0.0,0.0,0.0,0.0,,,,,数据不足
2026-08,B0FLY452DR,KC4SGE00900,,0.0,0.0,0.0,0.0,0.0,0.0,0.0,0.0,0.0,0.0,,,,,数据不足
2026-08,B0FLY46423,KX4SGE12400,,0.0,0.0,0.0,0.0,0.0,0.0,0.0,0.0,0.0,3.26,,,,,数据不足
2026-08,B0FLY467RB,KX4SGE18000,,0.0,0.0,0.0,0.0,0.0,0.0,0.0,0.0,0.0,17.07,,,,,数据不足
2026-08,B0FLY46QRH,KX4SGE11700,,0.0,0.0,0.0,0.0,0.0,0.0,0.0,0.0,0.0,0.0,,,,,数据不足
2026-08,B0FLY481FD,KX4SGE10200,,0.0,0.0,0.0,0.0,0.0,0.0,0.0,0.0,0.0,0.0,,,,,数据不足
2026-08,B0FLY482KW,KC4SGE01500,,0.0,0.0,0.0,0.0,0.0,0.0,0.0,0.0,0.0,0.0,,,,,数据不足
2026-08,B0FLY48FKB,KC4SGE00100,,0.0,0.0,0.0,0.0,0.0,0.0,0.0,0.0,0.0,0.0,,,,,数据不足
2026-08,B0FLY49L3D,KC4SGE03900,,0.0,0.0,0.0,0.0,0.0,0.0,0.0,0.0,0.0,0.0,,,,,数据不足
2026-08,B0FLY49XQF,PT4SGE23700,,0.0,0.0,0.0,0.0,0.0,0.0,0.0,0.0,0.0,0.0,,,,,数据不足
2026-08,B0FLY4BKT4,KC4PSP17300,,0.0,0.0,0.0,0.0,0.0,0.0,0.0,0.0,0.0,0.0,,,,,数据不足
2026-08,B0FLY4DW72,KC4SGE04600,,0.0,0.0,0.0,0.0,0.0,0.0,0.0,0.0,0.0,0.0,,,,,数据不足
2026-08,B0FLY4GPSN,KX4SGE17100,,0.0,0.0,0.0,0.0,0.0,0.0,0.0,0.0,0.0,0.0,,,,,数据不足
2026-08,B0FLY4HB7G,KC4SGE03300,,0.0,0.0,0.0,0.0,0.0,0.0,0.0,0.0,0.0,0.0,,,,,数据不足
2026-08,B0FLY4HY86,PT4SGE27600,,0.0,0.0,0.0,0.0,0.0,0.0,0.0,0.0,0.0,0.0,,,,,数据不足
2026-08,B0FLY4J8Y4,KC4PSP17500,,0.0,0.0,0.0,0.0,0.0,0.0,0.0,0.0,0.0,28.09,,,,,数据不足
2026-08,B0FLY4KQY3,KC4SGE01400,,0.0,0.0,0.0,0.0,0.0,0.0,0.0,0.0,0.0,0.0,,,,,数据不足
2026-08,B0FLY4LDG3,KC4SGE04700,,0.0,0.0,0.0,0.0,0.0,0.0,0.0,0.0,0.0,0.0,,,,,数据不足
2026-08,B0FLY4LHCC,PT4SGE25400,,0.0,0.0,0.0,0.0,0.0,0.0,0.0,0.0,0.0,0.0,,,,,数据不足
2026-08,B0FLY4LLPN,PT4SGE23300,,0.0,0.0,0.0,0.0,0.0,0.0,0.0,0.0,0.0,15.17,,,,,数据不足
2026-08,B0FLY4PR4R,KC4SGE00400,,0.0,0.0,0.0,0.0,0.0,0.0,0.0,0.0,0.0,0.0,,,,,数据不足
2026-08,B0FLY4RF9P,KX4SGE09700,,0.0,0.0,0.0,0.0,0.0,0.0,0.0,0.0,0.0,0.0,,,,,数据不足
2026-08,B0FLY4V89X,KC4SGE02900,,0.0,0.0,0.0,0.0,0.0,0.0,0.0,0.0,0.0,0.0,,,,,数据不足
2026-08,B0FLY4VYM2,KX4SGE08600,,0.0,0.0,0.0,0.0,0.0,0.0,0.0,0.0,0.0,0.0,,,,,数据不足
2026-08,B0FLY4WF5X,KX4SGE08300,,0.0,0.0,0.0,0.0,0.0,0.0,0.0,0.0,0.0,0.0,,,,,数据不足
2026-08,B0FLY4WPS4,KX4SGE17300,,0.0,0.0,0.0,0.0,0.0,0.0,0.0,0.0,0.0,0.0,,,,,数据不足
2026-08,B0FLY517CP,KC4PSP17800,,0.0,0.0,0.0,0.0,0.0,0.0,0.0,0.0,0.0,0.0,,,,,数据不足
2026-08,B0FLY51YPT,KC4SGE00600,,0.0,0.0,0.0,0.0,0.0,0.0,0.0,0.0,0.0,0.0,,,,,数据不足
2026-08,B0FLY52DK8,KC4SGE00700,,0.0,0.0,0.0,0.0,0.0,0.0,0.0,0.0,0.0,0.0,,,,,数据不足
2026-08,B0FLY54LZQ,KC4SGE03000,,0.0,0.0,0.0,0.0,0.0,0.0,0.0,0.0,0.0,0.0,,,,,数据不足
2026-08,B0FLY54TRB,KC4SGE01000,,0.0,0.0,0.0,0.0,0.0,0.0,0.0,0.0,0.0,0.0,,,,,数据不足
2026-08,B0FLY56QLT,PT4SGE25600,,0.0,0.0,0.0,0.0,0.0,0.0,0.0,0.0,0.0,0.0,,,,,数据不足
2026-08,B0FLY5D7G9,KX4SGE09100,,0.0,0.0,0.0,0.0,0.0,0.0,0.0,0.0,0.0,0.0,,,,,数据不足
2026-08,B0FLY5HJBM,KC4SGE01800,,0.0,0.0,0.0,0.0,0.0,0.0,0.0,0.0,0.0,0.0,,,,,数据不足
2026-08,B0FLY5KJMG,PT4SGE26600,,0.0,0.0,0.0,0.0,0.0,0.0,0.0,0.0,0.0,0.0,,,,,数据不足
2026-08,B0FLY5KZV2,PT4SGE22700,,0.0,0.0,0.0,0.0,0.0,0.0,0.0,0.0,0.0,0.0,,,,,数据不足
2026-08,B0FLY5LBB8,KC4SGE01100,,0.0,0.0,0.0,0.0,0.0,0.0,0.0,0.0,0.0,0.0,,,,,数据不足
2026-08,B0FLY5M38Y,PT4SGE24600,,0.0,0.0,0.0,0.0,0.0,0.0,0.0,0.0,0.0,0.0,,,,,数据不足
2026-08,B0FLY5P3B6,KX4SGE14500,,0.0,0.0,0.0,0.0,0.0,0.0,0.0,0.0,0.0,0.0,,,,,数据不足
2026-08,B0FLY5QBRL,KC4SGE01200,,0.0,0.0,0.0,0.0,0.0,0.0,0.0,0.0,0.0,0.0,,,,,数据不足
2026-08,B0FLY5RYYD,KC4SGE00300,,0.0,0.0,0.0,0.0,0.0,0.0,0.0,0.0,0.0,0.0,,,,,数据不足
2026-08,B0FLY5V2G8,KX4SGE17200,,0.0,0.0,0.0,0.0,0.0,0.0,0.0,0.0,0.0,0.0,,,,,数据不足
2026-08,B0FLY5YYVX,PT4SGE18600,,0.0,0.0,0.0,0.0,0.0,0.0,0.0,0.0,0.0,0.0,,,,,数据不足
2026-08,B0FLY5Z19R,PT4SGE27800,,0.0,0.0,0.0,0.0,0.0,0.0,0.0,0.0,0.0,0.0,,,,,数据不足
2026-08,B0FLY619LM,PT4SGE26500,,0.0,0.0,0.0,0.0,0.0,0.0,0.0,0.0,0.0,0.0,,,,,数据不足
2026-08,B0FLY635CP,KX4SGE09200,,0.0,0.0,0.0,0.0,0.0,0.0,0.0,0.0,0.0,0.0,,,,,数据不足
2026-08,B0FLY63STB,KX4SGE08100,,0.0,0.0,0.0,0.0,0.0,0.0,0.0,0.0,0.0,0.41,,,,,数据不足
2026-08,B0FLY6582J,KX4SGE17400,,0.0,0.0,0.0,0.0,0.0,0.0,0.0,0.0,0.0,0.0,,,,,数据不足
2026-08,B0FLY67HZ7,PT4SGE26000,,0.0,0.0,0.0,0.0,0.0,0.0,0.0,0.0,0.0,0.0,,,,,数据不足
2026-08,B0FLY6GXC8,PT4SGE27700,,0.0,0.0,0.0,0.0,0.0,0.0,0.0,0.0,0.0,0.0,,,,,数据不足
2026-08,B0FLY6M65F,KC4SGE01700,,0.0,0.0,0.0,0.0,0.0,0.0,0.0,0.0,0.0,0.0,,,,,数据不足
2026-08,B0FLY76M8N,KX4SGE16700,,0.0,0.0,0.0,0.0,0.0,0.0,0.0,0.0,0.0,13.33,,,,,数据不足
2026-08,B0FLY7ZZXZ,KX4SGE08200,,0.0,0.0,0.0,0.0,0.0,0.0,0.0,0.0,0.0,0.0,,,,,数据不足
2026-08,B0FLY84VCJ,KX4SGE10300,,0.0,0.0,0.0,0.0,0.0,0.0,0.0,0.0,0.0,0.0,,,,,数据不足
2026-08,B0FLY89DF8,PT4SGE28100,,0.0,0.0,0.0,0.0,0.0,0.0,0.0,0.0,0.0,0.0,,,,,数据不足
2026-08,B0FQP5BQ2Q,PT4SGE24400,,0.0,0.0,0.0,0.0,0.0,0.0,0.0,0.0,0.0,5.78,,,,,数据不足
2026-08,B0FQP666B6,PT4SGE18300,,0.0,0.0,0.0,0.0,0.0,0.0,0.0,0.0,0.0,3.06,,,,,数据不足
2026-08,B0FQP6BT33,KC4SGE04800,,0.0,0.0,0.0,0.0,0.0,0.0,0.0,0.0,0.0,0.0,,,,,数据不足
2026-08,B0FQP6BVPQ,KC4PSP16300,,0.0,0.0,0.0,0.0,0.0,0.0,0.0,0.0,0.0,0.0,,,,,数据不足
2026-08,B0FQP738Z5,PT4SGE18600,,0.0,0.0,0.0,0.0,0.0,0.0,0.0,0.0,0.0,3.26,,,,,数据不足
2026-08,B0FQPFHPHL,PT4SGE20500,,0.0,0.0,0.0,0.0,0.0,0.0,0.0,0.0,0.0,0.0,,,,,数据不足
2026-08,B0FQPGCCXD,KX4SGE07900,,0.0,0.0,0.0,0.0,0.0,0.0,0.0,0.0,0.0,0.0,,,,,数据不足
2026-08,B0FQPJ8B21,PT4SGE23400,,0.0,0.0,0.0,0.0,0.0,0.0,0.0,0.0,0.0,20.13,,,,,数据不足
2026-08,B0FQQSL51N,KC4SGE00900,,0.0,0.0,0.0,0.0,0.0,0.0,0.0,0.0,0.0,2.11,,,,,数据不足
2026-08,B0G2BRNN1K,KC4PSP16100,,0.0,0.0,0.0,0.0,0.0,0.0,0.0,0.0,0.0,3.88,,,,,数据不足
2026-08,B0G2BTBPYN,KX4SGE08200,,0.0,0.0,0.0,0.0,0.0,0.0,0.0,0.0,0.0,0.0,,,,,数据不足
2026-08,B0G2BY8ZV2,KC4SGE02800,,0.0,0.0,0.0,0.0,0.0,0.0,0.0,0.0,0.0,0.0,,,,,数据不足
2026-08,B0G3N75T6W,KC4SGE00200,,0.0,0.0,0.0,0.0,0.0,0.0,0.0,0.0,0.0,0.0,,,,,数据不足
2026-08,B0G3NB921T,PT4SGE27800,,0.0,0.0,0.0,0.0,0.0,0.0,0.0,0.0,0.0,2.52,,,,,数据不足
2026-08,B0G3NCNKJ9,KC4SGE01800,,0.0,0.0,0.0,0.0,0.0,0.0,0.0,0.0,0.0,7.96,,,,,数据不足
2026-08,B0G7HT21MV,KX4SGE10900,,0.0,0.0,0.0,0.0,0.0,0.0,0.0,0.0,0.0,0.0,,,,,数据不足
2026-08,B0G7J4KXRC,KC4PSP15900,,0.0,0.0,0.0,0.0,0.0,0.0,0.0,0.0,0.0,0.0,,,,,数据不足
2026-08,B0G7J4NXJP,KC4PSP17700,,0.0,0.0,0.0,0.0,0.0,0.0,0.0,0.0,0.0,19.18,,,,,数据不足
2026-08,B0G7JBPQVX,KC4SGE01800,,0.0,0.0,0.0,0.0,0.0,0.0,0.0,0.0,0.0,0.0,,,,,数据不足
2026-08,B0G7JCDQJT,PT4SGE21900,,0.0,0.0,0.0,0.0,0.0,0.0,0.0,0.0,0.0,4.08,,,,,数据不足
2026-08,B0G7JFKKVT,KC4SGE04100,,0.0,0.0,0.0,0.0,0.0,0.0,0.0,0.0,0.0,19.59,,,,,数据不足
2026-08,B0G7JFNSJF,PT4SGE26300,,0.0,0.0,0.0,0.0,0.0,0.0,0.0,0.0,0.0,78.55,,,,,数据不足
2026-08,B0G7JHVH43,PT4SGE26800,,0.0,0.0,0.0,0.0,0.0,0.0,0.0,0.0,0.0,3.06,,,,,数据不足
2026-08,B0G7JKZLHQ,KX4SGE09100,,0.0,0.0,0.0,0.0,0.0,0.0,0.0,0.0,0.0,0.0,,,,,数据不足
2026-08,B0G7JL5X1V,KX4SGE12700,,0.0,0.0,0.0,0.0,0.0,0.0,0.0,0.0,0.0,0.0,,,,,数据不足
2026-08,B0G7JLC1HH,PT4SGE18800,,0.0,0.0,0.0,0.0,0.0,0.0,0.0,0.0,0.0,0.0,,,,,数据不足
2026-08,B0G7JLMTGR,KC4SGE05300,,0.0,0.0,0.0,0.0,0.0,0.0,0.0,0.0,0.0,14.01,,,,,数据不足
2026-08,B0G7JMS6RP,PT4SGE28200,,0.0,0.0,0.0,0.0,0.0,0.0,0.0,0.0,0.0,23.39,,,,,数据不足
2026-08,B0G7KF2FB2,PT4SGE18700,,0.0,0.0,0.0,0.0,0.0,0.0,0.0,0.0,0.0,9.18,,,,,数据不足
2026-08,B0G7KGXP7B,KC4PSP16300,,0.0,0.0,0.0,0.0,0.0,0.0,0.0,0.0,0.0,1.84,,,,,数据不足
2026-08,B0G7KKJQ5H,KX4SGE17700,,0.0,0.0,0.0,0.0,0.0,0.0,0.0,0.0,0.0,0.41,,,,,数据不足
2026-08,B0G7KM1PKV,KC4SGE02700,,0.0,0.0,0.0,0.0,0.0,0.0,0.0,0.0,0.0,14.01,,,,,数据不足
2026-08,B0GCLN66DN,KC4SGE03100,,0.0,0.0,0.0,0.0,0.0,0.0,0.0,0.0,0.0,8.57,,,,,数据不足
2026-08,B0GCLNMCXZ,KC4SGE05500,,0.0,0.0,0.0,0.0,0.0,0.0,0.0,0.0,0.0,6.19,,,,,数据不足
2026-08,B0GCLNT37B,KC4PSP16600,,0.0,0.0,0.0,0.0,0.0,0.0,0.0,0.0,0.0,7.14,,,,,数据不足
2026-08,B0GCMDW1JT,KX4SGE11700,,0.0,0.0,0.0,0.0,0.0,0.0,0.0,0.0,0.0,30.6,,,,,数据不足
2026-08,B0GCMFMTPB,KC4SGE01800,,0.0,0.0,0.0,0.0,0.0,0.0,0.0,0.0,0.0,4.42,,,,,数据不足
2026-08,B0GCMGPV1W,KC4PSP16900,,0.0,0.0,0.0,0.0,0.0,0.0,0.0,0.0,0.0,303.17,,,,,数据不足
2026-08,B0GCMM1G3Z,KC4PSP16900,,0.0,0.0,0.0,0.0,0.0,0.0,0.0,0.0,0.0,0.0,,,,,数据不足
2026-08,B0GCMSMYTT,KC4SGE04600,,0.0,0.0,0.0,0.0,0.0,0.0,0.0,0.0,0.0,1.9,,,,,数据不足
2026-08,B0GCMTMPTY,KC4SGE05400,,0.0,0.0,0.0,0.0,0.0,0.0,0.0,0.0,0.0,8.23,,,,,数据不足
2026-08,B0GCN4Q5WQ,KC4SGE04300,,0.0,0.0,0.0,0.0,0.0,0.0,0.0,0.0,0.0,5.17,,,,,数据不足
2026-08,B0GCN5PMDG,PT4SGE22500,,0.0,0.0,0.0,0.0,0.0,0.0,0.0,0.0,0.0,4.08,,,,,数据不足
2026-08,B0GCNDR2G5,KX4SGE08500,,0.0,0.0,0.0,0.0,0.0,0.0,0.0,0.0,0.0,12.92,,,,,数据不足
2026-08,B0GCNX9YLW,PT4SGE24100,,0.0,0.0,0.0,0.0,0.0,0.0,0.0,0.0,0.0,10.4,,,,,数据不足
2026-08,B0GCYHLH13,KC4SGE05000,,0.0,0.0,0.0,0.0,0.0,0.0,0.0,0.0,0.0,8.36,,,,,数据不足
2026-08,B0GHYTGJ93,KX4SGE13200,,0.0,0.0,0.0,0.0,0.0,0.0,0.0,0.0,0.0,0.0,,,,,数据不足
2026-08,B0GHYZWJKB,KC4PSP16600,,0.0,0.0,0.0,0.0,0.0,0.0,0.0,0.0,0.0,1.7,,,,,数据不足
2026-08,B0GHZ2H7L3,KC4PSP17800,,0.0,0.0,0.0,0.0,0.0,0.0,0.0,0.0,0.0,0.0,,,,,数据不足
2026-08,B0GHZCCP58,OO4SGE37000,,0.0,0.0,0.0,0.0,0.0,0.0,0.0,0.0,0.0,11.22,,,,,数据不足
2026-08,B0GJ2LP3NS,OO4SGE37000,,0.0,0.0,0.0,0.0,0.0,0.0,0.0,0.0,0.0,20.27,,,,,数据不足
2026-08,B0GQZ1RZM9,KC4PSP16400,,0.0,0.0,0.0,0.0,0.0,0.0,0.0,0.0,0.0,39.99,,,,,数据不足
2026-08,B0GQZ2QPKT,PT4SGE21100,,0.0,0.0,0.0,0.0,0.0,0.0,0.0,0.0,0.0,36.93,,,,,数据不足
2026-08,B0GQZ3245R,PT4SGE23400,,0.0,0.0,0.0,0.0,0.0,0.0,0.0,0.0,0.0,18.43,,,,,数据不足
2026-08,B0GQZ3DG39,KC4PSP17800,,0.0,0.0,0.0,0.0,0.0,0.0,0.0,0.0,0.0,4.08,,,,,数据不足
2026-08,B0GQZ3FQDS,KX4SGE09700,,0.0,0.0,0.0,0.0,0.0,0.0,0.0,0.0,0.0,0.0,,,,,数据不足
2026-08,B0GQZ4J7Y3,KX4SGE08000,,0.0,0.0,0.0,0.0,0.0,0.0,0.0,0.0,0.0,0.0,,,,,数据不足
2026-08,B0GQZ57Y5J,KC4SGE00400,,0.0,0.0,0.0,0.0,0.0,0.0,0.0,0.0,0.0,0.0,,,,,数据不足
2026-08,B0GQZ5R5M4,KC4SGE01500,,0.0,0.0,0.0,0.0,0.0,0.0,0.0,0.0,0.0,9.04,,,,,数据不足
2026-08,B0GQZ5T8T1,PT4SGE23200,,0.0,0.0,0.0,0.0,0.0,0.0,0.0,0.0,0.0,23.12,,,,,数据不足
2026-08,B0GQZ61FG1,KC4SGE00800,,0.0,0.0,0.0,0.0,0.0,0.0,0.0,0.0,0.0,0.0,,,,,数据不足
2026-08,B0GQZ66J1B,KC4PSP17100,,0.0,0.0,0.0,0.0,0.0,0.0,0.0,0.0,0.0,14.96,,,,,数据不足
2026-08,B0GQZ6KTDJ,KC4SGE03700,,0.0,0.0,0.0,0.0,0.0,0.0,0.0,0.0,0.0,0.0,,,,,数据不足
2026-08,B0GQZ6L1DY,KX4SGE09300,,0.0,0.0,0.0,0.0,0.0,0.0,0.0,0.0,0.0,14.08,,,,,数据不足
2026-08,B0GQZ7P26X,KC4SGE01000,,0.0,0.0,0.0,0.0,0.0,0.0,0.0,0.0,0.0,24.07,,,,,数据不足
2026-08,B0GQZ7SP9P,PT4SGE22200,,0.0,0.0,0.0,0.0,0.0,0.0,0.0,0.0,0.0,3.94,,,,,数据不足
2026-08,B0GQZ8VJFR,KC4SGE04100,,0.0,0.0,0.0,0.0,0.0,0.0,0.0,0.0,0.0,24.75,,,,,数据不足
2026-08,B0GQZ8YXLD,KX4SGE11100,,0.0,0.0,0.0,0.0,0.0,0.0,0.0,0.0,0.0,8.5,,,,,数据不足
2026-08,B0GQZB25X4,KX4SGE08500,,0.0,0.0,0.0,0.0,0.0,0.0,0.0,0.0,0.0,0.0,,,,,数据不足
2026-08,B0GQZB7LVN,KC4PSP16600,,0.0,0.0,0.0,0.0,0.0,0.0,0.0,0.0,0.0,79.16,,,,,数据不足
2026-08,B0GQZB7W6N,KX4SGE12100,,0.0,0.0,0.0,0.0,0.0,0.0,0.0,0.0,0.0,91.74,,,,,数据不足
2026-08,B0GQZB98RM,KC4SGE02800,,0.0,0.0,0.0,0.0,0.0,0.0,0.0,0.0,0.0,4.22,,,,,数据不足
2026-08,B0GQZBFLBD,KC4SGE00200,,0.0,0.0,0.0,0.0,0.0,0.0,0.0,0.0,0.0,25.37,,,,,数据不足
2026-08,B0GQZBFSJX,PT4SGE19300,,0.0,0.0,0.0,0.0,0.0,0.0,0.0,0.0,0.0,10.81,,,,,数据不足
2026-08,B0GQZBGPHP,KC4SGE00300,,0.0,0.0,0.0,0.0,0.0,0.0,0.0,0.0,0.0,24.48,,,,,数据不足
2026-08,B0GQZBLKNZ,PT4SGE21500,,0.0,0.0,0.0,0.0,0.0,0.0,0.0,0.0,0.0,34.95,,,,,数据不足
2026-08,B0GQZBWGFC,KC4SGE03900,,0.0,0.0,0.0,0.0,0.0,0.0,0.0,0.0,0.0,3.06,,,,,数据不足
2026-08,B0GQZBWXZK,KX4SGE08600,,0.0,0.0,0.0,0.0,0.0,0.0,0.0,0.0,0.0,4.49,,,,,数据不足
2026-08,B0GQZCKYLB,KC4SGE03000,,0.0,0.0,0.0,0.0,0.0,0.0,0.0,0.0,0.0,6.26,,,,,数据不足
2026-08,B0GQZCPRV6,PT4SGE24300,,0.0,0.0,0.0,0.0,0.0,0.0,0.0,0.0,0.0,22.58,,,,,数据不足
2026-08,B0GQZDL2NS,PT4SGE20100,,0.0,0.0,0.0,0.0,0.0,0.0,0.0,0.0,0.0,11.7,,,,,数据不足
2026-08,B0GQZF2QYL,KC4SGE00100,,0.0,0.0,0.0,0.0,0.0,0.0,0.0,0.0,0.0,53.66,,,,,数据不足
2026-08,B0GQZFFQ5Q,PT4SGE20300,,0.0,0.0,0.0,0.0,0.0,0.0,0.0,0.0,0.0,15.37,,,,,数据不足
2026-08,B0GQZFJG9F,KC4PSP17900,,0.0,0.0,0.0,0.0,0.0,0.0,0.0,0.0,0.0,0.0,,,,,数据不足
2026-08,B0GQZFL2B1,KC4SGE01200,,0.0,0.0,0.0,0.0,0.0,0.0,0.0,0.0,0.0,4.9,,,,,数据不足
2026-08,B0GQZFT9DT,KX4SGE08800,,0.0,0.0,0.0,0.0,0.0,0.0,0.0,0.0,0.0,2.99,,,,,数据不足
2026-08,B0GQZG719H,KC4PSP18000,,0.0,0.0,0.0,0.0,0.0,0.0,0.0,0.0,0.0,17.14,,,,,数据不足
2026-08,B0GQZG8LWW,PT4SGE19500,,0.0,0.0,0.0,0.0,0.0,0.0,0.0,0.0,0.0,13.47,,,,,数据不足
2026-08,B0GQZGNF8J,PT4SGE19200,,0.0,0.0,0.0,0.0,0.0,0.0,0.0,0.0,0.0,5.51,,,,,数据不足
2026-08,B0GQZGRDST,PT4SGE18700,,0.0,0.0,0.0,0.0,0.0,0.0,0.0,0.0,0.0,4.08,,,,,数据不足
2026-08,B0GQZGS3VD,PT4SGE23600,,0.0,0.0,0.0,0.0,0.0,0.0,0.0,0.0,0.0,7.14,,,,,数据不足
2026-08,B0GQZH2W2D,KC4PSP17600,,0.0,0.0,0.0,0.0,0.0,0.0,0.0,0.0,0.0,0.0,,,,,数据不足
2026-08,B0GQZHBVX9,KC4PSP16500,,0.0,0.0,0.0,0.0,0.0,0.0,0.0,0.0,0.0,20.88,,,,,数据不足
2026-08,B0GQZL16GG,KC4SGE00500,,0.0,0.0,0.0,0.0,0.0,0.0,0.0,0.0,0.0,3.06,,,,,数据不足
2026-08,B0GQZL592F,KC4SGE01700,,0.0,0.0,0.0,0.0,0.0,0.0,0.0,0.0,0.0,3.06,,,,,数据不足
2026-08,B0GQZLBNRQ,PT4SGE24100,,0.0,0.0,0.0,0.0,0.0,0.0,0.0,0.0,0.0,18.02,,,,,数据不足
2026-08,B0GQZLCCK2,PT4SGE21900,,0.0,0.0,0.0,0.0,0.0,0.0,0.0,0.0,0.0,0.0,,,,,数据不足
2026-08,B0GQZLCFWN,KC4PSP17000,,0.0,0.0,0.0,0.0,0.0,0.0,0.0,0.0,0.0,149.62,,,,,数据不足
2026-08,B0GQZLQTNH,KX4SGE10200,,0.0,0.0,0.0,0.0,0.0,0.0,0.0,0.0,0.0,40.6,,,,,数据不足
2026-08,B0GQZMBCHQ,KC4SGE02500,,0.0,0.0,0.0,0.0,0.0,0.0,0.0,0.0,0.0,0.0,,,,,数据不足
2026-08,B0GQZMKBRV,PT4SGE23300,,0.0,0.0,0.0,0.0,0.0,0.0,0.0,0.0,0.0,0.0,,,,,数据不足
2026-08,B0GQZP2R34,PT4SGE20500,,0.0,0.0,0.0,0.0,0.0,0.0,0.0,0.0,0.0,9.18,,,,,数据不足
2026-08,B0GQZPS8SY,KX4SGE10100,,0.0,0.0,0.0,0.0,0.0,0.0,0.0,0.0,0.0,14.08,,,,,数据不足
2026-08,B0GQZPSNSN,KC4SGE04200,,0.0,0.0,0.0,0.0,0.0,0.0,0.0,0.0,0.0,8.16,,,,,数据不足
2026-08,B0GR25QQWS,KX4SGE13100,,0.0,0.0,0.0,0.0,0.0,0.0,0.0,0.0,0.0,0.0,,,,,数据不足
2026-08,B0GR2LTYYB,PT4SGE26000,,0.0,0.0,0.0,0.0,0.0,0.0,0.0,0.0,0.0,7.48,,,,,数据不足
2026-08,B0GR2N4GF1,KC4SGE04800,,0.0,0.0,0.0,0.0,0.0,0.0,0.0,0.0,0.0,11.76,,,,,数据不足
2026-08,B0GR2R1SSP,PT4SGE22700,,0.0,0.0,0.0,0.0,0.0,0.0,0.0,0.0,0.0,17.95,,,,,数据不足
2026-08,B0GR2RS662,PT4SGE27800,,0.0,0.0,0.0,0.0,0.0,0.0,0.0,0.0,0.0,56.17,,,,,数据不足
2026-08,B0GR2RSK79,KX4SGE17100,,0.0,0.0,0.0,0.0,0.0,0.0,0.0,0.0,0.0,31.08,,,,,数据不足
2026-08,B0GR2RVVV3,KC4SGE03200,,0.0,0.0,0.0,0.0,0.0,0.0,0.0,0.0,0.0,16.59,,,,,数据不足
2026-08,B0GR2RWQ4Q,KC4SGE04300,,0.0,0.0,0.0,0.0,0.0,0.0,0.0,0.0,0.0,0.0,,,,,数据不足
2026-08,B0GR2TGJN9,PT4SGE26600,,0.0,0.0,0.0,0.0,0.0,0.0,0.0,0.0,0.0,33.12,,,,,数据不足
2026-08,B0GR2TR2DP,PT4SGE18500,,0.0,0.0,0.0,0.0,0.0,0.0,0.0,0.0,0.0,28.02,,,,,数据不足
2026-08,B0GR2TWC5H,PT4SGE27000,,0.0,0.0,0.0,0.0,0.0,0.0,0.0,0.0,0.0,9.59,,,,,数据不足
2026-08,B0GR2V6YDD,PT4SGE20000,,0.0,0.0,0.0,0.0,0.0,0.0,0.0,0.0,0.0,4.9,,,,,数据不足
2026-08,B0GR2VM5S8,PT4SGE23700,,0.0,0.0,0.0,0.0,0.0,0.0,0.0,0.0,0.0,30.06,,,,,数据不足
2026-08,B0GR2VPMNH,KX4SGE17700,,0.0,0.0,0.0,0.0,0.0,0.0,0.0,0.0,0.0,12.24,,,,,数据不足
2026-08,B0GR2WBPMS,PT4SGE26800,,0.0,0.0,0.0,0.0,0.0,0.0,0.0,0.0,0.0,3.06,,,,,数据不足
2026-08,B0GR2Y4CCY,PT4SGE28100,,0.0,0.0,0.0,0.0,0.0,0.0,0.0,0.0,0.0,4.08,,,,,数据不足
2026-08,B0GR2Y816C,PT4SGE24600,,0.0,0.0,0.0,0.0,0.0,0.0,0.0,0.0,0.0,5.1,,,,,数据不足
2026-08,B0GR2YLFN4,PT4SGE19800,,0.0,0.0,0.0,0.0,0.0,0.0,0.0,0.0,0.0,5.71,,,,,数据不足
2026-08,B0GR2ZS711,KC4SGE03400,,0.0,0.0,0.0,0.0,0.0,0.0,0.0,0.0,0.0,3.26,,,,,数据不足
2026-08,B0GR317V49,PT4SGE25800,,0.0,0.0,0.0,0.0,0.0,0.0,0.0,0.0,0.0,12.1,,,,,数据不足
2026-08,B0GR31HQBF,PT4SGE28200,,0.0,0.0,0.0,0.0,0.0,0.0,0.0,0.0,0.0,27.68,,,,,数据不足
2026-08,B0GR31KW94,KX4SGE16700,,0.0,0.0,0.0,0.0,0.0,0.0,0.0,0.0,0.0,10.81,,,,,数据不足
2026-08,B0GR31VB2G,KC4SGE04700,,0.0,0.0,0.0,0.0,0.0,0.0,0.0,0.0,0.0,4.49,,,,,数据不足
2026-08,B0GR3222M5,KX4SGE12200,,0.0,0.0,0.0,0.0,0.0,0.0,0.0,0.0,0.0,0.0,,,,,数据不足
2026-08,B0GR32H6WX,PT4SGE26700,,0.0,0.0,0.0,0.0,0.0,0.0,0.0,0.0,0.0,37.2,,,,,数据不足
2026-08,B0GR33RCBC,KX4SGE12900,,0.0,0.0,0.0,0.0,0.0,0.0,0.0,0.0,0.0,0.0,,,,,数据不足
2026-08,B0GR34LPDQ,KX4SGE15200,,0.0,0.0,0.0,0.0,0.0,0.0,0.0,0.0,0.0,44.27,,,,,数据不足
2026-08,B0GR34N98F,KX4SGE15800,,0.0,0.0,0.0,0.0,0.0,0.0,0.0,0.0,0.0,0.0,,,,,数据不足
2026-08,B0GR34P7F9,KX4SGE17400,,0.0,0.0,0.0,0.0,0.0,0.0,0.0,0.0,0.0,4.69,,,,,数据不足
2026-08,B0GR34S7JX,KX4SGE15400,,0.0,0.0,0.0,0.0,0.0,0.0,0.0,0.0,0.0,30.06,,,,,数据不足
2026-08,B0GR36VYQS,PT4SGE19900,,0.0,0.0,0.0,0.0,0.0,0.0,0.0,0.0,0.0,80.38,,,,,数据不足
2026-08,B0GR3787KB,KX4SGE14500,,0.0,0.0,0.0,0.0,0.0,0.0,0.0,0.0,0.0,6.12,,,,,数据不足
2026-08,B0GR37HV17,KX4SGE13200,,0.0,0.0,0.0,0.0,0.0,0.0,0.0,0.0,0.0,3.26,,,,,数据不足
2026-08,B0GR37L92C,KC4SGE04900,,0.0,0.0,0.0,0.0,0.0,0.0,0.0,0.0,0.0,3.4,,,,,数据不足
2026-08,B0GR37MB24,KX4SGE13300,,0.0,0.0,0.0,0.0,0.0,0.0,0.0,0.0,0.0,22.65,,,,,数据不足
2026-08,B0GR397JMP,PT4SGE18400,,0.0,0.0,0.0,0.0,0.0,0.0,0.0,0.0,0.0,0.0,,,,,数据不足
2026-08,B0GR39PG5F,KX4SGE14700,,0.0,0.0,0.0,0.0,0.0,0.0,0.0,0.0,0.0,17.41,,,,,数据不足
2026-08,B0GR39QZSK,PT4SGE25600,,0.0,0.0,0.0,0.0,0.0,0.0,0.0,0.0,0.0,4.9,,,,,数据不足
2026-08,B0GR3B22MS,PT4SGE24400,,0.0,0.0,0.0,0.0,0.0,0.0,0.0,0.0,0.0,14.55,,,,,数据不足
2026-08,B0GR3BW2B8,KX4SGE12700,,0.0,0.0,0.0,0.0,0.0,0.0,0.0,0.0,0.0,77.19,,,,,数据不足
2026-08,B0GR3C2BNZ,OO4SGE37000,,0.0,0.0,0.0,0.0,0.0,0.0,0.0,0.0,0.0,0.41,,,,,数据不足
2026-08,B0GR3CBS3P,KX4SGE07900,,0.0,0.0,0.0,0.0,0.0,0.0,0.0,0.0,0.0,2.52,,,,,数据不足
2026-08,B0GR3CCY48,PT4SGE23100,,0.0,0.0,0.0,0.0,0.0,0.0,0.0,0.0,0.0,15.37,,,,,数据不足
2026-08,B0GR3G1TLW,KC4SGE05100,,0.0,0.0,0.0,0.0,0.0,0.0,0.0,0.0,0.0,9.45,,,,,数据不足
2026-08,B0GR3G6NX3,KX4SGE14000,,0.0,0.0,0.0,0.0,0.0,0.0,0.0,0.0,0.0,4.9,,,,,数据不足
2026-08,B0GR3G81M3,KX4SGE13500,,0.0,0.0,0.0,0.0,0.0,0.0,0.0,0.0,0.0,0.0,,,,,数据不足
2026-08,B0GR3G9TGM,PT4SGE24900,,0.0,0.0,0.0,0.0,0.0,0.0,0.0,0.0,0.0,20.88,,,,,数据不足
2026-08,B0GR3HFYXR,KC4SGE05000,,0.0,0.0,0.0,0.0,0.0,0.0,0.0,0.0,0.0,0.0,,,,,数据不足
2026-08,B0GR3HTY84,PT4SGE26500,,0.0,0.0,0.0,0.0,0.0,0.0,0.0,0.0,0.0,6.32,,,,,数据不足
2026-08,B0GR3S5PMY,KX4SGE08900,,0.0,0.0,0.0,0.0,0.0,0.0,0.0,0.0,0.0,4.08,,,,,数据不足
2026-08,B0GR3S95R7,KX4SGE07700,,0.0,0.0,0.0,0.0,0.0,0.0,0.0,0.0,0.0,56.17,,,,,数据不足
2026-08,B0GR3WH3NJ,KC4SGE00100,,0.0,0.0,0.0,0.0,0.0,0.0,0.0,0.0,0.0,79.84,,,,,数据不足
2026-08,B0GR3WPSRN,PT4SGE19200,,0.0,0.0,0.0,0.0,0.0,0.0,0.0,0.0,0.0,3.13,,,,,数据不足
2026-08,B0GR3WS86L,KC4PSP18000,,0.0,0.0,0.0,0.0,0.0,0.0,0.0,0.0,0.0,53.04,,,,,数据不足
2026-08,B0GR3XD64S,KC4PSP17200,,0.0,0.0,0.0,0.0,0.0,0.0,0.0,0.0,0.0,18.09,,,,,数据不足
2026-08,B0GR3XL2LK,PT4SGE21000,,0.0,0.0,0.0,0.0,0.0,0.0,0.0,0.0,0.0,35.23,,,,,数据不足
2026-08,B0GR3YCSD2,KX4SGE16700,,0.0,0.0,0.0,0.0,0.0,0.0,0.0,0.0,0.0,3.74,,,,,数据不足
2026-08,B0GR3YN74C,PT4SGE24700,,0.0,0.0,0.0,0.0,0.0,0.0,0.0,0.0,0.0,3.26,,,,,数据不足
2026-08,B0GR3YN8NQ,PT4SGE18700,,0.0,0.0,0.0,0.0,0.0,0.0,0.0,0.0,0.0,12.51,,,,,数据不足
2026-08,B0GR3YN8S1,KX4SGE14500,,0.0,0.0,0.0,0.0,0.0,0.0,0.0,0.0,0.0,0.0,,,,,数据不足
2026-08,B0GR3YR5Z8,PT4SGE20500,,0.0,0.0,0.0,0.0,0.0,0.0,0.0,0.0,0.0,24.41,,,,,数据不足
2026-08,B0GR3YXHBC,KC4SGE00800,,0.0,0.0,0.0,0.0,0.0,0.0,0.0,0.0,0.0,0.0,,,,,数据不足
2026-08,B0GR3Z3FT5,PT4SGE18500,,0.0,0.0,0.0,0.0,0.0,0.0,0.0,0.0,0.0,11.63,,,,,数据不足
2026-08,B0GR3Z3RGC,KC4SGE04800,,0.0,0.0,0.0,0.0,0.0,0.0,0.0,0.0,0.0,0.0,,,,,数据不足
2026-08,B0GR3Z8FHX,KC4SGE00600,,0.0,0.0,0.0,0.0,0.0,0.0,0.0,0.0,0.0,48.35,,,,,数据不足
2026-08,B0GR3ZCV78,KC4PSP17600,,0.0,0.0,0.0,0.0,0.0,0.0,0.0,0.0,0.0,18.5,,,,,数据不足
2026-08,B0GR3ZPH9F,KC4SGE04900,,0.0,0.0,0.0,0.0,0.0,0.0,0.0,0.0,0.0,6.12,,,,,数据不足
2026-08,B0GR3ZSDBQ,KC4SGE04600,,0.0,0.0,0.0,0.0,0.0,0.0,0.0,0.0,0.0,6.12,,,,,数据不足
2026-08,B0GR3ZV3TR,KC4SGE00500,,0.0,0.0,0.0,0.0,0.0,0.0,0.0,0.0,0.0,31.28,,,,,数据不足
2026-08,B0GR411G4V,PT4SGE20100,,0.0,0.0,0.0,0.0,0.0,0.0,0.0,0.0,0.0,12.79,,,,,数据不足
2026-08,B0GR42KYVW,KX4SGE07900,,0.0,0.0,0.0,0.0,0.0,0.0,0.0,0.0,0.0,19.18,,,,,数据不足
2026-08,B0GR42WDJ3,KC4SGE02500,,0.0,0.0,0.0,0.0,0.0,0.0,0.0,0.0,0.0,28.56,,,,,数据不足
2026-08,B0GR433QJG,KC4PSP17200,,0.0,0.0,0.0,0.0,0.0,0.0,0.0,0.0,0.0,16.32,,,,,数据不足
2026-08,B0GR434V63,KC4PSP16500,,0.0,0.0,0.0,0.0,0.0,0.0,0.0,0.0,0.0,14.96,,,,,数据不足
2026-08,B0GR4355NW,PT4SGE23600,,0.0,0.0,0.0,0.0,0.0,0.0,0.0,0.0,0.0,11.36,,,,,数据不足
2026-08,B0GR43565G,KC4SGE04300,,0.0,0.0,0.0,0.0,0.0,0.0,0.0,0.0,0.0,0.0,,,,,数据不足
2026-08,B0GR4377DH,KX4SGE13500,,0.0,0.0,0.0,0.0,0.0,0.0,0.0,0.0,0.0,260.39,,,,,数据不足
2026-08,B0GR43H631,KX4SGE09300,,0.0,0.0,0.0,0.0,0.0,0.0,0.0,0.0,0.0,20.47,,,,,数据不足
2026-08,B0GR43M38W,KX4SGE07900,,0.0,0.0,0.0,0.0,0.0,0.0,0.0,0.0,0.0,31.08,,,,,数据不足
2026-08,B0GR43WPY3,KX4SGE08300,,0.0,0.0,0.0,0.0,0.0,0.0,0.0,0.0,0.0,16.73,,,,,数据不足
2026-08,B0GR43Y8DM,KC4SGE03100,,0.0,0.0,0.0,0.0,0.0,0.0,0.0,0.0,0.0,33.46,,,,,数据不足
2026-08,B0GR448D5C,KX4SGE15200,,0.0,0.0,0.0,0.0,0.0,0.0,0.0,0.0,0.0,3.06,,,,,数据不足
2026-08,B0GR44RPWJ,KC4SGE01300,,0.0,0.0,0.0,0.0,0.0,0.0,0.0,0.0,0.0,0.0,,,,,数据不足
2026-08,B0GR44S7BH,KC4SGE03900,,0.0,0.0,0.0,0.0,0.0,0.0,0.0,0.0,0.0,5.03,,,,,数据不足
2026-08,B0GR44TSPR,KX4SGE14500,,0.0,0.0,0.0,0.0,0.0,0.0,0.0,0.0,0.0,13.53,,,,,数据不足
2026-08,B0GR452NGN,KX4SGE13700,,0.0,0.0,0.0,0.0,0.0,0.0,0.0,0.0,0.0,7.14,,,,,数据不足
2026-08,B0GR45633P,KX4SGE08100,,0.0,0.0,0.0,0.0,0.0,0.0,0.0,0.0,0.0,44.48,,,,,数据不足
2026-08,B0GR456L19,PT4SGE27800,,0.0,0.0,0.0,0.0,0.0,0.0,0.0,0.0,0.0,46.24,,,,,数据不足
2026-08,B0GR4598HK,KC4SGE01800,,0.0,0.0,0.0,0.0,0.0,0.0,0.0,0.0,0.0,71.2,,,,,数据不足
2026-08,B0GR45QD3N,KC4PSP16100,,0.0,0.0,0.0,0.0,0.0,0.0,0.0,0.0,0.0,8.36,,,,,数据不足
2026-08,B0GR45RYFH,KC4SGE03400,,0.0,0.0,0.0,0.0,0.0,0.0,0.0,0.0,0.0,4.96,,,,,数据不足
2026-08,B0GR45SYDD,PT4SGE19100,,0.0,0.0,0.0,0.0,0.0,0.0,0.0,0.0,0.0,47.74,,,,,数据不足
2026-08,B0GR45XNHQ,KX4SGE15400,,0.0,0.0,0.0,0.0,0.0,0.0,0.0,0.0,0.0,0.0,,,,,数据不足
2026-08,B0GR45YTCV,PT4SGE20300,,0.0,0.0,0.0,0.0,0.0,0.0,0.0,0.0,0.0,22.58,,,,,数据不足
2026-08,B0GR45Z3RB,PT4SGE25400,,0.0,0.0,0.0,0.0,0.0,0.0,0.0,0.0,0.0,3.4,,,,,数据不足
2026-08,B0GR462F31,KX4SGE12100,,0.0,0.0,0.0,0.0,0.0,0.0,0.0,0.0,0.0,6.12,,,,,数据不足
2026-08,B0GR467465,KC4PSP16300,,0.0,0.0,0.0,0.0,0.0,0.0,0.0,0.0,0.0,19.31,,,,,数据不足
2026-08,B0GR4683H2,KX4SGE17300,,0.0,0.0,0.0,0.0,0.0,0.0,0.0,0.0,0.0,27.47,,,,,数据不足
2026-08,B0GR46BM7S,KC4PSP17600,,0.0,0.0,0.0,0.0,0.0,0.0,0.0,0.0,0.0,9.38,,,,,数据不足
2026-08,B0GR46D9N4,PT4SGE26800,,0.0,0.0,0.0,0.0,0.0,0.0,0.0,0.0,0.0,8.36,,,,,数据不足
2026-08,B0GR46GVCQ,KX4SGE08200,,0.0,0.0,0.0,0.0,0.0,0.0,0.0,0.0,0.0,4.69,,,,,数据不足
2026-08,B0GR46H9H5,KC4SGE01700,,0.0,0.0,0.0,0.0,0.0,0.0,0.0,0.0,0.0,6.73,,,,,数据不足
2026-08,B0GR46HMN7,PT4SGE22200,,0.0,0.0,0.0,0.0,0.0,0.0,0.0,0.0,0.0,13.81,,,,,数据不足
2026-08,B0GR46J8VG,KC4PSP15900,,0.0,0.0,0.0,0.0,0.0,0.0,0.0,0.0,0.0,43.12,,,,,数据不足
2026-08,B0GR46KN36,KC4SGE00900,,0.0,0.0,0.0,0.0,0.0,0.0,0.0,0.0,0.0,36.18,,,,,数据不足
2026-08,B0GR46YW5Z,KC4SGE01000,,0.0,0.0,0.0,0.0,0.0,0.0,0.0,0.0,0.0,0.0,,,,,数据不足
2026-08,B0GR46YYHN,KX4SGE12100,,0.0,0.0,0.0,0.0,0.0,0.0,0.0,0.0,0.0,23.73,,,,,数据不足
2026-08,B0GR489S7T,KX4SGE11100,,0.0,0.0,0.0,0.0,0.0,0.0,0.0,0.0,0.0,0.0,,,,,数据不足
2026-08,B0GR48CMY4,PT4SGE19600,,0.0,0.0,0.0,0.0,0.0,0.0,0.0,0.0,0.0,27.54,,,,,数据不足
2026-08,B0GR48F4HS,PT4SGE22500,,0.0,0.0,0.0,0.0,0.0,0.0,0.0,0.0,0.0,6.39,,,,,数据不足
2026-08,B0GR48HJGQ,PT4SGE21900,,0.0,0.0,0.0,0.0,0.0,0.0,0.0,0.0,0.0,14.96,,,,,数据不足
2026-08,B0GR48XRW9,PT4SGE27800,,0.0,0.0,0.0,0.0,0.0,0.0,0.0,0.0,0.0,0.0,,,,,数据不足
2026-08,B0GR49K6G2,PT4SGE26200,,0.0,0.0,0.0,0.0,0.0,0.0,0.0,0.0,0.0,0.0,,,,,数据不足
2026-08,B0GR49RDK3,KC4PSP18100,,0.0,0.0,0.0,0.0,0.0,0.0,0.0,0.0,0.0,22.65,,,,,数据不足
2026-08,B0GR49W2X7,KX4SGE09200,,0.0,0.0,0.0,0.0,0.0,0.0,0.0,0.0,0.0,14.15,,,,,数据不足
2026-08,B0GR4B54NJ,KC4SGE02400,,0.0,0.0,0.0,0.0,0.0,0.0,0.0,0.0,0.0,19.99,,,,,数据不足
2026-08,B0GR4B55CW,PT4SGE25400,,0.0,0.0,0.0,0.0,0.0,0.0,0.0,0.0,0.0,4.35,,,,,数据不足
2026-08,B0GR4BHNHV,PT4SGE23200,,0.0,0.0,0.0,0.0,0.0,0.0,0.0,0.0,0.0,6.12,,,,,数据不足
2026-08,B0GR4BMBTH,KC4SGE03100,,0.0,0.0,0.0,0.0,0.0,0.0,0.0,0.0,0.0,41.35,,,,,数据不足
2026-08,B0GR4BNM9N,KX4SGE09200,,0.0,0.0,0.0,0.0,0.0,0.0,0.0,0.0,0.0,0.0,,,,,数据不足
2026-08,B0GR4BPXN5,KC4SGE04100,,0.0,0.0,0.0,0.0,0.0,0.0,0.0,0.0,0.0,0.0,,,,,数据不足
2026-08,B0GR4BVT14,PT4SGE24600,,0.0,0.0,0.0,0.0,0.0,0.0,0.0,0.0,0.0,0.0,,,,,数据不足
2026-08,B0GR4BW6FC,KC4PSP16500,,0.0,0.0,0.0,0.0,0.0,0.0,0.0,0.0,0.0,43.39,,,,,数据不足
2026-08,B0GR4C6JZZ,PT4SGE24100,,0.0,0.0,0.0,0.0,0.0,0.0,0.0,0.0,0.0,12.79,,,,,数据不足
2026-08,B0GR4C6SN4,PT4SGE24000,,0.0,0.0,0.0,0.0,0.0,0.0,0.0,0.0,0.0,3.94,,,,,数据不足
2026-08,B0GR4C8KKD,KX4SGE18000,,0.0,0.0,0.0,0.0,0.0,0.0,0.0,0.0,0.0,8.36,,,,,数据不足
2026-08,B0GR4C9BN5,KC4SGE01800,,0.0,0.0,0.0,0.0,0.0,0.0,0.0,0.0,0.0,28.9,,,,,数据不足
2026-08,B0GR4CBM9C,PT4SGE21500,,0.0,0.0,0.0,0.0,0.0,0.0,0.0,0.0,0.0,26.66,,,,,数据不足
2026-08,B0GR4CBQC6,KX4SGE14700,,0.0,0.0,0.0,0.0,0.0,0.0,0.0,0.0,0.0,10.0,,,,,数据不足
2026-08,B0GR4CDD4B,KX4SGE14000,,0.0,0.0,0.0,0.0,0.0,0.0,0.0,0.0,0.0,2.65,,,,,数据不足
2026-08,B0GR4D5W4J,PT4SGE18600,,0.0,0.0,0.0,0.0,0.0,0.0,0.0,0.0,0.0,0.0,,,,,数据不足
2026-08,B0GR4DBSBQ,PT4SGE22700,,0.0,0.0,0.0,0.0,0.0,0.0,0.0,0.0,0.0,3.06,,,,,数据不足
2026-08,B0GR4DDZLN,KX4SGE13700,,0.0,0.0,0.0,0.0,0.0,0.0,0.0,0.0,0.0,10.2,,,,,数据不足
2026-08,B0GR4DGQJG,KX4SGE11700,,0.0,0.0,0.0,0.0,0.0,0.0,0.0,0.0,0.0,30.74,,,,,数据不足
2026-08,B0GR4DKFWF,KC4SGE01200,,0.0,0.0,0.0,0.0,0.0,0.0,0.0,0.0,0.0,5.1,,,,,数据不足
2026-08,B0GR4DL5PB,KC4SGE00700,,0.0,0.0,0.0,0.0,0.0,0.0,0.0,0.0,0.0,35.57,,,,,数据不足
2026-08,B0GR4DLJH8,PT4SGE28200,,0.0,0.0,0.0,0.0,0.0,0.0,0.0,0.0,0.0,0.41,,,,,数据不足
2026-08,B0GR4DQQP1,KC4SGE04700,,0.0,0.0,0.0,0.0,0.0,0.0,0.0,0.0,0.0,18.77,,,,,数据不足
2026-08,B0GR4DTWHC,KX4SGE11700,,0.0,0.0,0.0,0.0,0.0,0.0,0.0,0.0,0.0,8.5,,,,,数据不足
2026-08,B0GR4DXV3L,PT4SGE26600,,0.0,0.0,0.0,0.0,0.0,0.0,0.0,0.0,0.0,0.0,,,,,数据不足
2026-08,B0GR4F4NX1,PT4SGE18300,,0.0,0.0,0.0,0.0,0.0,0.0,0.0,0.0,0.0,2.86,,,,,数据不足
2026-08,B0GR4F5XY9,KX4SGE15400,,0.0,0.0,0.0,0.0,0.0,0.0,0.0,0.0,0.0,10.2,,,,,数据不足
2026-08,B0GR4FLSVG,PT4SGE25600,,0.0,0.0,0.0,0.0,0.0,0.0,0.0,0.0,0.0,3.06,,,,,数据不足
2026-08,B0GR4FMR9K,KX4SGE10300,,0.0,0.0,0.0,0.0,0.0,0.0,0.0,0.0,0.0,0.0,,,,,数据不足
2026-08,B0GR4FZ2ZP,KC4SGE04700,,0.0,0.0,0.0,0.0,0.0,0.0,0.0,0.0,0.0,0.0,,,,,数据不足
2026-08,B0GR4G3W29,KC4PSP16600,,0.0,0.0,0.0,0.0,0.0,0.0,0.0,0.0,0.0,21.63,,,,,数据不足
2026-08,B0GR4G3WZV,KC4SGE05100,,0.0,0.0,0.0,0.0,0.0,0.0,0.0,0.0,0.0,0.0,,,,,数据不足
2026-08,B0GR4G52Y5,KC4SGE01600,,0.0,0.0,0.0,0.0,0.0,0.0,0.0,0.0,0.0,12.92,,,,,数据不足
2026-08,B0GR4G53FK,PT4SGE23400,,0.0,0.0,0.0,0.0,0.0,0.0,0.0,0.0,0.0,19.59,,,,,数据不足
2026-08,B0GR4G6P7P,KX4SGE07700,,0.0,0.0,0.0,0.0,0.0,0.0,0.0,0.0,0.0,66.51,,,,,数据不足
2026-08,B0GR4G6PLN,PT4SGE26000,,0.0,0.0,0.0,0.0,0.0,0.0,0.0,0.0,0.0,3.06,,,,,数据不足
2026-08,B0GR4G7X5P,PT4SGE27000,,0.0,0.0,0.0,0.0,0.0,0.0,0.0,0.0,0.0,23.73,,,,,数据不足
2026-08,B0GR4G98SW,PT4SGE23100,,0.0,0.0,0.0,0.0,0.0,0.0,0.0,0.0,0.0,3.26,,,,,数据不足
2026-08,B0GR4G9WSJ,PT4SGE18700,,0.0,0.0,0.0,0.0,0.0,0.0,0.0,0.0,0.0,24.21,,,,,数据不足
2026-08,B0GR4GF2YL,PT4SGE24400,,0.0,0.0,0.0,0.0,0.0,0.0,0.0,0.0,0.0,0.0,,,,,数据不足
2026-08,B0GR4GGYS6,KC4SGE01700,,0.0,0.0,0.0,0.0,0.0,0.0,0.0,0.0,0.0,6.53,,,,,数据不足
2026-08,B0GR4GJ96D,KX4SGE08500,,0.0,0.0,0.0,0.0,0.0,0.0,0.0,0.0,0.0,5.1,,,,,数据不足
2026-08,B0GR4GL9HR,KC4SGE00700,,0.0,0.0,0.0,0.0,0.0,0.0,0.0,0.0,0.0,39.17,,,,,数据不足
2026-08,B0GR4GMYSM,KC4SGE03300,,0.0,0.0,0.0,0.0,0.0,0.0,0.0,0.0,0.0,6.19,,,,,数据不足
2026-08,B0GR4GRK5H,KX4SGE16800,,0.0,0.0,0.0,0.0,0.0,0.0,0.0,0.0,0.0,25.23,,,,,数据不足
2026-08,B0GR4GS11D,KC4PSP16000,,0.0,0.0,0.0,0.0,0.0,0.0,0.0,0.0,0.0,8.09,,,,,数据不足
2026-08,B0GR4GXXMW,PT4SGE19100,,0.0,0.0,0.0,0.0,0.0,0.0,0.0,0.0,0.0,5.78,,,,,数据不足
2026-08,B0GR4GYJMQ,PT4SGE24100,,0.0,0.0,0.0,0.0,0.0,0.0,0.0,0.0,0.0,8.23,,,,,数据不足
2026-08,B0GR4GZB8Y,PT4SGE24900,,0.0,0.0,0.0,0.0,0.0,0.0,0.0,0.0,0.0,8.43,,,,,数据不足
2026-08,B0GR4H4M4Q,PT4SGE26300,,0.0,0.0,0.0,0.0,0.0,0.0,0.0,0.0,0.0,38.7,,,,,数据不足
2026-08,B0GR4HFFGD,KX4SGE13300,,0.0,0.0,0.0,0.0,0.0,0.0,0.0,0.0,0.0,25.43,,,,,数据不足
2026-08,B0GR4HMWQ6,KX4SGE13100,,0.0,0.0,0.0,0.0,0.0,0.0,0.0,0.0,0.0,0.0,,,,,数据不足
2026-08,B0GR4HN45R,PT4SGE27000,,0.0,0.0,0.0,0.0,0.0,0.0,0.0,0.0,0.0,42.71,,,,,数据不足
2026-08,B0GR4HNPNW,KC4PSP17800,,0.0,0.0,0.0,0.0,0.0,0.0,0.0,0.0,0.0,3.06,,,,,数据不足
2026-08,B0GR4HTKZV,PT4SGE23100,,0.0,0.0,0.0,0.0,0.0,0.0,0.0,0.0,0.0,23.73,,,,,数据不足
2026-08,B0GR4HV7S1,KC4SGE05000,,0.0,0.0,0.0,0.0,0.0,0.0,0.0,0.0,0.0,4.08,,,,,数据不足
2026-08,B0GR4HXWFC,KX4SGE07900,,0.0,0.0,0.0,0.0,0.0,0.0,0.0,0.0,0.0,26.39,,,,,数据不足
2026-08,B0GR4HY8HX,KC4PSP18000,,0.0,0.0,0.0,0.0,0.0,0.0,0.0,0.0,0.0,5.98,,,,,数据不足
2026-08,B0GR4J48S5,KC4SGE03500,,0.0,0.0,0.0,0.0,0.0,0.0,0.0,0.0,0.0,25.98,,,,,数据不足
2026-08,B0GR4J4G73,PT4SGE23600,,0.0,0.0,0.0,0.0,0.0,0.0,0.0,0.0,0.0,17.68,,,,,数据不足
2026-08,B0GR4JCZ5L,KC4SGE05200,,0.0,0.0,0.0,0.0,0.0,0.0,0.0,0.0,0.0,33.25,,,,,数据不足
2026-08,B0GR4JFSLT,KC4SGE03700,,0.0,0.0,0.0,0.0,0.0,0.0,0.0,0.0,0.0,13.81,,,,,数据不足
2026-08,B0GR4JHHCP,PT4SGE27900,,0.0,0.0,0.0,0.0,0.0,0.0,0.0,0.0,0.0,0.0,,,,,数据不足
2026-08,B0GR4JKPDL,KX4SGE14900,,0.0,0.0,0.0,0.0,0.0,0.0,0.0,0.0,0.0,6.39,,,,,数据不足
2026-08,B0GR4JM6HZ,KC4SGE00400,,0.0,0.0,0.0,0.0,0.0,0.0,0.0,0.0,0.0,97.11,,,,,数据不足
2026-08,B0GR4JN9WX,PT4SGE21100,,0.0,0.0,0.0,0.0,0.0,0.0,0.0,0.0,0.0,62.77,,,,,数据不足
2026-08,B0GR4JQS8L,KC4SGE00300,,0.0,0.0,0.0,0.0,0.0,0.0,0.0,0.0,0.0,13.26,,,,,数据不足
2026-08,B0GR4JRVTV,KX4SGE17700,,0.0,0.0,0.0,0.0,0.0,0.0,0.0,0.0,0.0,26.18,,,,,数据不足
2026-08,B0GR4JV9H7,KX4SGE17400,,0.0,0.0,0.0,0.0,0.0,0.0,0.0,0.0,0.0,18.02,,,,,数据不足
2026-08,B0GR4JYZHD,KX4SGE10900,,0.0,0.0,0.0,0.0,0.0,0.0,0.0,0.0,0.0,5.17,,,,,数据不足
2026-08,B0GR4JZ198,PT4SGE27300,,0.0,0.0,0.0,0.0,0.0,0.0,0.0,0.0,0.0,9.11,,,,,数据不足
2026-08,B0GR4K587N,KC4PSP16400,,0.0,0.0,0.0,0.0,0.0,0.0,0.0,0.0,0.0,14.28,,,,,数据不足
2026-08,B0GR4K6KZQ,KX4SGE08600,,0.0,0.0,0.0,0.0,0.0,0.0,0.0,0.0,0.0,9.32,,,,,数据不足
2026-08,B0GR4K8KMB,KC4SGE00800,,0.0,0.0,0.0,0.0,0.0,0.0,0.0,0.0,0.0,0.0,,,,,数据不足
2026-08,B0GR4KBGHK,PT4SGE20800,,0.0,0.0,0.0,0.0,0.0,0.0,0.0,0.0,0.0,15.3,,,,,数据不足
2026-08,B0GR4KBS32,PT4SGE27500,,0.0,0.0,0.0,0.0,0.0,0.0,0.0,0.0,0.0,3.06,,,,,数据不足
2026-08,B0GR4KDGGX,KC4SGE05400,,0.0,0.0,0.0,0.0,0.0,0.0,0.0,0.0,0.0,3.06,,,,,数据不足
2026-08,B0GR4KDS1C,KX4SGE12700,,0.0,0.0,0.0,0.0,0.0,0.0,0.0,0.0,0.0,0.0,,,,,数据不足
2026-08,B0GR4KF32H,PT4SGE19700,,0.0,0.0,0.0,0.0,0.0,0.0,0.0,0.0,0.0,17.34,,,,,数据不足
2026-08,B0GR4KFPBD,KC4PSP16100,,0.0,0.0,0.0,0.0,0.0,0.0,0.0,0.0,0.0,5.44,,,,,数据不足
2026-08,B0GR4KGLY6,PT4SGE22800,,0.0,0.0,0.0,0.0,0.0,0.0,0.0,0.0,0.0,3.06,,,,,数据不足
2026-08,B0GR4KGWDC,KC4SGE00200,,0.0,0.0,0.0,0.0,0.0,0.0,0.0,0.0,0.0,0.41,,,,,数据不足
2026-08,B0GR4KL1YV,KX4SGE08600,,0.0,0.0,0.0,0.0,0.0,0.0,0.0,0.0,0.0,17.75,,,,,数据不足
2026-08,B0GR4KW4T3,KC4SGE04600,,0.0,0.0,0.0,0.0,0.0,0.0,0.0,0.0,0.0,22.03,,,,,数据不足
2026-08,B0GR4L4W3L,PT4SGE23400,,0.0,0.0,0.0,0.0,0.0,0.0,0.0,0.0,0.0,43.05,,,,,数据不足
2026-08,B0GR4L7CPP,KC4SGE00300,,0.0,0.0,0.0,0.0,0.0,0.0,0.0,0.0,0.0,65.01,,,,,数据不足
2026-08,B0GR4LG8QK,KC4SGE03500,,0.0,0.0,0.0,0.0,0.0,0.0,0.0,0.0,0.0,6.12,,,,,数据不足
2026-08,B0GR4LNBSM,KC4SGE01700,,0.0,0.0,0.0,0.0,0.0,0.0,0.0,0.0,0.0,3.06,,,,,数据不足
2026-08,B0GR4LQCD3,KC4SGE01500,,0.0,0.0,0.0,0.0,0.0,0.0,0.0,0.0,0.0,9.52,,,,,数据不足
2026-08,B0GR4LQG1J,KX4SGE13300,,0.0,0.0,0.0,0.0,0.0,0.0,0.0,0.0,0.0,33.73,,,,,数据不足
2026-08,B0GR4LQS3Z,KC4PSP17200,,0.0,0.0,0.0,0.0,0.0,0.0,0.0,0.0,0.0,0.0,,,,,数据不足
2026-08,B0GR4LS4XB,KX4SGE12600,,0.0,0.0,0.0,0.0,0.0,0.0,0.0,0.0,0.0,11.76,,,,,数据不足
2026-08,B0GR4LTHQ8,PT4SGE21100,,0.0,0.0,0.0,0.0,0.0,0.0,0.0,0.0,0.0,26.73,,,,,数据不足
2026-08,B0GR4LYKRT,PT4SGE21000,,0.0,0.0,0.0,0.0,0.0,0.0,0.0,0.0,0.0,11.63,,,,,数据不足
2026-08,B0GR4M4QR4,PT4SGE20100,,0.0,0.0,0.0,0.0,0.0,0.0,0.0,0.0,0.0,0.0,,,,,数据不足
2026-08,B0GR4M5SS9,KX4SGE12600,,0.0,0.0,0.0,0.0,0.0,0.0,0.0,0.0,0.0,11.7,,,,,数据不足
2026-08,B0GR4M6Z8K,KC4PSP17500,,0.0,0.0,0.0,0.0,0.0,0.0,0.0,0.0,0.0,3.67,,,,,数据不足
2026-08,B0GR4M8WWH,KC4SGE01300,,0.0,0.0,0.0,0.0,0.0,0.0,0.0,0.0,0.0,33.66,,,,,数据不足
2026-08,B0GR4MBVLC,KC4PSP17100,,0.0,0.0,0.0,0.0,0.0,0.0,0.0,0.0,0.0,8.77,,,,,数据不足
2026-08,B0GR4MC61L,KC4PSP17000,,0.0,0.0,0.0,0.0,0.0,0.0,0.0,0.0,0.0,4.08,,,,,数据不足
2026-08,B0GR4MD5TY,KX4SGE10700,,0.0,0.0,0.0,0.0,0.0,0.0,0.0,0.0,0.0,17.82,,,,,数据不足
2026-08,B0GR4MG9RQ,KX4SGE10700,,0.0,0.0,0.0,0.0,0.0,0.0,0.0,0.0,0.0,0.0,,,,,数据不足
2026-08,B0GR4MH1K2,KC4SGE03900,,0.0,0.0,0.0,0.0,0.0,0.0,0.0,0.0,0.0,0.0,,,,,数据不足
2026-08,B0GR4MLBRH,PT4SGE27600,,0.0,0.0,0.0,0.0,0.0,0.0,0.0,0.0,0.0,9.79,,,,,数据不足
2026-08,B0GR4MM8KP,PT4SGE20000,,0.0,0.0,0.0,0.0,0.0,0.0,0.0,0.0,0.0,0.0,,,,,数据不足
2026-08,B0GR4MMJY2,KX4SGE15200,,0.0,0.0,0.0,0.0,0.0,0.0,0.0,0.0,0.0,3.06,,,,,数据不足
2026-08,B0GR4MNJ7C,KC4SGE02800,,0.0,0.0,0.0,0.0,0.0,0.0,0.0,0.0,0.0,2.58,,,,,数据不足
2026-08,B0GR4MP67V,KX4SGE13200,,0.0,0.0,0.0,0.0,0.0,0.0,0.0,0.0,0.0,7.07,,,,,数据不足
2026-08,B0GR4MQRJ7,KC4PSP17100,,0.0,0.0,0.0,0.0,0.0,0.0,0.0,0.0,0.0,2.52,,,,,数据不足
2026-08,B0GR4MS1CN,KC4SGE00800,,0.0,0.0,0.0,0.0,0.0,0.0,0.0,0.0,0.0,0.0,,,,,数据不足
2026-08,B0GR4MZ2S3,KC4SGE00600,,0.0,0.0,0.0,0.0,0.0,0.0,0.0,0.0,0.0,24.75,,,,,数据不足
2026-08,B0GR4NCQ7C,PT4SGE27300,,0.0,0.0,0.0,0.0,0.0,0.0,0.0,0.0,0.0,7.14,,,,,数据不足
2026-08,B0GR4ND1ZP,PT4SGE26100,,0.0,0.0,0.0,0.0,0.0,0.0,0.0,0.0,0.0,7.14,,,,,数据不足
2026-08,B0GR4ND73X,PT4SGE18700,,0.0,0.0,0.0,0.0,0.0,0.0,0.0,0.0,0.0,51.75,,,,,数据不足
2026-08,B0GR4NH6G4,KX4SGE08800,,0.0,0.0,0.0,0.0,0.0,0.0,0.0,0.0,0.0,4.08,,,,,数据不足
2026-08,B0GR4NHLT3,PT4SGE21900,,0.0,0.0,0.0,0.0,0.0,0.0,0.0,0.0,0.0,29.65,,,,,数据不足
2026-08,B0GR4NJQLD,KC4SGE05500,,0.0,0.0,0.0,0.0,0.0,0.0,0.0,0.0,0.0,4.08,,,,,数据不足
2026-08,B0GR4NQFGB,KX4SGE14700,,0.0,0.0,0.0,0.0,0.0,0.0,0.0,0.0,0.0,15.98,,,,,数据不足
2026-08,B0GR4NVXNK,PT4SGE24900,,0.0,0.0,0.0,0.0,0.0,0.0,0.0,0.0,0.0,25.37,,,,,数据不足
2026-08,B0GR4NYWGY,PT4SGE18500,,0.0,0.0,0.0,0.0,0.0,0.0,0.0,0.0,0.0,0.0,,,,,数据不足
2026-08,B0GR4P369T,KX4SGE15400,,0.0,0.0,0.0,0.0,0.0,0.0,0.0,0.0,0.0,12.24,,,,,数据不足
2026-08,B0GR4P43Z7,KC4SGE00200,,0.0,0.0,0.0,0.0,0.0,0.0,0.0,0.0,0.0,4.08,,,,,数据不足
2026-08,B0GR4PN1R8,PT4SGE19400,,0.0,0.0,0.0,0.0,0.0,0.0,0.0,0.0,0.0,19.59,,,,,数据不足
2026-08,B0GR4PP1HW,KX4SGE17400,,0.0,0.0,0.0,0.0,0.0,0.0,0.0,0.0,0.0,38.56,,,,,数据不足
2026-08,B0GR4PP4TT,PT4SGE26500,,0.0,0.0,0.0,0.0,0.0,0.0,0.0,0.0,0.0,9.18,,,,,数据不足
2026-08,B0GR4Q79LQ,PT4SGE21000,,0.0,0.0,0.0,0.0,0.0,0.0,0.0,0.0,0.0,3.06,,,,,数据不足
2026-08,B0GR4QH9RQ,PT4SGE26700,,0.0,0.0,0.0,0.0,0.0,0.0,0.0,0.0,0.0,6.12,,,,,数据不足
2026-08,B0GR4QJ9ST,KX4SGE16500,,0.0,0.0,0.0,0.0,0.0,0.0,0.0,0.0,0.0,4.49,,,,,数据不足
2026-08,B0GR4QMHGJ,KX4SGE09100,,0.0,0.0,0.0,0.0,0.0,0.0,0.0,0.0,0.0,15.44,,,,,数据不足
2026-08,B0GR4QN4DC,KX4SGE13500,,0.0,0.0,0.0,0.0,0.0,0.0,0.0,0.0,0.0,41.55,,,,,数据不足
2026-08,B0GR4QSQS6,PT4SGE22200,,0.0,0.0,0.0,0.0,0.0,0.0,0.0,0.0,0.0,0.0,,,,,数据不足
2026-08,B0GR4QTT46,KC4PSP16400,,0.0,0.0,0.0,0.0,0.0,0.0,0.0,0.0,0.0,44.34,,,,,数据不足
2026-08,B0GR4QV5L7,PT4SGE28100,,0.0,0.0,0.0,0.0,0.0,0.0,0.0,0.0,0.0,7.82,,,,,数据不足
2026-08,B0GR4QVTBF,KC4SGE02400,,0.0,0.0,0.0,0.0,0.0,0.0,0.0,0.0,0.0,35.09,,,,,数据不足
2026-08,B0GR4R5P5F,KX4SGE10300,,0.0,0.0,0.0,0.0,0.0,0.0,0.0,0.0,0.0,15.71,,,,,数据不足
2026-08,B0GR4R6P5P,PT4SGE22200,,0.0,0.0,0.0,0.0,0.0,0.0,0.0,0.0,0.0,2.58,,,,,数据不足
2026-08,B0GR4R8THQ,KC4SGE01600,,0.0,0.0,0.0,0.0,0.0,0.0,0.0,0.0,0.0,32.1,,,,,数据不足
2026-08,B0GR4RC8PX,KC4PSP16100,,0.0,0.0,0.0,0.0,0.0,0.0,0.0,0.0,0.0,2.86,,,,,数据不足
2026-08,B0GR4RC999,PT4SGE20500,,0.0,0.0,0.0,0.0,0.0,0.0,0.0,0.0,0.0,29.24,,,,,数据不足
2026-08,B0GR4RPNGF,KC4SGE03700,,0.0,0.0,0.0,0.0,0.0,0.0,0.0,0.0,0.0,18.84,,,,,数据不足
2026-08,B0GR4RRJ3C,PT4SGE24600,,0.0,0.0,0.0,0.0,0.0,0.0,0.0,0.0,0.0,4.83,,,,,数据不足
2026-08,B0GR4RWQ1V,KX4SGE10900,,0.0,0.0,0.0,0.0,0.0,0.0,0.0,0.0,0.0,7.14,,,,,数据不足
2026-08,B0GR4S48FD,KC4SGE05300,,0.0,0.0,0.0,0.0,0.0,0.0,0.0,0.0,0.0,7.28,,,,,数据不足
2026-08,B0GR4S575S,KC4SGE01400,,0.0,0.0,0.0,0.0,0.0,0.0,0.0,0.0,0.0,1.84,,,,,数据不足
2026-08,B0GR4S6CNN,PT4SGE19200,,0.0,0.0,0.0,0.0,0.0,0.0,0.0,0.0,0.0,13.47,,,,,数据不足
2026-08,B0GR4S6PBP,PT4SGE26600,,0.0,0.0,0.0,0.0,0.0,0.0,0.0,0.0,0.0,7.82,,,,,数据不足
2026-08,B0GR4S9F1W,KC4PSP18100,,0.0,0.0,0.0,0.0,0.0,0.0,0.0,0.0,0.0,8.43,,,,,数据不足
2026-08,B0GR4S9GR5,PT4SGE25600,,0.0,0.0,0.0,0.0,0.0,0.0,0.0,0.0,0.0,25.57,,,,,数据不足
2026-08,B0GR4SG59L,KX4SGE15200,,0.0,0.0,0.0,0.0,0.0,0.0,0.0,0.0,0.0,4.42,,,,,数据不足
2026-08,B0GR4SGHKZ,KC4SGE05200,,0.0,0.0,0.0,0.0,0.0,0.0,0.0,0.0,0.0,17.82,,,,,数据不足
2026-08,B0GR4T2Z1Q,KC4SGE04600,,0.0,0.0,0.0,0.0,0.0,0.0,0.0,0.0,0.0,32.44,,,,,数据不足
2026-08,B0GR4T2ZBQ,PT4SGE23600,,0.0,0.0,0.0,0.0,0.0,0.0,0.0,0.0,0.0,21.42,,,,,数据不足
2026-08,B0GR4T493P,KX4SGE08500,,0.0,0.0,0.0,0.0,0.0,0.0,0.0,0.0,0.0,0.0,,,,,数据不足
2026-08,B0GR4T5WVG,PT4SGE23300,,0.0,0.0,0.0,0.0,0.0,0.0,0.0,0.0,0.0,0.0,,,,,数据不足
2026-08,B0GR4T8KNN,KX4SGE08100,,0.0,0.0,0.0,0.0,0.0,0.0,0.0,0.0,0.0,29.38,,,,,数据不足
2026-08,B0GR4THQNB,PT4SGE22500,,0.0,0.0,0.0,0.0,0.0,0.0,0.0,0.0,0.0,34.0,,,,,数据不足
2026-08,B0GR4TR154,PT4SGE28200,,0.0,0.0,0.0,0.0,0.0,0.0,0.0,0.0,0.0,8.91,,,,,数据不足
2026-08,B0GR4TXN5L,PT4SGE25800,,0.0,0.0,0.0,0.0,0.0,0.0,0.0,0.0,0.0,4.28,,,,,数据不足
2026-08,B0GR4TYCKZ,KX4SGE10100,,0.0,0.0,0.0,0.0,0.0,0.0,0.0,0.0,0.0,5.3,,,,,数据不足
2026-08,B0GR4TZF7Y,KX4SGE12700,,0.0,0.0,0.0,0.0,0.0,0.0,0.0,0.0,0.0,23.8,,,,,数据不足
2026-08,B0GR4TZZVL,KX4SGE17100,,0.0,0.0,0.0,0.0,0.0,0.0,0.0,0.0,0.0,5.44,,,,,数据不足
2026-08,B0GR4VN632,KC4SGE03900,,0.0,0.0,0.0,0.0,0.0,0.0,0.0,0.0,0.0,4.42,,,,,数据不足
2026-08,B0GR4VR2SK,PT4SGE19900,,0.0,0.0,0.0,0.0,0.0,0.0,0.0,0.0,0.0,15.23,,,,,数据不足
2026-08,B0GR4VSZKG,KC4SGE03000,,0.0,0.0,0.0,0.0,0.0,0.0,0.0,0.0,0.0,3.74,,,,,数据不足
2026-08,B0GR4VVMTR,KX4SGE09200,,0.0,0.0,0.0,0.0,0.0,0.0,0.0,0.0,0.0,0.0,,,,,数据不足
2026-08,B0GR4VXJ7X,KX4SGE09100,,0.0,0.0,0.0,0.0,0.0,0.0,0.0,0.0,0.0,6.46,,,,,数据不足
2026-08,B0GR4WDDY4,KX4SGE14500,,0.0,0.0,0.0,0.0,0.0,0.0,0.0,0.0,0.0,0.0,,,,,数据不足
2026-08,B0GR4X1J38,PT4SGE23300,,0.0,0.0,0.0,0.0,0.0,0.0,0.0,0.0,0.0,33.05,,,,,数据不足
2026-08,B0GR4X4WS6,KX4SGE16500,,0.0,0.0,0.0,0.0,0.0,0.0,0.0,0.0,0.0,8.57,,,,,数据不足
2026-08,B0GR4YJ9N7,PT4SGE27000,,0.0,0.0,0.0,0.0,0.0,0.0,0.0,0.0,0.0,19.93,,,,,数据不足
2026-08,B0GR4YSTZ1,PT4SGE26300,,0.0,0.0,0.0,0.0,0.0,0.0,0.0,0.0,0.0,3.2,,,,,数据不足
2026-08,B0GR51JFYN,KX4SGE08900,,0.0,0.0,0.0,0.0,0.0,0.0,0.0,0.0,0.0,2.65,,,,,数据不足
2026-08,B0GR51NGZQ,PT4SGE19600,,0.0,0.0,0.0,0.0,0.0,0.0,0.0,0.0,0.0,22.44,,,,,数据不足
2026-08,B0GR52BXCF,KC4SGE00500,,0.0,0.0,0.0,0.0,0.0,0.0,0.0,0.0,0.0,13.19,,,,,数据不足
2026-08,B0GR52L493,PT4SGE22700,,0.0,0.0,0.0,0.0,0.0,0.0,0.0,0.0,0.0,4.69,,,,,数据不足
2026-08,B0GR52L5DW,KX4SGE17300,,0.0,0.0,0.0,0.0,0.0,0.0,0.0,0.0,0.0,34.68,,,,,数据不足
2026-08,B0GR548JHZ,PT4SGE24300,,0.0,0.0,0.0,0.0,0.0,0.0,0.0,0.0,0.0,28.7,,,,,数据不足
2026-08,B0GR59G3S3,PT4SGE22700,,0.0,0.0,0.0,0.0,0.0,0.0,0.0,0.0,0.0,10.27,,,,,数据不足
2026-08,B0GR59R67B,KC4SGE04800,,0.0,0.0,0.0,0.0,0.0,0.0,0.0,0.0,0.0,7.75,,,,,数据不足
2026-08,B0GSCDLN3Y,OO4SGE38000,,0.0,0.0,0.0,0.0,0.0,0.0,0.0,0.0,0.0,36.59,,,,,数据不足
2026-08,B0GSCDPFX1,OO4SGE38100,,0.0,0.0,0.0,0.0,0.0,0.0,0.0,0.0,0.0,13.94,,,,,数据不足
2026-08,B0GSCDPTTP,OO4SGE36200,,0.0,0.0,0.0,0.0,0.0,0.0,0.0,0.0,0.0,231.63,,,,,数据不足
2026-08,B0GSCHV15P,OO4SGE39100,,0.0,0.0,0.0,0.0,0.0,0.0,0.0,0.0,0.0,137.1,,,,,数据不足
2026-08,B0GSCJPTS8,OO4SGE38600,,0.0,0.0,0.0,0.0,0.0,0.0,0.0,0.0,0.0,4.35,,,,,数据不足
2026-08,B0GSCNWMSL,OO4SGE34300,,0.0,0.0,0.0,0.0,0.0,0.0,0.0,0.0,0.0,0.0,,,,,数据不足
2026-08,B0GSCR839R,OO4SGE36900,,0.0,0.0,0.0,0.0,0.0,0.0,0.0,0.0,0.0,14.28,,,,,数据不足
2026-08,B0GSCSFKHG,OO4SGE37300,,0.0,0.0,0.0,0.0,0.0,0.0,0.0,0.0,0.0,0.0,,,,,数据不足
2026-08,B0GSCTYV8X,OO4SGE38400,,0.0,0.0,0.0,0.0,0.0,0.0,0.0,0.0,0.0,167.7,,,,,数据不足
2026-08,B0GSCYD16G,OO4SGE38200,,0.0,0.0,0.0,0.0,0.0,0.0,0.0,0.0,0.0,19.31,,,,,数据不足
2026-08,B0GSD2MH1L,OO4SGE36600,,0.0,0.0,0.0,0.0,0.0,0.0,0.0,0.0,0.0,4.62,,,,,数据不足
2026-08,B0GTT2B7VM,OO4SGE34000,,0.0,0.0,0.0,0.0,0.0,0.0,0.0,0.0,0.0,82.63,,,,,数据不足
2026-08,B0GTT7Y37J,OO4SGE38000,,0.0,0.0,0.0,0.0,0.0,0.0,0.0,0.0,0.0,63.93,,,,,数据不足
2026-08,B0GTT88NQL,OO4SGE36600,,0.0,0.0,0.0,0.0,0.0,0.0,0.0,0.0,0.0,46.72,,,,,数据不足
2026-08,B0GTT935H4,OO4SGE38900,,0.0,0.0,0.0,0.0,0.0,0.0,0.0,0.0,0.0,55.76,,,,,数据不足
2026-08,B0GTT9GQTF,OO4SGE36800,,0.0,0.0,0.0,0.0,0.0,0.0,0.0,0.0,0.0,22.85,,,,,数据不足
2026-08,B0GTTBF54X,OO4SGE36900,,0.0,0.0,0.0,0.0,0.0,0.0,0.0,0.0,0.0,36.32,,,,,数据不足
2026-08,B0GTTBGZ98,OO4SGE38300,,0.0,0.0,0.0,0.0,0.0,0.0,0.0,0.0,0.0,49.24,,,,,数据不足
2026-08,B0GTTCFZKC,OO4SGE37700,,0.0,0.0,0.0,0.0,0.0,0.0,0.0,0.0,0.0,53.45,,,,,数据不足
2026-08,B0GTTFC9WL,OO4SGE35700,,0.0,0.0,0.0,0.0,0.0,0.0,0.0,0.0,0.0,19.93,,,,,数据不足
2026-08,B0GTTG712J,OO4SGE34600,,0.0,0.0,0.0,0.0,0.0,0.0,0.0,0.0,0.0,32.03,,,,,数据不足
2026-08,B0GTTG7NQZ,OO4SGE38200,,0.0,0.0,0.0,0.0,0.0,0.0,0.0,0.0,0.0,10.2,,,,,数据不足
2026-08,B0GTTG7ZVC,OO4SGE38500,,0.0,0.0,0.0,0.0,0.0,0.0,0.0,0.0,0.0,27.13,,,,,数据不足
2026-08,B0GTTGB2F7,OO4SGE38100,,0.0,0.0,0.0,0.0,0.0,0.0,0.0,0.0,0.0,34.61,,,,,数据不足
2026-08,B0GTTGJ9TP,OO4SGE34000,,0.0,0.0,0.0,0.0,0.0,0.0,0.0,0.0,0.0,17.89,,,,,数据不足
2026-08,B0GTTGYGPS,OO4SGE38400,,0.0,0.0,0.0,0.0,0.0,0.0,0.0,0.0,0.0,8.36,,,,,数据不足
2026-08,B0GTTH7HZG,OO4SGE37500,,0.0,0.0,0.0,0.0,0.0,0.0,0.0,0.0,0.0,18.36,,,,,数据不足
2026-08,B0GTTJ6XH1,OO4SGE37700,,0.0,0.0,0.0,0.0,0.0,0.0,0.0,0.0,0.0,15.98,,,,,数据不足
2026-08,B0GTTJPBYK,OO4SGE38100,,0.0,0.0,0.0,0.0,0.0,0.0,0.0,0.0,0.0,24.41,,,,,数据不足
2026-08,B0GTTK8CX2,OO4SGE38600,,0.0,0.0,0.0,0.0,0.0,0.0,0.0,0.0,0.0,5.92,,,,,数据不足
2026-08,B0GTTL469N,OO4SGE36600,,0.0,0.0,0.0,0.0,0.0,0.0,0.0,0.0,0.0,40.94,,,,,数据不足
2026-08,B0GTTL5QMS,OO4SGE36000,,0.0,0.0,0.0,0.0,0.0,0.0,0.0,0.0,0.0,63.11,,,,,数据不足
2026-08,B0GTTL85NY,OO4SGE38800,,0.0,0.0,0.0,0.0,0.0,0.0,0.0,0.0,0.0,7.55,,,,,数据不足
2026-08,B0GTTPHJM3,OO4SGE38200,,0.0,0.0,0.0,0.0,0.0,0.0,0.0,0.0,0.0,11.36,,,,,数据不足
2026-08,B0GTTPRT8T,OO4SGE34100,,0.0,0.0,0.0,0.0,0.0,0.0,0.0,0.0,0.0,29.04,,,,,数据不足
2026-08,B0GTTQVXS1,OO4SGE34300,,0.0,0.0,0.0,0.0,0.0,0.0,0.0,0.0,0.0,22.24,,,,,数据不足
2026-08,B0GTTQWZ1N,OO4SGE36900,,0.0,0.0,0.0,0.0,0.0,0.0,0.0,0.0,0.0,0.0,,,,,数据不足
2026-08,B0GTTRFX2D,OO4SGE37500,,0.0,0.0,0.0,0.0,0.0,0.0,0.0,0.0,0.0,48.28,,,,,数据不足
2026-08,B0GTTTXGTB,OO4SGE34600,,0.0,0.0,0.0,0.0,0.0,0.0,0.0,0.0,0.0,21.9,,,,,数据不足
2026-08,B0GTTVVTV1,OO4SGE34300,,0.0,0.0,0.0,0.0,0.0,0.0,0.0,0.0,0.0,0.0,,,,,数据不足
2026-08,B0GTTY2H3V,OO4SGE35200,,0.0,0.0,0.0,0.0,0.0,0.0,0.0,0.0,0.0,0.0,,,,,数据不足
2026-08,B0GTTZ8SDP,OO4SGE38900,,0.0,0.0,0.0,0.0,0.0,0.0,0.0,0.0,0.0,8.16,,,,,数据不足
2026-08,B0GWPRC3F4,OO4SGE36000,,0.0,0.0,0.0,0.0,0.0,0.0,0.0,0.0,0.0,3.26,,,,,数据不足
2026-08,B0GWPXQQ64,OO4SGE35700,,0.0,0.0,0.0,0.0,0.0,0.0,0.0,0.0,0.0,6.12,,,,,数据不足
2026-08,B0GWPZWYJG,OO4SGE34000,,0.0,0.0,0.0,0.0,0.0,0.0,0.0,0.0,0.0,6.26,,,,,数据不足
2026-08,B0GX1C4LVS,KC4PSP16200,,0.0,0.0,0.0,0.0,0.0,0.0,0.0,0.0,0.0,0.0,,,,,数据不足
2026-08,B0GY7TK3N1,KC4SGE01400,,0.0,0.0,0.0,0.0,0.0,0.0,0.0,0.0,0.0,0.0,,,,,数据不足
2026-08,B0GY7TMD58,KC4SGE04200,,0.0,0.0,0.0,0.0,0.0,0.0,0.0,0.0,0.0,0.0,,,,,数据不足
2026-08,B0GY7WKN8W,KC4SGE03500,,0.0,0.0,0.0,0.0,0.0,0.0,0.0,0.0,0.0,0.0,,,,,数据不足
2026-08,B0GY7WP81S,KC4PSP17800,,0.0,0.0,0.0,0.0,0.0,0.0,0.0,0.0,0.0,0.0,,,,,数据不足
2026-08,B0GY7XP5MZ,KC4PSP18100,,0.0,0.0,0.0,0.0,0.0,0.0,0.0,0.0,0.0,0.0,,,,,数据不足
2026-08,B0GY7YSBZ6,KC4PSP16900,,0.0,0.0,0.0,0.0,0.0,0.0,0.0,0.0,0.0,0.0,,,,,数据不足
2026-08,B0GY7Z3G2F,KC4SGE01200,,0.0,0.0,0.0,0.0,0.0,0.0,0.0,0.0,0.0,0.0,,,,,数据不足
2026-08,B0GY7Z9RJQ,KC4SGE01600,,0.0,0.0,0.0,0.0,0.0,0.0,0.0,0.0,0.0,0.0,,,,,数据不足
2026-08,B0GY7ZCBT7,KC4SGE00600,,0.0,0.0,0.0,0.0,0.0,0.0,0.0,0.0,0.0,0.0,,,,,数据不足
2026-08,B0GY7ZKXQR,KC4SGE03300,,0.0,0.0,0.0,0.0,0.0,0.0,0.0,0.0,0.0,0.0,,,,,数据不足
2026-08,B0GY7ZTC4Q,KC4PSP16700,,0.0,0.0,0.0,0.0,0.0,0.0,0.0,0.0,0.0,0.0,,,,,数据不足
2026-08,B0GY813PHT,KC4PSP16800,,0.0,0.0,0.0,0.0,0.0,0.0,0.0,0.0,0.0,0.0,,,,,数据不足
2026-08,B0GY81JDJ3,KC4PSP16600,,0.0,0.0,0.0,0.0,0.0,0.0,0.0,0.0,0.0,0.0,,,,,数据不足
2026-08,B0GY81M891,KC4SGE01300,,0.0,0.0,0.0,0.0,0.0,0.0,0.0,0.0,0.0,0.0,,,,,数据不足
2026-08,B0GY81NCVM,KC4SGE00100,,0.0,0.0,0.0,0.0,0.0,0.0,0.0,0.0,0.0,0.0,,,,,数据不足
2026-08,B0GY81T6SQ,KC4SGE03000,,0.0,0.0,0.0,0.0,0.0,0.0,0.0,0.0,0.0,0.0,,,,,数据不足
2026-08,B0GY81W62G,KC4PSP18000,,0.0,0.0,0.0,0.0,0.0,0.0,0.0,0.0,0.0,0.0,,,,,数据不足
2026-08,B0GY81WNSQ,KC4PSP17000,,0.0,0.0,0.0,0.0,0.0,0.0,0.0,0.0,0.0,0.0,,,,,数据不足
2026-08,B0GY823VYB,KC4SGE02900,,0.0,0.0,0.0,0.0,0.0,0.0,0.0,0.0,0.0,0.0,,,,,数据不足
2026-08,B0GY82B9RX,KC4SGE03200,,0.0,0.0,0.0,0.0,0.0,0.0,0.0,0.0,0.0,0.0,,,,,数据不足
2026-08,B0GY82DRMH,KC4PSP16000,,0.0,0.0,0.0,0.0,0.0,0.0,0.0,0.0,0.0,0.0,,,,,数据不足
2026-08,B0GY833YXY,KC4PSP18200,,0.0,0.0,0.0,0.0,0.0,0.0,0.0,0.0,0.0,0.0,,,,,数据不足
2026-08,B0GY83LD9T,KC4SGE01500,,0.0,0.0,0.0,0.0,0.0,0.0,0.0,0.0,0.0,0.0,,,,,数据不足
2026-08,B0GY83Q625,KC4PSP16500,,0.0,0.0,0.0,0.0,0.0,0.0,0.0,0.0,0.0,0.0,,,,,数据不足
2026-08,B0GY83RFBC,KC4SGE02500,,0.0,0.0,0.0,0.0,0.0,0.0,0.0,0.0,0.0,0.0,,,,,数据不足
2026-08,B0GY83TYG8,KC4SGE01800,,0.0,0.0,0.0,0.0,0.0,0.0,0.0,0.0,0.0,0.0,,,,,数据不足
2026-08,B0GY8451D1,KC4SGE00300,,0.0,0.0,0.0,0.0,0.0,0.0,0.0,0.0,0.0,0.0,,,,,数据不足
2026-08,B0GY847Z6W,KC4SGE00500,,0.0,0.0,0.0,0.0,0.0,0.0,0.0,0.0,0.0,0.0,,,,,数据不足
2026-08,B0GY84JWCC,KC4SGE03900,,0.0,0.0,0.0,0.0,0.0,0.0,0.0,0.0,0.0,0.0,,,,,数据不足
2026-08,B0GY84KHKZ,KC4PSP16300,,0.0,0.0,0.0,0.0,0.0,0.0,0.0,0.0,0.0,0.0,,,,,数据不足
2026-08,B0GY84L79R,KC4SGE01000,,0.0,0.0,0.0,0.0,0.0,0.0,0.0,0.0,0.0,0.0,,,,,数据不足
2026-08,B0GY84LQ7T,KC4PSP17100,,0.0,0.0,0.0,0.0,0.0,0.0,0.0,0.0,0.0,0.0,,,,,数据不足
2026-08,B0GY84QNCH,KC4PSP17700,,0.0,0.0,0.0,0.0,0.0,0.0,0.0,0.0,0.0,0.0,,,,,数据不足
2026-08,B0GY84WJ9H,KC4PSP17500,,0.0,0.0,0.0,0.0,0.0,0.0,0.0,0.0,0.0,0.0,,,,,数据不足
2026-08,B0GY853XW1,KC4SGE02400,,0.0,0.0,0.0,0.0,0.0,0.0,0.0,0.0,0.0,0.0,,,,,数据不足
2026-08,B0GY857P3C,KC4PSP15800,,0.0,0.0,0.0,0.0,0.0,0.0,0.0,0.0,0.0,0.0,,,,,数据不足
2026-08,B0GY868168,KC4SGE03700,,0.0,0.0,0.0,0.0,0.0,0.0,0.0,0.0,0.0,0.0,,,,,数据不足
2026-08,B0GY868B4Y,KC4PSP17200,,0.0,0.0,0.0,0.0,0.0,0.0,0.0,0.0,0.0,0.0,,,,,数据不足
2026-08,B0GY86CJH2,KC4SGE03400,,0.0,0.0,0.0,0.0,0.0,0.0,0.0,0.0,0.0,0.0,,,,,数据不足
2026-08,B0GY86FB5K,KC4SGE02700,,0.0,0.0,0.0,0.0,0.0,0.0,0.0,0.0,0.0,0.0,,,,,数据不足
2026-08,B0GY86PP4G,KC4SGE02500,,0.0,0.0,0.0,0.0,0.0,0.0,0.0,0.0,0.0,0.0,,,,,数据不足
2026-08,B0GY86SR69,KC4SGE04300,,0.0,0.0,0.0,0.0,0.0,0.0,0.0,0.0,0.0,0.0,,,,,数据不足
2026-08,B0GY86VTL7,KC4SGE00700,,0.0,0.0,0.0,0.0,0.0,0.0,0.0,0.0,0.0,0.0,,,,,数据不足
2026-08,B0GY8742BS,KC4SGE04100,,0.0,0.0,0.0,0.0,0.0,0.0,0.0,0.0,0.0,0.0,,,,,数据不足
2026-08,B0GY87Z3SB,KC4SGE00900,,0.0,0.0,0.0,0.0,0.0,0.0,0.0,0.0,0.0,0.0,,,,,数据不足
2026-08,B0GY881PLX,KC4PSP16400,,0.0,0.0,0.0,0.0,0.0,0.0,0.0,0.0,0.0,0.0,,,,,数据不足
2026-08,B0GY886Z1K,KC4SGE03800,,0.0,0.0,0.0,0.0,0.0,0.0,0.0,0.0,0.0,0.0,,,,,数据不足
2026-08,B0GY88WNHR,KC4PSP17300,,0.0,0.0,0.0,0.0,0.0,0.0,0.0,0.0,0.0,0.0,,,,,数据不足
2026-08,B0GY88X6RT,KC4PSP17900,,0.0,0.0,0.0,0.0,0.0,0.0,0.0,0.0,0.0,0.0,,,,,数据不足
2026-08,B0GY88XPR5,KC4SGE00800,,0.0,0.0,0.0,0.0,0.0,0.0,0.0,0.0,0.0,0.0,,,,,数据不足
2026-08,B0GY89D1BN,KC4SGE01700,,0.0,0.0,0.0,0.0,0.0,0.0,0.0,0.0,0.0,0.0,,,,,数据不足
2026-08,B0GY89RSQ9,KC4SGE00400,,0.0,0.0,0.0,0.0,0.0,0.0,0.0,0.0,0.0,0.0,,,,,数据不足
2026-08,B0GY8C5X88,KC4SGE01100,,0.0,0.0,0.0,0.0,0.0,0.0,0.0,0.0,0.0,0.0,,,,,数据不足
2026-08,B0GY8CFW7G,KC4PSP15900,,0.0,0.0,0.0,0.0,0.0,0.0,0.0,0.0,0.0,0.0,,,,,数据不足
2026-08,B0GY8CNL3Y,KC4PSP17400,,0.0,0.0,0.0,0.0,0.0,0.0,0.0,0.0,0.0,0.0,,,,,数据不足
2026-08,B0GY8CY4KK,KC4SGE02800,,0.0,0.0,0.0,0.0,0.0,0.0,0.0,0.0,0.0,0.0,,,,,数据不足
2026-08,B0GY8CZCJM,KC4SGE03100,,0.0,0.0,0.0,0.0,0.0,0.0,0.0,0.0,0.0,0.0,,,,,数据不足
2026-08,B0GY8FNRFS,KC4PSP17600,,0.0,0.0,0.0,0.0,0.0,0.0,0.0,0.0,0.0,0.0,,,,,数据不足
2026-08,B0GYC4BBGP,KX4SGE11100,,0.0,0.0,0.0,0.0,0.0,0.0,0.0,0.0,0.0,0.0,,,,,数据不足
2026-08,B0GYC4NPYS,KX4SGE10200,,0.0,0.0,0.0,0.0,0.0,0.0,0.0,0.0,0.0,0.0,,,,,数据不足
2026-08,B0GYC82ZYM,KX4SGE17300,,0.0,0.0,0.0,0.0,0.0,0.0,0.0,0.0,0.0,0.0,,,,,数据不足
2026-08,B0GYC8BNKT,KX4SGE14700,,0.0,0.0,0.0,0.0,0.0,0.0,0.0,0.0,0.0,0.0,,,,,数据不足
2026-08,B0GYCB72VN,KX4SGE18000,,0.0,0.0,0.0,0.0,0.0,0.0,0.0,0.0,0.0,0.0,,,,,数据不足
2026-08,B0GYCBBXDM,KX4SGE17400,,0.0,0.0,0.0,0.0,0.0,0.0,0.0,0.0,0.0,0.0,,,,,数据不足
2026-08,B0GYCBDDSS,KX4SGE09200,,0.0,0.0,0.0,0.0,0.0,0.0,0.0,0.0,0.0,0.0,,,,,数据不足
2026-08,B0GYCBM4JZ,KX4SGE09100,,0.0,0.0,0.0,0.0,0.0,0.0,0.0,0.0,0.0,0.0,,,,,数据不足
2026-08,B0GYCBPS5Y,KX4SGE12700,,0.0,0.0,0.0,0.0,0.0,0.0,0.0,0.0,0.0,0.0,,,,,数据不足
2026-08,B0GYCBYQ5N,KX4SGE09700,,0.0,0.0,0.0,0.0,0.0,0.0,0.0,0.0,0.0,0.0,,,,,数据不足
2026-08,B0GYCHSKMP,KX4SGE12400,,0.0,0.0,0.0,0.0,0.0,0.0,0.0,0.0,0.0,0.0,,,,,数据不足
2026-08,B0GYCHT2LM,KX4SGE12600,,0.0,0.0,0.0,0.0,0.0,0.0,0.0,0.0,0.0,0.0,,,,,数据不足
2026-08,B0GYCJ36YY,KX4SGE08000,,0.0,0.0,0.0,0.0,0.0,0.0,0.0,0.0,0.0,0.0,,,,,数据不足
2026-08,B0GYCJBKL8,KX4SGE13200,,0.0,0.0,0.0,0.0,0.0,0.0,0.0,0.0,0.0,0.0,,,,,数据不足
2026-08,B0GYCJPLRG,KX4SGE08200,,0.0,0.0,0.0,0.0,0.0,0.0,0.0,0.0,0.0,0.0,,,,,数据不足
2026-08,B0GYCJPLXD,KX4SGE08800,,0.0,0.0,0.0,0.0,0.0,0.0,0.0,0.0,0.0,0.0,,,,,数据不足
2026-08,B0GYCJRMSB,KX4SGE08500,,0.0,0.0,0.0,0.0,0.0,0.0,0.0,0.0,0.0,0.0,,,,,数据不足
2026-08,B0GYCJSCNP,KX4SGE17200,,0.0,0.0,0.0,0.0,0.0,0.0,0.0,0.0,0.0,0.0,,,,,数据不足
2026-08,B0GYCJSY3T,KX4SGE14500,,0.0,0.0,0.0,0.0,0.0,0.0,0.0,0.0,0.0,3.06,,,,,数据不足
2026-08,B0GYCJVWHP,KX4SGE17700,,0.0,0.0,0.0,0.0,0.0,0.0,0.0,0.0,0.0,0.0,,,,,数据不足
2026-08,B0GYCJXF96,KX4SGE12200,,0.0,0.0,0.0,0.0,0.0,0.0,0.0,0.0,0.0,0.0,,,,,数据不足
2026-08,B0GYCK1JZT,KX4SGE16500,,0.0,0.0,0.0,0.0,0.0,0.0,0.0,0.0,0.0,0.0,,,,,数据不足
2026-08,B0GYCK9Q11,KX4SGE08600,,0.0,0.0,0.0,0.0,0.0,0.0,0.0,0.0,0.0,0.0,,,,,数据不足
2026-08,B0GYCKBPPN,KX4SGE10300,,0.0,0.0,0.0,0.0,0.0,0.0,0.0,0.0,0.0,0.0,,,,,数据不足
2026-08,B0GYCLBKL9,KX4SGE17100,,0.0,0.0,0.0,0.0,0.0,0.0,0.0,0.0,0.0,0.0,,,,,数据不足
2026-08,B0GYCLMCW6,KX4SGE08300,,0.0,0.0,0.0,0.0,0.0,0.0,0.0,0.0,0.0,0.0,,,,,数据不足
2026-08,B0GYCM3R5R,KX4SGE16800,,0.0,0.0,0.0,0.0,0.0,0.0,0.0,0.0,0.0,0.0,,,,,数据不足
2026-08,B0GYCM4SS4,KX4SGE12800,,0.0,0.0,0.0,0.0,0.0,0.0,0.0,0.0,0.0,0.0,,,,,数据不足
2026-08,B0GYCM5RYY,KX4SGE08900,,0.0,0.0,0.0,0.0,0.0,0.0,0.0,0.0,0.0,0.0,,,,,数据不足
2026-08,B0GYCM7FG7,KX4SGE10900,,0.0,0.0,0.0,0.0,0.0,0.0,0.0,0.0,0.0,0.0,,,,,数据不足
2026-08,B0GYCM83RK,KX4SGE10400,,0.0,0.0,0.0,0.0,0.0,0.0,0.0,0.0,0.0,0.0,,,,,数据不足
2026-08,B0GYCM8HSF,KX4SGE09300,,0.0,0.0,0.0,0.0,0.0,0.0,0.0,0.0,0.0,0.0,,,,,数据不足
2026-08,B0GYCML89W,KC4PSP16600,,0.0,0.0,0.0,0.0,0.0,0.0,0.0,0.0,0.0,0.0,,,,,数据不足
2026-08,B0GYCMRV7D,KX4SGE17000,,0.0,0.0,0.0,0.0,0.0,0.0,0.0,0.0,0.0,0.0,,,,,数据不足
2026-08,B0GYCN1V62,KX4SGE13300,,0.0,0.0,0.0,0.0,0.0,0.0,0.0,0.0,0.0,0.0,,,,,数据不足
2026-08,B0GYCP7FYV,KX4SGE11700,,0.0,0.0,0.0,0.0,0.0,0.0,0.0,0.0,0.0,0.0,,,,,数据不足
2026-08,B0GYCPDQRM,KX4SGE15200,,0.0,0.0,0.0,0.0,0.0,0.0,0.0,0.0,0.0,0.0,,,,,数据不足
2026-08,B0GYCPLY6B,KX4SGE15800,,0.0,0.0,0.0,0.0,0.0,0.0,0.0,0.0,0.0,0.0,,,,,数据不足
2026-08,B0GYCPRKTQ,KX4SGE07700,,0.0,0.0,0.0,0.0,0.0,0.0,0.0,0.0,0.0,0.0,,,,,数据不足
2026-08,B0GYCQ3GM1,KX4SGE14900,,0.0,0.0,0.0,0.0,0.0,0.0,0.0,0.0,0.0,0.0,,,,,数据不足
2026-08,B0GYCQNC4L,KX4SGE12900,,0.0,0.0,0.0,0.0,0.0,0.0,0.0,0.0,0.0,11.97,,,,,数据不足
2026-08,B0GYCR664F,KX4SGE16700,,0.0,0.0,0.0,0.0,0.0,0.0,0.0,0.0,0.0,0.0,,,,,数据不足
2026-08,B0GYCR6RSN,KX4SGE14000,,0.0,0.0,0.0,0.0,0.0,0.0,0.0,0.0,0.0,0.0,,,,,数据不足
2026-08,B0GYCRDGCB,KX4SGE08400,,0.0,0.0,0.0,0.0,0.0,0.0,0.0,0.0,0.0,0.0,,,,,数据不足
2026-08,B0GYCRPXH7,KX4SGE10100,,0.0,0.0,0.0,0.0,0.0,0.0,0.0,0.0,0.0,0.0,,,,,数据不足
2026-08,B0GYCSX5B2,KX4SGE13700,,0.0,0.0,0.0,0.0,0.0,0.0,0.0,0.0,0.0,0.0,,,,,数据不足
2026-08,B0GYD9J9DV,PT4SGE19700,,0.0,0.0,0.0,0.0,0.0,0.0,0.0,0.0,0.0,0.0,,,,,数据不足
2026-08,B0GYD9PWBN,PT4SGE20500,,0.0,0.0,0.0,0.0,0.0,0.0,0.0,0.0,0.0,0.0,,,,,数据不足
2026-08,B0GYDC97TX,PT4SGE19100,,0.0,0.0,0.0,0.0,0.0,0.0,0.0,0.0,0.0,0.0,,,,,数据不足
2026-08,B0GYDCBXQV,PT4SGE24300,,0.0,0.0,0.0,0.0,0.0,0.0,0.0,0.0,0.0,0.0,,,,,数据不足
2026-08,B0GYDCV57F,PT4SGE19200,,0.0,0.0,0.0,0.0,0.0,0.0,0.0,0.0,0.0,0.0,,,,,数据不足
2026-08,B0GYDDXZ3Z,PT4SGE20300,,0.0,0.0,0.0,0.0,0.0,0.0,0.0,0.0,0.0,0.0,,,,,数据不足
2026-08,B0GYDDY881,PT4SGE21900,,0.0,0.0,0.0,0.0,0.0,0.0,0.0,0.0,0.0,0.0,,,,,数据不足
2026-08,B0GYDFLCWH,PT4SGE19600,,0.0,0.0,0.0,0.0,0.0,0.0,0.0,0.0,0.0,0.0,,,,,数据不足
2026-08,B0GYDFY4FS,PT4SGE23900,,0.0,0.0,0.0,0.0,0.0,0.0,0.0,0.0,0.0,0.0,,,,,数据不足
2026-08,B0GYDG262Y,PT4SGE19300,,0.0,0.0,0.0,0.0,0.0,0.0,0.0,0.0,0.0,0.0,,,,,数据不足
2026-08,B0GYDGQ7PV,PT4SGE22800,,0.0,0.0,0.0,0.0,0.0,0.0,0.0,0.0,0.0,0.0,,,,,数据不足
2026-08,B0GYDHD827,PT4SGE24900,,0.0,0.0,0.0,0.0,0.0,0.0,0.0,0.0,0.0,0.0,,,,,数据不足
2026-08,B0GYDHXWQ7,PT4SGE22500,,0.0,0.0,0.0,0.0,0.0,0.0,0.0,0.0,0.0,0.0,,,,,数据不足
2026-08,B0GYDHY46J,PT4SGE24400,,0.0,0.0,0.0,0.0,0.0,0.0,0.0,0.0,0.0,0.0,,,,,数据不足
2026-08,B0GYDJ4243,PT4SGE22200,,0.0,0.0,0.0,0.0,0.0,0.0,0.0,0.0,0.0,0.0,,,,,数据不足
2026-08,B0GYDJ67LC,PT4SGE21400,,0.0,0.0,0.0,0.0,0.0,0.0,0.0,0.0,0.0,0.0,,,,,数据不足
2026-08,B0GYDJ9LM5,PT4SGE18400,,0.0,0.0,0.0,0.0,0.0,0.0,0.0,0.0,0.0,0.0,,,,,数据不足
2026-08,B0GYDKBNFX,PT4SGE23300,,0.0,0.0,0.0,0.0,0.0,0.0,0.0,0.0,0.0,0.0,,,,,数据不足
2026-08,B0GYDKCL87,PT4SGE20800,,0.0,0.0,0.0,0.0,0.0,0.0,0.0,0.0,0.0,0.0,,,,,数据不足
2026-08,B0GYDKGDGN,PT4SGE23200,,0.0,0.0,0.0,0.0,0.0,0.0,0.0,0.0,0.0,0.0,,,,,数据不足
2026-08,B0GYDKX7BJ,PT4SGE18600,,0.0,0.0,0.0,0.0,0.0,0.0,0.0,0.0,0.0,0.0,,,,,数据不足
2026-08,B0GYDKZT3R,PT4SGE23400,,0.0,0.0,0.0,0.0,0.0,0.0,0.0,0.0,0.0,0.0,,,,,数据不足
2026-08,B0GYDLB269,PT4SGE23100,,0.0,0.0,0.0,0.0,0.0,0.0,0.0,0.0,0.0,0.0,,,,,数据不足
2026-08,B0GYDM715J,PT4SGE24100,,0.0,0.0,0.0,0.0,0.0,0.0,0.0,0.0,0.0,0.0,,,,,数据不足
2026-08,B0GYDM74PD,PT4SGE19900,,0.0,0.0,0.0,0.0,0.0,0.0,0.0,0.0,0.0,0.0,,,,,数据不足
2026-08,B0GYDMC9P2,PT4SGE20000,,0.0,0.0,0.0,0.0,0.0,0.0,0.0,0.0,0.0,0.0,,,,,数据不足
2026-08,B0GYDMDDKC,PT4SGE19800,,0.0,0.0,0.0,0.0,0.0,0.0,0.0,0.0,0.0,0.0,,,,,数据不足
2026-08,B0GYDP5ZH1,PT4SGE21000,,0.0,0.0,0.0,0.0,0.0,0.0,0.0,0.0,0.0,0.0,,,,,数据不足
2026-08,B0GYDPLH8W,PT4SGE25600,,0.0,0.0,0.0,0.0,0.0,0.0,0.0,0.0,0.0,0.0,,,,,数据不足
2026-08,B0GYDPXS3Z,PT4SGE18300,,0.0,0.0,0.0,0.0,0.0,0.0,0.0,0.0,0.0,0.0,,,,,数据不足
2026-08,B0GYDQ2TLS,PT4SGE23600,,0.0,0.0,0.0,0.0,0.0,0.0,0.0,0.0,0.0,0.0,,,,,数据不足
2026-08,B0GYDQ7QB6,PT4SGE24700,,0.0,0.0,0.0,0.0,0.0,0.0,0.0,0.0,0.0,0.0,,,,,数据不足
2026-08,B0GYDQB644,PT4SGE20100,,0.0,0.0,0.0,0.0,0.0,0.0,0.0,0.0,0.0,0.0,,,,,数据不足
2026-08,B0GYDQG88F,PT4SGE21500,,0.0,0.0,0.0,0.0,0.0,0.0,0.0,0.0,0.0,0.0,,,,,数据不足
2026-08,B0GYDQJPG1,PT4SGE18700,,0.0,0.0,0.0,0.0,0.0,0.0,0.0,0.0,0.0,0.0,,,,,数据不足
2026-08,B0GYDQN9GY,PT4SGE18800,,0.0,0.0,0.0,0.0,0.0,0.0,0.0,0.0,0.0,0.0,,,,,数据不足
2026-08,B0GYDQNM2M,KC4PSP16300,,0.0,0.0,0.0,0.0,0.0,0.0,0.0,0.0,0.0,0.0,,,,,数据不足
2026-08,B0GYDRDSZ7,PT4SGE24600,,0.0,0.0,0.0,0.0,0.0,0.0,0.0,0.0,0.0,0.0,,,,,数据不足
2026-08,B0GYDRWXDJ,PT4SGE21100,,0.0,0.0,0.0,0.0,0.0,0.0,0.0,0.0,0.0,0.0,,,,,数据不足
2026-08,B0GYDTRJGK,PT4SGE22700,,0.0,0.0,0.0,0.0,0.0,0.0,0.0,0.0,0.0,0.0,,,,,数据不足
2026-08,B0GYDVBS9Z,PT4SGE19400,,0.0,0.0,0.0,0.0,0.0,0.0,0.0,0.0,0.0,0.0,,,,,数据不足
2026-08,B0GYDVSSLV,PT4SGE24000,,0.0,0.0,0.0,0.0,0.0,0.0,0.0,0.0,0.0,0.0,,,,,数据不足
2026-08,B0GYDWY6JB,PT4SGE19500,,0.0,0.0,0.0,0.0,0.0,0.0,0.0,0.0,0.0,0.0,,,,,数据不足
2026-08,B0GYDY33T3,PT4SGE25400,,0.0,0.0,0.0,0.0,0.0,0.0,0.0,0.0,0.0,2.04,,,,,数据不足
2026-08,B0GYDZ4G8H,PT4SGE18500,,0.0,0.0,0.0,0.0,0.0,0.0,0.0,0.0,0.0,0.0,,,,,数据不足
2026-08,B0GYF4KTRR,PT4SGE23700,,0.0,0.0,0.0,0.0,0.0,0.0,0.0,0.0,0.0,0.0,,,,,数据不足
2026-08,B0GYMT16FN,KC4SGE04800,,0.0,0.0,0.0,0.0,0.0,0.0,0.0,0.0,0.0,0.0,,,,,数据不足
2026-08,B0GYMT47H1,KC4SGE05200,,0.0,0.0,0.0,0.0,0.0,0.0,0.0,0.0,0.0,3.06,,,,,数据不足
2026-08,B0GYMT7JJV,PT4SGE21100,,0.0,0.0,0.0,0.0,0.0,0.0,0.0,0.0,0.0,0.0,,,,,数据不足
2026-08,B0GYMWK13G,PT4SGE27000,,0.0,0.0,0.0,0.0,0.0,0.0,0.0,0.0,0.0,0.0,,,,,数据不足
2026-08,B0GYMWNKKB,OO4SGE36300,,0.0,0.0,0.0,0.0,0.0,0.0,0.0,0.0,0.0,0.0,,,,,数据不足
2026-08,B0GYMWTKNZ,PT4SGE27700,,0.0,0.0,0.0,0.0,0.0,0.0,0.0,0.0,0.0,0.0,,,,,数据不足
2026-08,B0GYMWWX77,PT4SGE26300,,0.0,0.0,0.0,0.0,0.0,0.0,0.0,0.0,0.0,0.0,,,,,数据不足
2026-08,B0GYN1D7PM,KC4SGE05500,,0.0,0.0,0.0,0.0,0.0,0.0,0.0,0.0,0.0,0.0,,,,,数据不足
2026-08,B0GYN4NLP6,PT4SGE27900,,0.0,0.0,0.0,0.0,0.0,0.0,0.0,0.0,0.0,0.0,,,,,数据不足
2026-08,B0GYN591K2,KC4SGE05100,,0.0,0.0,0.0,0.0,0.0,0.0,0.0,0.0,0.0,29.58,,,,,数据不足
2026-08,B0GYN59FKM,PT4SGE26100,,0.0,0.0,0.0,0.0,0.0,0.0,0.0,0.0,0.0,0.0,,,,,数据不足
2026-08,B0GYN5GMNB,PT4SGE27800,,0.0,0.0,0.0,0.0,0.0,0.0,0.0,0.0,0.0,0.0,,,,,数据不足
2026-08,B0GYN5WS15,KC4SGE05400,,0.0,0.0,0.0,0.0,0.0,0.0,0.0,0.0,0.0,0.0,,,,,数据不足
2026-08,B0GYN6FLYF,OO4SGE37000,,0.0,0.0,0.0,0.0,0.0,0.0,0.0,0.0,0.0,0.0,,,,,数据不足
2026-08,B0GYN7J19L,PT4SGE28100,,0.0,0.0,0.0,0.0,0.0,0.0,0.0,0.0,0.0,0.0,,,,,数据不足
2026-08,B0GYN7M2RK,PT4SGE26500,,0.0,0.0,0.0,0.0,0.0,0.0,0.0,0.0,0.0,0.0,,,,,数据不足
2026-08,B0GYN7M6SX,PT4SGE26000,,0.0,0.0,0.0,0.0,0.0,0.0,0.0,0.0,0.0,0.0,,,,,数据不足
2026-08,B0GYN8NKZL,PT4SGE26800,,0.0,0.0,0.0,0.0,0.0,0.0,0.0,0.0,0.0,0.0,,,,,数据不足
2026-08,B0GYN9RVWF,KC4SGE05300,,0.0,0.0,0.0,0.0,0.0,0.0,0.0,0.0,0.0,0.0,,,,,数据不足
2026-08,B0GYNC3QKD,PT4SGE28200,,0.0,0.0,0.0,0.0,0.0,0.0,0.0,0.0,0.0,0.0,,,,,数据不足
2026-08,B0GYNCP9KL,PT4SGE26200,,0.0,0.0,0.0,0.0,0.0,0.0,0.0,0.0,0.0,0.0,,,,,数据不足
2026-08,B0GYNCQF4R,PT4SGE26600,,0.0,0.0,0.0,0.0,0.0,0.0,0.0,0.0,0.0,0.0,,,,,数据不足
2026-08,B0GYNDMKBK,KC4SGE04700,,0.0,0.0,0.0,0.0,0.0,0.0,0.0,0.0,0.0,0.0,,,,,数据不足
2026-08,B0GYNDZLDT,KC4SGE04900,,0.0,0.0,0.0,0.0,0.0,0.0,0.0,0.0,0.0,0.0,,,,,数据不足
2026-08,B0GYNF8RL6,KC4SGE04600,,0.0,0.0,0.0,0.0,0.0,0.0,0.0,0.0,0.0,0.0,,,,,数据不足
2026-08,B0GYNJ913S,PT4SGE25800,,0.0,0.0,0.0,0.0,0.0,0.0,0.0,0.0,0.0,0.0,,,,,数据不足
2026-08,B0GYNJCXBG,PT4SGE27500,,0.0,0.0,0.0,0.0,0.0,0.0,0.0,0.0,0.0,0.0,,,,,数据不足
2026-08,B0GYNPXS3P,PT4SGE27600,,0.0,0.0,0.0,0.0,0.0,0.0,0.0,0.0,0.0,0.0,,,,,数据不足
2026-08,B0GZNZDTS9,PT4SGE26600,,0.0,0.0,0.0,0.0,0.0,0.0,0.0,0.0,0.0,0.0,,,,,数据不足
2026-08,B0GZP5HW73,PT4SGE27800,,0.0,0.0,0.0,0.0,0.0,0.0,0.0,0.0,0.0,0.0,,,,,数据不足
2026-08,B0GZP5HW7D,PT4SGE26100,,0.0,0.0,0.0,0.0,0.0,0.0,0.0,0.0,0.0,0.0,,,,,数据不足
2026-08,B0GZSKC7GF,PT4SGE27500,,0.0,0.0,0.0,0.0,0.0,0.0,0.0,0.0,0.0,0.0,,,,,数据不足
2026-08,B0GZSNB9C8,KX4SGE10600,,0.0,0.0,0.0,0.0,0.0,0.0,0.0,0.0,0.0,0.0,,,,,数据不足
2026-08,B0H2GXQH83,KX4SGE11100,,0.0,0.0,0.0,0.0,0.0,0.0,0.0,0.0,0.0,0.0,,,,,数据不足
2026-08,B0H2XL52MN,KC4PSP16500,,0.0,0.0,0.0,0.0,0.0,0.0,0.0,0.0,0.0,0.0,,,,,数据不足
2026-08,B0H2YRRPKS,PT4SGE20100,,0.0,0.0,0.0,0.0,0.0,0.0,0.0,0.0,0.0,0.0,,,,,数据不足
2026-08,B0H2YRWD8D,PT4SGE19500,,0.0,0.0,0.0,0.0,0.0,0.0,0.0,0.0,0.0,0.0,,,,,数据不足
2026-08,B0H2YV4WJ9,OO4SGE38200,,0.0,0.0,0.0,0.0,0.0,0.0,0.0,0.0,0.0,0.0,,,,,数据不足
2026-08,B0H2YV5XCX,KC4PSP17500,,0.0,0.0,0.0,0.0,0.0,0.0,0.0,0.0,0.0,0.0,,,,,数据不足
2026-08,B0H2YW2N7B,KX4SGE17400,,0.0,0.0,0.0,0.0,0.0,0.0,0.0,0.0,0.0,0.0,,,,,数据不足
2026-08,B0H2YWQ1MG,PT4SGE24900,,0.0,0.0,0.0,0.0,0.0,0.0,0.0,0.0,0.0,0.0,,,,,数据不足
2026-08,B0H2YWR2QD,KX4SGE09700,,0.0,0.0,0.0,0.0,0.0,0.0,0.0,0.0,0.0,0.0,,,,,数据不足
2026-08,B0H2YWSBJL,KC4SGE02700,,0.0,0.0,0.0,0.0,0.0,0.0,0.0,0.0,0.0,0.0,,,,,数据不足
2026-08,B0H2YX3W1W,PT4SGE26000,,0.0,0.0,0.0,0.0,0.0,0.0,0.0,0.0,0.0,0.0,,,,,数据不足
2026-08,B0H2YX6YCF,KC4PSP17800,,0.0,0.0,0.0,0.0,0.0,0.0,0.0,0.0,0.0,5.44,,,,,数据不足
2026-08,B0H2YXC16D,PT4SGE24300,,0.0,0.0,0.0,0.0,0.0,0.0,0.0,0.0,0.0,0.0,,,,,数据不足
2026-08,B0H2YXJM3Q,PT4SGE24100,,0.0,0.0,0.0,0.0,0.0,0.0,0.0,0.0,0.0,0.0,,,,,数据不足
2026-08,B0H2YXJQ5X,PT4SGE20500,,0.0,0.0,0.0,0.0,0.0,0.0,0.0,0.0,0.0,0.0,,,,,数据不足
2026-08,B0H2YY4C8G,PT4SGE27300,,0.0,0.0,0.0,0.0,0.0,0.0,0.0,0.0,0.0,0.0,,,,,数据不足
2026-08,B0H2YY85Z3,PT4SGE20000,,0.0,0.0,0.0,0.0,0.0,0.0,0.0,0.0,0.0,0.0,,,,,数据不足
2026-08,B0H2YYJ4RH,KX4SGE13500,,0.0,0.0,0.0,0.0,0.0,0.0,0.0,0.0,0.0,0.0,,,,,数据不足
2026-08,B0H2YYSDN6,KC4PSP15900,,0.0,0.0,0.0,0.0,0.0,0.0,0.0,0.0,0.0,0.0,,,,,数据不足
2026-08,B0H2YYTY6X,PT4SGE26300,,0.0,0.0,0.0,0.0,0.0,0.0,0.0,0.0,0.0,0.0,,,,,数据不足
2026-08,B0H2YYV8CN,KC4SGE01600,,0.0,0.0,0.0,0.0,0.0,0.0,0.0,0.0,0.0,0.0,,,,,数据不足
2026-08,B0H2YYY8ZH,KC4PSP16600,,0.0,0.0,0.0,0.0,0.0,0.0,0.0,0.0,0.0,0.0,,,,,数据不足
2026-08,B0H2YYYG7K,KX4SGE16500,,0.0,0.0,0.0,0.0,0.0,0.0,0.0,0.0,0.0,0.0,,,,,数据不足
2026-08,B0H2YYYGC7,KX4SGE17300,,0.0,0.0,0.0,0.0,0.0,0.0,0.0,0.0,0.0,0.0,,,,,数据不足
2026-08,B0H2YYYQD8,KC4SGE00100,,0.0,0.0,0.0,0.0,0.0,0.0,0.0,0.0,0.0,28.97,,,,,数据不足
2026-08,B0H2YYZQ4K,PT4SGE24000,,0.0,0.0,0.0,0.0,0.0,0.0,0.0,0.0,0.0,0.0,,,,,数据不足
2026-08,B0H2YZ1VF6,PT4SGE27500,,0.0,0.0,0.0,0.0,0.0,0.0,0.0,0.0,0.0,0.0,,,,,数据不足
2026-08,B0H2YZ9RNZ,OO4SGE35700,,0.0,0.0,0.0,0.0,0.0,0.0,0.0,0.0,0.0,6.12,,,,,数据不足
2026-08,B0H2YZHXP9,KX4SGE08500,,0.0,0.0,0.0,0.0,0.0,0.0,0.0,0.0,0.0,0.0,,,,,数据不足
2026-08,B0H2YZKJC3,OO4SGE38100,,0.0,0.0,0.0,0.0,0.0,0.0,0.0,0.0,0.0,0.0,,,,,数据不足
2026-08,B0H2YZLMQZ,KC4SGE01100,,0.0,0.0,0.0,0.0,0.0,0.0,0.0,0.0,0.0,0.0,,,,,数据不足
2026-08,B0H2YZMX8C,PT4SGE23200,,0.0,0.0,0.0,0.0,0.0,0.0,0.0,0.0,0.0,0.0,,,,,数据不足
2026-08,B0H2YZZT9J,PT4SGE21400,,0.0,0.0,0.0,0.0,0.0,0.0,0.0,0.0,0.0,0.0,,,,,数据不足
2026-08,B0H2Z12Q48,PT4SGE21500,,0.0,0.0,0.0,0.0,0.0,0.0,0.0,0.0,0.0,0.0,,,,,数据不足
2026-08,B0H2Z13BKS,KC4PSP16000,,0.0,0.0,0.0,0.0,0.0,0.0,0.0,0.0,0.0,0.0,,,,,数据不足
2026-08,B0H2Z13J9W,KC4SGE04200,,0.0,0.0,0.0,0.0,0.0,0.0,0.0,0.0,0.0,0.0,,,,,数据不足
2026-08,B0H2Z187SZ,KC4PSP17200,,0.0,0.0,0.0,0.0,0.0,0.0,0.0,0.0,0.0,0.0,,,,,数据不足
2026-08,B0H2Z18VMX,KC4PSP16500,,0.0,0.0,0.0,0.0,0.0,0.0,0.0,0.0,0.0,0.0,,,,,数据不足
2026-08,B0H2Z1BZ6K,KX4SGE12700,,0.0,0.0,0.0,0.0,0.0,0.0,0.0,0.0,0.0,3.06,,,,,数据不足
2026-08,B0H2Z1CV8M,KC4SGE02400,,0.0,0.0,0.0,0.0,0.0,0.0,0.0,0.0,0.0,0.0,,,,,数据不足
2026-08,B0H2Z1DMQB,KX4SGE08000,,0.0,0.0,0.0,0.0,0.0,0.0,0.0,0.0,0.0,0.0,,,,,数据不足
2026-08,B0H2Z1FQLS,KX4SGE17000,,0.0,0.0,0.0,0.0,0.0,0.0,0.0,0.0,0.0,0.0,,,,,数据不足
2026-08,B0H2Z1FTTH,KC4SGE04700,,0.0,0.0,0.0,0.0,0.0,0.0,0.0,0.0,0.0,0.0,,,,,数据不足
2026-08,B0H2Z1GPN3,PT4SGE28100,,0.0,0.0,0.0,0.0,0.0,0.0,0.0,0.0,0.0,0.0,,,,,数据不足
2026-08,B0H2Z1H2ZN,KC4PSP16100,,0.0,0.0,0.0,0.0,0.0,0.0,0.0,0.0,0.0,0.0,,,,,数据不足
2026-08,B0H2Z1H9YK,KX4SGE16800,,0.0,0.0,0.0,0.0,0.0,0.0,0.0,0.0,0.0,0.0,,,,,数据不足
2026-08,B0H2Z1J3WX,OO4SGE34000,,0.0,0.0,0.0,0.0,0.0,0.0,0.0,0.0,0.0,0.0,,,,,数据不足
2026-08,B0H2Z1KLM6,KC4SGE00300,,0.0,0.0,0.0,0.0,0.0,0.0,0.0,0.0,0.0,0.0,,,,,数据不足
2026-08,B0H2Z1KSBT,OO4SGE35600,,0.0,0.0,0.0,0.0,0.0,0.0,0.0,0.0,0.0,0.0,,,,,数据不足
2026-08,B0H2Z1LY9J,KX4SGE15800,,0.0,0.0,0.0,0.0,0.0,0.0,0.0,0.0,0.0,0.0,,,,,数据不足
2026-08,B0H2Z1PCYP,KC4PSP18100,,0.0,0.0,0.0,0.0,0.0,0.0,0.0,0.0,0.0,0.0,,,,,数据不足
2026-08,B0H2Z1PD15,OO4SGE36200,,0.0,0.0,0.0,0.0,0.0,0.0,0.0,0.0,0.0,0.0,,,,,数据不足
2026-08,B0H2Z1VR8Z,KC4PSP17900,,0.0,0.0,0.0,0.0,0.0,0.0,0.0,0.0,0.0,0.0,,,,,数据不足
2026-08,B0H2Z1WLGH,PT4SGE20300,,0.0,0.0,0.0,0.0,0.0,0.0,0.0,0.0,0.0,0.0,,,,,数据不足
2026-08,B0H2Z1WWZJ,PT4SGE20800,,0.0,0.0,0.0,0.0,0.0,0.0,0.0,0.0,0.0,0.0,,,,,数据不足
2026-08,B0H2Z1WXQN,OO4SGE36000,,0.0,0.0,0.0,0.0,0.0,0.0,0.0,0.0,0.0,0.0,,,,,数据不足
2026-08,B0H2Z1X1F5,KX4SGE08300,,0.0,0.0,0.0,0.0,0.0,0.0,0.0,0.0,0.0,0.0,,,,,数据不足
2026-08,B0H2Z1Y7TC,KX4SGE17200,,0.0,0.0,0.0,0.0,0.0,0.0,0.0,0.0,0.0,0.0,,,,,数据不足
2026-08,B0H2Z218FC,PT4SGE19800,,0.0,0.0,0.0,0.0,0.0,0.0,0.0,0.0,0.0,0.0,,,,,数据不足
2026-08,B0H2Z21GJ9,KX4SGE15400,,0.0,0.0,0.0,0.0,0.0,0.0,0.0,0.0,0.0,0.0,,,,,数据不足
2026-08,B0H2Z22YK9,KX4SGE14700,,0.0,0.0,0.0,0.0,0.0,0.0,0.0,0.0,0.0,0.0,,,,,数据不足
2026-08,B0H2Z235FX,KX4SGE13200,,0.0,0.0,0.0,0.0,0.0,0.0,0.0,0.0,0.0,0.0,,,,,数据不足
2026-08,B0H2Z25KGL,PT4SGE25800,,0.0,0.0,0.0,0.0,0.0,0.0,0.0,0.0,0.0,0.0,,,,,数据不足
2026-08,B0H2Z26F5X,PT4SGE22200,,0.0,0.0,0.0,0.0,0.0,0.0,0.0,0.0,0.0,0.0,,,,,数据不足
2026-08,B0H2Z29FK9,OO4SGE34200,,0.0,0.0,0.0,0.0,0.0,0.0,0.0,0.0,0.0,0.0,,,,,数据不足
2026-08,B0H2Z2B1S3,KX4SGE17100,,0.0,0.0,0.0,0.0,0.0,0.0,0.0,0.0,0.0,0.0,,,,,数据不足
2026-08,B0H2Z2HC26,PT4SGE22800,,0.0,0.0,0.0,0.0,0.0,0.0,0.0,0.0,0.0,0.0,,,,,数据不足
2026-08,B0H2Z2KG15,OO4SGE37300,,0.0,0.0,0.0,0.0,0.0,0.0,0.0,0.0,0.0,0.0,,,,,数据不足
2026-08,B0H2Z2P7VD,PT4SGE24400,,0.0,0.0,0.0,0.0,0.0,0.0,0.0,0.0,0.0,0.0,,,,,数据不足
2026-08,B0H2Z2RMHB,PT4SGE26700,,0.0,0.0,0.0,0.0,0.0,0.0,0.0,0.0,0.0,0.0,,,,,数据不足
2026-08,B0H2Z2RN6K,PT4SGE25400,,0.0,0.0,0.0,0.0,0.0,0.0,0.0,0.0,0.0,0.41,,,,,数据不足
2026-08,B0H2Z2T687,OO4SGE38300,,0.0,0.0,0.0,0.0,0.0,0.0,0.0,0.0,0.0,0.0,,,,,数据不足
2026-08,B0H2Z2TN54,KC4PSP16400,,0.0,0.0,0.0,0.0,0.0,0.0,0.0,0.0,0.0,0.0,,,,,数据不足
2026-08,B0H2Z2YLLX,KX4SGE08900,,0.0,0.0,0.0,0.0,0.0,0.0,0.0,0.0,0.0,0.0,,,,,数据不足
2026-08,B0H2Z2ZML1,PT4SGE19600,,0.0,0.0,0.0,0.0,0.0,0.0,0.0,0.0,0.0,0.0,,,,,数据不足
2026-08,B0H2Z325ZF,OO4SGE34800,,0.0,0.0,0.0,0.0,0.0,0.0,0.0,0.0,0.0,0.0,,,,,数据不足
2026-08,B0H2Z33TTN,KC4PSP17600,,0.0,0.0,0.0,0.0,0.0,0.0,0.0,0.0,0.0,0.0,,,,,数据不足
2026-08,B0H2Z357CJ,KC4SGE01000,,0.0,0.0,0.0,0.0,0.0,0.0,0.0,0.0,0.0,0.0,,,,,数据不足
2026-08,B0H2Z35R7D,PT4SGE19300,,0.0,0.0,0.0,0.0,0.0,0.0,0.0,0.0,0.0,3.13,,,,,数据不足
2026-08,B0H2Z3CQMV,KC4SGE01500,,0.0,0.0,0.0,0.0,0.0,0.0,0.0,0.0,0.0,0.0,,,,,数据不足
2026-08,B0H2Z3CT91,PT4SGE27900,,0.0,0.0,0.0,0.0,0.0,0.0,0.0,0.0,0.0,0.0,,,,,数据不足
2026-08,B0H2Z3F39R,KC4SGE00900,,0.0,0.0,0.0,0.0,0.0,0.0,0.0,0.0,0.0,0.0,,,,,数据不足
2026-08,B0H2Z3H5PS,PT4SGE23900,,0.0,0.0,0.0,0.0,0.0,0.0,0.0,0.0,0.0,0.0,,,,,数据不足
2026-08,B0H2Z3LC38,KX4SGE12600,,0.0,0.0,0.0,0.0,0.0,0.0,0.0,0.0,0.0,0.0,,,,,数据不足
2026-08,B0H2Z3MK8W,KC4SGE04600,,0.0,0.0,0.0,0.0,0.0,0.0,0.0,0.0,0.0,0.0,,,,,数据不足
2026-08,B0H2Z3R2F8,KC4SGE02800,,0.0,0.0,0.0,0.0,0.0,0.0,0.0,0.0,0.0,0.0,,,,,数据不足
2026-08,B0H2Z3R2KS,KC4PSP17700,,0.0,0.0,0.0,0.0,0.0,0.0,0.0,0.0,0.0,5.44,,,,,数据不足
2026-08,B0H2Z3RVDF,KX4SGE07900,,0.0,0.0,0.0,0.0,0.0,0.0,0.0,0.0,0.0,0.0,,,,,数据不足
2026-08,B0H2Z3T374,KX4SGE18000,,0.0,0.0,0.0,0.0,0.0,0.0,0.0,0.0,0.0,0.0,,,,,数据不足
2026-08,B0H2Z3TP1T,KX4SGE14900,,0.0,0.0,0.0,0.0,0.0,0.0,0.0,0.0,0.0,0.0,,,,,数据不足
2026-08,B0H2Z3ZN22,KX4SGE16700,,0.0,0.0,0.0,0.0,0.0,0.0,0.0,0.0,0.0,0.0,,,,,数据不足
2026-08,B0H2Z41JQR,PT4SGE23300,,0.0,0.0,0.0,0.0,0.0,0.0,0.0,0.0,0.0,0.0,,,,,数据不足
2026-08,B0H2Z49RQF,PT4SGE19400,,0.0,0.0,0.0,0.0,0.0,0.0,0.0,0.0,0.0,0.0,,,,,数据不足
2026-08,B0H2Z4LB4T,KX4SGE13700,,0.0,0.0,0.0,0.0,0.0,0.0,0.0,0.0,0.0,0.0,,,,,数据不足
2026-08,B0H2Z4N2S7,KC4PSP17100,,0.0,0.0,0.0,0.0,0.0,0.0,0.0,0.0,0.0,0.0,,,,,数据不足
2026-08,B0H2Z4PDQN,KC4SGE01200,,0.0,0.0,0.0,0.0,0.0,0.0,0.0,0.0,0.0,0.0,,,,,数据不足
2026-08,B0H2Z4Q6XH,PT4SGE23400,,0.0,0.0,0.0,0.0,0.0,0.0,0.0,0.0,0.0,0.0,,,,,数据不足
2026-08,B0H2Z4QDPW,OO4SGE39000,,0.0,0.0,0.0,0.0,0.0,0.0,0.0,0.0,0.0,0.0,,,,,数据不足
2026-08,B0H2Z57W5R,OO4SGE37200,,0.0,0.0,0.0,0.0,0.0,0.0,0.0,0.0,0.0,0.0,,,,,数据不足
2026-08,B0H2Z58GCF,OO4SGE37500,,0.0,0.0,0.0,0.0,0.0,0.0,0.0,0.0,0.0,0.0,,,,,数据不足
2026-08,B0H2Z58GPX,KC4SGE00600,,0.0,0.0,0.0,0.0,0.0,0.0,0.0,0.0,0.0,0.0,,,,,数据不足
2026-08,B0H2Z58KWY,OO4SGE34600,,0.0,0.0,0.0,0.0,0.0,0.0,0.0,0.0,0.0,0.0,,,,,数据不足
2026-08,B0H2Z598GY,PT4SGE19900,,0.0,0.0,0.0,0.0,0.0,0.0,0.0,0.0,0.0,0.0,,,,,数据不足
2026-08,B0H2Z5D4S6,KC4SGE00800,,0.0,0.0,0.0,0.0,0.0,0.0,0.0,0.0,0.0,0.0,,,,,数据不足
2026-08,B0H2Z5D4XP,KX4SGE10100,,0.0,0.0,0.0,0.0,0.0,0.0,0.0,0.0,0.0,0.0,,,,,数据不足
2026-08,B0H2Z5DFLJ,PT4SGE26600,,0.0,0.0,0.0,0.0,0.0,0.0,0.0,0.0,0.0,0.0,,,,,数据不足
2026-08,B0H2Z5DFMY,KC4PSP16200,,0.0,0.0,0.0,0.0,0.0,0.0,0.0,0.0,0.0,3.74,,,,,数据不足
2026-08,B0H2Z5KCTN,OO4SGE34300,,0.0,0.0,0.0,0.0,0.0,0.0,0.0,0.0,0.0,0.0,,,,,数据不足
2026-08,B0H2Z5LNXP,OO4SGE37000,,0.0,0.0,0.0,0.0,0.0,0.0,0.0,0.0,0.0,0.0,,,,,数据不足
2026-08,B0H2Z5M2VS,KX4SGE09100,,0.0,0.0,0.0,0.0,0.0,0.0,0.0,0.0,0.0,0.0,,,,,数据不足
2026-08,B0H2Z5MDS1,KC4PSP18200,,0.0,0.0,0.0,0.0,0.0,0.0,0.0,0.0,0.0,7.28,,,,,数据不足
2026-08,B0H2Z5N1PX,OO4SGE35400,,0.0,0.0,0.0,0.0,0.0,0.0,0.0,0.0,0.0,0.0,,,,,数据不足
2026-08,B0H2Z5QG45,PT4SGE19700,,0.0,0.0,0.0,0.0,0.0,0.0,0.0,0.0,0.0,0.0,,,,,数据不足
2026-08,B0H2Z5T71F,PT4SGE26800,,0.0,0.0,0.0,0.0,0.0,0.0,0.0,0.0,0.0,0.0,,,,,数据不足
2026-08,B0H2Z5WHY3,KC4SGE04100,,0.0,0.0,0.0,0.0,0.0,0.0,0.0,0.0,0.0,0.0,,,,,数据不足
2026-08,B0H2Z66KDN,KC4SGE04300,,0.0,0.0,0.0,0.0,0.0,0.0,0.0,0.0,0.0,0.0,,,,,数据不足
2026-08,B0H2Z6B177,KX4SGE17700,,0.0,0.0,0.0,0.0,0.0,0.0,0.0,0.0,0.0,0.0,,,,,数据不足
2026-08,B0H2Z6F3CF,PT4SGE24600,,0.0,0.0,0.0,0.0,0.0,0.0,0.0,0.0,0.0,13.94,,,,,数据不足
2026-08,B0H2Z6PRJC,PT4SGE23100,,0.0,0.0,0.0,0.0,0.0,0.0,0.0,0.0,0.0,0.0,,,,,数据不足
2026-08,B0H2Z6WR3G,KC4PSP17000,,0.0,0.0,0.0,0.0,0.0,0.0,0.0,0.0,0.0,0.0,,,,,数据不足
2026-08,B0H2Z6ZRLG,KX4SGE10300,,0.0,0.0,0.0,0.0,0.0,0.0,0.0,0.0,0.0,0.0,,,,,数据不足
2026-08,B0H2Z77K37,PT4SGE27600,,0.0,0.0,0.0,0.0,0.0,0.0,0.0,0.0,0.0,0.0,,,,,数据不足
2026-08,B0H2Z7C1JB,KX4SGE08200,,0.0,0.0,0.0,0.0,0.0,0.0,0.0,0.0,0.0,0.0,,,,,数据不足
2026-08,B0H2Z7JH94,OO4SGE35200,,0.0,0.0,0.0,0.0,0.0,0.0,0.0,0.0,0.0,0.0,,,,,数据不足
2026-08,B0H2Z7P78N,PT4SGE21000,,0.0,0.0,0.0,0.0,0.0,0.0,0.0,0.0,0.0,0.0,,,,,数据不足
2026-08,B0H2Z8G61L,KX4SGE07700,,0.0,0.0,0.0,0.0,0.0,0.0,0.0,0.0,0.0,0.0,,,,,数据不足
2026-08,B0H2Z8JRKN,PT4SGE21100,,0.0,0.0,0.0,0.0,0.0,0.0,0.0,0.0,0.0,0.0,,,,,数据不足
2026-08,B0H2Z8JRN5,KX4SGE13100,,0.0,0.0,0.0,0.0,0.0,0.0,0.0,0.0,0.0,0.0,,,,,数据不足
2026-08,B0H2Z8V5S6,PT4SGE22700,,0.0,0.0,0.0,0.0,0.0,0.0,0.0,0.0,0.0,0.0,,,,,数据不足
2026-08,B0H2Z94348,PT4SGE21900,,0.0,0.0,0.0,0.0,0.0,0.0,0.0,0.0,0.0,0.0,,,,,数据不足
2026-08,B0H2Z9FQWF,KC4SGE00200,,0.0,0.0,0.0,0.0,0.0,0.0,0.0,0.0,0.0,0.0,,,,,数据不足
2026-08,B0H2Z9G55Z,OO4SGE38800,,0.0,0.0,0.0,0.0,0.0,0.0,0.0,0.0,0.0,0.0,,,,,数据不足
2026-08,B0H2Z9H7M2,PT4SGE23700,,0.0,0.0,0.0,0.0,0.0,0.0,0.0,0.0,0.0,0.0,,,,,数据不足
2026-08,B0H2Z9LTMY,PT4SGE27800,,0.0,0.0,0.0,0.0,0.0,0.0,0.0,0.0,0.0,0.0,,,,,数据不足
2026-08,B0H2Z9X1JY,PT4SGE25600,,0.0,0.0,0.0,0.0,0.0,0.0,0.0,0.0,0.0,0.0,,,,,数据不足
2026-08,B0H2ZB1V6L,PT4SGE22500,,0.0,0.0,0.0,0.0,0.0,0.0,0.0,0.0,0.0,0.0,,,,,数据不足
2026-08,B0H2ZB4TBB,OO4SGE34100,,0.0,0.0,0.0,0.0,0.0,0.0,0.0,0.0,0.0,0.0,,,,,数据不足
2026-08,B0H2ZB9NX4,KC4PSP18000,,0.0,0.0,0.0,0.0,0.0,0.0,0.0,0.0,0.0,0.0,,,,,数据不足
2026-08,B0H2ZC8QQT,PT4SGE28200,,0.0,0.0,0.0,0.0,0.0,0.0,0.0,0.0,0.0,0.0,,,,,数据不足
2026-08,B0H2ZC8QTD,KX4SGE13300,,0.0,0.0,0.0,0.0,0.0,0.0,0.0,0.0,0.0,0.0,,,,,数据不足
2026-08,B0H2ZCZZJN,KC4SGE03900,,0.0,0.0,0.0,0.0,0.0,0.0,0.0,0.0,0.0,0.0,,,,,数据不足
2026-08,B0H2ZD3NT4,KX4SGE08800,,0.0,0.0,0.0,0.0,0.0,0.0,0.0,0.0,0.0,0.0,,,,,数据不足
2026-08,B0H2ZD4PMY,OO4SGE36300,,0.0,0.0,0.0,0.0,0.0,0.0,0.0,0.0,0.0,0.0,,,,,数据不足
2026-08,B0H32FYPZN,KX4SGE13700,,0.0,0.0,0.0,0.0,0.0,0.0,0.0,0.0,0.0,0.0,,,,,数据不足
2026-08,B0H32G59M9,PT4SGE20800,,0.0,0.0,0.0,0.0,0.0,0.0,0.0,0.0,0.0,0.0,,,,,数据不足
2026-08,B0H32GG1CG,KX4SGE10900,,0.0,0.0,0.0,0.0,0.0,0.0,0.0,0.0,0.0,0.0,,,,,数据不足
2026-08,B0H32GJ2TH,KC4SGE03400,,0.0,0.0,0.0,0.0,0.0,0.0,0.0,0.0,0.0,0.0,,,,,数据不足
2026-08,B0H32GJ319,PT4SGE26300,,0.0,0.0,0.0,0.0,0.0,0.0,0.0,0.0,0.0,0.0,,,,,数据不足
2026-08,B0H32GKWM3,KX4SGE17100,,0.0,0.0,0.0,0.0,0.0,0.0,0.0,0.0,0.0,0.0,,,,,数据不足
2026-08,B0H32H1K4R,PT4SGE19700,,0.0,0.0,0.0,0.0,0.0,0.0,0.0,0.0,0.0,0.0,,,,,数据不足
2026-08,B0H32H32T2,KC4PSP17500,,0.0,0.0,0.0,0.0,0.0,0.0,0.0,0.0,0.0,0.0,,,,,数据不足
2026-08,B0H32HCVC2,KC4SGE02400,,0.0,0.0,0.0,0.0,0.0,0.0,0.0,0.0,0.0,0.0,,,,,数据不足
2026-08,B0H32HCVPZ,PT4SGE19500,,0.0,0.0,0.0,0.0,0.0,0.0,0.0,0.0,0.0,0.0,,,,,数据不足
2026-08,B0H32HD4XY,KC4SGE02500,,0.0,0.0,0.0,0.0,0.0,0.0,0.0,0.0,0.0,0.0,,,,,数据不足
2026-08,B0H32HZ88S,PT4SGE21400,,0.0,0.0,0.0,0.0,0.0,0.0,0.0,0.0,0.0,0.0,,,,,数据不足
2026-08,B0H32J1PG9,KX4SGE16800,,0.0,0.0,0.0,0.0,0.0,0.0,0.0,0.0,0.0,0.0,,,,,数据不足
2026-08,B0H32J357M,PT4SGE24900,,0.0,0.0,0.0,0.0,0.0,0.0,0.0,0.0,0.0,0.0,,,,,数据不足
2026-08,B0H32J3CBX,KC4SGE03300,,0.0,0.0,0.0,0.0,0.0,0.0,0.0,0.0,0.0,0.0,,,,,数据不足
2026-08,B0H32J5BJY,KX4SGE09100,,0.0,0.0,0.0,0.0,0.0,0.0,0.0,0.0,0.0,0.0,,,,,数据不足
2026-08,B0H32J95GD,KX4SGE08400,,0.0,0.0,0.0,0.0,0.0,0.0,0.0,0.0,0.0,0.0,,,,,数据不足
2026-08,B0H32JD2BN,KC4PSP15900,,0.0,0.0,0.0,0.0,0.0,0.0,0.0,0.0,0.0,0.0,,,,,数据不足
2026-08,B0H32K5WS1,OO4SGE34000,,0.0,0.0,0.0,0.0,0.0,0.0,0.0,0.0,0.0,0.0,,,,,数据不足
2026-08,B0H32K9DG7,KX4SGE15800,,0.0,0.0,0.0,0.0,0.0,0.0,0.0,0.0,0.0,0.0,,,,,数据不足
2026-08,B0H32KGGFC,KC4SGE04300,,0.0,0.0,0.0,0.0,0.0,0.0,0.0,0.0,0.0,0.0,,,,,数据不足
2026-08,B0H32KM1NH,KX4SGE10600,,0.0,0.0,0.0,0.0,0.0,0.0,0.0,0.0,0.0,0.0,,,,,数据不足
2026-08,B0H32KRK4S,KX4SGE08500,,0.0,0.0,0.0,0.0,0.0,0.0,0.0,0.0,0.0,0.0,,,,,数据不足
2026-08,B0H32KRRDJ,KC4PSP16600,,0.0,0.0,0.0,0.0,0.0,0.0,0.0,0.0,0.0,18.5,,,,,数据不足
2026-08,B0H32KV5WD,KC4PSP15800,,0.0,0.0,0.0,0.0,0.0,0.0,0.0,0.0,0.0,0.0,,,,,数据不足
2026-08,B0H32KZLHK,KX4SGE12200,,0.0,0.0,0.0,0.0,0.0,0.0,0.0,0.0,0.0,3.06,,,,,数据不足
2026-08,B0H32L74VG,KC4SGE04200,,0.0,0.0,0.0,0.0,0.0,0.0,0.0,0.0,0.0,0.0,,,,,数据不足
2026-08,B0H32L7CMJ,KX4SGE08000,,0.0,0.0,0.0,0.0,0.0,0.0,0.0,0.0,0.0,0.0,,,,,数据不足
2026-08,B0H32LDB14,PT4SGE22200,,0.0,0.0,0.0,0.0,0.0,0.0,0.0,0.0,0.0,0.0,,,,,数据不足
2026-08,B0H32LDYQ9,KX4SGE15200,,0.0,0.0,0.0,0.0,0.0,0.0,0.0,0.0,0.0,0.0,,,,,数据不足
2026-08,B0H32LZPVT,KX4SGE10100,,0.0,0.0,0.0,0.0,0.0,0.0,0.0,0.0,0.0,0.0,,,,,数据不足
2026-08,B0H32M7L8M,PT4SGE24400,,0.0,0.0,0.0,0.0,0.0,0.0,0.0,0.0,0.0,0.0,,,,,数据不足
2026-08,B0H32M7MB9,OO4SGE38200,,0.0,0.0,0.0,0.0,0.0,0.0,0.0,0.0,0.0,0.0,,,,,数据不足
2026-08,B0H32M91XR,KC4SGE00800,,0.0,0.0,0.0,0.0,0.0,0.0,0.0,0.0,0.0,0.0,,,,,数据不足
2026-08,B0H32M9TKY,PT4SGE26200,,0.0,0.0,0.0,0.0,0.0,0.0,0.0,0.0,0.0,0.0,,,,,数据不足
2026-08,B0H32MBTVC,OO4SGE35200,,0.0,0.0,0.0,0.0,0.0,0.0,0.0,0.0,0.0,0.0,,,,,数据不足
2026-08,B0H32MH8G4,KC4SGE01000,,0.0,0.0,0.0,0.0,0.0,0.0,0.0,0.0,0.0,0.0,,,,,数据不足
2026-08,B0H32MK4WT,KX4SGE10300,,0.0,0.0,0.0,0.0,0.0,0.0,0.0,0.0,0.0,0.0,,,,,数据不足
2026-08,B0H32MKBYC,KC4SGE04600,,0.0,0.0,0.0,0.0,0.0,0.0,0.0,0.0,0.0,0.0,,,,,数据不足
2026-08,B0H32MS8L5,KX4SGE13300,,0.0,0.0,0.0,0.0,0.0,0.0,0.0,0.0,0.0,0.0,,,,,数据不足
2026-08,B0H32MWLZC,PT4SGE27500,,0.0,0.0,0.0,0.0,0.0,0.0,0.0,0.0,0.0,0.0,,,,,数据不足
2026-08,B0H32MZN8B,PT4SGE27300,,0.0,0.0,0.0,0.0,0.0,0.0,0.0,0.0,0.0,0.0,,,,,数据不足
2026-08,B0H32MZY71,KX4SGE13100,,0.0,0.0,0.0,0.0,0.0,0.0,0.0,0.0,0.0,0.0,,,,,数据不足
2026-08,B0H32N17TJ,PT4SGE23700,,0.0,0.0,0.0,0.0,0.0,0.0,0.0,0.0,0.0,0.0,,,,,数据不足
2026-08,B0H32N1G38,KX4SGE12900,,0.0,0.0,0.0,0.0,0.0,0.0,0.0,0.0,0.0,0.0,,,,,数据不足
2026-08,B0H32N4VB7,PT4SGE27000,,0.0,0.0,0.0,0.0,0.0,0.0,0.0,0.0,0.0,0.0,,,,,数据不足
2026-08,B0H32N95F5,KX4SGE18000,,0.0,0.0,0.0,0.0,0.0,0.0,0.0,0.0,0.0,0.0,,,,,数据不足
2026-08,B0H32N9CST,KX4SGE16500,,0.0,0.0,0.0,0.0,0.0,0.0,0.0,0.0,0.0,0.0,,,,,数据不足
2026-08,B0H32N9L2V,OO4SGE34100,,0.0,0.0,0.0,0.0,0.0,0.0,0.0,0.0,0.0,0.0,,,,,数据不足
2026-08,B0H32NDTGW,KC4PSP16500,,0.0,0.0,0.0,0.0,0.0,0.0,0.0,0.0,0.0,0.0,,,,,数据不足
2026-08,B0H32NNXTS,KX4SGE14900,,0.0,0.0,0.0,0.0,0.0,0.0,0.0,0.0,0.0,0.0,,,,,数据不足
2026-08,B0H32NRX8J,OO4SGE39000,,0.0,0.0,0.0,0.0,0.0,0.0,0.0,0.0,0.0,0.0,,,,,数据不足
2026-08,B0H32NRXBF,PT4SGE27800,,0.0,0.0,0.0,0.0,0.0,0.0,0.0,0.0,0.0,0.0,,,,,数据不足
2026-08,B0H32NT3SB,PT4SGE21900,,0.0,0.0,0.0,0.0,0.0,0.0,0.0,0.0,0.0,0.0,,,,,数据不足
2026-08,B0H32NVR55,OO4SGE34300,,0.0,0.0,0.0,0.0,0.0,0.0,0.0,0.0,0.0,0.0,,,,,数据不足
2026-08,B0H32NWGSV,OO4SGE37200,,0.0,0.0,0.0,0.0,0.0,0.0,0.0,0.0,0.0,0.0,,,,,数据不足
2026-08,B0H32NWRNY,PT4SGE23900,,0.0,0.0,0.0,0.0,0.0,0.0,0.0,0.0,0.0,0.0,,,,,数据不足
2026-08,B0H32NWRQQ,PT4SGE22800,,0.0,0.0,0.0,0.0,0.0,0.0,0.0,0.0,0.0,0.0,,,,,数据不足
2026-08,B0H32NY5FR,KC4SGE01400,,0.0,0.0,0.0,0.0,0.0,0.0,0.0,0.0,0.0,0.0,,,,,数据不足
2026-08,B0H32NZ88Q,KX4SGE10700,,0.0,0.0,0.0,0.0,0.0,0.0,0.0,0.0,0.0,0.0,,,,,数据不足
2026-08,B0H32P2W7X,KC4SGE02900,,0.0,0.0,0.0,0.0,0.0,0.0,0.0,0.0,0.0,0.0,,,,,数据不足
2026-08,B0H32P3323,KX4SGE12400,,0.0,0.0,0.0,0.0,0.0,0.0,0.0,0.0,0.0,4.28,,,,,数据不足
2026-08,B0H32P6JCR,OO4SGE38100,,0.0,0.0,0.0,0.0,0.0,0.0,0.0,0.0,0.0,0.0,,,,,数据不足
2026-08,B0H32PB9JC,KC4SGE02700,,0.0,0.0,0.0,0.0,0.0,0.0,0.0,0.0,0.0,0.0,,,,,数据不足
2026-08,B0H32PDT26,KX4SGE09200,,0.0,0.0,0.0,0.0,0.0,0.0,0.0,0.0,0.0,0.0,,,,,数据不足
2026-08,B0H32PDT2W,KC4SGE04700,,0.0,0.0,0.0,0.0,0.0,0.0,0.0,0.0,0.0,0.0,,,,,数据不足
2026-08,B0H32PFW9H,KX4SGE07900,,0.0,0.0,0.0,0.0,0.0,0.0,0.0,0.0,0.0,0.0,,,,,数据不足
2026-08,B0H32PGH77,KX4SGE12700,,0.0,0.0,0.0,0.0,0.0,0.0,0.0,0.0,0.0,0.0,,,,,数据不足
2026-08,B0H32PN1QP,KX4SGE17200,,0.0,0.0,0.0,0.0,0.0,0.0,0.0,0.0,0.0,0.0,,,,,数据不足
2026-08,B0H32PRC95,PT4SGE23600,,0.0,0.0,0.0,0.0,0.0,0.0,0.0,0.0,0.0,0.0,,,,,数据不足
2026-08,B0H32PSM6C,PT4SGE23100,,0.0,0.0,0.0,0.0,0.0,0.0,0.0,0.0,0.0,0.0,,,,,数据不足
2026-08,B0H32PSM71,PT4SGE19900,,0.0,0.0,0.0,0.0,0.0,0.0,0.0,0.0,0.0,0.0,,,,,数据不足
2026-08,B0H32PT53D,KC4SGE00200,,0.0,0.0,0.0,0.0,0.0,0.0,0.0,0.0,0.0,0.0,,,,,数据不足
2026-08,B0H32PT7PD,KC4PSP16400,,0.0,0.0,0.0,0.0,0.0,0.0,0.0,0.0,0.0,0.0,,,,,数据不足
2026-08,B0H32PXW5Y,PT4SGE18800,,0.0,0.0,0.0,0.0,0.0,0.0,0.0,0.0,0.0,0.0,,,,,数据不足
2026-08,B0H32PZKDX,KX4SGE12600,,0.0,0.0,0.0,0.0,0.0,0.0,0.0,0.0,0.0,0.0,,,,,数据不足
2026-08,B0H32Q12H6,KX4SGE08800,,0.0,0.0,0.0,0.0,0.0,0.0,0.0,0.0,0.0,0.0,,,,,数据不足
2026-08,B0H32Q1GHN,OO4SGE38000,,0.0,0.0,0.0,0.0,0.0,0.0,0.0,0.0,0.0,0.0,,,,,数据不足
2026-08,B0H32Q35D4,PT4SGE24000,,0.0,0.0,0.0,0.0,0.0,0.0,0.0,0.0,0.0,0.0,,,,,数据不足
2026-08,B0H32Q9R4S,PT4SGE20000,,0.0,0.0,0.0,0.0,0.0,0.0,0.0,0.0,0.0,0.0,,,,,数据不足
2026-08,B0H32QBKP8,PT4SGE23400,,0.0,0.0,0.0,0.0,0.0,0.0,0.0,0.0,0.0,0.0,,,,,数据不足
2026-08,B0H32QD4X8,KX4SGE14000,,0.0,0.0,0.0,0.0,0.0,0.0,0.0,0.0,0.0,0.0,,,,,数据不足
2026-08,B0H32QDY3C,PT4SGE25400,,0.0,0.0,0.0,0.0,0.0,0.0,0.0,0.0,0.0,0.0,,,,,数据不足
2026-08,B0H32QG1YD,PT4SGE21000,,0.0,0.0,0.0,0.0,0.0,0.0,0.0,0.0,0.0,0.0,,,,,数据不足
2026-08,B0H32QG7PG,PT4SGE21100,,0.0,0.0,0.0,0.0,0.0,0.0,0.0,0.0,0.0,0.0,,,,,数据不足
2026-08,B0H32QGFHT,PT4SGE25600,,0.0,0.0,0.0,0.0,0.0,0.0,0.0,0.0,0.0,0.0,,,,,数据不足
2026-08,B0H32QMXKZ,KC4PSP17800,,0.0,0.0,0.0,0.0,0.0,0.0,0.0,0.0,0.0,0.0,,,,,数据不足
2026-08,B0H32QNY1H,OO4SGE34600,,0.0,0.0,0.0,0.0,0.0,0.0,0.0,0.0,0.0,0.0,,,,,数据不足
2026-08,B0H32QPC7Y,PT4SGE24600,,0.0,0.0,0.0,0.0,0.0,0.0,0.0,0.0,0.0,0.0,,,,,数据不足
2026-08,B0H32QQ1ZF,OO4SGE38500,,0.0,0.0,0.0,0.0,0.0,0.0,0.0,0.0,0.0,0.0,,,,,数据不足
2026-08,B0H32QS9KQ,OO4SGE36900,,0.0,0.0,0.0,0.0,0.0,0.0,0.0,0.0,0.0,0.0,,,,,数据不足
2026-08,B0H32QSMQ5,KX4SGE17300,,0.0,0.0,0.0,0.0,0.0,0.0,0.0,0.0,0.0,0.0,,,,,数据不足
2026-08,B0H32QTFDJ,OO4SGE34200,,0.0,0.0,0.0,0.0,0.0,0.0,0.0,0.0,0.0,0.0,,,,,数据不足
2026-08,B0H32QVFNQ,PT4SGE28100,,0.0,0.0,0.0,0.0,0.0,0.0,0.0,0.0,0.0,0.0,,,,,数据不足
2026-08,B0H32QX2JY,PT4SGE20300,,0.0,0.0,0.0,0.0,0.0,0.0,0.0,0.0,0.0,7.14,,,,,数据不足
2026-08,B0H32QXYLD,PT4SGE23200,,0.0,0.0,0.0,0.0,0.0,0.0,0.0,0.0,0.0,0.0,,,,,数据不足
2026-08,B0H32QYNHR,KC4SGE03100,,0.0,0.0,0.0,0.0,0.0,0.0,0.0,0.0,0.0,0.0,,,,,数据不足
2026-08,B0H32QZ3HV,KX4SGE11100,,0.0,0.0,0.0,0.0,0.0,0.0,0.0,0.0,0.0,0.0,,,,,数据不足
2026-08,B0H32QZD7P,KC4SGE01300,,0.0,0.0,0.0,0.0,0.0,0.0,0.0,0.0,0.0,0.0,,,,,数据不足
2026-08,B0H32QZP5Z,KC4SGE05300,,0.0,0.0,0.0,0.0,0.0,0.0,0.0,0.0,0.0,0.0,,,,,数据不足
2026-08,B0H32R2YN3,KC4SGE00300,,0.0,0.0,0.0,0.0,0.0,0.0,0.0,0.0,0.0,0.0,,,,,数据不足
2026-08,B0H32R3KHV,PT4SGE27900,,0.0,0.0,0.0,0.0,0.0,0.0,0.0,0.0,0.0,0.0,,,,,数据不足
2026-08,B0H32R4CDP,PT4SGE25800,,0.0,0.0,0.0,0.0,0.0,0.0,0.0,0.0,0.0,0.0,,,,,数据不足
2026-08,B0H32R4YRB,KX4SGE08600,,0.0,0.0,0.0,0.0,0.0,0.0,0.0,0.0,0.0,0.0,,,,,数据不足
2026-08,B0H32R5VZL,KC4SGE01700,,0.0,0.0,0.0,0.0,0.0,0.0,0.0,0.0,0.0,0.0,,,,,数据不足
2026-08,B0H32R86TC,KC4PSP18100,,0.0,0.0,0.0,0.0,0.0,0.0,0.0,0.0,0.0,0.0,,,,,数据不足
2026-08,B0H32RCR1R,KX4SGE11700,,0.0,0.0,0.0,0.0,0.0,0.0,0.0,0.0,0.0,0.0,,,,,数据不足
2026-08,B0H32RCTWS,PT4SGE28200,,0.0,0.0,0.0,0.0,0.0,0.0,0.0,0.0,0.0,0.0,,,,,数据不足
2026-08,B0H32RCXSL,KC4SGE00500,,0.0,0.0,0.0,0.0,0.0,0.0,0.0,0.0,0.0,0.0,,,,,数据不足
2026-08,B0H32RHDXX,OO4SGE38900,,0.0,0.0,0.0,0.0,0.0,0.0,0.0,0.0,0.0,0.0,,,,,数据不足
2026-08,B0H32RHLKY,KC4PSP16100,,0.0,0.0,0.0,0.0,0.0,0.0,0.0,0.0,0.0,0.0,,,,,数据不足
2026-08,B0H32RPPXX,PT4SGE26100,,0.0,0.0,0.0,0.0,0.0,0.0,0.0,0.0,0.0,0.0,,,,,数据不足
2026-08,B0H32RR9DL,KX4SGE14500,,0.0,0.0,0.0,0.0,0.0,0.0,0.0,0.0,0.0,0.0,,,,,数据不足
2026-08,B0H32RRSKF,PT4SGE18400,,0.0,0.0,0.0,0.0,0.0,0.0,0.0,0.0,0.0,0.0,,,,,数据不足
2026-08,B0H32RRWWX,PT4SGE22700,,0.0,0.0,0.0,0.0,0.0,0.0,0.0,0.0,0.0,4.08,,,,,数据不足
2026-08,B0H32RSH62,KX4SGE12100,,0.0,0.0,0.0,0.0,0.0,0.0,0.0,0.0,0.0,0.0,,,,,数据不足
2026-08,B0H32RW5HS,PT4SGE19600,,0.0,0.0,0.0,0.0,0.0,0.0,0.0,0.0,0.0,0.0,,,,,数据不足
2026-08,B0H32RWRF6,PT4SGE27600,,0.0,0.0,0.0,0.0,0.0,0.0,0.0,0.0,0.0,0.0,,,,,数据不足
2026-08,B0H32RX5R7,KX4SGE17000,,0.0,0.0,0.0,0.0,0.0,0.0,0.0,0.0,0.0,0.0,,,,,数据不足
2026-08,B0H32RX8BT,PT4SGE20500,,0.0,0.0,0.0,0.0,0.0,0.0,0.0,0.0,0.0,0.0,,,,,数据不足
2026-08,B0H32S81BM,KC4SGE00100,,0.0,0.0,0.0,0.0,0.0,0.0,0.0,0.0,0.0,13.94,,,,,数据不足
2026-08,B0H32S8MH8,KX4SGE08300,,0.0,0.0,0.0,0.0,0.0,0.0,0.0,0.0,0.0,0.0,,,,,数据不足
2026-08,B0H32SB42T,KX4SGE15400,,0.0,0.0,0.0,0.0,0.0,0.0,0.0,0.0,0.0,3.06,,,,,数据不足
2026-08,B0H32SGQG6,KC4SGE00700,,0.0,0.0,0.0,0.0,0.0,0.0,0.0,0.0,0.0,3.06,,,,,数据不足
2026-08,B0H32SK9PY,PT4SGE26800,,0.0,0.0,0.0,0.0,0.0,0.0,0.0,0.0,0.0,0.0,,,,,数据不足
2026-08,B0H32SLRW4,OO4SGE37300,,0.0,0.0,0.0,0.0,0.0,0.0,0.0,0.0,0.0,0.0,,,,,数据不足
2026-08,B0H32SLRX1,PT4SGE18300,,0.0,0.0,0.0,0.0,0.0,0.0,0.0,0.0,0.0,0.0,,,,,数据不足
2026-08,B0H32SLRZL,PT4SGE21500,,0.0,0.0,0.0,0.0,0.0,0.0,0.0,0.0,0.0,0.0,,,,,数据不足
2026-08,B0H32SV98B,PT4SGE22500,,0.0,0.0,0.0,0.0,0.0,0.0,0.0,0.0,0.0,0.0,,,,,数据不足
2026-08,B0H32SZ33M,KC4SGE05000,,0.0,0.0,0.0,0.0,0.0,0.0,0.0,0.0,0.0,0.0,,,,,数据不足
2026-08,B0H32T2Q8G,KC4PSP16300,,0.0,0.0,0.0,0.0,0.0,0.0,0.0,0.0,0.0,0.0,,,,,数据不足
2026-08,B0H32T4LLV,KC4SGE03000,,0.0,0.0,0.0,0.0,0.0,0.0,0.0,0.0,0.0,0.0,,,,,数据不足
2026-08,B0H32T6JK6,PT4SGE26600,,0.0,0.0,0.0,0.0,0.0,0.0,0.0,0.0,0.0,0.0,,,,,数据不足
2026-08,B0H32T79ZB,OO4SGE37000,,0.0,0.0,0.0,0.0,0.0,0.0,0.0,0.0,0.0,0.0,,,,,数据不足
2026-08,B0H32T79ZP,OO4SGE37700,,0.0,0.0,0.0,0.0,0.0,0.0,0.0,0.0,0.0,0.0,,,,,数据不足
2026-08,B0H32TBXL1,KC4SGE04900,,0.0,0.0,0.0,0.0,0.0,0.0,0.0,0.0,0.0,0.0,,,,,数据不足
2026-08,B0H32TCBGY,OO4SGE37500,,0.0,0.0,0.0,0.0,0.0,0.0,0.0,0.0,0.0,0.0,,,,,数据不足
2026-08,B0H32TFG1S,PT4SGE19400,,0.0,0.0,0.0,0.0,0.0,0.0,0.0,0.0,0.0,0.0,,,,,数据不足
2026-08,B0H32TJN8J,KC4PSP18200,,0.0,0.0,0.0,0.0,0.0,0.0,0.0,0.0,0.0,0.0,,,,,数据不足
2026-08,B0H32TLKJ9,PT4SGE18500,,0.0,0.0,0.0,0.0,0.0,0.0,0.0,0.0,0.0,0.0,,,,,数据不足
2026-08,B0H32TNDCH,KX4SGE17700,,0.0,0.0,0.0,0.0,0.0,0.0,0.0,0.0,0.0,0.0,,,,,数据不足
2026-08,B0H32TP2H6,KX4SGE13200,,0.0,0.0,0.0,0.0,0.0,0.0,0.0,0.0,0.0,0.0,,,,,数据不足
2026-08,B0H32TQ2NL,OO4SGE38300,,0.0,0.0,0.0,0.0,0.0,0.0,0.0,0.0,0.0,0.0,,,,,数据不足
2026-08,B0H32TQCN9,KC4PSP17600,,0.0,0.0,0.0,0.0,0.0,0.0,0.0,0.0,0.0,0.0,,,,,数据不足
2026-08,B0H32TYSM3,KC4SGE03900,,0.0,0.0,0.0,0.0,0.0,0.0,0.0,0.0,0.0,0.0,,,,,数据不足
2026-08,B0H32TZD8S,KX4SGE09300,,0.0,0.0,0.0,0.0,0.0,0.0,0.0,0.0,0.0,0.0,,,,,数据不足
2026-08,B0H32TZDNR,OO4SGE35400,,0.0,0.0,0.0,0.0,0.0,0.0,0.0,0.0,0.0,0.0,,,,,数据不足
2026-08,B0H32V44K5,PT4SGE26000,,0.0,0.0,0.0,0.0,0.0,0.0,0.0,0.0,0.0,0.0,,,,,数据不足
2026-08,B0H32V5ZZ4,KC4SGE03200,,0.0,0.0,0.0,0.0,0.0,0.0,0.0,0.0,0.0,0.0,,,,,数据不足
2026-08,B0H32V7Z46,KC4SGE05100,,0.0,0.0,0.0,0.0,0.0,0.0,0.0,0.0,0.0,0.0,,,,,数据不足
2026-08,B0H32V8912,KC4SGE01600,,0.0,0.0,0.0,0.0,0.0,0.0,0.0,0.0,0.0,0.0,,,,,数据不足
2026-08,B0H32V8VPX,KX4SGE09700,,0.0,0.0,0.0,0.0,0.0,0.0,0.0,0.0,0.0,0.0,,,,,数据不足
2026-08,B0H32V8W26,OO4SGE36200,,0.0,0.0,0.0,0.0,0.0,0.0,0.0,0.0,0.0,0.0,,,,,数据不足
2026-08,B0H32VDD7D,KC4SGE05400,,0.0,0.0,0.0,0.0,0.0,0.0,0.0,0.0,0.0,0.0,,,,,数据不足
2026-08,B0H32VFH11,KC4SGE05200,,0.0,0.0,0.0,0.0,0.0,0.0,0.0,0.0,0.0,0.0,,,,,数据不足
2026-08,B0H32VQ1SM,PT4SGE19300,,0.0,0.0,0.0,0.0,0.0,0.0,0.0,0.0,0.0,0.0,,,,,数据不足
2026-08,B0H32VQJQP,KC4PSP17200,,0.0,0.0,0.0,0.0,0.0,0.0,0.0,0.0,0.0,18.57,,,,,数据不足
2026-08,B0H32VR11F,KX4SGE14700,,0.0,0.0,0.0,0.0,0.0,0.0,0.0,0.0,0.0,0.0,,,,,数据不足
2026-08,B0H32VRXPW,PT4SGE18700,,0.0,0.0,0.0,0.0,0.0,0.0,0.0,0.0,0.0,0.0,,,,,数据不足
2026-08,B0H32VVDM1,KC4PSP17000,,0.0,0.0,0.0,0.0,0.0,0.0,0.0,0.0,0.0,0.0,,,,,数据不足
2026-08,B0H32VVJ8W,OO4SGE38800,,0.0,0.0,0.0,0.0,0.0,0.0,0.0,0.0,0.0,0.0,,,,,数据不足
2026-08,B0H32VVM9F,KX4SGE13500,,0.0,0.0,0.0,0.0,0.0,0.0,0.0,0.0,0.0,4.08,,,,,数据不足
2026-08,B0H32VVQD7,PT4SGE18600,,0.0,0.0,0.0,0.0,0.0,0.0,0.0,0.0,0.0,0.0,,,,,数据不足
2026-08,B0H32VXT3X,KX4SGE08900,,0.0,0.0,0.0,0.0,0.0,0.0,0.0,0.0,0.0,0.0,,,,,数据不足
2026-08,B0H32VY9BP,KX4SGE07700,,0.0,0.0,0.0,0.0,0.0,0.0,0.0,0.0,0.0,0.0,,,,,数据不足
2026-08,B0H32VYJ2K,KC4SGE03500,,0.0,0.0,0.0,0.0,0.0,0.0,0.0,0.0,0.0,0.0,,,,,数据不足
2026-08,B0H32W5L5Z,PT4SGE26700,,0.0,0.0,0.0,0.0,0.0,0.0,0.0,0.0,0.0,0.0,,,,,数据不足
2026-08,B0H32W6FZ2,KC4SGE02800,,0.0,0.0,0.0,0.0,0.0,0.0,0.0,0.0,0.0,0.0,,,,,数据不足
2026-08,B0H32W6J26,KC4PSP17900,,0.0,0.0,0.0,0.0,0.0,0.0,0.0,0.0,0.0,0.0,,,,,数据不足
2026-08,B0H32W9849,PT4SGE23300,,0.0,0.0,0.0,0.0,0.0,0.0,0.0,0.0,0.0,0.0,,,,,数据不足
2026-08,B0H32W9SRF,OO4SGE36000,,0.0,0.0,0.0,0.0,0.0,0.0,0.0,0.0,0.0,0.0,,,,,数据不足
2026-08,B0H32WBNXK,KC4SGE05500,,0.0,0.0,0.0,0.0,0.0,0.0,0.0,0.0,0.0,0.0,,,,,数据不足
2026-08,B0H32WDFFW,KC4SGE01500,,0.0,0.0,0.0,0.0,0.0,0.0,0.0,0.0,0.0,0.0,,,,,数据不足
2026-08,B0H32WDLYV,PT4SGE19200,,0.0,0.0,0.0,0.0,0.0,0.0,0.0,0.0,0.0,0.0,,,,,数据不足
2026-08,B0H32WFBY3,KC4SGE01200,,0.0,0.0,0.0,0.0,0.0,0.0,0.0,0.0,0.0,0.0,,,,,数据不足
2026-08,B0H32WFK8R,KC4PSP16200,,0.0,0.0,0.0,0.0,0.0,0.0,0.0,0.0,0.0,0.0,,,,,数据不足
2026-08,B0H32WFTWG,PT4SGE19100,,0.0,0.0,0.0,0.0,0.0,0.0,0.0,0.0,0.0,0.0,,,,,数据不足
2026-08,B0H32WH8DR,OO4SGE36300,,0.0,0.0,0.0,0.0,0.0,0.0,0.0,0.0,0.0,0.0,,,,,数据不足
2026-08,B0H32WYLKH,KX4SGE17400,,0.0,0.0,0.0,0.0,0.0,0.0,0.0,0.0,0.0,0.0,,,,,数据不足
2026-08,B0H32XFCM7,PT4SGE26500,,0.0,0.0,0.0,0.0,0.0,0.0,0.0,0.0,0.0,0.0,,,,,数据不足
2026-08,B0H32XMMKH,KX4SGE08200,,0.0,0.0,0.0,0.0,0.0,0.0,0.0,0.0,0.0,0.0,,,,,数据不足
2026-08,B0H32XNJ3D,KC4SGE01100,,0.0,0.0,0.0,0.0,0.0,0.0,0.0,0.0,0.0,0.0,,,,,数据不足
2026-08,B0H32XPHLR,KC4PSP17100,,0.0,0.0,0.0,0.0,0.0,0.0,0.0,0.0,0.0,0.0,,,,,数据不足
2026-08,B0H32XQJD4,KX4SGE08100,,0.0,0.0,0.0,0.0,0.0,0.0,0.0,0.0,0.0,0.0,,,,,数据不足
2026-08,B0H32XS87C,KC4SGE04100,,0.0,0.0,0.0,0.0,0.0,0.0,0.0,0.0,0.0,0.0,,,,,数据不足
2026-08,B0H32XTJWC,KC4PSP16000,,0.0,0.0,0.0,0.0,0.0,0.0,0.0,0.0,0.0,0.0,,,,,数据不足
2026-08,B0H32XTJZD,PT4SGE24700,,0.0,0.0,0.0,0.0,0.0,0.0,0.0,0.0,0.0,0.0,,,,,数据不足
2026-08,B0H32XVBQ3,PT4SGE24100,,0.0,0.0,0.0,0.0,0.0,0.0,0.0,0.0,0.0,0.0,,,,,数据不足
2026-08,B0H32XVMNT,PT4SGE20100,,0.0,0.0,0.0,0.0,0.0,0.0,0.0,0.0,0.0,0.0,,,,,数据不足
2026-08,B0H3375F6T,OO4SGE34800,,0.0,0.0,0.0,0.0,0.0,0.0,0.0,0.0,0.0,0.0,,,,,数据不足
2026-08,B0H3377YBZ,PT4SGE19800,,0.0,0.0,0.0,0.0,0.0,0.0,0.0,0.0,0.0,0.0,,,,,数据不足
2026-08,B0H338C7RV,OO4SGE35700,,0.0,0.0,0.0,0.0,0.0,0.0,0.0,0.0,0.0,14.28,,,,,数据不足
2026-08,B0H33BB2SS,KC4SGE01800,,0.0,0.0,0.0,0.0,0.0,0.0,0.0,0.0,0.0,0.0,,,,,数据不足
2026-08,B0H33CN2DD,KC4SGE00900,,0.0,0.0,0.0,0.0,0.0,0.0,0.0,0.0,0.0,0.0,,,,,数据不足
2026-08,B0H33F4LJV,PT4SGE24300,,0.0,0.0,0.0,0.0,0.0,0.0,0.0,0.0,0.0,0.0,,,,,数据不足
2026-08,B0H33GKNNJ,KC4PSP18000,,0.0,0.0,0.0,0.0,0.0,0.0,0.0,0.0,0.0,0.0,,,,,数据不足
2026-08,B0H33H7QZP,OO4SGE38400,,0.0,0.0,0.0,0.0,0.0,0.0,0.0,0.0,0.0,0.0,,,,,数据不足
2026-08,B0H33H8244,KX4SGE16700,,0.0,0.0,0.0,0.0,0.0,0.0,0.0,0.0,0.0,0.0,,,,,数据不足
2026-08,B0H33J7Q59,OO4SGE35600,,0.0,0.0,0.0,0.0,0.0,0.0,0.0,0.0,0.0,5.44,,,,,数据不足
2026-08,B0H33K6RFG,OO4SGE36800,,0.0,0.0,0.0,0.0,0.0,0.0,0.0,0.0,0.0,0.0,,,,,数据不足
2026-08,B0H33L5YG4,OO4SGE38600,,0.0,0.0,0.0,0.0,0.0,0.0,0.0,0.0,0.0,0.0,,,,,数据不足
2026-08,B0H33N7TN6,OO4SGE36600,,0.0,0.0,0.0,0.0,0.0,0.0,0.0,0.0,0.0,0.0,,,,,数据不足
2026-08,B0H33NK798,OO4SGE39100,,0.0,0.0,0.0,0.0,0.0,0.0,0.0,0.0,0.0,0.0,,,,,数据不足
2026-08,B0H6W8GKV4,PT4SGE18700,,0.0,0.0,0.0,0.0,0.0,0.0,0.0,0.0,0.0,33.8,,,,,数据不足
2026-08,B0H6W8M47G,KX4SGE10300,,0.0,0.0,0.0,0.0,0.0,0.0,0.0,0.0,0.0,33.53,,,,,数据不足
2026-08,B0H6W8MCD4,KC4SGE03000,,0.0,0.0,0.0,0.0,0.0,0.0,0.0,0.0,0.0,6.32,,,,,数据不足
2026-08,B0H6W8WBYW,KC4PSP16100,,0.0,0.0,0.0,0.0,0.0,0.0,0.0,0.0,0.0,137.03,,,,,数据不足
2026-08,B0H6WBBG37,KX4SGE11700,,0.0,0.0,0.0,0.0,0.0,0.0,0.0,0.0,0.0,28.49,,,,,数据不足
2026-08,B0H6WBBG7P,KC4SGE04600,,0.0,0.0,0.0,0.0,0.0,0.0,0.0,0.0,0.0,22.51,,,,,数据不足
2026-08,B0H6WBDX83,KX4SGE08400,,0.0,0.0,0.0,0.0,0.0,0.0,0.0,0.0,0.0,28.83,,,,,数据不足
2026-08,B0H6WBDX8D,KC4SGE00800,,0.0,0.0,0.0,0.0,0.0,0.0,0.0,0.0,0.0,0.0,,,,,数据不足
2026-08,B0H6WBG93P,KC4PSP16200,,0.0,0.0,0.0,0.0,0.0,0.0,0.0,0.0,0.0,22.85,,,,,数据不足
2026-08,B0H6WBG96D,KC4SGE04900,,0.0,0.0,0.0,0.0,0.0,0.0,0.0,0.0,0.0,5.98,,,,,数据不足
2026-08,B0H6WBJG7H,OO4SGE34100,,0.0,0.0,0.0,0.0,0.0,0.0,0.0,0.0,0.0,13.94,,,,,数据不足
2026-08,B0H6WBKRTJ,KC4SGE00700,,0.0,0.0,0.0,0.0,0.0,0.0,0.0,0.0,0.0,3.26,,,,,数据不足
2026-08,B0H6WBLGZN,OO4SGE38400,,0.0,0.0,0.0,0.0,0.0,0.0,0.0,0.0,0.0,3.26,,,,,数据不足
2026-08,B0H6WBMTQH,KC4SGE01200,,0.0,0.0,0.0,0.0,0.0,0.0,0.0,0.0,0.0,0.0,,,,,数据不足
2026-08,B0H6WC2QTD,PT4SGE19600,,0.0,0.0,0.0,0.0,0.0,0.0,0.0,0.0,0.0,41.21,,,,,数据不足
2026-08,B0H6WC2RFS,PT4SGE23900,,0.0,0.0,0.0,0.0,0.0,0.0,0.0,0.0,0.0,0.0,,,,,数据不足
2026-08,B0H6WC3XXP,KC4PSP16500,,0.0,0.0,0.0,0.0,0.0,0.0,0.0,0.0,0.0,53.32,,,,,数据不足
2026-08,B0H6WC6J4N,KX4SGE08300,,0.0,0.0,0.0,0.0,0.0,0.0,0.0,0.0,0.0,24.89,,,,,数据不足
2026-08,B0H6WCC2CK,KX4SGE11100,,0.0,0.0,0.0,0.0,0.0,0.0,0.0,0.0,0.0,5.58,,,,,数据不足
2026-08,B0H6WCGL2X,PT4SGE22500,,0.0,0.0,0.0,0.0,0.0,0.0,0.0,0.0,0.0,2.52,,,,,数据不足
2026-08,B0H6WCJWBW,KX4SGE15800,,0.0,0.0,0.0,0.0,0.0,0.0,0.0,0.0,0.0,0.0,,,,,数据不足
2026-08,B0H6WD42SN,KX4SGE16700,,0.0,0.0,0.0,0.0,0.0,0.0,0.0,0.0,0.0,3.06,,,,,数据不足
2026-08,B0H6WD6Y9J,PT4SGE27500,,0.0,0.0,0.0,0.0,0.0,0.0,0.0,0.0,0.0,8.7,,,,,数据不足
2026-08,B0H6WDB5FH,PT4SGE19300,,0.0,0.0,0.0,0.0,0.0,0.0,0.0,0.0,0.0,4.69,,,,,数据不足
2026-08,B0H6WDL4C9,KC4SGE03200,,0.0,0.0,0.0,0.0,0.0,0.0,0.0,0.0,0.0,16.39,,,,,数据不足
2026-08,B0H6WF3NL7,KC4SGE05000,,0.0,0.0,0.0,0.0,0.0,0.0,0.0,0.0,0.0,0.0,,,,,数据不足
2026-08,B0H6WFV3YP,KC4PSP15800,,0.0,0.0,0.0,0.0,0.0,0.0,0.0,0.0,0.0,29.17,,,,,数据不足
2026-08,B0H6WFYLYL,PT4SGE26500,,0.0,0.0,0.0,0.0,0.0,0.0,0.0,0.0,0.0,31.28,,,,,数据不足
2026-08,B0H6WFZF1T,PT4SGE20800,,0.0,0.0,0.0,0.0,0.0,0.0,0.0,0.0,0.0,15.1,,,,,数据不足
2026-08,B0H6WG2B49,PT4SGE26000,,0.0,0.0,0.0,0.0,0.0,0.0,0.0,0.0,0.0,15.51,,,,,数据不足
2026-08,B0H6WG5T4M,PT4SGE18500,,0.0,0.0,0.0,0.0,0.0,0.0,0.0,0.0,0.0,3.26,,,,,数据不足
2026-08,B0H6WGB5GG,KC4SGE00200,,0.0,0.0,0.0,0.0,0.0,0.0,0.0,0.0,0.0,14.62,,,,,数据不足
2026-08,B0H6WGFF3D,KX4SGE12100,,0.0,0.0,0.0,0.0,0.0,0.0,0.0,0.0,0.0,76.17,,,,,数据不足
2026-08,B0H6WGGS93,KC4SGE02400,,0.0,0.0,0.0,0.0,0.0,0.0,0.0,0.0,0.0,3.54,,,,,数据不足
2026-08,B0H6WGMHPN,OO4SGE38100,,0.0,0.0,0.0,0.0,0.0,0.0,0.0,0.0,0.0,33.25,,,,,数据不足
2026-08,B0H6WGTKF9,PT4SGE18800,,0.0,0.0,0.0,0.0,0.0,0.0,0.0,0.0,0.0,0.0,,,,,数据不足
2026-08,B0H6WHR41G,PT4SGE27600,,0.0,0.0,0.0,0.0,0.0,0.0,0.0,0.0,0.0,14.42,,,,,数据不足
2026-08,B0H6WHRWR5,KX4SGE09700,,0.0,0.0,0.0,0.0,0.0,0.0,0.0,0.0,0.0,19.59,,,,,数据不足
2026-08,B0H6WHRWRY,PT4SGE21900,,0.0,0.0,0.0,0.0,0.0,0.0,0.0,0.0,0.0,14.49,,,,,数据不足
2026-08,B0H6WHS9V3,KC4SGE00600,,0.0,0.0,0.0,0.0,0.0,0.0,0.0,0.0,0.0,10.06,,,,,数据不足
2026-08,B0H6WHSJNK,PT4SGE23400,,0.0,0.0,0.0,0.0,0.0,0.0,0.0,0.0,0.0,92.08,,,,,数据不足
2026-08,B0H6WHSJNL,KX4SGE14900,,0.0,0.0,0.0,0.0,0.0,0.0,0.0,0.0,0.0,9.93,,,,,数据不足
2026-08,B0H6WHTFHB,KC4SGE04700,,0.0,0.0,0.0,0.0,0.0,0.0,0.0,0.0,0.0,4.9,,,,,数据不足
2026-08,B0H6WHVJ8N,PT4SGE19800,,0.0,0.0,0.0,0.0,0.0,0.0,0.0,0.0,0.0,16.46,,,,,数据不足
2026-08,B0H6WHVM1S,KC4PSP17500,,0.0,0.0,0.0,0.0,0.0,0.0,0.0,0.0,0.0,32.85,,,,,数据不足
2026-08,B0H6WHXNGH,OO4SGE35400,,0.0,0.0,0.0,0.0,0.0,0.0,0.0,0.0,0.0,20.74,,,,,数据不足
2026-08,B0H6WJ1P5Q,KC4SGE05300,,0.0,0.0,0.0,0.0,0.0,0.0,0.0,0.0,0.0,13.67,,,,,数据不足
2026-08,B0H6WJ2H4N,OO4SGE36900,,0.0,0.0,0.0,0.0,0.0,0.0,0.0,0.0,0.0,44.95,,,,,数据不足
2026-08,B0H6WJ5F5J,PT4SGE23300,,0.0,0.0,0.0,0.0,0.0,0.0,0.0,0.0,0.0,27.81,,,,,数据不足
2026-08,B0H6WJQJL3,PT4SGE26300,,0.0,0.0,0.0,0.0,0.0,0.0,0.0,0.0,0.0,0.41,,,,,数据不足
2026-08,B0H6WJS7L2,KC4PSP17800,,0.0,0.0,0.0,0.0,0.0,0.0,0.0,0.0,0.0,15.51,,,,,数据不足
2026-08,B0H6WJY322,PT4SGE21500,,0.0,0.0,0.0,0.0,0.0,0.0,0.0,0.0,0.0,6.12,,,,,数据不足
2026-08,B0H6WJZR6S,KX4SGE10700,,0.0,0.0,0.0,0.0,0.0,0.0,0.0,0.0,0.0,14.55,,,,,数据不足
2026-08,B0H6WK1747,KX4SGE14700,,0.0,0.0,0.0,0.0,0.0,0.0,0.0,0.0,0.0,7.75,,,,,数据不足
2026-08,B0H6WK24MJ,PT4SGE23700,,0.0,0.0,0.0,0.0,0.0,0.0,0.0,0.0,0.0,14.01,,,,,数据不足
2026-08,B0H6WK2ZL2,PT4SGE24300,,0.0,0.0,0.0,0.0,0.0,0.0,0.0,0.0,0.0,27.27,,,,,数据不足
2026-08,B0H6WK4XTM,PT4SGE28100,,0.0,0.0,0.0,0.0,0.0,0.0,0.0,0.0,0.0,50.6,,,,,数据不足
2026-08,B0H6WKTP81,KX4SGE17400,,0.0,0.0,0.0,0.0,0.0,0.0,0.0,0.0,0.0,41.01,,,,,数据不足
2026-08,B0H6WKV3D1,PT4SGE22800,,0.0,0.0,0.0,0.0,0.0,0.0,0.0,0.0,0.0,2.58,,,,,数据不足
2026-08,B0H6WKXGBS,PT4SGE21000,,0.0,0.0,0.0,0.0,0.0,0.0,0.0,0.0,0.0,65.01,,,,,数据不足
2026-08,B0H6WL5BHM,KC4SGE02500,,0.0,0.0,0.0,0.0,0.0,0.0,0.0,0.0,0.0,35.36,,,,,数据不足
2026-08,B0H6WL6547,PT4SGE20500,,0.0,0.0,0.0,0.0,0.0,0.0,0.0,0.0,0.0,44.54,,,,,数据不足
2026-08,B0H6WL654F,KC4PSP17200,,0.0,0.0,0.0,0.0,0.0,0.0,0.0,0.0,0.0,3.26,,,,,数据不足
2026-08,B0H6WL6C98,KX4SGE08800,,0.0,0.0,0.0,0.0,0.0,0.0,0.0,0.0,0.0,6.46,,,,,数据不足
2026-08,B0H6WL71LG,PT4SGE24000,,0.0,0.0,0.0,0.0,0.0,0.0,0.0,0.0,0.0,34.55,,,,,数据不足
2026-08,B0H6WLCCKW,KC4SGE04200,,0.0,0.0,0.0,0.0,0.0,0.0,0.0,0.0,0.0,9.18,,,,,数据不足
2026-08,B0H6WLQDVM,OO4SGE38800,,0.0,0.0,0.0,0.0,0.0,0.0,0.0,0.0,0.0,46.72,,,,,数据不足
2026-08,B0H6WLQM6F,KC4PSP18100,,0.0,0.0,0.0,0.0,0.0,0.0,0.0,0.0,0.0,0.0,,,,,数据不足
2026-08,B0H6WLVGSC,PT4SGE19900,,0.0,0.0,0.0,0.0,0.0,0.0,0.0,0.0,0.0,21.29,,,,,数据不足
2026-08,B0H6WLW67Z,PT4SGE20100,,0.0,0.0,0.0,0.0,0.0,0.0,0.0,0.0,0.0,5.92,,,,,数据不足
2026-08,B0H6WLXGZG,KC4SGE00400,,0.0,0.0,0.0,0.0,0.0,0.0,0.0,0.0,0.0,34.89,,,,,数据不足
2026-08,B0H6WLXYPT,PT4SGE22700,,0.0,0.0,0.0,0.0,0.0,0.0,0.0,0.0,0.0,7.21,,,,,数据不足
2026-08,B0H6WM1SFJ,OO4SGE37700,,0.0,0.0,0.0,0.0,0.0,0.0,0.0,0.0,0.0,45.56,,,,,数据不足
2026-08,B0H6WM2GLK,OO4SGE36300,,0.0,0.0,0.0,0.0,0.0,0.0,0.0,0.0,0.0,0.0,,,,,数据不足
2026-08,B0H6WM39GB,KC4SGE03700,,0.0,0.0,0.0,0.0,0.0,0.0,0.0,0.0,0.0,0.0,,,,,数据不足
2026-08,B0H6WM5WL4,PT4SGE18400,,0.0,0.0,0.0,0.0,0.0,0.0,0.0,0.0,0.0,0.0,,,,,数据不足
2026-08,B0H6WM9F8J,KX4SGE12900,,0.0,0.0,0.0,0.0,0.0,0.0,0.0,0.0,0.0,7.68,,,,,数据不足
2026-08,B0H6WMBB4X,KC4SGE01500,,0.0,0.0,0.0,0.0,0.0,0.0,0.0,0.0,0.0,7.28,,,,,数据不足
2026-08,B0H6WMCXXT,KC4PSP16000,,0.0,0.0,0.0,0.0,0.0,0.0,0.0,0.0,0.0,12.04,,,,,数据不足
2026-08,B0H6WMSZBR,KX4SGE17700,,0.0,0.0,0.0,0.0,0.0,0.0,0.0,0.0,0.0,28.43,,,,,数据不足
2026-08,B0H6WMSZF1,KC4PSP17600,,0.0,0.0,0.0,0.0,0.0,0.0,0.0,0.0,0.0,19.11,,,,,数据不足
2026-08,B0H6WN4X98,KC4SGE03400,,0.0,0.0,0.0,0.0,0.0,0.0,0.0,0.0,0.0,3.13,,,,,数据不足
2026-08,B0H6WN5HRW,PT4SGE26100,,0.0,0.0,0.0,0.0,0.0,0.0,0.0,0.0,0.0,0.0,,,,,数据不足
2026-08,B0H6WN631T,KX4SGE15200,,0.0,0.0,0.0,0.0,0.0,0.0,0.0,0.0,0.0,14.69,,,,,数据不足
2026-08,B0H6WN739B,KC4SGE02800,,0.0,0.0,0.0,0.0,0.0,0.0,0.0,0.0,0.0,0.0,,,,,数据不足
2026-08,B0H6WN7HDF,PT4SGE27800,,0.0,0.0,0.0,0.0,0.0,0.0,0.0,0.0,0.0,0.0,,,,,数据不足
2026-08,B0H6WNBKKQ,PT4SGE18600,,0.0,0.0,0.0,0.0,0.0,0.0,0.0,0.0,0.0,7.14,,,,,数据不足
2026-08,B0H6WNBNPY,PT4SGE26700,,0.0,0.0,0.0,0.0,0.0,0.0,0.0,0.0,0.0,5.58,,,,,数据不足
2026-08,B0H6WNC6KF,PT4SGE24400,,0.0,0.0,0.0,0.0,0.0,0.0,0.0,0.0,0.0,13.33,,,,,数据不足
2026-08,B0H6WNCHFQ,PT4SGE27000,,0.0,0.0,0.0,0.0,0.0,0.0,0.0,0.0,0.0,0.0,,,,,数据不足
2026-08,B0H6WNHTQ6,KX4SGE08600,,0.0,0.0,0.0,0.0,0.0,0.0,0.0,0.0,0.0,3.26,,,,,数据不足
2026-08,B0H6WNLHLK,PT4SGE26600,,0.0,0.0,0.0,0.0,0.0,0.0,0.0,0.0,0.0,18.02,,,,,数据不足
2026-08,B0H6WNM7Q5,OO4SGE38300,,0.0,0.0,0.0,0.0,0.0,0.0,0.0,0.0,0.0,12.72,,,,,数据不足
2026-08,B0H6WNW13L,OO4SGE38600,,0.0,0.0,0.0,0.0,0.0,0.0,0.0,0.0,0.0,0.0,,,,,数据不足
2026-08,B0H6WNXZN3,KC4SGE03300,,0.0,0.0,0.0,0.0,0.0,0.0,0.0,0.0,0.0,0.0,,,,,数据不足
2026-08,B0H6WPC3ZF,PT4SGE28200,,0.0,0.0,0.0,0.0,0.0,0.0,0.0,0.0,0.0,10.95,,,,,数据不足
2026-08,B0H6WPHF4K,PT4SGE20000,,0.0,0.0,0.0,0.0,0.0,0.0,0.0,0.0,0.0,44.54,,,,,数据不足
2026-08,B0H6WPMXLT,KC4PSP16400,,0.0,0.0,0.0,0.0,0.0,0.0,0.0,0.0,0.0,0.0,,,,,数据不足
2026-08,B0H6WPPD93,PT4SGE25600,,0.0,0.0,0.0,0.0,0.0,0.0,0.0,0.0,0.0,3.26,,,,,数据不足
2026-08,B0H6WPSRCZ,PT4SGE19100,,0.0,0.0,0.0,0.0,0.0,0.0,0.0,0.0,0.0,0.0,,,,,数据不足
2026-08,B0H6WPXBPV,PT4SGE26800,,0.0,0.0,0.0,0.0,0.0,0.0,0.0,0.0,0.0,5.51,,,,,数据不足
2026-08,B0H6WPXMD4,PT4SGE22200,,0.0,0.0,0.0,0.0,0.0,0.0,0.0,0.0,0.0,11.42,,,,,数据不足
2026-08,B0H6WQKLCP,KX4SGE10900,,0.0,0.0,0.0,0.0,0.0,0.0,0.0,0.0,0.0,0.0,,,,,数据不足
2026-08,B0H6WR88T9,OO4SGE38200,,0.0,0.0,0.0,0.0,0.0,0.0,0.0,0.0,0.0,38.36,,,,,数据不足
2026-08,B0H6WRCV8D,KC4PSP17100,,0.0,0.0,0.0,0.0,0.0,0.0,0.0,0.0,0.0,16.53,,,,,数据不足
2026-08,B0H6WRCVC2,KC4SGE04100,,0.0,0.0,0.0,0.0,0.0,0.0,0.0,0.0,0.0,17.34,,,,,数据不足
2026-08,B0H6WRZ37C,PT4SGE24600,,0.0,0.0,0.0,0.0,0.0,0.0,0.0,0.0,0.0,20.81,,,,,数据不足
2026-08,B0H6X75Z9V,KX4SGE10600,,0.0,0.0,0.0,0.0,0.0,0.0,0.0,0.0,0.0,12.65,,,,,数据不足
2026-08,B0H6X95PSN,OO4SGE38500,,0.0,0.0,0.0,0.0,0.0,0.0,0.0,0.0,0.0,0.0,,,,,数据不足
2026-08,B0H6XBCH9N,KX4SGE08200,,0.0,0.0,0.0,0.0,0.0,0.0,0.0,0.0,0.0,20.2,,,,,数据不足
2026-08,B0H6XCG38V,KX4SGE08000,,0.0,0.0,0.0,0.0,0.0,0.0,0.0,0.0,0.0,0.0,,,,,数据不足
2026-08,B0H6XD1Q6G,OO4SGE38000,,0.0,0.0,0.0,0.0,0.0,0.0,0.0,0.0,0.0,29.65,,,,,数据不足
2026-08,B0H6XD5FNY,KX4SGE07900,,0.0,0.0,0.0,0.0,0.0,0.0,0.0,0.0,0.0,25.91,,,,,数据不足
2026-08,B0H6XGVXLS,OO4SGE35200,,0.0,0.0,0.0,0.0,0.0,0.0,0.0,0.0,0.0,6.12,,,,,数据不足
2026-08,B0H9LDJG55,KX4SGE09700,,0.0,0.0,0.0,0.0,0.0,0.0,0.0,0.0,0.0,0.0,,,,,数据不足
2026-08,B0H9LDT44Q,KC4SGE03500,,0.0,0.0,0.0,0.0,0.0,0.0,0.0,0.0,0.0,0.0,,,,,数据不足
2026-08,B0H9LF916P,KC4PSP18000,,0.0,0.0,0.0,0.0,0.0,0.0,0.0,0.0,0.0,0.0,,,,,数据不足
2026-08,B0H9LGKCMQ,KC4PSP17200,,0.0,0.0,0.0,0.0,0.0,0.0,0.0,0.0,0.0,0.0,,,,,数据不足
2026-08,B0H9LGSYH4,KC4SGE00300,,0.0,0.0,0.0,0.0,0.0,0.0,0.0,0.0,0.0,0.0,,,,,数据不足
2026-08,B0H9LH11ZQ,OO4SGE34600,,0.0,0.0,0.0,0.0,0.0,0.0,0.0,0.0,0.0,0.0,,,,,数据不足
2026-08,B0H9LH6Z5Y,OO4SGE34800,,0.0,0.0,0.0,0.0,0.0,0.0,0.0,0.0,0.0,0.0,,,,,数据不足
2026-08,B0H9LH9GBH,KC4PSP16200,,0.0,0.0,0.0,0.0,0.0,0.0,0.0,0.0,0.0,0.0,,,,,数据不足
2026-08,B0H9LHDB53,KC4PSP17000,,0.0,0.0,0.0,0.0,0.0,0.0,0.0,0.0,0.0,0.0,,,,,数据不足
2026-08,B0H9LHPYDN,KC4SGE00800,,0.0,0.0,0.0,0.0,0.0,0.0,0.0,0.0,0.0,0.0,,,,,数据不足
2026-08,B0H9LHTC97,KC4SGE01200,,0.0,0.0,0.0,0.0,0.0,0.0,0.0,0.0,0.0,0.0,,,,,数据不足
2026-08,B0H9LHYXFN,KC4SGE01000,,0.0,0.0,0.0,0.0,0.0,0.0,0.0,0.0,0.0,0.0,,,,,数据不足
2026-08,B0H9LJ2YCQ,KX4SGE11100,,0.0,0.0,0.0,0.0,0.0,0.0,0.0,0.0,0.0,0.0,,,,,数据不足
2026-08,B0H9LJKZ8Z,KC4PSP17900,,0.0,0.0,0.0,0.0,0.0,0.0,0.0,0.0,0.0,0.0,,,,,数据不足
2026-08,B0H9LKF14L,KC4PSP15800,,0.0,0.0,0.0,0.0,0.0,0.0,0.0,0.0,0.0,0.0,,,,,数据不足
2026-08,B0H9LKX2DB,KC4SGE03700,,0.0,0.0,0.0,0.0,0.0,0.0,0.0,0.0,0.0,0.0,,,,,数据不足
2026-08,B0H9LL1D8D,KC4PSP17100,,0.0,0.0,0.0,0.0,0.0,0.0,0.0,0.0,0.0,0.0,,,,,数据不足
2026-08,B0H9LL8DTH,KX4SGE10900,,0.0,0.0,0.0,0.0,0.0,0.0,0.0,0.0,0.0,0.0,,,,,数据不足
2026-08,B0H9LLPDTL,KC4SGE01800,,0.0,0.0,0.0,0.0,0.0,0.0,0.0,0.0,0.0,0.0,,,,,数据不足
2026-08,B0H9LLQZY8,KX4SGE17100,,0.0,0.0,0.0,0.0,0.0,0.0,0.0,0.0,0.0,0.0,,,,,数据不足
2026-08,B0H9LM73DM,KC4SGE00500,,0.0,0.0,0.0,0.0,0.0,0.0,0.0,0.0,0.0,2.72,,,,,数据不足
2026-08,B0H9LM7PMX,KC4SGE03300,,0.0,0.0,0.0,0.0,0.0,0.0,0.0,0.0,0.0,0.0,,,,,数据不足
2026-08,B0H9LM84K6,KC4SGE01700,,0.0,0.0,0.0,0.0,0.0,0.0,0.0,0.0,0.0,0.0,,,,,数据不足
2026-08,B0H9LM9QK7,KX4SGE10300,,0.0,0.0,0.0,0.0,0.0,0.0,0.0,0.0,0.0,0.0,,,,,数据不足
2026-08,B0H9LMDZF4,KC4SGE00400,,0.0,0.0,0.0,0.0,0.0,0.0,0.0,0.0,0.0,0.0,,,,,数据不足
2026-08,B0H9LMY8CM,KC4SGE02900,,0.0,0.0,0.0,0.0,0.0,0.0,0.0,0.0,0.0,0.0,,,,,数据不足
2026-08,B0H9LN1TS6,KX4SGE15200,,0.0,0.0,0.0,0.0,0.0,0.0,0.0,0.0,0.0,0.0,,,,,数据不足
2026-08,B0H9LN6MGK,KC4SGE03200,,0.0,0.0,0.0,0.0,0.0,0.0,0.0,0.0,0.0,0.0,,,,,数据不足
2026-08,B0H9LN75J1,OO4SGE35700,,0.0,0.0,0.0,0.0,0.0,0.0,0.0,0.0,0.0,0.0,,,,,数据不足
2026-08,B0H9LN9Y7H,KX4SGE10700,,0.0,0.0,0.0,0.0,0.0,0.0,0.0,0.0,0.0,0.0,,,,,数据不足
2026-08,B0H9LNB7CX,OO4SGE36800,,0.0,0.0,0.0,0.0,0.0,0.0,0.0,0.0,0.0,0.0,,,,,数据不足
2026-08,B0H9LNB9FJ,KX4SGE13700,,0.0,0.0,0.0,0.0,0.0,0.0,0.0,0.0,0.0,0.0,,,,,数据不足
2026-08,B0H9LNCDJD,PT4SGE27000,,0.0,0.0,0.0,0.0,0.0,0.0,0.0,0.0,0.0,0.0,,,,,数据不足
2026-08,B0H9LNF74H,KC4PSP17500,,0.0,0.0,0.0,0.0,0.0,0.0,0.0,0.0,0.0,0.41,,,,,数据不足
2026-08,B0H9LNNRW1,KX4SGE17200,,0.0,0.0,0.0,0.0,0.0,0.0,0.0,0.0,0.0,0.0,,,,,数据不足
2026-08,B0H9LNV6LW,KC4SGE01300,,0.0,0.0,0.0,0.0,0.0,0.0,0.0,0.0,0.0,0.0,,,,,数据不足
2026-08,B0H9LNVBBV,KC4SGE02800,,0.0,0.0,0.0,0.0,0.0,0.0,0.0,0.0,0.0,0.0,,,,,数据不足
2026-08,B0H9LPB4VK,PT4SGE28200,,0.0,0.0,0.0,0.0,0.0,0.0,0.0,0.0,0.0,0.0,,,,,数据不足
2026-08,B0H9LPD86V,OO4SGE34100,,0.0,0.0,0.0,0.0,0.0,0.0,0.0,0.0,0.0,0.0,,,,,数据不足
2026-08,B0H9LPFZD3,KC4SGE04100,,0.0,0.0,0.0,0.0,0.0,0.0,0.0,0.0,0.0,0.0,,,,,数据不足
2026-08,B0H9LPH7T3,KC4SGE01500,,0.0,0.0,0.0,0.0,0.0,0.0,0.0,0.0,0.0,0.0,,,,,数据不足
2026-08,B0H9LPJQLW,KC4SGE02400,,0.0,0.0,0.0,0.0,0.0,0.0,0.0,0.0,0.0,0.0,,,,,数据不足
2026-08,B0H9LPTRQ3,KX4SGE10600,,0.0,0.0,0.0,0.0,0.0,0.0,0.0,0.0,0.0,0.0,,,,,数据不足
2026-08,B0H9LPWCDV,OO4SGE36200,,0.0,0.0,0.0,0.0,0.0,0.0,0.0,0.0,0.0,0.0,,,,,数据不足
2026-08,B0H9LPWG71,PT4SGE26700,,0.0,0.0,0.0,0.0,0.0,0.0,0.0,0.0,0.0,0.0,,,,,数据不足
2026-08,B0H9LPYG3Y,KC4SGE00200,,0.0,0.0,0.0,0.0,0.0,0.0,0.0,0.0,0.0,0.0,,,,,数据不足
2026-08,B0H9LQF8R6,KX4SGE11700,,0.0,0.0,0.0,0.0,0.0,0.0,0.0,0.0,0.0,0.0,,,,,数据不足
2026-08,B0H9LQNXVB,KC4SGE00600,,0.0,0.0,0.0,0.0,0.0,0.0,0.0,0.0,0.0,0.0,,,,,数据不足
2026-08,B0H9LQXXMK,KC4PSP16100,,0.0,0.0,0.0,0.0,0.0,0.0,0.0,0.0,0.0,0.0,,,,,数据不足
2026-08,B0H9LQY6P7,OO4SGE35200,,0.0,0.0,0.0,0.0,0.0,0.0,0.0,0.0,0.0,0.0,,,,,数据不足
2026-08,B0H9LQZQ7P,KX4SGE15400,,0.0,0.0,0.0,0.0,0.0,0.0,0.0,0.0,0.0,0.0,,,,,数据不足
2026-08,B0H9LR48HZ,OO4SGE34200,,0.0,0.0,0.0,0.0,0.0,0.0,0.0,0.0,0.0,0.0,,,,,数据不足
2026-08,B0H9LR5B62,KC4PSP16000,,0.0,0.0,0.0,0.0,0.0,0.0,0.0,0.0,0.0,0.0,,,,,数据不足
2026-08,B0H9LR6C8H,KX4SGE17300,,0.0,0.0,0.0,0.0,0.0,0.0,0.0,0.0,0.0,0.0,,,,,数据不足
2026-08,B0H9LR9SB8,KC4SGE01100,,0.0,0.0,0.0,0.0,0.0,0.0,0.0,0.0,0.0,0.0,,,,,数据不足
2026-08,B0H9LRCN12,KC4SGE02500,,0.0,0.0,0.0,0.0,0.0,0.0,0.0,0.0,0.0,0.0,,,,,数据不足
2026-08,B0H9LRCNV9,OO4SGE35400,,0.0,0.0,0.0,0.0,0.0,0.0,0.0,0.0,0.0,0.0,,,,,数据不足
2026-08,B0H9LRDD2Y,KC4SGE03000,,0.0,0.0,0.0,0.0,0.0,0.0,0.0,0.0,0.0,0.0,,,,,数据不足
2026-08,B0H9LRF5CR,KC4PSP15900,,0.0,0.0,0.0,0.0,0.0,0.0,0.0,0.0,0.0,0.0,,,,,数据不足
2026-08,B0H9LRGW4J,KX4SGE14500,,0.0,0.0,0.0,0.0,0.0,0.0,0.0,0.0,0.0,0.0,,,,,数据不足
2026-08,B0H9LRT34T,KX4SGE16700,,0.0,0.0,0.0,0.0,0.0,0.0,0.0,0.0,0.0,0.0,,,,,数据不足
2026-08,B0H9LRWMRF,KC4PSP16400,,0.0,0.0,0.0,0.0,0.0,0.0,0.0,0.0,0.0,0.0,,,,,数据不足
2026-08,B0H9LRXZTD,KX4SGE18000,,0.0,0.0,0.0,0.0,0.0,0.0,0.0,0.0,0.0,0.0,,,,,数据不足
2026-08,B0H9LS5VWB,KC4PSP18200,,0.0,0.0,0.0,0.0,0.0,0.0,0.0,0.0,0.0,4.22,,,,,数据不足
2026-08,B0H9LS77KL,KC4PSP17600,,0.0,0.0,0.0,0.0,0.0,0.0,0.0,0.0,0.0,5.44,,,,,数据不足
2026-08,B0H9LSFKFN,KX4SGE12100,,0.0,0.0,0.0,0.0,0.0,0.0,0.0,0.0,0.0,0.0,,,,,数据不足
2026-08,B0H9LSG1SG,OO4SGE36300,,0.0,0.0,0.0,0.0,0.0,0.0,0.0,0.0,0.0,0.0,,,,,数据不足
2026-08,B0H9LSGGQR,PT4SGE25400,,0.0,0.0,0.0,0.0,0.0,0.0,0.0,0.0,0.0,4.08,,,,,数据不足
2026-08,B0H9LSHJRV,KX4SGE17000,,0.0,0.0,0.0,0.0,0.0,0.0,0.0,0.0,0.0,0.0,,,,,数据不足
2026-08,B0H9LSMNRC,KX4SGE16500,,0.0,0.0,0.0,0.0,0.0,0.0,0.0,0.0,0.0,0.0,,,,,数据不足
2026-08,B0H9LSVNWY,KC4SGE02700,,0.0,0.0,0.0,0.0,0.0,0.0,0.0,0.0,0.0,0.0,,,,,数据不足
2026-08,B0H9LT34LD,KC4SGE01600,,0.0,0.0,0.0,0.0,0.0,0.0,0.0,0.0,0.0,0.0,,,,,数据不足
2026-08,B0H9LT7PCH,KX4SGE12900,,0.0,0.0,0.0,0.0,0.0,0.0,0.0,0.0,0.0,0.0,,,,,数据不足
2026-08,B0H9LTJ5ZN,KC4SGE01400,,0.0,0.0,0.0,0.0,0.0,0.0,0.0,0.0,0.0,0.0,,,,,数据不足
2026-08,B0H9LTL4D2,KC4SGE03400,,0.0,0.0,0.0,0.0,0.0,0.0,0.0,0.0,0.0,0.0,,,,,数据不足
2026-08,B0H9LTL7GN,KC4SGE03100,,0.0,0.0,0.0,0.0,0.0,0.0,0.0,0.0,0.0,0.0,,,,,数据不足
2026-08,B0H9LTWD9Q,KC4SGE00700,,0.0,0.0,0.0,0.0,0.0,0.0,0.0,0.0,0.0,0.0,,,,,数据不足
2026-08,B0H9LTXD58,KX4SGE14000,,0.0,0.0,0.0,0.0,0.0,0.0,0.0,0.0,0.0,0.0,,,,,数据不足
2026-08,B0H9LV58MM,KC4SGE03900,,0.0,0.0,0.0,0.0,0.0,0.0,0.0,0.0,0.0,0.0,,,,,数据不足
2026-08,B0H9LV5TQY,KC4PSP16500,,0.0,0.0,0.0,0.0,0.0,0.0,0.0,0.0,0.0,0.0,,,,,数据不足
2026-08,B0H9LV6LZJ,KC4PSP16300,,0.0,0.0,0.0,0.0,0.0,0.0,0.0,0.0,0.0,0.0,,,,,数据不足
2026-08,B0H9LVP9G8,KX4SGE12600,,0.0,0.0,0.0,0.0,0.0,0.0,0.0,0.0,0.0,0.0,,,,,数据不足
2026-08,B0H9LWJ9G6,OO4SGE34300,,0.0,0.0,0.0,0.0,0.0,0.0,0.0,0.0,0.0,0.0,,,,,数据不足
2026-08,B0H9LWXCW6,KX4SGE13200,,0.0,0.0,0.0,0.0,0.0,0.0,0.0,0.0,0.0,0.0,,,,,数据不足
2026-08,B0H9LWXJS6,KX4SGE14900,,0.0,0.0,0.0,0.0,0.0,0.0,0.0,0.0,0.0,0.0,,,,,数据不足
2026-08,B0H9LX1PN2,KC4PSP17800,,0.0,0.0,0.0,0.0,0.0,0.0,0.0,0.0,0.0,0.0,,,,,数据不足
2026-08,B0H9LX8HHT,KC4SGE04200,,0.0,0.0,0.0,0.0,0.0,0.0,0.0,0.0,0.0,0.0,,,,,数据不足
2026-08,B0H9LXB541,KC4SGE05400,,0.0,0.0,0.0,0.0,0.0,0.0,0.0,0.0,0.0,0.0,,,,,数据不足
2026-08,B0H9LY2FWQ,KX4SGE17400,,0.0,0.0,0.0,0.0,0.0,0.0,0.0,0.0,0.0,0.0,,,,,数据不足
2026-08,B0H9LY3W8W,OO4SGE35600,,0.0,0.0,0.0,0.0,0.0,0.0,0.0,0.0,0.0,0.0,,,,,数据不足
2026-08,B0H9LYRFCL,KX4SGE07700,,0.0,0.0,0.0,0.0,0.0,0.0,0.0,0.0,0.0,0.0,,,,,数据不足
2026-08,B0H9LZK5BP,KX4SGE14700,,0.0,0.0,0.0,0.0,0.0,0.0,0.0,0.0,0.0,0.0,,,,,数据不足
2026-08,B0H9M144N9,KX4SGE10100,,0.0,0.0,0.0,0.0,0.0,0.0,0.0,0.0,0.0,0.0,,,,,数据不足
2026-08,B0H9M1P86X,OO4SGE36000,,0.0,0.0,0.0,0.0,0.0,0.0,0.0,0.0,0.0,0.0,,,,,数据不足
2026-08,B0H9M31Y9P,PT4SGE21100,,0.0,0.0,0.0,0.0,0.0,0.0,0.0,0.0,0.0,0.0,,,,,数据不足
2026-08,B0H9M397B1,KX4SGE13100,,0.0,0.0,0.0,0.0,0.0,0.0,0.0,0.0,0.0,0.0,,,,,数据不足
2026-08,B0H9M6Y736,KX4SGE15800,,0.0,0.0,0.0,0.0,0.0,0.0,0.0,0.0,0.0,0.0,,,,,数据不足
2026-08,B0H9PMQ7NV,KC4SGE05000,,0.0,0.0,0.0,0.0,0.0,0.0,0.0,0.0,0.0,0.0,,,,,数据不足
2026-08,B0H9PMRQ9R,PT4SGE21000,,0.0,0.0,0.0,0.0,0.0,0.0,0.0,0.0,0.0,0.0,,,,,数据不足
2026-08,B0H9PPZNCM,PT4SGE27500,,0.0,0.0,0.0,0.0,0.0,0.0,0.0,0.0,0.0,3.06,,,,,数据不足
2026-08,B0H9PQ4CWL,PT4SGE23300,,0.0,0.0,0.0,0.0,0.0,0.0,0.0,0.0,0.0,0.0,,,,,数据不足
2026-08,B0H9PQ5XSL,KX4SGE08600,,0.0,0.0,0.0,0.0,0.0,0.0,0.0,0.0,0.0,0.0,,,,,数据不足
2026-08,B0H9PQBBR3,PT4SGE22500,,0.0,0.0,0.0,0.0,0.0,0.0,0.0,0.0,0.0,0.0,,,,,数据不足
2026-08,B0H9PQSFHG,PT4SGE19300,,0.0,0.0,0.0,0.0,0.0,0.0,0.0,0.0,0.0,0.0,,,,,数据不足
2026-08,B0H9PT2KW2,PT4SGE24900,,0.0,0.0,0.0,0.0,0.0,0.0,0.0,0.0,0.0,0.0,,,,,数据不足
2026-08,B0H9PT5BPT,KC4SGE05300,,0.0,0.0,0.0,0.0,0.0,0.0,0.0,0.0,0.0,0.0,,,,,数据不足
2026-08,B0H9PT7D9Y,PT4SGE23900,,0.0,0.0,0.0,0.0,0.0,0.0,0.0,0.0,0.0,0.0,,,,,数据不足
2026-08,B0H9PTC2LH,KC4SGE05200,,0.0,0.0,0.0,0.0,0.0,0.0,0.0,0.0,0.0,0.0,,,,,数据不足
2026-08,B0H9PTH841,KX4SGE08300,,0.0,0.0,0.0,0.0,0.0,0.0,0.0,0.0,0.0,0.0,,,,,数据不足
2026-08,B0H9PTHVLP,PT4SGE28100,,0.0,0.0,0.0,0.0,0.0,0.0,0.0,0.0,0.0,0.0,,,,,数据不足
2026-08,B0H9PTLC22,PT4SGE18300,,0.0,0.0,0.0,0.0,0.0,0.0,0.0,0.0,0.0,0.0,,,,,数据不足
2026-08,B0H9PTNQ94,PT4SGE22200,,0.0,0.0,0.0,0.0,0.0,0.0,0.0,0.0,0.0,0.0,,,,,数据不足
2026-08,B0H9PTRCLB,PT4SGE23400,,0.0,0.0,0.0,0.0,0.0,0.0,0.0,0.0,0.0,0.0,,,,,数据不足
2026-08,B0H9PTXJBL,PT4SGE20100,,0.0,0.0,0.0,0.0,0.0,0.0,0.0,0.0,0.0,0.0,,,,,数据不足
2026-08,B0H9PVFDSD,PT4SGE19800,,0.0,0.0,0.0,0.0,0.0,0.0,0.0,0.0,0.0,0.0,,,,,数据不足
2026-08,B0H9PVXQ3L,OO4SGE38500,,0.0,0.0,0.0,0.0,0.0,0.0,0.0,0.0,0.0,0.0,,,,,数据不足
2026-08,B0H9PW22M3,PT4SGE26800,,0.0,0.0,0.0,0.0,0.0,0.0,0.0,0.0,0.0,0.0,,,,,数据不足
2026-08,B0H9PWFWX9,PT4SGE20500,,0.0,0.0,0.0,0.0,0.0,0.0,0.0,0.0,0.0,0.0,,,,,数据不足
2026-08,B0H9PWGQCC,PT4SGE20800,,0.0,0.0,0.0,0.0,0.0,0.0,0.0,0.0,0.0,0.0,,,,,数据不足
2026-08,B0H9PWJBJL,OO4SGE39100,,0.0,0.0,0.0,0.0,0.0,0.0,0.0,0.0,0.0,0.0,,,,,数据不足
2026-08,B0H9PWKVB4,PT4SGE26300,,0.0,0.0,0.0,0.0,0.0,0.0,0.0,0.0,0.0,0.0,,,,,数据不足
2026-08,B0H9PWMJ4K,PT4SGE23100,,0.0,0.0,0.0,0.0,0.0,0.0,0.0,0.0,0.0,0.0,,,,,数据不足
2026-08,B0H9PWR7XN,PT4SGE19400,,0.0,0.0,0.0,0.0,0.0,0.0,0.0,0.0,0.0,0.0,,,,,数据不足
2026-08,B0H9PWRFWC,KC4SGE05500,,0.0,0.0,0.0,0.0,0.0,0.0,0.0,0.0,0.0,0.0,,,,,数据不足
2026-08,B0H9PWRVH1,KX4SGE09200,,0.0,0.0,0.0,0.0,0.0,0.0,0.0,0.0,0.0,0.0,,,,,数据不足
2026-08,B0H9PWTJ24,PT4SGE19900,,0.0,0.0,0.0,0.0,0.0,0.0,0.0,0.0,0.0,0.0,,,,,数据不足
2026-08,B0H9PWWPC4,OO4SGE38300,,0.0,0.0,0.0,0.0,0.0,0.0,0.0,0.0,0.0,0.0,,,,,数据不足
2026-08,B0H9PWY3PR,PT4SGE19200,,0.0,0.0,0.0,0.0,0.0,0.0,0.0,0.0,0.0,0.0,,,,,数据不足
2026-08,B0H9PWYDL3,PT4SGE19600,,0.0,0.0,0.0,0.0,0.0,0.0,0.0,0.0,0.0,0.0,,,,,数据不足
2026-08,B0H9PX17P9,KC4SGE04800,,0.0,0.0,0.0,0.0,0.0,0.0,0.0,0.0,0.0,0.0,,,,,数据不足
2026-08,B0H9PX26HY,KC4SGE04900,,0.0,0.0,0.0,0.0,0.0,0.0,0.0,0.0,0.0,0.0,,,,,数据不足
2026-08,B0H9PX2CFY,PT4SGE25600,,0.0,0.0,0.0,0.0,0.0,0.0,0.0,0.0,0.0,0.0,,,,,数据不足
2026-08,B0H9PX396P,PT4SGE24300,,0.0,0.0,0.0,0.0,0.0,0.0,0.0,0.0,0.0,0.0,,,,,数据不足
2026-08,B0H9PXT11T,PT4SGE18800,,0.0,0.0,0.0,0.0,0.0,0.0,0.0,0.0,0.0,0.0,,,,,数据不足
2026-08,B0H9PXXSBL,PT4SGE23600,,0.0,0.0,0.0,0.0,0.0,0.0,0.0,0.0,0.0,0.0,,,,,数据不足
2026-08,B0H9PY45LC,OO4SGE38600,,0.0,0.0,0.0,0.0,0.0,0.0,0.0,0.0,0.0,0.0,,,,,数据不足
2026-08,B0H9PY78Q7,PT4SGE25800,,0.0,0.0,0.0,0.0,0.0,0.0,0.0,0.0,0.0,0.0,,,,,数据不足
2026-08,B0H9PY7YX4,OO4SGE37700,,0.0,0.0,0.0,0.0,0.0,0.0,0.0,0.0,0.0,0.0,,,,,数据不足
2026-08,B0H9PYC2CD,OO4SGE37000,,0.0,0.0,0.0,0.0,0.0,0.0,0.0,0.0,0.0,0.0,,,,,数据不足
2026-08,B0H9PZ5F67,PT4SGE21900,,0.0,0.0,0.0,0.0,0.0,0.0,0.0,0.0,0.0,0.0,,,,,数据不足
2026-08,B0H9PZ8NRW,PT4SGE26200,,0.0,0.0,0.0,0.0,0.0,0.0,0.0,0.0,0.0,0.0,,,,,数据不足
2026-08,B0H9PZ8RW1,KC4SGE04700,,0.0,0.0,0.0,0.0,0.0,0.0,0.0,0.0,0.0,0.0,,,,,数据不足
2026-08,B0H9PZFF5Y,PT4SGE20000,,0.0,0.0,0.0,0.0,0.0,0.0,0.0,0.0,0.0,0.0,,,,,数据不足
2026-08,B0H9PZFHZN,PT4SGE19100,,0.0,0.0,0.0,0.0,0.0,0.0,0.0,0.0,0.0,0.0,,,,,数据不足
2026-08,B0H9PZG22L,PT4SGE21400,,0.0,0.0,0.0,0.0,0.0,0.0,0.0,0.0,0.0,0.0,,,,,数据不足
2026-08,B0H9PZH8V1,OO4SGE37200,,0.0,0.0,0.0,0.0,0.0,0.0,0.0,0.0,0.0,0.0,,,,,数据不足
2026-08,B0H9PZKWX5,PT4SGE27800,,0.0,0.0,0.0,0.0,0.0,0.0,0.0,0.0,0.0,3.06,,,,,数据不足
2026-08,B0H9PZZBMB,OO4SGE38200,,0.0,0.0,0.0,0.0,0.0,0.0,0.0,0.0,0.0,0.0,,,,,数据不足
2026-08,B0H9Q15FT5,KX4SGE08000,,0.0,0.0,0.0,0.0,0.0,0.0,0.0,0.0,0.0,0.0,,,,,数据不足
2026-08,B0H9Q18M8Y,PT4SGE24000,,0.0,0.0,0.0,0.0,0.0,0.0,0.0,0.0,0.0,0.0,,,,,数据不足
2026-08,B0H9Q1H5HZ,PT4SGE23200,,0.0,0.0,0.0,0.0,0.0,0.0,0.0,0.0,0.0,0.0,,,,,数据不足
2026-08,B0H9Q1H8GN,KC4SGE05100,,0.0,0.0,0.0,0.0,0.0,0.0,0.0,0.0,0.0,0.0,,,,,数据不足
2026-08,B0H9Q1J5BY,OO4SGE38400,,0.0,0.0,0.0,0.0,0.0,0.0,0.0,0.0,0.0,0.0,,,,,数据不足
2026-08,B0H9Q2HNLZ,PT4SGE23700,,0.0,0.0,0.0,0.0,0.0,0.0,0.0,0.0,0.0,0.0,,,,,数据不足
2026-08,B0H9Q2LDVR,PT4SGE22700,,0.0,0.0,0.0,0.0,0.0,0.0,0.0,0.0,0.0,0.0,,,,,数据不足
2026-08,B0H9Q2M7GB,OO4SGE39000,,0.0,0.0,0.0,0.0,0.0,0.0,0.0,0.0,0.0,0.0,,,,,数据不足
2026-08,B0H9Q2NKKH,OO4SGE38800,,0.0,0.0,0.0,0.0,0.0,0.0,0.0,0.0,0.0,0.0,,,,,数据不足
2026-08,B0H9Q2QKNC,PT4SGE19700,,0.0,0.0,0.0,0.0,0.0,0.0,0.0,0.0,0.0,0.0,,,,,数据不足
2026-08,B0H9Q2XQ6N,OO4SGE38100,,0.0,0.0,0.0,0.0,0.0,0.0,0.0,0.0,0.0,0.0,,,,,数据不足
2026-08,B0H9Q3FDZH,KX4SGE08800,,0.0,0.0,0.0,0.0,0.0,0.0,0.0,0.0,0.0,0.0,,,,,数据不足
2026-08,B0H9Q3NXG2,PT4SGE24700,,0.0,0.0,0.0,0.0,0.0,0.0,0.0,0.0,0.0,0.0,,,,,数据不足
2026-08,B0H9Q4C9MH,KX4SGE09100,,0.0,0.0,0.0,0.0,0.0,0.0,0.0,0.0,0.0,0.0,,,,,数据不足
2026-08,B0H9Q4CWYR,PT4SGE26600,,0.0,0.0,0.0,0.0,0.0,0.0,0.0,0.0,0.0,0.0,,,,,数据不足
2026-08,B0H9Q4KBFN,OO4SGE38000,,0.0,0.0,0.0,0.0,0.0,0.0,0.0,0.0,0.0,0.0,,,,,数据不足
2026-08,B0H9Q4XFMW,OO4SGE36900,,0.0,0.0,0.0,0.0,0.0,0.0,0.0,0.0,0.0,0.0,,,,,数据不足
2026-08,B0H9Q55HH8,PT4SGE18500,,0.0,0.0,0.0,0.0,0.0,0.0,0.0,0.0,0.0,0.0,,,,,数据不足
2026-08,B0H9Q56SR8,KX4SGE07900,,0.0,0.0,0.0,0.0,0.0,0.0,0.0,0.0,0.0,0.0,,,,,数据不足
2026-08,B0H9Q5SXGF,PT4SGE26000,,0.0,0.0,0.0,0.0,0.0,0.0,0.0,0.0,0.0,0.0,,,,,数据不足
2026-08,B0H9Q6476M,OO4SGE37300,,0.0,0.0,0.0,0.0,0.0,0.0,0.0,0.0,0.0,0.0,,,,,数据不足
2026-08,B0H9Q6LRKD,PT4SGE18400,,0.0,0.0,0.0,0.0,0.0,0.0,0.0,0.0,0.0,0.0,,,,,数据不足
2026-08,B0H9Q827DH,PT4SGE27300,,0.0,0.0,0.0,0.0,0.0,0.0,0.0,0.0,0.0,0.0,,,,,数据不足
2026-08,B0H9Q8LB81,PT4SGE27600,,0.0,0.0,0.0,0.0,0.0,0.0,0.0,0.0,0.0,0.0,,,,,数据不足
2026-08,B0H9Q8MB6Y,PT4SGE26100,,0.0,0.0,0.0,0.0,0.0,0.0,0.0,0.0,0.0,0.0,,,,,数据不足
2026-08,B0H9Q8ML98,PT4SGE18700,,0.0,0.0,0.0,0.0,0.0,0.0,0.0,0.0,0.0,0.0,,,,,数据不足
2026-08,B0H9Q8PCBX,KX4SGE08500,,0.0,0.0,0.0,0.0,0.0,0.0,0.0,0.0,0.0,0.0,,,,,数据不足
2026-08,B0H9Q8PHSM,KX4SGE08400,,0.0,0.0,0.0,0.0,0.0,0.0,0.0,0.0,0.0,0.0,,,,,数据不足
2026-08,B0H9Q8QS7R,PT4SGE24400,,0.0,0.0,0.0,0.0,0.0,0.0,0.0,0.0,0.0,0.0,,,,,数据不足
2026-08,B0H9Q8QS8Q,KX4SGE08200,,0.0,0.0,0.0,0.0,0.0,0.0,0.0,0.0,0.0,0.0,,,,,数据不足
2026-08,B0H9Q8SFB8,PT4SGE19500,,0.0,0.0,0.0,0.0,0.0,0.0,0.0,0.0,0.0,0.0,,,,,数据不足
2026-08,B0H9QBZ3G2,KX4SGE09300,,0.0,0.0,0.0,0.0,0.0,0.0,0.0,0.0,0.0,0.0,,,,,数据不足
2026-08,B0H9QCYWW7,PT4SGE21500,,0.0,0.0,0.0,0.0,0.0,0.0,0.0,0.0,0.0,0.0,,,,,数据不足
2026-08,B0H9QHHW25,PT4SGE26500,,0.0,0.0,0.0,0.0,0.0,0.0,0.0,0.0,0.0,0.0,,,,,数据不足
2026-08,B0H9QJBQSF,PT4SGE24600,,0.0,0.0,0.0,0.0,0.0,0.0,0.0,0.0,0.0,0.0,,,,,数据不足
2026-08,B0HDYNSWYR,OO4SGE36800,,0.0,0.0,0.0,0.0,0.0,0.0,0.0,0.0,0.0,0.0,,,,,数据不足
2026-08,B0HDYPGKFY,OO4SGE35700,,0.0,0.0,0.0,0.0,0.0,0.0,0.0,0.0,0.0,6.12,,,,,数据不足
2026-08,B0HDYQP4H2,OO4SGE38000,,0.0,0.0,0.0,0.0,0.0,0.0,0.0,0.0,0.0,0.0,,,,,数据不足
2026-08,B0HDYR671T,KC4SGE00800,,0.0,0.0,0.0,0.0,0.0,0.0,0.0,0.0,0.0,0.0,,,,,数据不足
2026-08,B0HDYRB9SR,KX4SGE12100,,0.0,0.0,0.0,0.0,0.0,0.0,0.0,0.0,0.0,2.99,,,,,数据不足
2026-08,B0HDYRP33D,KC4PSP17700,,0.0,0.0,0.0,0.0,0.0,0.0,0.0,0.0,0.0,0.0,,,,,数据不足
2026-08,B0HDYRPRW6,KC4PSP15800,,0.0,0.0,0.0,0.0,0.0,0.0,0.0,0.0,0.0,6.05,,,,,数据不足
2026-08,B0HDYS5M7T,PT4SGE27000,,0.0,0.0,0.0,0.0,0.0,0.0,0.0,0.0,0.0,0.0,,,,,数据不足
2026-08,B0HDYSBQ9K,KX4SGE11100,,0.0,0.0,0.0,0.0,0.0,0.0,0.0,0.0,0.0,3.4,,,,,数据不足
2026-08,B0HDYSGZM5,KC4SGE01100,,0.0,0.0,0.0,0.0,0.0,0.0,0.0,0.0,0.0,0.0,,,,,数据不足
2026-08,B0HDYSMQ24,KX4SGE10700,,0.0,0.0,0.0,0.0,0.0,0.0,0.0,0.0,0.0,0.0,,,,,数据不足
2026-08,B0HDYV5MQJ,KX4SGE17300,,0.0,0.0,0.0,0.0,0.0,0.0,0.0,0.0,0.0,0.0,,,,,数据不足
2026-08,B0HDYVCMRG,OO4SGE34100,,0.0,0.0,0.0,0.0,0.0,0.0,0.0,0.0,0.0,0.0,,,,,数据不足
2026-08,B0HDYVNN3C,PT4SGE20800,,0.0,0.0,0.0,0.0,0.0,0.0,0.0,0.0,0.0,0.0,,,,,数据不足
2026-08,B0HDYVQ42P,PT4SGE26500,,0.0,0.0,0.0,0.0,0.0,0.0,0.0,0.0,0.0,0.0,,,,,数据不足
2026-08,B0HDYVW6TP,KC4SGE03100,,0.0,0.0,0.0,0.0,0.0,0.0,0.0,0.0,0.0,0.0,,,,,数据不足
2026-08,B0HDYVZDGJ,KX4SGE12200,,0.0,0.0,0.0,0.0,0.0,0.0,0.0,0.0,0.0,3.06,,,,,数据不足
2026-08,B0HDYVZH4F,KX4SGE10300,,0.0,0.0,0.0,0.0,0.0,0.0,0.0,0.0,0.0,0.0,,,,,数据不足
2026-08,B0HDYW4GMY,KC4PSP17600,,0.0,0.0,0.0,0.0,0.0,0.0,0.0,0.0,0.0,0.0,,,,,数据不足
2026-08,B0HDYW6RX4,PT4SGE23100,,0.0,0.0,0.0,0.0,0.0,0.0,0.0,0.0,0.0,0.0,,,,,数据不足
2026-08,B0HDYW92Y7,KX4SGE15200,,0.0,0.0,0.0,0.0,0.0,0.0,0.0,0.0,0.0,0.0,,,,,数据不足
2026-08,B0HDYWBRYW,KC4SGE01000,,0.0,0.0,0.0,0.0,0.0,0.0,0.0,0.0,0.0,0.0,,,,,数据不足
2026-08,B0HDYWFGJT,KX4SGE09700,,0.0,0.0,0.0,0.0,0.0,0.0,0.0,0.0,0.0,0.0,,,,,数据不足
2026-08,B0HDYWWVQT,KX4SGE17200,,0.0,0.0,0.0,0.0,0.0,0.0,0.0,0.0,0.0,0.0,,,,,数据不足
2026-08,B0HDYX1W9V,PT4SGE26800,,0.0,0.0,0.0,0.0,0.0,0.0,0.0,0.0,0.0,0.0,,,,,数据不足
2026-08,B0HDYXQ6SS,PT4SGE20300,,0.0,0.0,0.0,0.0,0.0,0.0,0.0,0.0,0.0,0.0,,,,,数据不足
2026-08,B0HDYXQSZV,OO4SGE36000,,0.0,0.0,0.0,0.0,0.0,0.0,0.0,0.0,0.0,4.69,,,,,数据不足
2026-08,B0HDYXR44S,KX4SGE14900,,0.0,0.0,0.0,0.0,0.0,0.0,0.0,0.0,0.0,0.0,,,,,数据不足
2026-08,B0HDYXZP53,KC4PSP17800,,0.0,0.0,0.0,0.0,0.0,0.0,0.0,0.0,0.0,0.0,,,,,数据不足
2026-08,B0HDYY4P9R,OO4SGE36200,,0.0,0.0,0.0,0.0,0.0,0.0,0.0,0.0,0.0,0.0,,,,,数据不足
2026-08,B0HDYYJJYB,OO4SGE34000,,0.0,0.0,0.0,0.0,0.0,0.0,0.0,0.0,0.0,0.0,,,,,数据不足
2026-08,B0HDYYWR7B,KX4SGE16800,,0.0,0.0,0.0,0.0,0.0,0.0,0.0,0.0,0.0,0.0,,,,,数据不足
2026-08,B0HDYZFR7H,KX4SGE16700,,0.0,0.0,0.0,0.0,0.0,0.0,0.0,0.0,0.0,0.0,,,,,数据不足
2026-08,B0HDYZFR8H,PT4SGE23600,,0.0,0.0,0.0,0.0,0.0,0.0,0.0,0.0,0.0,0.0,,,,,数据不足
2026-08,B0HDYZLXMX,PT4SGE18600,,0.0,0.0,0.0,0.0,0.0,0.0,0.0,0.0,0.0,9.18,,,,,数据不足
2026-08,B0HDYZNWGH,KC4PSP16600,,0.0,0.0,0.0,0.0,0.0,0.0,0.0,0.0,0.0,0.0,,,,,数据不足
2026-08,B0HDYZS6MK,OO4SGE35400,,0.0,0.0,0.0,0.0,0.0,0.0,0.0,0.0,0.0,4.08,,,,,数据不足
2026-08,B0HDYZTS7V,PT4SGE24100,,0.0,0.0,0.0,0.0,0.0,0.0,0.0,0.0,0.0,0.0,,,,,数据不足
2026-08,B0HDZ2H697,KX4SGE18000,,0.0,0.0,0.0,0.0,0.0,0.0,0.0,0.0,0.0,0.0,,,,,数据不足
2026-08,B0HDZ2KDF7,KC4SGE00600,,0.0,0.0,0.0,0.0,0.0,0.0,0.0,0.0,0.0,0.0,,,,,数据不足
2026-08,B0HDZ2QNRH,OO4SGE38400,,0.0,0.0,0.0,0.0,0.0,0.0,0.0,0.0,0.0,0.0,,,,,数据不足
2026-08,B0HDZ2S1WN,KC4PSP17000,,0.0,0.0,0.0,0.0,0.0,0.0,0.0,0.0,0.0,0.0,,,,,数据不足
2026-08,B0HDZ2VFXD,PT4SGE21400,,0.0,0.0,0.0,0.0,0.0,0.0,0.0,0.0,0.0,0.0,,,,,数据不足
2026-08,B0HDZ2XMVF,PT4SGE28200,,0.0,0.0,0.0,0.0,0.0,0.0,0.0,0.0,0.0,0.0,,,,,数据不足
2026-08,B0HDZ35CRQ,KC4SGE02800,,0.0,0.0,0.0,0.0,0.0,0.0,0.0,0.0,0.0,1.97,,,,,数据不足
2026-08,B0HDZ3NM4H,KX4SGE17000,,0.0,0.0,0.0,0.0,0.0,0.0,0.0,0.0,0.0,0.0,,,,,数据不足
2026-08,B0HDZ428VK,PT4SGE25600,,0.0,0.0,0.0,0.0,0.0,0.0,0.0,0.0,0.0,4.69,,,,,数据不足
2026-08,B0HDZ458J7,PT4SGE19100,,0.0,0.0,0.0,0.0,0.0,0.0,0.0,0.0,0.0,8.16,,,,,数据不足
2026-08,B0HDZ465MW,OO4SGE38800,,0.0,0.0,0.0,0.0,0.0,0.0,0.0,0.0,0.0,0.0,,,,,数据不足
2026-08,B0HDZ4NF6H,KX4SGE13200,,0.0,0.0,0.0,0.0,0.0,0.0,0.0,0.0,0.0,0.0,,,,,数据不足
2026-08,B0HDZ4SPQM,PT4SGE24700,,0.0,0.0,0.0,0.0,0.0,0.0,0.0,0.0,0.0,8.77,,,,,数据不足
2026-08,B0HDZ4Y95L,KC4SGE01200,,0.0,0.0,0.0,0.0,0.0,0.0,0.0,0.0,0.0,4.08,,,,,数据不足
2026-08,B0HDZ59PRG,KX4SGE17700,,0.0,0.0,0.0,0.0,0.0,0.0,0.0,0.0,0.0,10.81,,,,,数据不足
2026-08,B0HDZ5N1GT,OO4SGE35600,,0.0,0.0,0.0,0.0,0.0,0.0,0.0,0.0,0.0,8.57,,,,,数据不足
2026-08,B0HDZ5PQRR,KC4SGE04800,,0.0,0.0,0.0,0.0,0.0,0.0,0.0,0.0,0.0,0.0,,,,,数据不足
2026-08,B0HDZ619P2,KX4SGE17400,,0.0,0.0,0.0,0.0,0.0,0.0,0.0,0.0,0.0,0.0,,,,,数据不足
2026-08,B0HDZ7SCYS,PT4SGE22700,,0.0,0.0,0.0,0.0,0.0,0.0,0.0,0.0,0.0,0.0,,,,,数据不足
2026-08,B0HDZ8TSNB,KX4SGE16500,,0.0,0.0,0.0,0.0,0.0,0.0,0.0,0.0,0.0,0.0,,,,,数据不足
2026-08,B0HDZ9MCS8,KC4SGE03900,,0.0,0.0,0.0,0.0,0.0,0.0,0.0,0.0,0.0,0.0,,,,,数据不足
2026-08,B0HDZ9XTBV,PT4SGE23200,,0.0,0.0,0.0,0.0,0.0,0.0,0.0,0.0,0.0,0.0,,,,,数据不足
2026-08,B0HDZBN77M,OO4SGE36300,,0.0,0.0,0.0,0.0,0.0,0.0,0.0,0.0,0.0,0.0,,,,,数据不足
2026-08,B0HDZBV456,OO4SGE34600,,0.0,0.0,0.0,0.0,0.0,0.0,0.0,0.0,0.0,0.0,,,,,数据不足
2026-08,B0HF2QN566,PT4SGE26100,,0.0,0.0,0.0,0.0,0.0,0.0,0.0,0.0,0.0,0.0,,,,,数据不足
2026-08,B0HF31KQ4P,PT4SGE27800,,0.0,0.0,0.0,0.0,0.0,0.0,0.0,0.0,0.0,0.0,,,,,数据不足
2026-08,B0HF31MB7J,PT4SGE23900,,0.0,0.0,0.0,0.0,0.0,0.0,0.0,0.0,0.0,5.51,,,,,数据不足
2026-08,B0HF31MM8F,KC4SGE01400,,0.0,0.0,0.0,0.0,0.0,0.0,0.0,0.0,0.0,9.38,,,,,数据不足
2026-08,B0HF31NXP4,KC4SGE01300,,0.0,0.0,0.0,0.0,0.0,0.0,0.0,0.0,0.0,0.0,,,,,数据不足
2026-08,B0HF31TGLB,KX4SGE14700,,0.0,0.0,0.0,0.0,0.0,0.0,0.0,0.0,0.0,0.0,,,,,数据不足
2026-08,B0HF31X1SK,PT4SGE18800,,0.0,0.0,0.0,0.0,0.0,0.0,0.0,0.0,0.0,0.0,,,,,数据不足
2026-08,B0HF31XP6C,KC4SGE00200,,0.0,0.0,0.0,0.0,0.0,0.0,0.0,0.0,0.0,0.0,,,,,数据不足
2026-08,B0HF322WQS,PT4SGE27500,,0.0,0.0,0.0,0.0,0.0,0.0,0.0,0.0,0.0,0.0,,,,,数据不足
2026-08,B0HF325HFJ,KX4SGE13100,,0.0,0.0,0.0,0.0,0.0,0.0,0.0,0.0,0.0,0.0,,,,,数据不足
2026-08,B0HF329MBF,OO4SGE36900,,0.0,0.0,0.0,0.0,0.0,0.0,0.0,0.0,0.0,0.0,,,,,数据不足
2026-08,B0HF32FSQF,KX4SGE15800,,0.0,0.0,0.0,0.0,0.0,0.0,0.0,0.0,0.0,0.0,,,,,数据不足
2026-08,B0HF34564Y,KC4SGE04600,,0.0,0.0,0.0,0.0,0.0,0.0,0.0,0.0,0.0,3.06,,,,,数据不足
2026-08,B0HF34749X,PT4SGE19400,,0.0,0.0,0.0,0.0,0.0,0.0,0.0,0.0,0.0,0.0,,,,,数据不足
2026-08,B0HF34FK79,KC4SGE01700,,0.0,0.0,0.0,0.0,0.0,0.0,0.0,0.0,0.0,0.0,,,,,数据不足
2026-08,B0HF34JFSQ,PT4SGE21000,,0.0,0.0,0.0,0.0,0.0,0.0,0.0,0.0,0.0,5.44,,,,,数据不足
2026-08,B0HF34KRPG,KC4SGE04300,,0.0,0.0,0.0,0.0,0.0,0.0,0.0,0.0,0.0,3.54,,,,,数据不足
2026-08,B0HF34NPZ6,KX4SGE10200,,0.0,0.0,0.0,0.0,0.0,0.0,0.0,0.0,0.0,16.25,,,,,数据不足
2026-08,B0HF34R7VH,KX4SGE13700,,0.0,0.0,0.0,0.0,0.0,0.0,0.0,0.0,0.0,5.44,,,,,数据不足
2026-08,B0HF34WRHF,KC4SGE04100,,0.0,0.0,0.0,0.0,0.0,0.0,0.0,0.0,0.0,0.0,,,,,数据不足
2026-08,B0HF34YCXS,PT4SGE24000,,0.0,0.0,0.0,0.0,0.0,0.0,0.0,0.0,0.0,0.0,,,,,数据不足
2026-08,B0HF35BDHL,KC4SGE02900,,0.0,0.0,0.0,0.0,0.0,0.0,0.0,0.0,0.0,0.0,,,,,数据不足
2026-08,B0HF37PSB3,PT4SGE22800,,0.0,0.0,0.0,0.0,0.0,0.0,0.0,0.0,0.0,4.69,,,,,数据不足
2026-08,B0HF37STL1,KC4SGE00500,,0.0,0.0,0.0,0.0,0.0,0.0,0.0,0.0,0.0,4.69,,,,,数据不足
2026-08,B0HF37Y21T,OO4SGE37300,,0.0,0.0,0.0,0.0,0.0,0.0,0.0,0.0,0.0,0.0,,,,,数据不足
2026-08,B0HF382KFL,OO4SGE34200,,0.0,0.0,0.0,0.0,0.0,0.0,0.0,0.0,0.0,0.0,,,,,数据不足
2026-08,B0HF382X7S,KC4SGE00300,,0.0,0.0,0.0,0.0,0.0,0.0,0.0,0.0,0.0,0.0,,,,,数据不足
2026-08,B0HF3845LC,KX4SGE12400,,0.0,0.0,0.0,0.0,0.0,0.0,0.0,0.0,0.0,24.48,,,,,数据不足
2026-08,B0HF387HS1,KX4SGE13500,,0.0,0.0,0.0,0.0,0.0,0.0,0.0,0.0,0.0,12.92,,,,,数据不足
2026-08,B0HF388DVP,PT4SGE23700,,0.0,0.0,0.0,0.0,0.0,0.0,0.0,0.0,0.0,16.87,,,,,数据不足
2026-08,B0HF38C8JS,KC4SGE03300,,0.0,0.0,0.0,0.0,0.0,0.0,0.0,0.0,0.0,0.0,,,,,数据不足
2026-08,B0HF38DV56,KC4SGE00100,,0.0,0.0,0.0,0.0,0.0,0.0,0.0,0.0,0.0,14.69,,,,,数据不足
2026-08,B0HF38H45P,KX4SGE14000,,0.0,0.0,0.0,0.0,0.0,0.0,0.0,0.0,0.0,0.0,,,,,数据不足
2026-08,B0HF38LXVZ,KC4PSP16400,,0.0,0.0,0.0,0.0,0.0,0.0,0.0,0.0,0.0,0.0,,,,,数据不足
2026-08,B0HF38S25V,KC4PSP16300,,0.0,0.0,0.0,0.0,0.0,0.0,0.0,0.0,0.0,0.0,,,,,数据不足
2026-08,B0HF393D8J,KC4PSP16100,,0.0,0.0,0.0,0.0,0.0,0.0,0.0,0.0,0.0,0.0,,,,,数据不足
2026-08,B0HF394ZG4,KC4PSP17200,,0.0,0.0,0.0,0.0,0.0,0.0,0.0,0.0,0.0,0.0,,,,,数据不足
2026-08,B0HF39HD4Y,KX4SGE12900,,0.0,0.0,0.0,0.0,0.0,0.0,0.0,0.0,0.0,0.0,,,,,数据不足
2026-08,B0HF39J1S9,PT4SGE24300,,0.0,0.0,0.0,0.0,0.0,0.0,0.0,0.0,0.0,0.0,,,,,数据不足
2026-08,B0HF39JZKP,PT4SGE26000,,0.0,0.0,0.0,0.0,0.0,0.0,0.0,0.0,0.0,0.0,,,,,数据不足
2026-08,B0HF3BJ9GV,KC4SGE04200,,0.0,0.0,0.0,0.0,0.0,0.0,0.0,0.0,0.0,0.0,,,,,数据不足
2026-08,B0HF3BLHVD,KX4SGE08600,,0.0,0.0,0.0,0.0,0.0,0.0,0.0,0.0,0.0,11.7,,,,,数据不足
2026-08,B0HF3BR246,PT4SGE22200,,0.0,0.0,0.0,0.0,0.0,0.0,0.0,0.0,0.0,0.0,,,,,数据不足
2026-08,B0HF3BTYHS,KC4PSP18200,,0.0,0.0,0.0,0.0,0.0,0.0,0.0,0.0,0.0,0.0,,,,,数据不足
2026-08,B0HF3C22YW,KX4SGE10600,,0.0,0.0,0.0,0.0,0.0,0.0,0.0,0.0,0.0,0.0,,,,,数据不足
2026-08,B0HF3C5ZB4,OO4SGE34300,,0.0,0.0,0.0,0.0,0.0,0.0,0.0,0.0,0.0,0.0,,,,,数据不足
2026-08,B0HF3C8KSP,OO4SGE35200,,0.0,0.0,0.0,0.0,0.0,0.0,0.0,0.0,0.0,0.0,,,,,数据不足
2026-08,B0HF3C8XMC,KX4SGE08000,,0.0,0.0,0.0,0.0,0.0,0.0,0.0,0.0,0.0,0.0,,,,,数据不足
2026-08,B0HF3CK1VM,KC4SGE01600,,0.0,0.0,0.0,0.0,0.0,0.0,0.0,0.0,0.0,0.0,,,,,数据不足
2026-08,B0HF3CLND6,KC4PSP16500,,0.0,0.0,0.0,0.0,0.0,0.0,0.0,0.0,0.0,0.0,,,,,数据不足
2026-08,B0HF3CSTS9,KC4SGE02700,,0.0,0.0,0.0,0.0,0.0,0.0,0.0,0.0,0.0,0.0,,,,,数据不足
2026-08,B0HF3D18SZ,KC4PSP17100,,0.0,0.0,0.0,0.0,0.0,0.0,0.0,0.0,0.0,0.0,,,,,数据不足
2026-08,B0HF3D1LPN,PT4SGE18300,,0.0,0.0,0.0,0.0,0.0,0.0,0.0,0.0,0.0,0.0,,,,,数据不足
2026-08,B0HF3D27B7,KX4SGE13300,,0.0,0.0,0.0,0.0,0.0,0.0,0.0,0.0,0.0,0.0,,,,,数据不足
2026-08,B0HF3D644F,KC4PSP17900,,0.0,0.0,0.0,0.0,0.0,0.0,0.0,0.0,0.0,0.0,,,,,数据不足
2026-08,B0HF3DF8QN,PT4SGE19600,,0.0,0.0,0.0,0.0,0.0,0.0,0.0,0.0,0.0,0.0,,,,,数据不足
2026-08,B0HF3DH6GT,PT4SGE20000,,0.0,0.0,0.0,0.0,0.0,0.0,0.0,0.0,0.0,0.0,,,,,数据不足
2026-08,B0HF3DH7GR,KC4SGE02400,,0.0,0.0,0.0,0.0,0.0,0.0,0.0,0.0,0.0,0.0,,,,,数据不足
2026-08,B0HF3DHJTY,KC4SGE01800,,0.0,0.0,0.0,0.0,0.0,0.0,0.0,0.0,0.0,3.06,,,,,数据不足
2026-08,B0HF3DTW2P,OO4SGE37500,,0.0,0.0,0.0,0.0,0.0,0.0,0.0,0.0,0.0,0.0,,,,,数据不足
2026-08,B0HF3DYF9V,PT4SGE26300,,0.0,0.0,0.0,0.0,0.0,0.0,0.0,0.0,0.0,0.0,,,,,数据不足
2026-08,B0HF3F495L,KC4SGE03500,,0.0,0.0,0.0,0.0,0.0,0.0,0.0,0.0,0.0,0.0,,,,,数据不足
2026-08,B0HF3F8S8N,KC4SGE00900,,0.0,0.0,0.0,0.0,0.0,0.0,0.0,0.0,0.0,0.0,,,,,数据不足
2026-08,B0HF3FK88F,KX4SGE08800,,0.0,0.0,0.0,0.0,0.0,0.0,0.0,0.0,0.0,0.0,,,,,数据不足
2026-08,B0HF3FKKVL,KC4SGE03000,,0.0,0.0,0.0,0.0,0.0,0.0,0.0,0.0,0.0,0.0,,,,,数据不足
2026-08,B0HF3FPJX1,OO4SGE34800,,0.0,0.0,0.0,0.0,0.0,0.0,0.0,0.0,0.0,0.0,,,,,数据不足
2026-08,B0HF3FT4JM,PT4SGE26600,,0.0,0.0,0.0,0.0,0.0,0.0,0.0,0.0,0.0,0.0,,,,,数据不足
2026-08,B0HF3FW36S,KX4SGE08900,,0.0,0.0,0.0,0.0,0.0,0.0,0.0,0.0,0.0,0.0,,,,,数据不足
2026-08,B0HF3G1LWR,PT4SGE28100,,0.0,0.0,0.0,0.0,0.0,0.0,0.0,0.0,0.0,0.0,,,,,数据不足
2026-08,B0HF3H8VKY,PT4SGE20100,,0.0,0.0,0.0,0.0,0.0,0.0,0.0,0.0,0.0,0.0,,,,,数据不足
2026-08,B0HF3H9GN5,PT4SGE25400,,0.0,0.0,0.0,0.0,0.0,0.0,0.0,0.0,0.0,0.0,,,,,数据不足
2026-08,B0HF3HDCRM,PT4SGE18400,,0.0,0.0,0.0,0.0,0.0,0.0,0.0,0.0,0.0,0.0,,,,,数据不足
2026-08,B0HF3HJ9R7,KX4SGE09200,,0.0,0.0,0.0,0.0,0.0,0.0,0.0,0.0,0.0,0.0,,,,,数据不足
2026-08,B0HF3HMSMW,KC4PSP18000,,0.0,0.0,0.0,0.0,0.0,0.0,0.0,0.0,0.0,0.0,,,,,数据不足
2026-08,B0HF3HT1VQ,KC4SGE01500,,0.0,0.0,0.0,0.0,0.0,0.0,0.0,0.0,0.0,0.0,,,,,数据不足
2026-08,B0HF3HVZ76,KC4SGE05500,,0.0,0.0,0.0,0.0,0.0,0.0,0.0,0.0,0.0,0.0,,,,,数据不足
2026-08,B0HF3HW9Z4,KC4SGE05400,,0.0,0.0,0.0,0.0,0.0,0.0,0.0,0.0,0.0,0.0,,,,,数据不足
2026-08,B0HF3J1SL5,KX4SGE08100,,0.0,0.0,0.0,0.0,0.0,0.0,0.0,0.0,0.0,3.26,,,,,数据不足
2026-08,B0HF3J68GX,KX4SGE08300,,0.0,0.0,0.0,0.0,0.0,0.0,0.0,0.0,0.0,9.86,,,,,数据不足
2026-08,B0HF3J6VF1,PT4SGE19300,,0.0,0.0,0.0,0.0,0.0,0.0,0.0,0.0,0.0,0.0,,,,,数据不足
2026-08,B0HF3J86CW,KC4SGE05000,,0.0,0.0,0.0,0.0,0.0,0.0,0.0,0.0,0.0,0.0,,,,,数据不足
2026-08,B0HF3JCPQS,KX4SGE09100,,0.0,0.0,0.0,0.0,0.0,0.0,0.0,0.0,0.0,0.0,,,,,数据不足
2026-08,B0HF3JJYN8,KX4SGE12700,,0.0,0.0,0.0,0.0,0.0,0.0,0.0,0.0,0.0,0.0,,,,,数据不足
2026-08,B0HF3JR25Z,PT4SGE19900,,0.0,0.0,0.0,0.0,0.0,0.0,0.0,0.0,0.0,0.0,,,,,数据不足
2026-08,B0HF3JSYLZ,PT4SGE27900,,0.0,0.0,0.0,0.0,0.0,0.0,0.0,0.0,0.0,0.0,,,,,数据不足
2026-08,B0HF3LH9QM,KC4SGE05200,,0.0,0.0,0.0,0.0,0.0,0.0,0.0,0.0,0.0,0.0,,,,,数据不足
2026-08,B0HF3LPX94,KX4SGE08400,,0.0,0.0,0.0,0.0,0.0,0.0,0.0,0.0,0.0,0.0,,,,,数据不足
2026-08,B0HF3LSVQW,KC4SGE05300,,0.0,0.0,0.0,0.0,0.0,0.0,0.0,0.0,0.0,4.69,,,,,数据不足
2026-08,B0HF3LYNGH,PT4SGE23400,,0.0,0.0,0.0,0.0,0.0,0.0,0.0,0.0,0.0,8.16,,,,,数据不足
2026-08,B0HF3M1Z1M,KX4SGE15400,,0.0,0.0,0.0,0.0,0.0,0.0,0.0,0.0,0.0,0.0,,,,,数据不足
2026-08,B0HF3M3JYJ,KC4SGE03700,,0.0,0.0,0.0,0.0,0.0,0.0,0.0,0.0,0.0,0.0,,,,,数据不足
2026-08,B0HF3M6G9J,KX4SGE09300,,0.0,0.0,0.0,0.0,0.0,0.0,0.0,0.0,0.0,0.0,,,,,数据不足
2026-08,B0HF3M7DPG,OO4SGE38600,,0.0,0.0,0.0,0.0,0.0,0.0,0.0,0.0,0.0,0.0,,,,,数据不足
2026-08,B0HF3MDXLT,KC4SGE04700,,0.0,0.0,0.0,0.0,0.0,0.0,0.0,0.0,0.0,0.0,,,,,数据不足
2026-08,B0HF3MHTBJ,PT4SGE19500,,0.0,0.0,0.0,0.0,0.0,0.0,0.0,0.0,0.0,0.0,,,,,数据不足
2026-08,B0HF3MQLB5,PT4SGE24600,,0.0,0.0,0.0,0.0,0.0,0.0,0.0,0.0,0.0,0.0,,,,,数据不足
2026-08,B0HF3MS62X,OO4SGE38900,,0.0,0.0,0.0,0.0,0.0,0.0,0.0,0.0,0.0,0.0,,,,,数据不足
2026-08,B0HF3N3RL9,OO4SGE37700,,0.0,0.0,0.0,0.0,0.0,0.0,0.0,0.0,0.0,0.0,,,,,数据不足
2026-08,B0HF3N5FZ7,PT4SGE19700,,0.0,0.0,0.0,0.0,0.0,0.0,0.0,0.0,0.0,0.0,,,,,数据不足
2026-08,B0HF3N9BJV,OO4SGE39100,,0.0,0.0,0.0,0.0,0.0,0.0,0.0,0.0,0.0,0.0,,,,,数据不足
2026-08,B0HF3NCXN3,PT4SGE26200,,0.0,0.0,0.0,0.0,0.0,0.0,0.0,0.0,0.0,0.0,,,,,数据不足
2026-08,B0HF3NCY9T,PT4SGE19800,,0.0,0.0,0.0,0.0,0.0,0.0,0.0,0.0,0.0,0.0,,,,,数据不足
2026-08,B0HF3NFVW8,PT4SGE27300,,0.0,0.0,0.0,0.0,0.0,0.0,0.0,0.0,0.0,0.0,,,,,数据不足
2026-08,B0HF3NGJKY,KC4PSP16200,,0.0,0.0,0.0,0.0,0.0,0.0,0.0,0.0,0.0,0.0,,,,,数据不足
2026-08,B0HF3NS369,KX4SGE08500,,0.0,0.0,0.0,0.0,0.0,0.0,0.0,0.0,0.0,0.0,,,,,数据不足
2026-08,B0HF3P34X3,OO4SGE37000,,0.0,0.0,0.0,0.0,0.0,0.0,0.0,0.0,0.0,0.0,,,,,数据不足
2026-08,B0HF3QD5XH,PT4SGE26700,,0.0,0.0,0.0,0.0,0.0,0.0,0.0,0.0,0.0,0.0,,,,,数据不足
2026-08,B0HF3QFXRJ,PT4SGE19200,,0.0,0.0,0.0,0.0,0.0,0.0,0.0,0.0,0.0,0.0,,,,,数据不足
2026-08,B0HF3QHM1R,PT4SGE21500,,0.0,0.0,0.0,0.0,0.0,0.0,0.0,0.0,0.0,0.0,,,,,数据不足
2026-08,B0HF3QK92D,OO4SGE38500,,0.0,0.0,0.0,0.0,0.0,0.0,0.0,0.0,0.0,0.0,,,,,数据不足
2026-08,B0HF3QMVBR,PT4SGE18500,,0.0,0.0,0.0,0.0,0.0,0.0,0.0,0.0,0.0,0.0,,,,,数据不足
2026-08,B0HF3QQGFK,KX4SGE08200,,0.0,0.0,0.0,0.0,0.0,0.0,0.0,0.0,0.0,0.0,,,,,数据不足
2026-08,B0HF3QQS9X,KX4SGE07900,,0.0,0.0,0.0,0.0,0.0,0.0,0.0,0.0,0.0,0.0,,,,,数据不足
2026-08,B0HF3QW1HF,PT4SGE25800,,0.0,0.0,0.0,0.0,0.0,0.0,0.0,0.0,0.0,4.08,,,,,数据不足
2026-08,B0HF3QY8WF,OO4SGE38200,,0.0,0.0,0.0,0.0,0.0,0.0,0.0,0.0,0.0,0.0,,,,,数据不足
2026-08,B0HF3R3GWB,PT4SGE18700,,0.0,0.0,0.0,0.0,0.0,0.0,0.0,0.0,0.0,0.0,,,,,数据不足
2026-08,B0HF3R3GWL,KX4SGE11700,,0.0,0.0,0.0,0.0,0.0,0.0,0.0,0.0,0.0,0.0,,,,,数据不足
2026-08,B0HF3R53KR,KC4SGE03200,,0.0,0.0,0.0,0.0,0.0,0.0,0.0,0.0,0.0,0.0,,,,,数据不足
2026-08,B0HF3RC8YG,KC4SGE05100,,0.0,0.0,0.0,0.0,0.0,0.0,0.0,0.0,0.0,12.65,,,,,数据不足
2026-08,B0HF3RCBR5,KC4PSP17500,,0.0,0.0,0.0,0.0,0.0,0.0,0.0,0.0,0.0,0.0,,,,,数据不足
2026-08,B0HF3RKCQ6,KC4SGE03400,,0.0,0.0,0.0,0.0,0.0,0.0,0.0,0.0,0.0,0.0,,,,,数据不足
2026-08,B0HF3RLBW8,PT4SGE27600,,0.0,0.0,0.0,0.0,0.0,0.0,0.0,0.0,0.0,47.81,,,,,数据不足
2026-08,B0HF3RRHXF,PT4SGE21100,,0.0,0.0,0.0,0.0,0.0,0.0,0.0,0.0,0.0,0.0,,,,,数据不足
2026-08,B0HF3RZDKL,OO4SGE39000,,0.0,0.0,0.0,0.0,0.0,0.0,0.0,0.0,0.0,0.0,,,,,数据不足
2026-08,B0HF3S2PG8,KX4SGE10100,,0.0,0.0,0.0,0.0,0.0,0.0,0.0,0.0,0.0,30.06,,,,,数据不足
2026-08,B0HF3S9C2K,KX4SGE17100,,0.0,0.0,0.0,0.0,0.0,0.0,0.0,0.0,0.0,0.0,,,,,数据不足
2026-08,B0HF3SB8KB,KC4PSP16000,,0.0,0.0,0.0,0.0,0.0,0.0,0.0,0.0,0.0,0.0,,,,,数据不足
2026-08,B0HF3SZGWD,KX4SGE14500,,0.0,0.0,0.0,0.0,0.0,0.0,0.0,0.0,0.0,0.0,,,,,数据不足
2026-08,B0HF3T1RZD,PT4SGE24400,,0.0,0.0,0.0,0.0,0.0,0.0,0.0,0.0,0.0,0.0,,,,,数据不足
2026-08,B0HF3WM8HS,KC4SGE02500,,0.0,0.0,0.0,0.0,0.0,0.0,0.0,0.0,0.0,0.0,,,,,数据不足
2026-08,B0HF3WN7YY,KX4SGE10900,,0.0,0.0,0.0,0.0,0.0,0.0,0.0,0.0,0.0,0.0,,,,,数据不足
2026-08,B0HF3WPTYK,KX4SGE12600,,0.0,0.0,0.0,0.0,0.0,0.0,0.0,0.0,0.0,0.0,,,,,数据不足
2026-08,B0HF3WS58D,PT4SGE22500,,0.0,0.0,0.0,0.0,0.0,0.0,0.0,0.0,0.0,0.0,,,,,数据不足
2026-08,B0HF3WSSS7,OO4SGE38300,,0.0,0.0,0.0,0.0,0.0,0.0,0.0,0.0,0.0,0.0,,,,,数据不足
2026-08,B0HF3WVDYC,PT4SGE21900,,0.0,0.0,0.0,0.0,0.0,0.0,0.0,0.0,0.0,0.0,,,,,数据不足
2026-08,B0HF3WX27J,KC4SGE00700,,0.0,0.0,0.0,0.0,0.0,0.0,0.0,0.0,0.0,0.0,,,,,数据不足
2026-08,B0HF3X1BZZ,KC4SGE00400,,0.0,0.0,0.0,0.0,0.0,0.0,0.0,0.0,0.0,0.0,,,,,数据不足
2026-08,B0HF41JN8D,PT4SGE23300,,0.0,0.0,0.0,0.0,0.0,0.0,0.0,0.0,0.0,0.0,,,,,数据不足
2026-08,B0HF41P2S2,KC4PSP15900,,0.0,0.0,0.0,0.0,0.0,0.0,0.0,0.0,0.0,7.41,,,,,数据不足
2026-08,B0HF41RXHY,KC4SGE04900,,0.0,0.0,0.0,0.0,0.0,0.0,0.0,0.0,0.0,3.06,,,,,数据不足
2026-08,B0HF4212KL,PT4SGE24900,,0.0,0.0,0.0,0.0,0.0,0.0,0.0,0.0,0.0,0.0,,,,,数据不足
2026-08,B0HF424LWJ,KC4PSP18100,,0.0,0.0,0.0,0.0,0.0,0.0,0.0,0.0,0.0,0.0,,,,,数据不足
2026-08,B0HF425M48,OO4SGE37200,,0.0,0.0,0.0,0.0,0.0,0.0,0.0,0.0,0.0,0.0,,,,,数据不足
2026-08,B0HF46K7W2,KC4PSP17100,,0.0,0.0,0.0,0.0,0.0,0.0,0.0,0.0,0.0,0.0,,,,,数据不足
2026-08,B0HF49GHTH,KC4PSP16300,,0.0,0.0,0.0,0.0,0.0,0.0,0.0,0.0,0.0,0.0,,,,,数据不足
2026-08,B0HF4B4GRN,KC4PSP16500,,0.0,0.0,0.0,0.0,0.0,0.0,0.0,0.0,0.0,0.0,,,,,数据不足
2026-08,B0HF4BBZ89,KC4SGE01800,,0.0,0.0,0.0,0.0,0.0,0.0,0.0,0.0,0.0,3.06,,,,,数据不足
2026-08,B0HF4CHTLX,KC4SGE03200,,0.0,0.0,0.0,0.0,0.0,0.0,0.0,0.0,0.0,0.0,,,,,数据不足
2026-08,B0HF4D351S,KC4PSP18000,,0.0,0.0,0.0,0.0,0.0,0.0,0.0,0.0,0.0,0.0,,,,,数据不足
2026-08,B0HF4D6N4G,KC4PSP17600,,0.0,0.0,0.0,0.0,0.0,0.0,0.0,0.0,0.0,0.0,,,,,数据不足
2026-08,B0HF4D97JT,PT4SGE23600,,0.0,0.0,0.0,0.0,0.0,0.0,0.0,0.0,0.0,0.0,,,,,数据不足
2026-08,B0HF4DWFXT,KC4PSP17800,,0.0,0.0,0.0,0.0,0.0,0.0,0.0,0.0,0.0,0.0,,,,,数据不足
2026-08,B0HF4DYPHF,PT4SGE21000,,0.0,0.0,0.0,0.0,0.0,0.0,0.0,0.0,0.0,0.0,,,,,数据不足
2026-08,B0HF4F1X3H,PT4SGE20000,,0.0,0.0,0.0,0.0,0.0,0.0,0.0,0.0,0.0,0.0,,,,,数据不足
2026-08,B0HF4F2YB6,PT4SGE18700,,0.0,0.0,0.0,0.0,0.0,0.0,0.0,0.0,0.0,0.0,,,,,数据不足
2026-08,B0HF4F5N8T,KX4SGE10900,,0.0,0.0,0.0,0.0,0.0,0.0,0.0,0.0,0.0,0.0,,,,,数据不足
2026-08,B0HF4FNNVZ,KC4SGE00600,,0.0,0.0,0.0,0.0,0.0,0.0,0.0,0.0,0.0,0.0,,,,,数据不足
2026-08,B0HF4G4VPS,KC4PSP16200,,0.0,0.0,0.0,0.0,0.0,0.0,0.0,0.0,0.0,0.0,,,,,数据不足
2026-08,B0HF4G759S,PT4SGE20300,,0.0,0.0,0.0,0.0,0.0,0.0,0.0,0.0,0.0,0.0,,,,,数据不足
2026-08,B0HF4G9V7V,KC4SGE03900,,0.0,0.0,0.0,0.0,0.0,0.0,0.0,0.0,0.0,0.0,,,,,数据不足
2026-08,B0HF4GC2XN,KX4SGE12200,,0.0,0.0,0.0,0.0,0.0,0.0,0.0,0.0,0.0,0.0,,,,,数据不足
2026-08,B0HF4GGKGC,PT4SGE19500,,0.0,0.0,0.0,0.0,0.0,0.0,0.0,0.0,0.0,3.06,,,,,数据不足
2026-08,B0HF4GGQYM,KC4SGE00500,,0.0,0.0,0.0,0.0,0.0,0.0,0.0,0.0,0.0,0.0,,,,,数据不足
2026-08,B0HF4GJJWW,KX4SGE12600,,0.0,0.0,0.0,0.0,0.0,0.0,0.0,0.0,0.0,0.0,,,,,数据不足
2026-08,B0HF4GJP85,PT4SGE21500,,0.0,0.0,0.0,0.0,0.0,0.0,0.0,0.0,0.0,0.0,,,,,数据不足
2026-08,B0HF4GKHN3,KX4SGE12700,,0.0,0.0,0.0,0.0,0.0,0.0,0.0,0.0,0.0,38.7,,,,,数据不足
2026-08,B0HF4GQ7K9,KC4SGE01600,,0.0,0.0,0.0,0.0,0.0,0.0,0.0,0.0,0.0,0.0,,,,,数据不足
2026-08,B0HF4H7J7G,OO4SGE34100,,0.0,0.0,0.0,0.0,0.0,0.0,0.0,0.0,0.0,0.0,,,,,数据不足
2026-08,B0HF4HJ1BD,PT4SGE22800,,0.0,0.0,0.0,0.0,0.0,0.0,0.0,0.0,0.0,0.0,,,,,数据不足
2026-08,B0HF4HN9S9,KX4SGE14900,,0.0,0.0,0.0,0.0,0.0,0.0,0.0,0.0,0.0,0.0,,,,,数据不足
2026-08,B0HF4HT25G,PT4SGE21400,,0.0,0.0,0.0,0.0,0.0,0.0,0.0,0.0,0.0,0.0,,,,,数据不足
2026-08,B0HF4HZFM5,KX4SGE10700,,0.0,0.0,0.0,0.0,0.0,0.0,0.0,0.0,0.0,0.0,,,,,数据不足
2026-08,B0HF4JMVM9,PT4SGE21900,,0.0,0.0,0.0,0.0,0.0,0.0,0.0,0.0,0.0,0.0,,,,,数据不足
2026-08,B0HF4JP363,KC4SGE00700,,0.0,0.0,0.0,0.0,0.0,0.0,0.0,0.0,0.0,0.0,,,,,数据不足
2026-08,B0HF4JP6SC,KC4PSP16600,,0.0,0.0,0.0,0.0,0.0,0.0,0.0,0.0,0.0,0.0,,,,,数据不足
2026-08,B0HF4JWN6W,PT4SGE23100,,0.0,0.0,0.0,0.0,0.0,0.0,0.0,0.0,0.0,12.31,,,,,数据不足
2026-08,B0HF4K38D1,KC4SGE01000,,0.0,0.0,0.0,0.0,0.0,0.0,0.0,0.0,0.0,0.0,,,,,数据不足
2026-08,B0HF4K9VC3,KX4SGE13500,,0.0,0.0,0.0,0.0,0.0,0.0,0.0,0.0,0.0,3.67,,,,,数据不足
2026-08,B0HF4KB9B4,KC4SGE00200,,0.0,0.0,0.0,0.0,0.0,0.0,0.0,0.0,0.0,0.0,,,,,数据不足
2026-08,B0HF4KCW2F,PT4SGE20800,,0.0,0.0,0.0,0.0,0.0,0.0,0.0,0.0,0.0,0.0,,,,,数据不足
2026-08,B0HF4KG55T,KX4SGE10600,,0.0,0.0,0.0,0.0,0.0,0.0,0.0,0.0,0.0,0.0,,,,,数据不足
2026-08,B0HF4KJN5K,PT4SGE18800,,0.0,0.0,0.0,0.0,0.0,0.0,0.0,0.0,0.0,0.0,,,,,数据不足
2026-08,B0HF4KQWPK,KC4SGE01200,,0.0,0.0,0.0,0.0,0.0,0.0,0.0,0.0,0.0,0.0,,,,,数据不足
2026-08,B0HF4L97DT,KX4SGE18000,,0.0,0.0,0.0,0.0,0.0,0.0,0.0,0.0,0.0,0.0,,,,,数据不足
2026-08,B0HF4L9C3R,PT4SGE20800,,0.0,0.0,0.0,0.0,0.0,0.0,0.0,0.0,0.0,0.0,,,,,数据不足
2026-08,B0HF4LCX1N,KC4SGE02900,,0.0,0.0,0.0,0.0,0.0,0.0,0.0,0.0,0.0,0.0,,,,,数据不足
2026-08,B0HF4LGC94,KC4PSP16400,,0.0,0.0,0.0,0.0,0.0,0.0,0.0,0.0,0.0,0.0,,,,,数据不足
2026-08,B0HF4LJFML,KC4SGE03500,,0.0,0.0,0.0,0.0,0.0,0.0,0.0,0.0,0.0,0.0,,,,,数据不足
2026-08,B0HF4LK9BG,KC4PSP15800,,0.0,0.0,0.0,0.0,0.0,0.0,0.0,0.0,0.0,0.0,,,,,数据不足
2026-08,B0HF4LM1ZQ,KC4PSP16400,,0.0,0.0,0.0,0.0,0.0,0.0,0.0,0.0,0.0,0.0,,,,,数据不足
2026-08,B0HF4LPXY5,KC4SGE00100,,0.0,0.0,0.0,0.0,0.0,0.0,0.0,0.0,0.0,3.67,,,,,数据不足
2026-08,B0HF4LQSLS,KC4SGE01700,,0.0,0.0,0.0,0.0,0.0,0.0,0.0,0.0,0.0,0.0,,,,,数据不足
2026-08,B0HF4LTJ2W,KX4SGE10300,,0.0,0.0,0.0,0.0,0.0,0.0,0.0,0.0,0.0,0.0,,,,,数据不足
2026-08,B0HF4LW359,KC4SGE00800,,0.0,0.0,0.0,0.0,0.0,0.0,0.0,0.0,0.0,0.0,,,,,数据不足
2026-08,B0HF4LZFM6,KC4SGE03100,,0.0,0.0,0.0,0.0,0.0,0.0,0.0,0.0,0.0,0.0,,,,,数据不足
2026-08,B0HF4M7HCF,PT4SGE21100,,0.0,0.0,0.0,0.0,0.0,0.0,0.0,0.0,0.0,0.0,,,,,数据不足
2026-08,B0HF4MHXNJ,KX4SGE10200,,0.0,0.0,0.0,0.0,0.0,0.0,0.0,0.0,0.0,9.38,,,,,数据不足
2026-08,B0HF4MRBYL,PT4SGE19300,,0.0,0.0,0.0,0.0,0.0,0.0,0.0,0.0,0.0,0.0,,,,,数据不足
2026-08,B0HF4N6F23,KC4SGE05500,,0.0,0.0,0.0,0.0,0.0,0.0,0.0,0.0,0.0,0.0,,,,,数据不足
2026-08,B0HF4N9CZ9,KC4SGE03900,,0.0,0.0,0.0,0.0,0.0,0.0,0.0,0.0,0.0,0.0,,,,,数据不足
2026-08,B0HF4NBNVW,KX4SGE07700,,0.0,0.0,0.0,0.0,0.0,0.0,0.0,0.0,0.0,0.0,,,,,数据不足
2026-08,B0HF4NCYZ5,KC4SGE01500,,0.0,0.0,0.0,0.0,0.0,0.0,0.0,0.0,0.0,0.0,,,,,数据不足
2026-08,B0HF4ND3N9,PT4SGE22500,,0.0,0.0,0.0,0.0,0.0,0.0,0.0,0.0,0.0,0.0,,,,,数据不足
2026-08,B0HF4NH8QH,KX4SGE16700,,0.0,0.0,0.0,0.0,0.0,0.0,0.0,0.0,0.0,0.0,,,,,数据不足
2026-08,B0HF4NJ2LH,PT4SGE20300,,0.0,0.0,0.0,0.0,0.0,0.0,0.0,0.0,0.0,0.0,,,,,数据不足
2026-08,B0HF4NPYXQ,KX4SGE12600,,0.0,0.0,0.0,0.0,0.0,0.0,0.0,0.0,0.0,0.0,,,,,数据不足
2026-08,B0HF4NRFZB,OO4SGE38300,,0.0,0.0,0.0,0.0,0.0,0.0,0.0,0.0,0.0,0.0,,,,,数据不足
2026-08,B0HF4NRL7Z,KC4SGE05400,,0.0,0.0,0.0,0.0,0.0,0.0,0.0,0.0,0.0,7.0,,,,,数据不足
2026-08,B0HF4NRWS3,KX4SGE17300,,0.0,0.0,0.0,0.0,0.0,0.0,0.0,0.0,0.0,0.0,,,,,数据不足
2026-08,B0HF4NTNQM,PT4SGE26700,,0.0,0.0,0.0,0.0,0.0,0.0,0.0,0.0,0.0,0.0,,,,,数据不足
2026-08,B0HF4NVVRC,KC4SGE00700,,0.0,0.0,0.0,0.0,0.0,0.0,0.0,0.0,0.0,0.0,,,,,数据不足
2026-08,B0HF4P4TPM,KC4PSP17700,,0.0,0.0,0.0,0.0,0.0,0.0,0.0,0.0,0.0,0.0,,,,,数据不足
2026-08,B0HF4PHH13,KX4SGE11100,,0.0,0.0,0.0,0.0,0.0,0.0,0.0,0.0,0.0,0.0,,,,,数据不足
2026-08,B0HF4PKH2W,PT4SGE23200,,0.0,0.0,0.0,0.0,0.0,0.0,0.0,0.0,0.0,0.0,,,,,数据不足
2026-08,B0HF4PKH58,KC4SGE00900,,0.0,0.0,0.0,0.0,0.0,0.0,0.0,0.0,0.0,0.0,,,,,数据不足
2026-08,B0HF4PKZGQ,PT4SGE23300,,0.0,0.0,0.0,0.0,0.0,0.0,0.0,0.0,0.0,0.0,,,,,数据不足
2026-08,B0HF4PMKDX,KC4SGE02800,,0.0,0.0,0.0,0.0,0.0,0.0,0.0,0.0,0.0,1.36,,,,,数据不足
2026-08,B0HF4PN69D,KX4SGE12900,,0.0,0.0,0.0,0.0,0.0,0.0,0.0,0.0,0.0,0.0,,,,,数据不足
2026-08,B0HF4PPXGX,KC4PSP17000,,0.0,0.0,0.0,0.0,0.0,0.0,0.0,0.0,0.0,0.0,,,,,数据不足
2026-08,B0HF4PRM3V,KC4SGE00600,,0.0,0.0,0.0,0.0,0.0,0.0,0.0,0.0,0.0,0.0,,,,,数据不足
2026-08,B0HF4PTP4S,KC4PSP16500,,0.0,0.0,0.0,0.0,0.0,0.0,0.0,0.0,0.0,0.0,,,,,数据不足
2026-08,B0HF4Q5JLR,PT4SGE22700,,0.0,0.0,0.0,0.0,0.0,0.0,0.0,0.0,0.0,0.0,,,,,数据不足
2026-08,B0HF4Q7XM9,KC4PSP15800,,0.0,0.0,0.0,0.0,0.0,0.0,0.0,0.0,0.0,0.0,,,,,数据不足
2026-08,B0HF4Q853T,KC4SGE01300,,0.0,0.0,0.0,0.0,0.0,0.0,0.0,0.0,0.0,0.0,,,,,数据不足
2026-08,B0HF4Q8G18,PT4SGE26800,,0.0,0.0,0.0,0.0,0.0,0.0,0.0,0.0,0.0,0.0,,,,,数据不足
2026-08,B0HF4QQG3J,KX4SGE09700,,0.0,0.0,0.0,0.0,0.0,0.0,0.0,0.0,0.0,0.0,,,,,数据不足
2026-08,B0HF4QSSKP,KC4PSP17500,,0.0,0.0,0.0,0.0,0.0,0.0,0.0,0.0,0.0,0.0,,,,,数据不足
2026-08,B0HF4QTMK9,PT4SGE19200,,0.0,0.0,0.0,0.0,0.0,0.0,0.0,0.0,0.0,1.22,,,,,数据不足
2026-08,B0HF4QTYR4,PT4SGE22500,,0.0,0.0,0.0,0.0,0.0,0.0,0.0,0.0,0.0,0.0,,,,,数据不足
2026-08,B0HF4QZCJH,KC4SGE01400,,0.0,0.0,0.0,0.0,0.0,0.0,0.0,0.0,0.0,0.0,,,,,数据不足
2026-08,B0HF4R1G8J,KC4SGE05500,,0.0,0.0,0.0,0.0,0.0,0.0,0.0,0.0,0.0,0.0,,,,,数据不足
2026-08,B0HF4R46C6,KX4SGE13700,,0.0,0.0,0.0,0.0,0.0,0.0,0.0,0.0,0.0,0.0,,,,,数据不足
2026-08,B0HF4R66DM,KX4SGE09300,,0.0,0.0,0.0,0.0,0.0,0.0,0.0,0.0,0.0,0.0,,,,,数据不足
2026-08,B0HF4R752Q,PT4SGE19100,,0.0,0.0,0.0,0.0,0.0,0.0,0.0,0.0,0.0,0.0,,,,,数据不足
2026-08,B0HF4R88HM,PT4SGE28200,,0.0,0.0,0.0,0.0,0.0,0.0,0.0,0.0,0.0,0.0,,,,,数据不足
2026-08,B0HF4RFKP6,KC4SGE04300,,0.0,0.0,0.0,0.0,0.0,0.0,0.0,0.0,0.0,0.0,,,,,数据不足
2026-08,B0HF4RFYC7,PT4SGE20000,,0.0,0.0,0.0,0.0,0.0,0.0,0.0,0.0,0.0,0.0,,,,,数据不足
2026-08,B0HF4RH2XL,KC4SGE01000,,0.0,0.0,0.0,0.0,0.0,0.0,0.0,0.0,0.0,0.0,,,,,数据不足
2026-08,B0HF4RJ8ZX,PT4SGE21900,,0.0,0.0,0.0,0.0,0.0,0.0,0.0,0.0,0.0,0.0,,,,,数据不足
2026-08,B0HF4RJKWP,KX4SGE17400,,0.0,0.0,0.0,0.0,0.0,0.0,0.0,0.0,0.0,0.0,,,,,数据不足
2026-08,B0HF4RPDCL,OO4SGE34600,,0.0,0.0,0.0,0.0,0.0,0.0,0.0,0.0,0.0,0.0,,,,,数据不足
2026-08,B0HF4RXC3T,KC4PSP17500,,0.0,0.0,0.0,0.0,0.0,0.0,0.0,0.0,0.0,0.0,,,,,数据不足
2026-08,B0HF4RYM9W,PT4SGE23100,,0.0,0.0,0.0,0.0,0.0,0.0,0.0,0.0,0.0,0.0,,,,,数据不足
2026-08,B0HF4RZGCP,OO4SGE37700,,0.0,0.0,0.0,0.0,0.0,0.0,0.0,0.0,0.0,0.0,,,,,数据不足
2026-08,B0HF4S1115,KC4SGE01700,,0.0,0.0,0.0,0.0,0.0,0.0,0.0,0.0,0.0,0.0,,,,,数据不足
2026-08,B0HF4S1WZC,PT4SGE22800,,0.0,0.0,0.0,0.0,0.0,0.0,0.0,0.0,0.0,0.0,,,,,数据不足
2026-08,B0HF4SFW4F,PT4SGE21100,,0.0,0.0,0.0,0.0,0.0,0.0,0.0,0.0,0.0,0.0,,,,,数据不足
2026-08,B0HF4SFYR2,KC4SGE03300,,0.0,0.0,0.0,0.0,0.0,0.0,0.0,0.0,0.0,0.0,,,,,数据不足
2026-08,B0HF4SG8HS,KC4PSP17000,,0.0,0.0,0.0,0.0,0.0,0.0,0.0,0.0,0.0,0.0,,,,,数据不足
2026-08,B0HF4SVMX6,KX4SGE10300,,0.0,0.0,0.0,0.0,0.0,0.0,0.0,0.0,0.0,0.0,,,,,数据不足
2026-08,B0HF4SW28N,KC4SGE00100,,0.0,0.0,0.0,0.0,0.0,0.0,0.0,0.0,0.0,0.0,,,,,数据不足
2026-08,B0HF4T64Y1,KC4PSP16300,,0.0,0.0,0.0,0.0,0.0,0.0,0.0,0.0,0.0,0.0,,,,,数据不足
2026-08,B0HF4TBKNW,KC4SGE00800,,0.0,0.0,0.0,0.0,0.0,0.0,0.0,0.0,0.0,0.0,,,,,数据不足
2026-08,B0HF4TDM7H,PT4SGE22200,,0.0,0.0,0.0,0.0,0.0,0.0,0.0,0.0,0.0,0.0,,,,,数据不足
2026-08,B0HF4TJTXM,KC4SGE00300,,0.0,0.0,0.0,0.0,0.0,0.0,0.0,0.0,0.0,0.0,,,,,数据不足
2026-08,B0HF4TRQDC,KX4SGE13100,,0.0,0.0,0.0,0.0,0.0,0.0,0.0,0.0,0.0,0.0,,,,,数据不足
2026-08,B0HF4TSY5B,PT4SGE27800,,0.0,0.0,0.0,0.0,0.0,0.0,0.0,0.0,0.0,0.0,,,,,数据不足
2026-08,B0HF4V37P2,KC4PSP17800,,0.0,0.0,0.0,0.0,0.0,0.0,0.0,0.0,0.0,0.0,,,,,数据不足
2026-08,B0HF4V7FPM,KX4SGE14900,,0.0,0.0,0.0,0.0,0.0,0.0,0.0,0.0,0.0,0.0,,,,,数据不足
2026-08,B0HF4VDVKX,KX4SGE10700,,0.0,0.0,0.0,0.0,0.0,0.0,0.0,0.0,0.0,0.0,,,,,数据不足
2026-08,B0HF4VFXDJ,KX4SGE09700,,0.0,0.0,0.0,0.0,0.0,0.0,0.0,0.0,0.0,0.0,,,,,数据不足
2026-08,B0HF4VKHJH,KC4SGE02800,,0.0,0.0,0.0,0.0,0.0,0.0,0.0,0.0,0.0,0.0,,,,,数据不足
2026-08,B0HF4VKJJ6,PT4SGE27600,,0.0,0.0,0.0,0.0,0.0,0.0,0.0,0.0,0.0,3.54,,,,,数据不足
2026-08,B0HF4VMWMC,PT4SGE19200,,0.0,0.0,0.0,0.0,0.0,0.0,0.0,0.0,0.0,0.0,,,,,数据不足
2026-08,B0HF4VPTZ4,KX4SGE13500,,0.0,0.0,0.0,0.0,0.0,0.0,0.0,0.0,0.0,0.0,,,,,数据不足
2026-08,B0HF4W1BSY,KC4SGE03100,,0.0,0.0,0.0,0.0,0.0,0.0,0.0,0.0,0.0,0.0,,,,,数据不足
2026-08,B0HF4W6F37,KC4PSP18000,,0.0,0.0,0.0,0.0,0.0,0.0,0.0,0.0,0.0,2.99,,,,,数据不足
2026-08,B0HF4W6S6F,KC4PSP16200,,0.0,0.0,0.0,0.0,0.0,0.0,0.0,0.0,0.0,0.0,,,,,数据不足
2026-08,B0HF4W7B62,PT4SGE23200,,0.0,0.0,0.0,0.0,0.0,0.0,0.0,0.0,0.0,0.0,,,,,数据不足
2026-08,B0HF4W9ZVJ,PT4SGE19500,,0.0,0.0,0.0,0.0,0.0,0.0,0.0,0.0,0.0,0.0,,,,,数据不足
2026-08,B0HF4WCSTC,PT4SGE19300,,0.0,0.0,0.0,0.0,0.0,0.0,0.0,0.0,0.0,0.0,,,,,数据不足
2026-08,B0HF4WP58F,KX4SGE16500,,0.0,0.0,0.0,0.0,0.0,0.0,0.0,0.0,0.0,0.0,,,,,数据不足
2026-08,B0HF4WQ22L,KX4SGE07700,,0.0,0.0,0.0,0.0,0.0,0.0,0.0,0.0,0.0,0.0,,,,,数据不足
2026-08,B0HF4WS2LD,KX4SGE14500,,0.0,0.0,0.0,0.0,0.0,0.0,0.0,0.0,0.0,0.0,,,,,数据不足
2026-08,B0HF4WZM16,KX4SGE13100,,0.0,0.0,0.0,0.0,0.0,0.0,0.0,0.0,0.0,0.0,,,,,数据不足
2026-08,B0HF4X4C1W,OO4SGE34000,,0.0,0.0,0.0,0.0,0.0,0.0,0.0,0.0,0.0,15.23,,,,,数据不足
2026-08,B0HF4X8W9M,KC4SGE03700,,0.0,0.0,0.0,0.0,0.0,0.0,0.0,0.0,0.0,0.0,,,,,数据不足
2026-08,B0HF4XC484,PT4SGE22700,,0.0,0.0,0.0,0.0,0.0,0.0,0.0,0.0,0.0,0.0,,,,,数据不足
2026-08,B0HF4XYBJT,KX4SGE12200,,0.0,0.0,0.0,0.0,0.0,0.0,0.0,0.0,0.0,0.0,,,,,数据不足
2026-08,B0HF4XYBNY,KX4SGE11100,,0.0,0.0,0.0,0.0,0.0,0.0,0.0,0.0,0.0,0.0,,,,,数据不足
2026-08,B0HF4Y5J7Y,KX4SGE12700,,0.0,0.0,0.0,0.0,0.0,0.0,0.0,0.0,0.0,0.0,,,,,数据不足
2026-08,B0HF4Y8HGP,PT4SGE21400,,0.0,0.0,0.0,0.0,0.0,0.0,0.0,0.0,0.0,0.0,,,,,数据不足
2026-08,B0HF4YVQL9,KX4SGE12900,,0.0,0.0,0.0,0.0,0.0,0.0,0.0,0.0,0.0,0.0,,,,,数据不足
2026-08,B0HF4YZPDF,KC4SGE02900,,0.0,0.0,0.0,0.0,0.0,0.0,0.0,0.0,0.0,0.0,,,,,数据不足
2026-08,B0HF4ZF3HG,PT4SGE19100,,0.0,0.0,0.0,0.0,0.0,0.0,0.0,0.0,0.0,1.7,,,,,数据不足
2026-08,B0HF4ZF5X9,PT4SGE20500,,0.0,0.0,0.0,0.0,0.0,0.0,0.0,0.0,0.0,28.63,,,,,数据不足
2026-08,B0HF4ZLPYM,OO4SGE34800,,0.0,0.0,0.0,0.0,0.0,0.0,0.0,0.0,0.0,0.0,,,,,数据不足
2026-08,B0HF4ZLWLS,PT4SGE23600,,0.0,0.0,0.0,0.0,0.0,0.0,0.0,0.0,0.0,0.0,,,,,数据不足
2026-08,B0HF4ZXLTC,PT4SGE26200,,0.0,0.0,0.0,0.0,0.0,0.0,0.0,0.0,0.0,0.0,,,,,数据不足
2026-08,B0HF4ZYKDH,KC4PSP16600,,0.0,0.0,0.0,0.0,0.0,0.0,0.0,0.0,0.0,0.0,,,,,数据不足
2026-08,B0HF514K5M,KC4SGE01100,,0.0,0.0,0.0,0.0,0.0,0.0,0.0,0.0,0.0,4.08,,,,,数据不足
2026-08,B0HF51KVJ3,PT4SGE28200,,0.0,0.0,0.0,0.0,0.0,0.0,0.0,0.0,0.0,0.0,,,,,数据不足
2026-08,B0HF51LKS6,KX4SGE14500,,0.0,0.0,0.0,0.0,0.0,0.0,0.0,0.0,0.0,0.0,,,,,数据不足
2026-08,B0HF52G4SJ,OO4SGE34100,,0.0,0.0,0.0,0.0,0.0,0.0,0.0,0.0,0.0,0.0,,,,,数据不足
2026-08,B0HF534CSM,PT4SGE21500,,0.0,0.0,0.0,0.0,0.0,0.0,0.0,0.0,0.0,0.0,,,,,数据不足
2026-08,B0HF535CH3,KC4SGE01100,,0.0,0.0,0.0,0.0,0.0,0.0,0.0,0.0,0.0,0.0,,,,,数据不足
2026-08,B0HF54BWLK,KC4SGE03200,,0.0,0.0,0.0,0.0,0.0,0.0,0.0,0.0,0.0,0.0,,,,,数据不足
2026-08,B0HF54SLND,KX4SGE12100,,0.0,0.0,0.0,0.0,0.0,0.0,0.0,0.0,0.0,0.0,,,,,数据不足
2026-08,B0HF54T8JC,KC4SGE00900,,0.0,0.0,0.0,0.0,0.0,0.0,0.0,0.0,0.0,0.0,,,,,数据不足
2026-08,B0HF56Z1QZ,KX4SGE10200,,0.0,0.0,0.0,0.0,0.0,0.0,0.0,0.0,0.0,4.08,,,,,数据不足
2026-08,B0HF56ZXWQ,PT4SGE23400,,0.0,0.0,0.0,0.0,0.0,0.0,0.0,0.0,0.0,0.0,,,,,数据不足
2026-08,B0HF6TVL2N,OO4SGE36300,,0.0,0.0,0.0,0.0,0.0,0.0,0.0,0.0,0.0,0.0,,,,,数据不足
2026-08,B0HF6V55WT,KX4SGE10600,,0.0,0.0,0.0,0.0,0.0,0.0,0.0,0.0,0.0,0.0,,,,,数据不足
2026-08,B0HF6VBSD1,KX4SGE16800,,0.0,0.0,0.0,0.0,0.0,0.0,0.0,0.0,0.0,0.0,,,,,数据不足
2026-08,B0HF6VCZHG,KC4PSP18100,,0.0,0.0,0.0,0.0,0.0,0.0,0.0,0.0,0.0,0.0,,,,,数据不足
2026-08,B0HF6VDK1T,KX4SGE08200,,0.0,0.0,0.0,0.0,0.0,0.0,0.0,0.0,0.0,0.0,,,,,数据不足
2026-08,B0HF6WCXZ4,PT4SGE26700,,0.0,0.0,0.0,0.0,0.0,0.0,0.0,0.0,0.0,0.0,,,,,数据不足
2026-08,B0HF6X9YLV,KC4SGE05300,,0.0,0.0,0.0,0.0,0.0,0.0,0.0,0.0,0.0,3.26,,,,,数据不足
2026-08,B0HF6XKVTJ,PT4SGE24100,,0.0,0.0,0.0,0.0,0.0,0.0,0.0,0.0,0.0,0.0,,,,,数据不足
2026-08,B0HF6XN9PR,OO4SGE36800,,0.0,0.0,0.0,0.0,0.0,0.0,0.0,0.0,0.0,0.0,,,,,数据不足
2026-08,B0HF6XTK7Q,PT4SGE25400,,0.0,0.0,0.0,0.0,0.0,0.0,0.0,0.0,0.0,0.0,,,,,数据不足
2026-08,B0HF6XYWS1,PT4SGE26500,,0.0,0.0,0.0,0.0,0.0,0.0,0.0,0.0,0.0,5.92,,,,,数据不足
2026-08,B0HF6Y2CHT,KC4PSP17200,,0.0,0.0,0.0,0.0,0.0,0.0,0.0,0.0,0.0,0.0,,,,,数据不足
2026-08,B0HF6Y2RBF,OO4SGE38400,,0.0,0.0,0.0,0.0,0.0,0.0,0.0,0.0,0.0,0.0,,,,,数据不足
2026-08,B0HF6Y2ZGX,KX4SGE15400,,0.0,0.0,0.0,0.0,0.0,0.0,0.0,0.0,0.0,0.0,,,,,数据不足
2026-08,B0HF6Y36KK,PT4SGE23900,,0.0,0.0,0.0,0.0,0.0,0.0,0.0,0.0,0.0,0.0,,,,,数据不足
2026-08,B0HF6Y3WFD,KX4SGE17100,,0.0,0.0,0.0,0.0,0.0,0.0,0.0,0.0,0.0,0.0,,,,,数据不足
2026-08,B0HF6YWQ5R,PT4SGE18800,,0.0,0.0,0.0,0.0,0.0,0.0,0.0,0.0,0.0,0.0,,,,,数据不足
2026-08,B0HF6ZF22C,PT4SGE26500,,0.0,0.0,0.0,0.0,0.0,0.0,0.0,0.0,0.0,0.0,,,,,数据不足
2026-08,B0HF6ZPQ29,KX4SGE07900,,0.0,0.0,0.0,0.0,0.0,0.0,0.0,0.0,0.0,28.49,,,,,数据不足
2026-08,B0HF6ZW2SY,PT4SGE20100,,0.0,0.0,0.0,0.0,0.0,0.0,0.0,0.0,0.0,0.0,,,,,数据不足
2026-08,B0HF6ZWCVH,PT4SGE28100,,0.0,0.0,0.0,0.0,0.0,0.0,0.0,0.0,0.0,0.0,,,,,数据不足
2026-08,B0HF7165D1,KX4SGE14000,,0.0,0.0,0.0,0.0,0.0,0.0,0.0,0.0,0.0,11.7,,,,,数据不足
2026-08,B0HF717BL8,KC4PSP17600,,0.0,0.0,0.0,0.0,0.0,0.0,0.0,0.0,0.0,0.0,,,,,数据不足
2026-08,B0HF71BKZP,PT4SGE25400,,0.0,0.0,0.0,0.0,0.0,0.0,0.0,0.0,0.0,0.0,,,,,数据不足
2026-08,B0HF71G1YB,PT4SGE24100,,0.0,0.0,0.0,0.0,0.0,0.0,0.0,0.0,0.0,7.55,,,,,数据不足
2026-08,B0HF71G45T,KC4SGE00200,,0.0,0.0,0.0,0.0,0.0,0.0,0.0,0.0,0.0,0.0,,,,,数据不足
2026-08,B0HF71JJZY,KX4SGE17400,,0.0,0.0,0.0,0.0,0.0,0.0,0.0,0.0,0.0,0.0,,,,,数据不足
2026-08,B0HF71MYB6,KX4SGE15200,,0.0,0.0,0.0,0.0,0.0,0.0,0.0,0.0,0.0,0.0,,,,,数据不足
2026-08,B0HF71P3WH,KC4SGE04100,,0.0,0.0,0.0,0.0,0.0,0.0,0.0,0.0,0.0,0.0,,,,,数据不足
2026-08,B0HF71Y7WR,KX4SGE18000,,0.0,0.0,0.0,0.0,0.0,0.0,0.0,0.0,0.0,0.0,,,,,数据不足
2026-08,B0HF721T32,PT4SGE28100,,0.0,0.0,0.0,0.0,0.0,0.0,0.0,0.0,0.0,0.0,,,,,数据不足
2026-08,B0HF729X31,KC4PSP17200,,0.0,0.0,0.0,0.0,0.0,0.0,0.0,0.0,0.0,0.0,,,,,数据不足
2026-08,B0HF72J2ZD,KX4SGE13300,,0.0,0.0,0.0,0.0,0.0,0.0,0.0,0.0,0.0,0.0,,,,,数据不足
2026-08,B0HF72M683,KC4SGE03000,,0.0,0.0,0.0,0.0,0.0,0.0,0.0,0.0,0.0,0.0,,,,,数据不足
2026-08,B0HF72QH89,OO4SGE35600,,0.0,0.0,0.0,0.0,0.0,0.0,0.0,0.0,0.0,0.0,,,,,数据不足
2026-08,B0HF72T5VH,KX4SGE17300,,0.0,0.0,0.0,0.0,0.0,0.0,0.0,0.0,0.0,0.0,,,,,数据不足
2026-08,B0HF72VZCK,KC4SGE03400,,0.0,0.0,0.0,0.0,0.0,0.0,0.0,0.0,0.0,0.0,,,,,数据不足
2026-08,B0HF72Z92G,PT4SGE18300,,0.0,0.0,0.0,0.0,0.0,0.0,0.0,0.0,0.0,0.0,,,,,数据不足
2026-08,B0HF72ZW9S,KX4SGE17200,,0.0,0.0,0.0,0.0,0.0,0.0,0.0,0.0,0.0,0.0,,,,,数据不足
2026-08,B0HF731DK6,KC4SGE05100,,0.0,0.0,0.0,0.0,0.0,0.0,0.0,0.0,0.0,0.0,,,,,数据不足
2026-08,B0HF733PGJ,KC4SGE03500,,0.0,0.0,0.0,0.0,0.0,0.0,0.0,0.0,0.0,0.0,,,,,数据不足
2026-08,B0HF7351SV,OO4SGE37300,,0.0,0.0,0.0,0.0,0.0,0.0,0.0,0.0,0.0,0.0,,,,,数据不足
2026-08,B0HF7357HG,KC4SGE05400,,0.0,0.0,0.0,0.0,0.0,0.0,0.0,0.0,0.0,0.0,,,,,数据不足
2026-08,B0HF7395DL,PT4SGE24300,,0.0,0.0,0.0,0.0,0.0,0.0,0.0,0.0,0.0,0.0,,,,,数据不足
2026-08,B0HF73JD1T,KC4SGE05200,,0.0,0.0,0.0,0.0,0.0,0.0,0.0,0.0,0.0,0.0,,,,,数据不足
2026-08,B0HF73L3HM,PT4SGE23400,,0.0,0.0,0.0,0.0,0.0,0.0,0.0,0.0,0.0,0.0,,,,,数据不足
2026-08,B0HF73ML4B,PT4SGE18500,,0.0,0.0,0.0,0.0,0.0,0.0,0.0,0.0,0.0,0.0,,,,,数据不足
2026-08,B0HF73ML5P,OO4SGE36200,,0.0,0.0,0.0,0.0,0.0,0.0,0.0,0.0,0.0,0.0,,,,,数据不足
2026-08,B0HF73Q9RD,KX4SGE09100,,0.0,0.0,0.0,0.0,0.0,0.0,0.0,0.0,0.0,0.0,,,,,数据不足
2026-08,B0HF73QDNR,KC4SGE05300,,0.0,0.0,0.0,0.0,0.0,0.0,0.0,0.0,0.0,0.0,,,,,数据不足
2026-08,B0HF73RMCC,KC4SGE02400,,0.0,0.0,0.0,0.0,0.0,0.0,0.0,0.0,0.0,0.0,,,,,数据不足
2026-08,B0HF73S98V,KX4SGE10100,,0.0,0.0,0.0,0.0,0.0,0.0,0.0,0.0,0.0,16.05,,,,,数据不足
2026-08,B0HF73S9LG,KC4SGE01600,,0.0,0.0,0.0,0.0,0.0,0.0,0.0,0.0,0.0,0.0,,,,,数据不足
2026-08,B0HF73SB3S,KX4SGE08000,,0.0,0.0,0.0,0.0,0.0,0.0,0.0,0.0,0.0,0.0,,,,,数据不足
2026-08,B0HF73XVQB,KX4SGE13200,,0.0,0.0,0.0,0.0,0.0,0.0,0.0,0.0,0.0,3.06,,,,,数据不足
2026-08,B0HF73YCW1,PT4SGE18600,,0.0,0.0,0.0,0.0,0.0,0.0,0.0,0.0,0.0,0.0,,,,,数据不足
2026-08,B0HF7416NS,KC4SGE00500,,0.0,0.0,0.0,0.0,0.0,0.0,0.0,0.0,0.0,0.0,,,,,数据不足
2026-08,B0HF741V6G,PT4SGE24900,,0.0,0.0,0.0,0.0,0.0,0.0,0.0,0.0,0.0,0.0,,,,,数据不足
2026-08,B0HF745263,PT4SGE26800,,0.0,0.0,0.0,0.0,0.0,0.0,0.0,0.0,0.0,0.0,,,,,数据不足
2026-08,B0HF747396,KX4SGE12400,,0.0,0.0,0.0,0.0,0.0,0.0,0.0,0.0,0.0,0.0,,,,,数据不足
2026-08,B0HF748NYW,PT4SGE19600,,0.0,0.0,0.0,0.0,0.0,0.0,0.0,0.0,0.0,0.0,,,,,数据不足
2026-08,B0HF74BB4P,PT4SGE26300,,0.0,0.0,0.0,0.0,0.0,0.0,0.0,0.0,0.0,0.0,,,,,数据不足
2026-08,B0HF74BCS3,KC4SGE04800,,0.0,0.0,0.0,0.0,0.0,0.0,0.0,0.0,0.0,0.0,,,,,数据不足
2026-08,B0HF74FJL7,OO4SGE37200,,0.0,0.0,0.0,0.0,0.0,0.0,0.0,0.0,0.0,0.0,,,,,数据不足
2026-08,B0HF74GCJR,KX4SGE14700,,0.0,0.0,0.0,0.0,0.0,0.0,0.0,0.0,0.0,0.0,,,,,数据不足
2026-08,B0HF74GNP1,OO4SGE34800,,0.0,0.0,0.0,0.0,0.0,0.0,0.0,0.0,0.0,0.0,,,,,数据不足
2026-08,B0HF74HQC3,KX4SGE16700,,0.0,0.0,0.0,0.0,0.0,0.0,0.0,0.0,0.0,0.0,,,,,数据不足
2026-08,B0HF74NS15,PT4SGE19400,,0.0,0.0,0.0,0.0,0.0,0.0,0.0,0.0,0.0,0.0,,,,,数据不足
2026-08,B0HF74T1J1,PT4SGE25600,,0.0,0.0,0.0,0.0,0.0,0.0,0.0,0.0,0.0,0.0,,,,,数据不足
2026-08,B0HF74YMRR,OO4SGE35400,,0.0,0.0,0.0,0.0,0.0,0.0,0.0,0.0,0.0,4.49,,,,,数据不足
2026-08,B0HF753L5H,KC4PSP17900,,0.0,0.0,0.0,0.0,0.0,0.0,0.0,0.0,0.0,0.0,,,,,数据不足
2026-08,B0HF75B2D8,PT4SGE27000,,0.0,0.0,0.0,0.0,0.0,0.0,0.0,0.0,0.0,0.0,,,,,数据不足
2026-08,B0HF75B4PH,KX4SGE08300,,0.0,0.0,0.0,0.0,0.0,0.0,0.0,0.0,0.0,0.0,,,,,数据不足
2026-08,B0HF75CLFK,OO4SGE38600,,0.0,0.0,0.0,0.0,0.0,0.0,0.0,0.0,0.0,0.0,,,,,数据不足
2026-08,B0HF75M515,PT4SGE25600,,0.0,0.0,0.0,0.0,0.0,0.0,0.0,0.0,0.0,0.0,,,,,数据不足
2026-08,B0HF75QHRH,PT4SGE19700,,0.0,0.0,0.0,0.0,0.0,0.0,0.0,0.0,0.0,0.0,,,,,数据不足
2026-08,B0HF75QPV4,KC4SGE00400,,0.0,0.0,0.0,0.0,0.0,0.0,0.0,0.0,0.0,0.0,,,,,数据不足
2026-08,B0HF75R3SL,OO4SGE38000,,0.0,0.0,0.0,0.0,0.0,0.0,0.0,0.0,0.0,0.0,,,,,数据不足
2026-08,B0HF75RDZC,KX4SGE11700,,0.0,0.0,0.0,0.0,0.0,0.0,0.0,0.0,0.0,0.0,,,,,数据不足
2026-08,B0HF75RPLR,KX4SGE08400,,0.0,0.0,0.0,0.0,0.0,0.0,0.0,0.0,0.0,0.0,,,,,数据不足
2026-08,B0HF75SYSD,PT4SGE20100,,0.0,0.0,0.0,0.0,0.0,0.0,0.0,0.0,0.0,0.0,,,,,数据不足
2026-08,B0HF75V1LB,OO4SGE38800,,0.0,0.0,0.0,0.0,0.0,0.0,0.0,0.0,0.0,0.0,,,,,数据不足
2026-08,B0HF75WLKV,KC4SGE02500,,0.0,0.0,0.0,0.0,0.0,0.0,0.0,0.0,0.0,0.0,,,,,数据不足
2026-08,B0HF75YVWK,KC4SGE01800,,0.0,0.0,0.0,0.0,0.0,0.0,0.0,0.0,0.0,0.0,,,,,数据不足
2026-08,B0HF7624JZ,KX4SGE12100,,0.0,0.0,0.0,0.0,0.0,0.0,0.0,0.0,0.0,0.0,,,,,数据不足
2026-08,B0HF762L8Q,OO4SGE34200,,0.0,0.0,0.0,0.0,0.0,0.0,0.0,0.0,0.0,0.0,,,,,数据不足
2026-08,B0HF7653CB,KC4SGE02400,,0.0,0.0,0.0,0.0,0.0,0.0,0.0,0.0,0.0,0.0,,,,,数据不足
2026-08,B0HF7667J2,OO4SGE38500,,0.0,0.0,0.0,0.0,0.0,0.0,0.0,0.0,0.0,0.0,,,,,数据不足
2026-08,B0HF767K44,OO4SGE34300,,0.0,0.0,0.0,0.0,0.0,0.0,0.0,0.0,0.0,0.0,,,,,数据不足
2026-08,B0HF767K56,KX4SGE17700,,0.0,0.0,0.0,0.0,0.0,0.0,0.0,0.0,0.0,0.0,,,,,数据不足
2026-08,B0HF767ZMW,KC4SGE04800,,0.0,0.0,0.0,0.0,0.0,0.0,0.0,0.0,0.0,0.14,,,,,数据不足
2026-08,B0HF7682QV,PT4SGE19400,,0.0,0.0,0.0,0.0,0.0,0.0,0.0,0.0,0.0,0.0,,,,,数据不足
2026-08,B0HF768MN9,OO4SGE37500,,0.0,0.0,0.0,0.0,0.0,0.0,0.0,0.0,0.0,0.0,,,,,数据不足
2026-08,B0HF7691CL,OO4SGE39000,,0.0,0.0,0.0,0.0,0.0,0.0,0.0,0.0,0.0,0.0,,,,,数据不足
2026-08,B0HF76BTBP,KX4SGE13700,,0.0,0.0,0.0,0.0,0.0,0.0,0.0,0.0,0.0,0.0,,,,,数据不足
2026-08,B0HF76CCC9,KC4PSP17900,,0.0,0.0,0.0,0.0,0.0,0.0,0.0,0.0,0.0,0.0,,,,,数据不足
2026-08,B0HF76G6GB,PT4SGE27300,,0.0,0.0,0.0,0.0,0.0,0.0,0.0,0.0,0.0,0.0,,,,,数据不足
2026-08,B0HF76H3YK,KX4SGE13200,,0.0,0.0,0.0,0.0,0.0,0.0,0.0,0.0,0.0,0.0,,,,,数据不足
2026-08,B0HF76HM4N,PT4SGE19900,,0.0,0.0,0.0,0.0,0.0,0.0,0.0,0.0,0.0,0.0,,,,,数据不足
2026-08,B0HF76HZLB,PT4SGE19700,,0.0,0.0,0.0,0.0,0.0,0.0,0.0,0.0,0.0,0.0,,,,,数据不足
2026-08,B0HF76J726,KX4SGE15800,,0.0,0.0,0.0,0.0,0.0,0.0,0.0,0.0,0.0,0.0,,,,,数据不足
2026-08,B0HF76JB9S,OO4SGE37200,,0.0,0.0,0.0,0.0,0.0,0.0,0.0,0.0,0.0,0.0,,,,,数据不足
2026-08,B0HF76LZG6,KX4SGE11700,,0.0,0.0,0.0,0.0,0.0,0.0,0.0,0.0,0.0,0.0,,,,,数据不足
2026-08,B0HF76MSJC,PT4SGE18400,,0.0,0.0,0.0,0.0,0.0,0.0,0.0,0.0,0.0,0.0,,,,,数据不足
2026-08,B0HF76MWNX,PT4SGE19800,,0.0,0.0,0.0,0.0,0.0,0.0,0.0,0.0,0.0,0.0,,,,,数据不足
2026-08,B0HF76MZKC,PT4SGE21000,,0.0,0.0,0.0,0.0,0.0,0.0,0.0,0.0,0.0,0.0,,,,,数据不足
2026-08,B0HF76NBHR,PT4SGE19600,,0.0,0.0,0.0,0.0,0.0,0.0,0.0,0.0,0.0,0.0,,,,,数据不足
2026-08,B0HF76NXCS,PT4SGE26600,,0.0,0.0,0.0,0.0,0.0,0.0,0.0,0.0,0.0,0.0,,,,,数据不足
2026-08,B0HF76P4LT,PT4SGE24300,,0.0,0.0,0.0,0.0,0.0,0.0,0.0,0.0,0.0,0.0,,,,,数据不足
2026-08,B0HF76QNZ5,KC4SGE01400,,0.0,0.0,0.0,0.0,0.0,0.0,0.0,0.0,0.0,0.0,,,,,数据不足
2026-08,B0HF76WN2M,KX4SGE16500,,0.0,0.0,0.0,0.0,0.0,0.0,0.0,0.0,0.0,0.0,,,,,数据不足
2026-08,B0HF76XC2G,KX4SGE17000,,0.0,0.0,0.0,0.0,0.0,0.0,0.0,0.0,0.0,0.0,,,,,数据不足
2026-08,B0HF76XTK4,KX4SGE08400,,0.0,0.0,0.0,0.0,0.0,0.0,0.0,0.0,0.0,0.0,,,,,数据不足
2026-08,B0HF776HRD,OO4SGE37300,,0.0,0.0,0.0,0.0,0.0,0.0,0.0,0.0,0.0,0.0,,,,,数据不足
2026-08,B0HF777WYF,KC4SGE03700,,0.0,0.0,0.0,0.0,0.0,0.0,0.0,0.0,0.0,0.0,,,,,数据不足
2026-08,B0HF778SVX,KC4SGE04100,,0.0,0.0,0.0,0.0,0.0,0.0,0.0,0.0,0.0,0.0,,,,,数据不足
2026-08,B0HF77JWMS,KC4PSP18100,,0.0,0.0,0.0,0.0,0.0,0.0,0.0,0.0,0.0,0.0,,,,,数据不足
2026-08,B0HF77MS3D,KC4PSP16100,,0.0,0.0,0.0,0.0,0.0,0.0,0.0,0.0,0.0,0.0,,,,,数据不足
2026-08,B0HF77TCHY,KC4SGE05000,,0.0,0.0,0.0,0.0,0.0,0.0,0.0,0.0,0.0,0.0,,,,,数据不足
2026-08,B0HF77YGQB,KC4SGE04900,,0.0,0.0,0.0,0.0,0.0,0.0,0.0,0.0,0.0,0.0,,,,,数据不足
2026-08,B0HF789PSQ,OO4SGE37000,,0.0,0.0,0.0,0.0,0.0,0.0,0.0,0.0,0.0,0.0,,,,,数据不足
2026-08,B0HF78BN4J,KX4SGE17000,,0.0,0.0,0.0,0.0,0.0,0.0,0.0,0.0,0.0,0.0,,,,,数据不足
2026-08,B0HF78DY75,OO4SGE36200,,0.0,0.0,0.0,0.0,0.0,0.0,0.0,0.0,0.0,0.0,,,,,数据不足
2026-08,B0HF78JKL6,OO4SGE34600,,0.0,0.0,0.0,0.0,0.0,0.0,0.0,0.0,0.0,0.0,,,,,数据不足
2026-08,B0HF78K37N,PT4SGE27900,,0.0,0.0,0.0,0.0,0.0,0.0,0.0,0.0,0.0,0.0,,,,,数据不足
2026-08,B0HF78L3SV,KC4SGE05100,,0.0,0.0,0.0,0.0,0.0,0.0,0.0,0.0,0.0,0.0,,,,,数据不足
2026-08,B0HF78L3TY,OO4SGE38800,,0.0,0.0,0.0,0.0,0.0,0.0,0.0,0.0,0.0,0.0,,,,,数据不足
2026-08,B0HF78MGVS,KX4SGE15400,,0.0,0.0,0.0,0.0,0.0,0.0,0.0,0.0,0.0,0.0,,,,,数据不足
2026-08,B0HF78Q5S6,KC4SGE03300,,0.0,0.0,0.0,0.0,0.0,0.0,0.0,0.0,0.0,0.0,,,,,数据不足
2026-08,B0HF78QYGS,KX4SGE15200,,0.0,0.0,0.0,0.0,0.0,0.0,0.0,0.0,0.0,0.0,,,,,数据不足
2026-08,B0HF78SGXK,PT4SGE27900,,0.0,0.0,0.0,0.0,0.0,0.0,0.0,0.0,0.0,3.54,,,,,数据不足
2026-08,B0HF78TG34,OO4SGE38300,,0.0,0.0,0.0,0.0,0.0,0.0,0.0,0.0,0.0,0.0,,,,,数据不足
2026-08,B0HF78TLLP,KX4SGE13300,,0.0,0.0,0.0,0.0,0.0,0.0,0.0,0.0,0.0,0.0,,,,,数据不足
2026-08,B0HF78VD7Y,KX4SGE08000,,0.0,0.0,0.0,0.0,0.0,0.0,0.0,0.0,0.0,0.0,,,,,数据不足
2026-08,B0HF78X2KB,OO4SGE35700,,0.0,0.0,0.0,0.0,0.0,0.0,0.0,0.0,0.0,5.64,,,,,数据不足
2026-08,B0HF78X3H8,PT4SGE18600,,0.0,0.0,0.0,0.0,0.0,0.0,0.0,0.0,0.0,0.0,,,,,数据不足
2026-08,B0HF78X6VJ,KC4PSP16000,,0.0,0.0,0.0,0.0,0.0,0.0,0.0,0.0,0.0,0.0,,,,,数据不足
2026-08,B0HF7913LT,PT4SGE19900,,0.0,0.0,0.0,0.0,0.0,0.0,0.0,0.0,0.0,0.0,,,,,数据不足
2026-08,B0HF793ZJ9,OO4SGE39100,,0.0,0.0,0.0,0.0,0.0,0.0,0.0,0.0,0.0,0.0,,,,,数据不足
2026-08,B0HF796T3P,PT4SGE23700,,0.0,0.0,0.0,0.0,0.0,0.0,0.0,0.0,0.0,0.0,,,,,数据不足
2026-08,B0HF796T8P,KX4SGE07900,,0.0,0.0,0.0,0.0,0.0,0.0,0.0,0.0,0.0,0.0,,,,,数据不足
2026-08,B0HF797WFF,PT4SGE23300,,0.0,0.0,0.0,0.0,0.0,0.0,0.0,0.0,0.0,0.0,,,,,数据不足
2026-08,B0HF798HPZ,PT4SGE26600,,0.0,0.0,0.0,0.0,0.0,0.0,0.0,0.0,0.0,0.0,,,,,数据不足
2026-08,B0HF799SKR,KC4SGE00300,,0.0,0.0,0.0,0.0,0.0,0.0,0.0,0.0,0.0,0.0,,,,,数据不足
2026-08,B0HF79C82P,OO4SGE36900,,0.0,0.0,0.0,0.0,0.0,0.0,0.0,0.0,0.0,0.0,,,,,数据不足
2026-08,B0HF79CDNM,OO4SGE35200,,0.0,0.0,0.0,0.0,0.0,0.0,0.0,0.0,0.0,0.0,,,,,数据不足
2026-08,B0HF79D4KT,OO4SGE38400,,0.0,0.0,0.0,0.0,0.0,0.0,0.0,0.0,0.0,0.0,,,,,数据不足
2026-08,B0HF79F3LW,KC4SGE05200,,0.0,0.0,0.0,0.0,0.0,0.0,0.0,0.0,0.0,0.0,,,,,数据不足
2026-08,B0HF79FM5V,OO4SGE38600,,0.0,0.0,0.0,0.0,0.0,0.0,0.0,0.0,0.0,0.0,,,,,数据不足
2026-08,B0HF79J84Y,PT4SGE18700,,0.0,0.0,0.0,0.0,0.0,0.0,0.0,0.0,0.0,4.69,,,,,数据不足
2026-08,B0HF79R7DC,KC4SGE01500,,0.0,0.0,0.0,0.0,0.0,0.0,0.0,0.0,0.0,3.54,,,,,数据不足
2026-08,B0HF7B3L8T,OO4SGE38000,,0.0,0.0,0.0,0.0,0.0,0.0,0.0,0.0,0.0,0.0,,,,,数据不足
2026-08,B0HF7BKGKT,KC4PSP17700,,0.0,0.0,0.0,0.0,0.0,0.0,0.0,0.0,0.0,0.0,,,,,数据不足
2026-08,B0HF7BWBCH,OO4SGE35400,,0.0,0.0,0.0,0.0,0.0,0.0,0.0,0.0,0.0,0.0,,,,,数据不足
2026-08,B0HF7BZB3X,PT4SGE24900,,0.0,0.0,0.0,0.0,0.0,0.0,0.0,0.0,0.0,0.0,,,,,数据不足
2026-08,B0HF7C132D,PT4SGE27000,,0.0,0.0,0.0,0.0,0.0,0.0,0.0,0.0,0.0,0.0,,,,,数据不足
2026-08,B0HF7C6BPQ,PT4SGE27500,,0.0,0.0,0.0,0.0,0.0,0.0,0.0,0.0,0.0,0.0,,,,,数据不足
2026-08,B0HF7C8TB3,KC4PSP18200,,0.0,0.0,0.0,0.0,0.0,0.0,0.0,0.0,0.0,0.0,,,,,数据不足
2026-08,B0HF7CJ5CP,PT4SGE24400,,0.0,0.0,0.0,0.0,0.0,0.0,0.0,0.0,0.0,0.0,,,,,数据不足
2026-08,B0HF7CKRX1,KX4SGE08100,,0.0,0.0,0.0,0.0,0.0,0.0,0.0,0.0,0.0,0.0,,,,,数据不足
2026-08,B0HF7CMPGW,KX4SGE08600,,0.0,0.0,0.0,0.0,0.0,0.0,0.0,0.0,0.0,0.0,,,,,数据不足
2026-08,B0HF7CSRRM,KC4SGE02700,,0.0,0.0,0.0,0.0,0.0,0.0,0.0,0.0,0.0,0.0,,,,,数据不足
2026-08,B0HF7CZQWX,OO4SGE36300,,0.0,0.0,0.0,0.0,0.0,0.0,0.0,0.0,0.0,0.0,,,,,数据不足
2026-08,B0HF7D1VT1,KX4SGE08500,,0.0,0.0,0.0,0.0,0.0,0.0,0.0,0.0,0.0,0.0,,,,,数据不足
2026-08,B0HF7D6QLT,OO4SGE35600,,0.0,0.0,0.0,0.0,0.0,0.0,0.0,0.0,0.0,0.0,,,,,数据不足
2026-08,B0HF7FDSHP,PT4SGE26000,,0.0,0.0,0.0,0.0,0.0,0.0,0.0,0.0,0.0,0.0,,,,,数据不足
2026-08,B0HF7FLS9R,PT4SGE24700,,0.0,0.0,0.0,0.0,0.0,0.0,0.0,0.0,0.0,0.0,,,,,数据不足
2026-08,B0HF7FNMLN,KX4SGE09300,,0.0,0.0,0.0,0.0,0.0,0.0,0.0,0.0,0.0,0.0,,,,,数据不足
2026-08,B0HF7FR1KG,KX4SGE10100,,0.0,0.0,0.0,0.0,0.0,0.0,0.0,0.0,0.0,0.0,,,,,数据不足
2026-08,B0HF7FSRS7,OO4SGE38900,,0.0,0.0,0.0,0.0,0.0,0.0,0.0,0.0,0.0,0.0,,,,,数据不足
2026-08,B0HF7FX5MM,KC4PSP17100,,0.0,0.0,0.0,0.0,0.0,0.0,0.0,0.0,0.0,0.0,,,,,数据不足
2026-08,B0HF7FZRXM,KX4SGE17700,,0.0,0.0,0.0,0.0,0.0,0.0,0.0,0.0,0.0,0.0,,,,,数据不足
2026-08,B0HF7G2KK7,KC4SGE01200,,0.0,0.0,0.0,0.0,0.0,0.0,0.0,0.0,0.0,0.0,,,,,数据不足
2026-08,B0HF7G5RDY,PT4SGE24700,,0.0,0.0,0.0,0.0,0.0,0.0,0.0,0.0,0.0,0.0,,,,,数据不足
2026-08,B0HF7G7JHZ,PT4SGE24400,,0.0,0.0,0.0,0.0,0.0,0.0,0.0,0.0,0.0,0.0,,,,,数据不足
2026-08,B0HF7GBB38,OO4SGE35200,,0.0,0.0,0.0,0.0,0.0,0.0,0.0,0.0,0.0,0.0,,,,,数据不足
2026-08,B0HF7GJ383,PT4SGE25800,,0.0,0.0,0.0,0.0,0.0,0.0,0.0,0.0,0.0,0.95,,,,,数据不足
2026-08,B0HF7GP6MX,KX4SGE17200,,0.0,0.0,0.0,0.0,0.0,0.0,0.0,0.0,0.0,0.0,,,,,数据不足
2026-08,B0HF7GRHMZ,OO4SGE35700,,0.0,0.0,0.0,0.0,0.0,0.0,0.0,0.0,0.0,0.0,,,,,数据不足
2026-08,B0HF7HY2JM,KC4SGE01300,,0.0,0.0,0.0,0.0,0.0,0.0,0.0,0.0,0.0,0.0,,,,,数据不足
2026-08,B0HF7J9LCG,OO4SGE38500,,0.0,0.0,0.0,0.0,0.0,0.0,0.0,0.0,0.0,0.0,,,,,数据不足
2026-08,B0HF7JH99P,PT4SGE19800,,0.0,0.0,0.0,0.0,0.0,0.0,0.0,0.0,0.0,0.0,,,,,数据不足
2026-08,B0HF7JM825,KC4SGE03000,,0.0,0.0,0.0,0.0,0.0,0.0,0.0,0.0,0.0,0.0,,,,,数据不足
2026-08,B0HF7K1HDC,PT4SGE27800,,0.0,0.0,0.0,0.0,0.0,0.0,0.0,0.0,0.0,0.0,,,,,数据不足
2026-08,B0HF7K1TN8,KC4SGE04600,,0.0,0.0,0.0,0.0,0.0,0.0,0.0,0.0,0.0,0.0,,,,,数据不足
2026-08,B0HF7K85RP,PT4SGE18300,,0.0,0.0,0.0,0.0,0.0,0.0,0.0,0.0,0.0,0.0,,,,,数据不足
2026-08,B0HF7KF3Z8,OO4SGE36000,,0.0,0.0,0.0,0.0,0.0,0.0,0.0,0.0,0.0,0.0,,,,,数据不足
2026-08,B0HF7KMQYX,KC4SGE04700,,0.0,0.0,0.0,0.0,0.0,0.0,0.0,0.0,0.0,0.0,,,,,数据不足
2026-08,B0HF7KVWQC,KX4SGE10900,,0.0,0.0,0.0,0.0,0.0,0.0,0.0,0.0,0.0,0.0,,,,,数据不足
2026-08,B0HF7LDB61,PT4SGE24000,,0.0,0.0,0.0,0.0,0.0,0.0,0.0,0.0,0.0,0.0,,,,,数据不足
2026-08,B0HF7LDTTC,PT4SGE27500,,0.0,0.0,0.0,0.0,0.0,0.0,0.0,0.0,0.0,0.0,,,,,数据不足
2026-08,B0HF7LW421,KX4SGE14700,,0.0,0.0,0.0,0.0,0.0,0.0,0.0,0.0,0.0,0.0,,,,,数据不足
2026-08,B0HF7MJKPW,PT4SGE25800,,0.0,0.0,0.0,0.0,0.0,0.0,0.0,0.0,0.0,0.0,,,,,数据不足
2026-08,B0HF7MTLDT,KC4PSP16100,,0.0,0.0,0.0,0.0,0.0,0.0,0.0,0.0,0.0,0.0,,,,,数据不足
2026-08,B0HF7MWHRG,OO4SGE38900,,0.0,0.0,0.0,0.0,0.0,0.0,0.0,0.0,0.0,0.0,,,,,数据不足
2026-08,B0HF7MZD8R,PT4SGE27300,,0.0,0.0,0.0,0.0,0.0,0.0,0.0,0.0,0.0,0.0,,,,,数据不足
2026-08,B0HF7MZZ57,OO4SGE36800,,0.0,0.0,0.0,0.0,0.0,0.0,0.0,0.0,0.0,0.0,,,,,数据不足
2026-08,B0HF7N1JJV,PT4SGE26100,,0.0,0.0,0.0,0.0,0.0,0.0,0.0,0.0,0.0,0.0,,,,,数据不足
2026-08,B0HF7N5WZX,KC4SGE04200,,0.0,0.0,0.0,0.0,0.0,0.0,0.0,0.0,0.0,0.0,,,,,数据不足
2026-08,B0HF7NTHRJ,PT4SGE18400,,0.0,0.0,0.0,0.0,0.0,0.0,0.0,0.0,0.0,0.0,,,,,数据不足
2026-08,B0HF7P1983,KC4SGE03400,,0.0,0.0,0.0,0.0,0.0,0.0,0.0,0.0,0.0,0.0,,,,,数据不足
2026-08,B0HF7PHXJB,KX4SGE08200,,0.0,0.0,0.0,0.0,0.0,0.0,0.0,0.0,0.0,0.0,,,,,数据不足
2026-08,B0HF7PJMPM,KC4PSP15900,,0.0,0.0,0.0,0.0,0.0,0.0,0.0,0.0,0.0,0.0,,,,,数据不足
2026-08,B0HF7PJNVZ,KX4SGE09200,,0.0,0.0,0.0,0.0,0.0,0.0,0.0,0.0,0.0,0.0,,,,,数据不足
2026-08,B0HF7PKGKG,PT4SGE26000,,0.0,0.0,0.0,0.0,0.0,0.0,0.0,0.0,0.0,0.0,,,,,数据不足
2026-08,B0HF7PR8TF,PT4SGE23900,,0.0,0.0,0.0,0.0,0.0,0.0,0.0,0.0,0.0,0.0,,,,,数据不足
2026-08,B0HF7PT4HG,OO4SGE39000,,0.0,0.0,0.0,0.0,0.0,0.0,0.0,0.0,0.0,0.0,,,,,数据不足
2026-08,B0HF7PTQNG,KC4PSP15900,,0.0,0.0,0.0,0.0,0.0,0.0,0.0,0.0,0.0,0.0,,,,,数据不足
2026-08,B0HF7PWJFQ,PT4SGE24000,,0.0,0.0,0.0,0.0,0.0,0.0,0.0,0.0,0.0,15.57,,,,,数据不足
2026-08,B0HF7Q22QQ,KC4SGE04700,,0.0,0.0,0.0,0.0,0.0,0.0,0.0,0.0,0.0,0.0,,,,,数据不足
2026-08,B0HF7Q3YY4,KC4SGE00400,,0.0,0.0,0.0,0.0,0.0,0.0,0.0,0.0,0.0,5.03,,,,,数据不足
2026-08,B0HF7QGGLD,KX4SGE08900,,0.0,0.0,0.0,0.0,0.0,0.0,0.0,0.0,0.0,0.0,,,,,数据不足
2026-08,B0HF7QQM5L,OO4SGE38200,,0.0,0.0,0.0,0.0,0.0,0.0,0.0,0.0,0.0,0.0,,,,,数据不足
2026-08,B0HF7QX1P8,KX4SGE08800,,0.0,0.0,0.0,0.0,0.0,0.0,0.0,0.0,0.0,0.0,,,,,数据不足
2026-08,B0HF7QX57H,OO4SGE38100,,0.0,0.0,0.0,0.0,0.0,0.0,0.0,0.0,0.0,0.0,,,,,数据不足
2026-08,B0HF7R2WJ6,KX4SGE15800,,0.0,0.0,0.0,0.0,0.0,0.0,0.0,0.0,0.0,0.0,,,,,数据不足
2026-08,B0HF7R4KBL,PT4SGE22200,,0.0,0.0,0.0,0.0,0.0,0.0,0.0,0.0,0.0,0.0,,,,,数据不足
2026-08,B0HF7R5FJP,PT4SGE26200,,0.0,0.0,0.0,0.0,0.0,0.0,0.0,0.0,0.0,0.0,,,,,数据不足
2026-08,B0HF7R63QB,OO4SGE39100,,0.0,0.0,0.0,0.0,0.0,0.0,0.0,0.0,0.0,0.0,,,,,数据不足
2026-08,B0HF7RKQJH,KX4SGE08100,,0.0,0.0,0.0,0.0,0.0,0.0,0.0,0.0,0.0,0.0,,,,,数据不足
2026-08,B0HF7RW5Z2,KX4SGE08500,,0.0,0.0,0.0,0.0,0.0,0.0,0.0,0.0,0.0,0.0,,,,,数据不足
2026-08,B0HF7SGKG2,KC4PSP16000,,0.0,0.0,0.0,0.0,0.0,0.0,0.0,0.0,0.0,0.0,,,,,数据不足
2026-08,B0HF7SPGNW,KC4SGE04900,,0.0,0.0,0.0,0.0,0.0,0.0,0.0,0.0,0.0,8.23,,,,,数据不足
2026-08,B0HF7SS49Z,OO4SGE38100,,0.0,0.0,0.0,0.0,0.0,0.0,0.0,0.0,0.0,0.0,,,,,数据不足
2026-08,B0HF7SZGPC,PT4SGE23700,,0.0,0.0,0.0,0.0,0.0,0.0,0.0,0.0,0.0,0.0,,,,,数据不足
2026-08,B0HF7TF1JB,OO4SGE34200,,0.0,0.0,0.0,0.0,0.0,0.0,0.0,0.0,0.0,0.0,,,,,数据不足
2026-08,B0HF7TGQLC,KX4SGE08800,,0.0,0.0,0.0,0.0,0.0,0.0,0.0,0.0,0.0,0.0,,,,,数据不足
2026-08,B0HF7TLZDQ,KX4SGE17100,,0.0,0.0,0.0,0.0,0.0,0.0,0.0,0.0,0.0,0.0,,,,,数据不足
2026-08,B0HF7TNZML,KC4SGE04200,,0.0,0.0,0.0,0.0,0.0,0.0,0.0,0.0,0.0,0.0,,,,,数据不足
2026-08,B0HF7TPDSY,PT4SGE24600,,0.0,0.0,0.0,0.0,0.0,0.0,0.0,0.0,0.0,0.0,,,,,数据不足
2026-08,B0HF7VCYD8,PT4SGE24600,,0.0,0.0,0.0,0.0,0.0,0.0,0.0,0.0,0.0,0.0,,,,,数据不足
2026-08,B0HF7WNSVS,PT4SGE26300,,0.0,0.0,0.0,0.0,0.0,0.0,0.0,0.0,0.0,0.0,,,,,数据不足
2026-08,B0HF7WSNZ6,KC4SGE02700,,0.0,0.0,0.0,0.0,0.0,0.0,0.0,0.0,0.0,0.0,,,,,数据不足
2026-08,B0HF7WYYHG,PT4SGE18500,,0.0,0.0,0.0,0.0,0.0,0.0,0.0,0.0,0.0,0.0,,,,,数据不足
2026-08,B0HF7X26BH,KC4PSP18200,,0.0,0.0,0.0,0.0,0.0,0.0,0.0,0.0,0.0,0.0,,,,,数据不足
2026-08,B0HF7X2R1R,PT4SGE26100,,0.0,0.0,0.0,0.0,0.0,0.0,0.0,0.0,0.0,0.0,,,,,数据不足
2026-08,B0HF7X37KZ,KC4SGE05000,,0.0,0.0,0.0,0.0,0.0,0.0,0.0,0.0,0.0,0.0,,,,,数据不足
2026-08,B0HF7X3C6P,PT4SGE27600,,0.0,0.0,0.0,0.0,0.0,0.0,0.0,0.0,0.0,0.0,,,,,数据不足
2026-08,B0HF7X6LD5,KX4SGE16800,,0.0,0.0,0.0,0.0,0.0,0.0,0.0,0.0,0.0,0.0,,,,,数据不足
2026-08,B0HF7XRMYV,KX4SGE09200,,0.0,0.0,0.0,0.0,0.0,0.0,0.0,0.0,0.0,0.0,,,,,数据不足
2026-08,B0HF7XW9WM,KC4SGE02500,,0.0,0.0,0.0,0.0,0.0,0.0,0.0,0.0,0.0,0.0,,,,,数据不足
2026-08,B0HF7YM7QC,KX4SGE08300,,0.0,0.0,0.0,0.0,0.0,0.0,0.0,0.0,0.0,0.0,,,,,数据不足
2026-08,B0HFHCZ2YD,OO4SGE36600,,0.0,0.0,0.0,0.0,0.0,0.0,0.0,0.0,0.0,4.69,,,,,数据不足
2026-08,B0HFHFSZRG,KX4SGE08900,,0.0,0.0,0.0,0.0,0.0,0.0,0.0,0.0,0.0,0.0,,,,,数据不足
2026-08,B0HFHHK9FJ,KX4SGE08600,,0.0,0.0,0.0,0.0,0.0,0.0,0.0,0.0,0.0,7.34,,,,,数据不足
2026-08,B0HFHHTJF8,OO4SGE38200,,0.0,0.0,0.0,0.0,0.0,0.0,0.0,0.0,0.0,0.0,,,,,数据不足
2026-08,B0HFHJGHNR,OO4SGE37500,,0.0,0.0,0.0,0.0,0.0,0.0,0.0,0.0,0.0,0.0,,,,,数据不足
