ASIN,SKU集合,上周,上上周,上周单量,上上周单量,单量环比%,上周销售额,上上周销售额,销售额环比%,上周广告花费,上上周广告花费,上周TACOS%,上上周TACOS%,TACOS环比%,预警标记,需补充广告指标
B0BHQZD6R9,KC4PSP16000,2026-W35,2026-W34,0.0,0.0,,0.0,0.0,,0.0,0.0,,,,,曝光/点击/CTR/CVR/ACOS/ROAS/活动清单
B0BHR38WKP,KC4PSP16900,2026-W35,2026-W34,0.0,0.0,,0.0,0.0,,0.0,0.0,,,,,曝光/点击/CTR/CVR/ACOS/ROAS/活动清单
B0BHTGVBRB,KC4PSP17700,2026-W35,2026-W34,0.0,0.0,,0.0,0.0,,11.9,0.0,,,,,曝光/点击/CTR/CVR/ACOS/ROAS/活动清单
B0BHTJ9G48,KC4PSP16600,2026-W35,2026-W34,0.0,0.0,,0.0,0.0,,0.0,0.0,,,,,曝光/点击/CTR/CVR/ACOS/ROAS/活动清单
B0BJKK2MLP,KC4PSP17100,2026-W35,2026-W34,0.0,0.0,,0.0,0.0,,0.0,0.0,,,,,曝光/点击/CTR/CVR/ACOS/ROAS/活动清单
B0BJV5L526,KC4PSP16900,2026-W35,2026-W34,0.0,0.0,,0.0,0.0,,0.0,0.0,,,,,曝光/点击/CTR/CVR/ACOS/ROAS/活动清单
B0BJV9CPXG,KC4PSP15900,2026-W35,2026-W34,0.0,0.0,,0.0,0.0,,2.18,6.53,,,,,曝光/点击/CTR/CVR/ACOS/ROAS/活动清单
B0BL2DLJ95,KC4PSP16100,2026-W35,2026-W34,0.0,0.0,,0.0,0.0,,0.0,0.0,,,,,曝光/点击/CTR/CVR/ACOS/ROAS/活动清单
B0BL72L8YZ,KC4PSP17300,2026-W35,2026-W34,0.0,0.0,,0.0,0.0,,0.0,0.0,,,,,曝光/点击/CTR/CVR/ACOS/ROAS/活动清单
B0BLRLL89F,KC4PSP17200,2026-W35,2026-W34,1.0,1.0,0.0,1130.5,1130.5,0.0,19.39,29.59,1.72,2.62,-34.47,,曝光/点击/CTR/CVR/ACOS/ROAS/活动清单
B0C1SCBX65,KC4PSP16500,2026-W35,2026-W34,0.0,0.0,,0.0,0.0,,0.0,0.0,,,,,曝光/点击/CTR/CVR/ACOS/ROAS/活动清单
B0C3HK9H5Y,KC4PSP15900,2026-W35,2026-W34,0.0,0.0,,0.0,0.0,,0.0,0.0,,,,,曝光/点击/CTR/CVR/ACOS/ROAS/活动清单
B0C5MW5NDQ,KC4PSP16800,2026-W35,2026-W34,0.0,0.0,,0.0,0.0,,0.0,0.0,,,,,曝光/点击/CTR/CVR/ACOS/ROAS/活动清单
B0CB7XJ2GM,KC4SGE00900,2026-W35,2026-W34,0.0,0.0,,0.0,0.0,,11.84,12.31,,,,,曝光/点击/CTR/CVR/ACOS/ROAS/活动清单
B0CBPGBTFN,KC4PSP17100,2026-W35,2026-W34,0.0,0.0,,0.0,0.0,,0.0,0.0,,,,,曝光/点击/CTR/CVR/ACOS/ROAS/活动清单
B0CBPGMQHF,KC4PSP16000,2026-W35,2026-W34,0.0,0.0,,0.0,0.0,,0.0,0.0,,,,,曝光/点击/CTR/CVR/ACOS/ROAS/活动清单
B0CBS7ZS3K,KC4PSP17400,2026-W35,2026-W34,0.0,0.0,,0.0,0.0,,0.0,0.0,,,,,曝光/点击/CTR/CVR/ACOS/ROAS/活动清单
B0CBS97JLD,KC4PSP16000,2026-W35,2026-W34,0.0,1.0,-100.0,0.0,1017.01,-100.0,0.0,0.0,,0.0,,单量下滑≥20%；销售额下滑≥20%,曝光/点击/CTR/CVR/ACOS/ROAS/活动清单
B0CBTPY4F2,KC4PSP16400,2026-W35,2026-W34,0.0,0.0,,0.0,0.0,,0.0,0.0,,,,,曝光/点击/CTR/CVR/ACOS/ROAS/活动清单
B0CBTRBNK1,KC4PSP17200,2026-W35,2026-W34,0.0,0.0,,0.0,0.0,,0.0,0.0,,,,,曝光/点击/CTR/CVR/ACOS/ROAS/活动清单
B0CBTSR963,KC4PSP18200,2026-W35,2026-W34,0.0,0.0,,0.0,0.0,,17.34,5.17,,,,,曝光/点击/CTR/CVR/ACOS/ROAS/活动清单
B0CCSCLCSS,KC4PSP15800,2026-W35,2026-W34,0.0,0.0,,0.0,0.0,,0.0,11.22,,,,,曝光/点击/CTR/CVR/ACOS/ROAS/活动清单
B0CD241Q7W,KC4PSP16700,2026-W35,2026-W34,0.0,1.0,-100.0,0.0,885.84,-100.0,0.0,0.0,,0.0,,单量下滑≥20%；销售额下滑≥20%,曝光/点击/CTR/CVR/ACOS/ROAS/活动清单
B0CD25HG2B,KC4SGE00100,2026-W35,2026-W34,0.0,0.0,,0.0,0.0,,0.0,0.0,,,,,曝光/点击/CTR/CVR/ACOS/ROAS/活动清单
B0CD7VLYWQ,KC4PSP17600,2026-W35,2026-W34,0.0,0.0,,0.0,0.0,,0.0,0.0,,,,,曝光/点击/CTR/CVR/ACOS/ROAS/活动清单
B0CDWMF62P,KC4PSP17700,2026-W35,2026-W34,0.0,0.0,,0.0,0.0,,0.0,0.0,,,,,曝光/点击/CTR/CVR/ACOS/ROAS/活动清单
B0CDWP5MP4,KC4PSP17000,2026-W35,2026-W34,0.0,0.0,,0.0,0.0,,0.0,0.0,,,,,曝光/点击/CTR/CVR/ACOS/ROAS/活动清单
B0CF1B11W8,KC4PSP15800,2026-W35,2026-W34,0.0,1.0,-100.0,0.0,850.0,-100.0,7.82,2.04,,0.24,,单量下滑≥20%；销售额下滑≥20%,曝光/点击/CTR/CVR/ACOS/ROAS/活动清单
B0CF3W37F1,KC4PSP18000,2026-W35,2026-W34,1.0,0.0,N/A,1065.83,0.0,N/A,0.0,0.0,0.0,,,,曝光/点击/CTR/CVR/ACOS/ROAS/活动清单
B0CF4CQ7SK,KC4PSP17400,2026-W35,2026-W34,0.0,0.0,,0.0,0.0,,0.0,0.0,,,,,曝光/点击/CTR/CVR/ACOS/ROAS/活动清单
B0CF5F916G,KC4PSP17600,2026-W35,2026-W34,0.0,1.0,-100.0,0.0,1135.8,-100.0,22.39,47.07,,4.14,,单量下滑≥20%；销售额下滑≥20%,曝光/点击/CTR/CVR/ACOS/ROAS/活动清单
B0CFF3SMT8,KC4PSP18200,2026-W35,2026-W34,0.0,0.0,,0.0,0.0,,0.0,2.58,,,,,曝光/点击/CTR/CVR/ACOS/ROAS/活动清单
B0CGMF52M4,KC4PSP17300,2026-W35,2026-W34,0.0,0.0,,0.0,0.0,,0.0,0.0,,,,,曝光/点击/CTR/CVR/ACOS/ROAS/活动清单
B0CGMFTFJ5,KC4PSP16000,2026-W35,2026-W34,0.0,0.0,,0.0,0.0,,0.0,0.0,,,,,曝光/点击/CTR/CVR/ACOS/ROAS/活动清单
B0CHRY9LFW,KC4SGE00400,2026-W35,2026-W34,0.0,0.0,,0.0,0.0,,0.0,0.0,,,,,曝光/点击/CTR/CVR/ACOS/ROAS/活动清单
B0CM5J3D3R,KC4PSP18100,2026-W35,2026-W34,0.0,0.0,,0.0,0.0,,0.0,0.0,,,,,曝光/点击/CTR/CVR/ACOS/ROAS/活动清单
B0CM5KXCBC,KC4PSP17000,2026-W35,2026-W34,0.0,0.0,,0.0,0.0,,0.0,0.0,,,,,曝光/点击/CTR/CVR/ACOS/ROAS/活动清单
B0CM5M5Y9P,KC4PSP17100,2026-W35,2026-W34,0.0,0.0,,0.0,0.0,,5.44,14.21,,,,,曝光/点击/CTR/CVR/ACOS/ROAS/活动清单
B0CM6LF2PG,KC4PSP17400,2026-W35,2026-W34,0.0,1.0,-100.0,0.0,1143.01,-100.0,0.0,8.7,,0.76,,单量下滑≥20%；销售额下滑≥20%,曝光/点击/CTR/CVR/ACOS/ROAS/活动清单
B0CM6MYFV2,KC4PSP17700,2026-W35,2026-W34,0.0,0.0,,0.0,0.0,,0.0,0.0,,,,,曝光/点击/CTR/CVR/ACOS/ROAS/活动清单
B0CM8VCS3W,KC4PSP18200,2026-W35,2026-W34,0.0,0.0,,0.0,0.0,,0.0,0.0,,,,,曝光/点击/CTR/CVR/ACOS/ROAS/活动清单
B0CM97Y53C,KC4PSP17100,2026-W35,2026-W34,0.0,0.0,,0.0,0.0,,0.0,0.0,,,,,曝光/点击/CTR/CVR/ACOS/ROAS/活动清单
B0CM987JTK,KC4PSP17200,2026-W35,2026-W34,0.0,0.0,,0.0,0.0,,0.0,0.0,,,,,曝光/点击/CTR/CVR/ACOS/ROAS/活动清单
B0CM98RGTF,KC4PSP16100,2026-W35,2026-W34,0.0,0.0,,0.0,0.0,,0.0,0.0,,,,,曝光/点击/CTR/CVR/ACOS/ROAS/活动清单
B0CM98WTYV,KC4PSP16000,2026-W35,2026-W34,0.0,0.0,,0.0,0.0,,0.0,0.0,,,,,曝光/点击/CTR/CVR/ACOS/ROAS/活动清单
B0CM99BGZD,KC4PSP18200,2026-W35,2026-W34,0.0,0.0,,0.0,0.0,,0.0,0.0,,,,,曝光/点击/CTR/CVR/ACOS/ROAS/活动清单
B0CM9B1YL9,KC4SGE00300,2026-W35,2026-W34,0.0,0.0,,0.0,0.0,,0.0,0.0,,,,,曝光/点击/CTR/CVR/ACOS/ROAS/活动清单
B0CM9B9ZBS,KC4SGE01700,2026-W35,2026-W34,0.0,0.0,,0.0,0.0,,0.0,0.0,,,,,曝光/点击/CTR/CVR/ACOS/ROAS/活动清单
B0CM9BBVKZ,KC4PSP17300,2026-W35,2026-W34,0.0,0.0,,0.0,0.0,,0.0,0.0,,,,,曝光/点击/CTR/CVR/ACOS/ROAS/活动清单
B0CM9BQJX2,KC4SGE01200,2026-W35,2026-W34,0.0,0.0,,0.0,0.0,,0.0,0.0,,,,,曝光/点击/CTR/CVR/ACOS/ROAS/活动清单
B0CN127282,KC4PSP18200,2026-W35,2026-W34,0.0,0.0,,0.0,0.0,,0.0,0.0,,,,,曝光/点击/CTR/CVR/ACOS/ROAS/活动清单
B0CN12FKX6,KC4PSP16700,2026-W35,2026-W34,0.0,1.0,-100.0,0.0,930.17,-100.0,0.0,0.0,,0.0,,单量下滑≥20%；销售额下滑≥20%,曝光/点击/CTR/CVR/ACOS/ROAS/活动清单
B0CN138TN6,KC4PSP17500,2026-W35,2026-W34,0.0,0.0,,0.0,0.0,,0.0,0.0,,,,,曝光/点击/CTR/CVR/ACOS/ROAS/活动清单
B0CN13GFRJ,KC4PSP16200,2026-W35,2026-W34,0.0,0.0,,0.0,0.0,,0.0,0.0,,,,,曝光/点击/CTR/CVR/ACOS/ROAS/活动清单
B0CN142XPS,KC4PSP16000,2026-W35,2026-W34,0.0,0.0,,0.0,0.0,,0.0,0.0,,,,,曝光/点击/CTR/CVR/ACOS/ROAS/活动清单
B0CN1487MF,KC4PSP16300,2026-W35,2026-W34,0.0,0.0,,0.0,0.0,,0.0,0.0,,,,,曝光/点击/CTR/CVR/ACOS/ROAS/活动清单
B0CN14KWCH,KC4PSP18000,2026-W35,2026-W34,0.0,0.0,,0.0,0.0,,0.0,0.0,,,,,曝光/点击/CTR/CVR/ACOS/ROAS/活动清单
B0CN14M1B4,KC4PSP16800,2026-W35,2026-W34,0.0,0.0,,0.0,0.0,,12.51,2.59,,,,,曝光/点击/CTR/CVR/ACOS/ROAS/活动清单
B0CN15GSSJ,KC4PSP16700,2026-W35,2026-W34,0.0,0.0,,0.0,0.0,,0.0,0.0,,,,,曝光/点击/CTR/CVR/ACOS/ROAS/活动清单
B0CN15P14D,KC4PSP16000,2026-W35,2026-W34,4.0,2.0,100.0,4051.98,2025.99,100.0,65.25,385.39,1.61,19.02,-91.53,,曝光/点击/CTR/CVR/ACOS/ROAS/活动清单
B0CN15ZVKL,KC4PSP16200,2026-W35,2026-W34,0.0,0.0,,0.0,0.0,,0.0,0.0,,,,,曝光/点击/CTR/CVR/ACOS/ROAS/活动清单
B0CN16BJH1,KC4PSP16500,2026-W35,2026-W34,0.0,0.0,,0.0,0.0,,0.0,0.0,,,,,曝光/点击/CTR/CVR/ACOS/ROAS/活动清单
B0CN16BX1P,KC4PSP17300,2026-W35,2026-W34,0.0,0.0,,0.0,0.0,,28.97,0.0,,,,,曝光/点击/CTR/CVR/ACOS/ROAS/活动清单
B0CN16M9RX,KC4PSP17600,2026-W35,2026-W34,0.0,0.0,,0.0,0.0,,0.0,0.0,,,,,曝光/点击/CTR/CVR/ACOS/ROAS/活动清单
B0CN16WLHC,KC4PSP18100,2026-W35,2026-W34,0.0,0.0,,0.0,0.0,,2.25,2.24,,,,,曝光/点击/CTR/CVR/ACOS/ROAS/活动清单
B0CN179KRG,KC4PSP16000,2026-W35,2026-W34,0.0,1.0,-100.0,0.0,1053.93,-100.0,0.0,0.0,,0.0,,单量下滑≥20%；销售额下滑≥20%,曝光/点击/CTR/CVR/ACOS/ROAS/活动清单
B0CN17GBN5,KC4PSP16100,2026-W35,2026-W34,3.0,0.0,N/A,2590.6,0.0,N/A,170.66,125.91,6.59,,,,曝光/点击/CTR/CVR/ACOS/ROAS/活动清单
B0CN17T7DS,KC4PSP18000,2026-W35,2026-W34,0.0,0.0,,0.0,0.0,,0.0,0.0,,,,,曝光/点击/CTR/CVR/ACOS/ROAS/活动清单
B0CN1868JM,KC4PSP17900,2026-W35,2026-W34,1.0,1.0,0.0,952.0,952.0,0.0,0.0,1.02,0.0,0.11,-99.84,,曝光/点击/CTR/CVR/ACOS/ROAS/活动清单
B0CN18DYWC,KC4PSP16200,2026-W35,2026-W34,0.0,0.0,,0.0,0.0,,0.0,0.0,,,,,曝光/点击/CTR/CVR/ACOS/ROAS/活动清单
B0CN18G4KY,KC4PSP17500,2026-W35,2026-W34,0.0,0.0,,0.0,0.0,,0.0,0.0,,,,,曝光/点击/CTR/CVR/ACOS/ROAS/活动清单
B0CN18MW7K,KC4PSP16900,2026-W35,2026-W34,0.0,1.0,-100.0,0.0,1060.8,-100.0,0.0,5.71,,0.54,,单量下滑≥20%；销售额下滑≥20%,曝光/点击/CTR/CVR/ACOS/ROAS/活动清单
B0CN6CLFVC,KC4PSP17900,2026-W35,2026-W34,0.0,0.0,,0.0,0.0,,0.0,2.52,,,,,曝光/点击/CTR/CVR/ACOS/ROAS/活动清单
B0CN6CPCGN,KC4PSP16600,2026-W35,2026-W34,0.0,0.0,,0.0,0.0,,0.0,0.0,,,,,曝光/点击/CTR/CVR/ACOS/ROAS/活动清单
B0CN6CTMXS,KC4PSP16200,2026-W35,2026-W34,0.0,0.0,,0.0,0.0,,0.0,0.0,,,,,曝光/点击/CTR/CVR/ACOS/ROAS/活动清单
B0CN6WBH73,KC4PSP17400,2026-W35,2026-W34,0.0,0.0,,0.0,0.0,,0.0,0.0,,,,,曝光/点击/CTR/CVR/ACOS/ROAS/活动清单
B0CN6WX6L3,KC4PSP18200,2026-W35,2026-W34,0.0,0.0,,0.0,0.0,,0.0,0.0,,,,,曝光/点击/CTR/CVR/ACOS/ROAS/活动清单
B0CN6XCKMD,KC4PSP17500,2026-W35,2026-W34,0.0,1.0,-100.0,0.0,1098.13,-100.0,0.01,0.01,,0.0,,单量下滑≥20%；销售额下滑≥20%,曝光/点击/CTR/CVR/ACOS/ROAS/活动清单
B0CN9C2CYX,KC4PSP18000,2026-W35,2026-W34,0.0,0.0,,0.0,0.0,,0.0,0.0,,,,,曝光/点击/CTR/CVR/ACOS/ROAS/活动清单
B0CN9F1FVY,KC4PSP16000,2026-W35,2026-W34,0.0,0.0,,0.0,0.0,,0.0,0.0,,,,,曝光/点击/CTR/CVR/ACOS/ROAS/活动清单
B0CN9F6LTF,KC4SGE00400,2026-W35,2026-W34,0.0,0.0,,0.0,0.0,,11.15,2.04,,,,,曝光/点击/CTR/CVR/ACOS/ROAS/活动清单
B0CN9GPBF4,KC4PSP16100,2026-W35,2026-W34,0.0,0.0,,0.0,0.0,,0.0,0.0,,,,,曝光/点击/CTR/CVR/ACOS/ROAS/活动清单
B0CN9J33S8,KC4PSP17000,2026-W35,2026-W34,0.0,1.0,-100.0,0.0,1233.59,-100.0,0.0,0.0,,0.0,,单量下滑≥20%；销售额下滑≥20%,曝光/点击/CTR/CVR/ACOS/ROAS/活动清单
B0CNKBY7KX,KC4SGE00400,2026-W35,2026-W34,0.0,0.0,,0.0,0.0,,0.0,0.0,,,,,曝光/点击/CTR/CVR/ACOS/ROAS/活动清单
B0CNKDRQ69,KC4PSP18200,2026-W35,2026-W34,0.0,0.0,,0.0,0.0,,0.0,0.0,,,,,曝光/点击/CTR/CVR/ACOS/ROAS/活动清单
B0CNKF8XSM,KC4SGE04200,2026-W35,2026-W34,0.0,0.0,,0.0,0.0,,0.0,0.0,,,,,曝光/点击/CTR/CVR/ACOS/ROAS/活动清单
B0CP22PCQC,KC4SGE01600,2026-W35,2026-W34,0.0,0.0,,0.0,0.0,,0.0,0.0,,,,,曝光/点击/CTR/CVR/ACOS/ROAS/活动清单
B0CP23HY13,KC4PSP16500,2026-W35,2026-W34,0.0,0.0,,0.0,0.0,,0.0,0.0,,,,,曝光/点击/CTR/CVR/ACOS/ROAS/活动清单
B0CP24LPPZ,KC4PSP16600,2026-W35,2026-W34,0.0,0.0,,0.0,0.0,,0.0,0.0,,,,,曝光/点击/CTR/CVR/ACOS/ROAS/活动清单
B0CP3Q1M6Z,KC4SGE00500,2026-W35,2026-W34,0.0,0.0,,0.0,0.0,,0.0,0.0,,,,,曝光/点击/CTR/CVR/ACOS/ROAS/活动清单
B0CP3QH3W5,KC4PSP17200,2026-W35,2026-W34,0.0,0.0,,0.0,0.0,,0.0,0.0,,,,,曝光/点击/CTR/CVR/ACOS/ROAS/活动清单
B0CP3SZD61,KC4PSP15800,2026-W35,2026-W34,0.0,0.0,,0.0,0.0,,0.0,0.0,,,,,曝光/点击/CTR/CVR/ACOS/ROAS/活动清单
B0CP3TZ8JK,KC4PSP17700,2026-W35,2026-W34,0.0,0.0,,0.0,0.0,,0.0,0.0,,,,,曝光/点击/CTR/CVR/ACOS/ROAS/活动清单
B0CP4PKXTR,KC4PSP16100,2026-W35,2026-W34,0.0,0.0,,0.0,0.0,,0.0,0.0,,,,,曝光/点击/CTR/CVR/ACOS/ROAS/活动清单
B0CPF6QQNV,KC4SGE00400,2026-W35,2026-W34,0.0,0.0,,0.0,0.0,,0.0,0.0,,,,,曝光/点击/CTR/CVR/ACOS/ROAS/活动清单
B0CPF7F4QL,KC4SGE03400,2026-W35,2026-W34,0.0,0.0,,0.0,0.0,,0.0,2.58,,,,,曝光/点击/CTR/CVR/ACOS/ROAS/活动清单
B0CPFCXGMR,KC4PSP17400,2026-W35,2026-W34,0.0,0.0,,0.0,0.0,,11.29,9.12,,,,,曝光/点击/CTR/CVR/ACOS/ROAS/活动清单
B0CPHPVTR4,KC4PSP16100,2026-W35,2026-W34,0.0,0.0,,0.0,0.0,,0.0,0.0,,,,,曝光/点击/CTR/CVR/ACOS/ROAS/活动清单
B0CPLYQPPW,KC4PSP17100,2026-W35,2026-W34,0.0,0.0,,0.0,0.0,,6.12,0.0,,,,,曝光/点击/CTR/CVR/ACOS/ROAS/活动清单
B0CPLZN7R3,KC4PSP17400,2026-W35,2026-W34,0.0,0.0,,0.0,0.0,,0.0,0.0,,,,,曝光/点击/CTR/CVR/ACOS/ROAS/活动清单
B0CPLZT789,KC4SGE03400,2026-W35,2026-W34,0.0,0.0,,0.0,0.0,,0.0,0.0,,,,,曝光/点击/CTR/CVR/ACOS/ROAS/活动清单
B0CPLZXQ14,KC4SGE03400,2026-W35,2026-W34,0.0,0.0,,0.0,0.0,,0.0,3.95,,,,,曝光/点击/CTR/CVR/ACOS/ROAS/活动清单
B0CPLZYXGY,KC4SGE01600,2026-W35,2026-W34,0.0,0.0,,0.0,0.0,,0.0,0.0,,,,,曝光/点击/CTR/CVR/ACOS/ROAS/活动清单
B0CPM2KRK3,KC4PSP17100,2026-W35,2026-W34,0.0,0.0,,0.0,0.0,,0.0,0.0,,,,,曝光/点击/CTR/CVR/ACOS/ROAS/活动清单
B0CQYS2SH3,KC4SGE00100,2026-W35,2026-W34,0.0,0.0,,0.0,0.0,,0.0,0.0,,,,,曝光/点击/CTR/CVR/ACOS/ROAS/活动清单
B0CQYS4C9Y,KC4PSP17900,2026-W35,2026-W34,0.0,0.0,,0.0,0.0,,0.0,0.0,,,,,曝光/点击/CTR/CVR/ACOS/ROAS/活动清单
B0CQYSLSZN,KC4SGE01700,2026-W35,2026-W34,0.0,0.0,,0.0,0.0,,0.0,0.0,,,,,曝光/点击/CTR/CVR/ACOS/ROAS/活动清单
B0CQYSPWWG,KC4PSP15900,2026-W35,2026-W34,0.0,0.0,,0.0,0.0,,0.0,1.29,,,,,曝光/点击/CTR/CVR/ACOS/ROAS/活动清单
B0CQYSTBJZ,KC4PSP16400,2026-W35,2026-W34,0.0,0.0,,0.0,0.0,,0.0,0.0,,,,,曝光/点击/CTR/CVR/ACOS/ROAS/活动清单
B0CQYT9QVX,KC4SGE03400,2026-W35,2026-W34,0.0,0.0,,0.0,0.0,,0.0,0.0,,,,,曝光/点击/CTR/CVR/ACOS/ROAS/活动清单
B0CQYV24BD,KC4PSP18000,2026-W35,2026-W34,0.0,0.0,,0.0,0.0,,0.0,0.0,,,,,曝光/点击/CTR/CVR/ACOS/ROAS/活动清单
B0CQYVJJLW,KC4PSP17100,2026-W35,2026-W34,0.0,0.0,,0.0,0.0,,0.0,0.0,,,,,曝光/点击/CTR/CVR/ACOS/ROAS/活动清单
B0CQYVR54J,KC4SGE01600,2026-W35,2026-W34,0.0,0.0,,0.0,0.0,,0.0,0.0,,,,,曝光/点击/CTR/CVR/ACOS/ROAS/活动清单
B0CR18HZJC,KC4SGE05300,2026-W35,2026-W34,0.0,0.0,,0.0,0.0,,7.89,0.0,,,,,曝光/点击/CTR/CVR/ACOS/ROAS/活动清单
B0CR18XR8H,KC4SGE04300,2026-W35,2026-W34,0.0,0.0,,0.0,0.0,,0.0,0.0,,,,,曝光/点击/CTR/CVR/ACOS/ROAS/活动清单
B0CR18XSVX,KC4SGE05200,2026-W35,2026-W34,0.0,0.0,,0.0,0.0,,0.0,0.0,,,,,曝光/点击/CTR/CVR/ACOS/ROAS/活动清单
B0CR1B3BYT,KC4SGE05000,2026-W35,2026-W34,0.0,0.0,,0.0,0.0,,0.0,0.0,,,,,曝光/点击/CTR/CVR/ACOS/ROAS/活动清单
B0CR42YFR6,KC4SGE04700,2026-W35,2026-W34,0.0,0.0,,0.0,0.0,,0.0,0.0,,,,,曝光/点击/CTR/CVR/ACOS/ROAS/活动清单
B0CRB2FJJY,KC4PSP18100,2026-W35,2026-W34,0.0,0.0,,0.0,0.0,,0.0,0.0,,,,,曝光/点击/CTR/CVR/ACOS/ROAS/活动清单
B0CRB2FJK9,KC4SGE04600,2026-W35,2026-W34,0.0,0.0,,0.0,0.0,,0.0,0.0,,,,,曝光/点击/CTR/CVR/ACOS/ROAS/活动清单
B0CRB2NSNX,KC4SGE05200,2026-W35,2026-W34,0.0,0.0,,0.0,0.0,,0.0,0.0,,,,,曝光/点击/CTR/CVR/ACOS/ROAS/活动清单
B0CRB2W852,KC4PSP16800,2026-W35,2026-W34,0.0,0.0,,0.0,0.0,,10.61,0.0,,,,,曝光/点击/CTR/CVR/ACOS/ROAS/活动清单
B0CRB2YR83,KC4PSP18200,2026-W35,2026-W34,0.0,0.0,,0.0,0.0,,0.0,0.0,,,,,曝光/点击/CTR/CVR/ACOS/ROAS/活动清单
B0CRB38T48,KC4SGE03000,2026-W35,2026-W34,0.0,0.0,,0.0,0.0,,0.0,6.33,,,,,曝光/点击/CTR/CVR/ACOS/ROAS/活动清单
B0CRB3J8ZW,KC4PSP16600,2026-W35,2026-W34,1.0,0.0,N/A,863.6,0.0,N/A,5.65,15.17,0.65,,,,曝光/点击/CTR/CVR/ACOS/ROAS/活动清单
B0CRB3RHZ2,KC4SGE01500,2026-W35,2026-W34,0.0,0.0,,0.0,0.0,,0.0,0.0,,,,,曝光/点击/CTR/CVR/ACOS/ROAS/活动清单
B0CRB4BLSY,KC4SGE02500,2026-W35,2026-W34,0.0,0.0,,0.0,0.0,,0.0,0.0,,,,,曝光/点击/CTR/CVR/ACOS/ROAS/活动清单
B0CRRMW2TY,KC4PSP17000,2026-W35,2026-W34,0.0,0.0,,0.0,0.0,,0.0,0.0,,,,,曝光/点击/CTR/CVR/ACOS/ROAS/活动清单
B0CRYDP6CQ,KC4SGE01800,2026-W35,2026-W34,0.0,0.0,,0.0,0.0,,0.0,0.0,,,,,曝光/点击/CTR/CVR/ACOS/ROAS/活动清单
B0CRYMGRST,KC4SGE03500,2026-W35,2026-W34,0.0,0.0,,0.0,0.0,,0.0,0.0,,,,,曝光/点击/CTR/CVR/ACOS/ROAS/活动清单
B0CSYB8ZYC,KC4PSP17100,2026-W35,2026-W34,0.0,0.0,,0.0,0.0,,0.0,0.0,,,,,曝光/点击/CTR/CVR/ACOS/ROAS/活动清单
B0CSYFB6P2,KC4PSP18200,2026-W35,2026-W34,1.0,0.0,N/A,1162.8,0.0,N/A,2.72,9.05,0.23,,,,曝光/点击/CTR/CVR/ACOS/ROAS/活动清单
B0CTZYMR7H,KC4PSP16200,2026-W35,2026-W34,0.0,0.0,,0.0,0.0,,0.0,0.0,,,,,曝光/点击/CTR/CVR/ACOS/ROAS/活动清单
B0CWKPGTGY,KC4SGE04300,2026-W35,2026-W34,0.0,0.0,,0.0,0.0,,0.0,0.0,,,,,曝光/点击/CTR/CVR/ACOS/ROAS/活动清单
B0CX16JK94,KC4PSP15800,2026-W35,2026-W34,0.0,0.0,,0.0,0.0,,14.49,28.43,,,,,曝光/点击/CTR/CVR/ACOS/ROAS/活动清单
B0CX1CHLNC,KC4SGE03800,2026-W35,2026-W34,0.0,0.0,,0.0,0.0,,0.0,0.0,,,,,曝光/点击/CTR/CVR/ACOS/ROAS/活动清单
B0CX1CKPYX,KC4SGE05000,2026-W35,2026-W34,0.0,0.0,,0.0,0.0,,0.0,0.0,,,,,曝光/点击/CTR/CVR/ACOS/ROAS/活动清单
B0CX1DNSRM,KC4SGE02700,2026-W35,2026-W34,0.0,0.0,,0.0,0.0,,12.38,0.0,,,,,曝光/点击/CTR/CVR/ACOS/ROAS/活动清单
B0CX1DS5ZW,KC4SGE04800,2026-W35,2026-W34,0.0,0.0,,0.0,0.0,,13.06,2.59,,,,,曝光/点击/CTR/CVR/ACOS/ROAS/活动清单
B0CX1DX6S7,KC4PSP16900,2026-W35,2026-W34,0.0,0.0,,0.0,0.0,,0.0,0.0,,,,,曝光/点击/CTR/CVR/ACOS/ROAS/活动清单
B0CX1DYCRD,KC4PSP18200,2026-W35,2026-W34,0.0,0.0,,0.0,0.0,,0.0,0.0,,,,,曝光/点击/CTR/CVR/ACOS/ROAS/活动清单
B0CX1F1KG7,KC4SGE01300,2026-W35,2026-W34,0.0,0.0,,0.0,0.0,,0.0,0.0,,,,,曝光/点击/CTR/CVR/ACOS/ROAS/活动清单
B0CX1F51V6,KC4SGE03500,2026-W35,2026-W34,0.0,0.0,,0.0,0.0,,0.0,0.0,,,,,曝光/点击/CTR/CVR/ACOS/ROAS/活动清单
B0CX1F5VXT,KC4SGE02500,2026-W35,2026-W34,0.0,0.0,,0.0,0.0,,0.0,0.0,,,,,曝光/点击/CTR/CVR/ACOS/ROAS/活动清单
B0CX1FW5TT,KC4SGE00300,2026-W35,2026-W34,0.0,0.0,,0.0,0.0,,0.0,2.72,,,,,曝光/点击/CTR/CVR/ACOS/ROAS/活动清单
B0CX1G1XLP,KC4SGE02400,2026-W35,2026-W34,0.0,0.0,,0.0,0.0,,0.0,0.0,,,,,曝光/点击/CTR/CVR/ACOS/ROAS/活动清单
B0CX1GFTP7,KC4SGE03700,2026-W35,2026-W34,0.0,0.0,,0.0,0.0,,0.0,0.0,,,,,曝光/点击/CTR/CVR/ACOS/ROAS/活动清单
B0CX1GHM1R,KC4PSP16800,2026-W35,2026-W34,0.0,0.0,,0.0,0.0,,0.0,0.0,,,,,曝光/点击/CTR/CVR/ACOS/ROAS/活动清单
B0CX1H6BD7,KC4PSP18000,2026-W35,2026-W34,0.0,0.0,,0.0,0.0,,0.0,0.0,,,,,曝光/点击/CTR/CVR/ACOS/ROAS/活动清单
B0CX4GTPFR,KC4PSP16600,2026-W35,2026-W34,0.0,0.0,,0.0,0.0,,0.0,0.0,,,,,曝光/点击/CTR/CVR/ACOS/ROAS/活动清单
B0CX4KNZC7,KC4PSP16900,2026-W35,2026-W34,0.0,0.0,,0.0,0.0,,0.0,0.0,,,,,曝光/点击/CTR/CVR/ACOS/ROAS/活动清单
B0CX4TJ1VN,KC4SGE00900,2026-W35,2026-W34,0.0,0.0,,0.0,0.0,,0.0,0.0,,,,,曝光/点击/CTR/CVR/ACOS/ROAS/活动清单
B0CX4TPF16,KC4SGE02400,2026-W35,2026-W34,0.0,0.0,,0.0,0.0,,0.0,0.0,,,,,曝光/点击/CTR/CVR/ACOS/ROAS/活动清单
B0CX4VNJK1,KC4PSP16000,2026-W35,2026-W34,0.0,0.0,,0.0,0.0,,0.0,0.0,,,,,曝光/点击/CTR/CVR/ACOS/ROAS/活动清单
B0CX4W842Q,KC4SGE03200,2026-W35,2026-W34,0.0,0.0,,0.0,0.0,,3.06,3.06,,,,,曝光/点击/CTR/CVR/ACOS/ROAS/活动清单
B0CX4W8JJ2,KC4SGE03100,2026-W35,2026-W34,0.0,0.0,,0.0,0.0,,0.0,0.0,,,,,曝光/点击/CTR/CVR/ACOS/ROAS/活动清单
B0CX4W95SD,KC4PSP16900,2026-W35,2026-W34,0.0,0.0,,0.0,0.0,,0.0,0.0,,,,,曝光/点击/CTR/CVR/ACOS/ROAS/活动清单
B0CX4X1TH8,KC4SGE01300,2026-W35,2026-W34,0.0,0.0,,0.0,0.0,,0.0,0.0,,,,,曝光/点击/CTR/CVR/ACOS/ROAS/活动清单
B0CX4X2XRY,KC4PSP15800,2026-W35,2026-W34,0.0,0.0,,0.0,0.0,,0.0,0.0,,,,,曝光/点击/CTR/CVR/ACOS/ROAS/活动清单
B0CX4X9LRT,KC4SGE05500,2026-W35,2026-W34,0.0,0.0,,0.0,0.0,,0.0,0.0,,,,,曝光/点击/CTR/CVR/ACOS/ROAS/活动清单
B0CX4YQGG9,KC4PSP17700,2026-W35,2026-W34,0.0,0.0,,0.0,0.0,,0.0,0.0,,,,,曝光/点击/CTR/CVR/ACOS/ROAS/活动清单
B0CX4YVCVD,KC4SGE02700,2026-W35,2026-W34,0.0,0.0,,0.0,0.0,,0.0,0.0,,,,,曝光/点击/CTR/CVR/ACOS/ROAS/活动清单
B0CX4ZYC1T,KC4PSP16200,2026-W35,2026-W34,0.0,0.0,,0.0,0.0,,0.0,0.0,,,,,曝光/点击/CTR/CVR/ACOS/ROAS/活动清单
B0CX51BDLL,KC4PSP16100,2026-W35,2026-W34,0.0,0.0,,0.0,0.0,,0.0,0.0,,,,,曝光/点击/CTR/CVR/ACOS/ROAS/活动清单
B0CX54G77T,KC4PSP17100,2026-W35,2026-W34,0.0,0.0,,0.0,0.0,,0.0,0.0,,,,,曝光/点击/CTR/CVR/ACOS/ROAS/活动清单
B0CX54MGG8,KC4SGE01600,2026-W35,2026-W34,0.0,0.0,,0.0,0.0,,0.0,0.0,,,,,曝光/点击/CTR/CVR/ACOS/ROAS/活动清单
B0CX55D1S9,KC4PSP16600,2026-W35,2026-W34,1.0,2.0,-50.0,863.6,1727.2,-50.0,4.42,0.0,0.51,0.0,684859.41,单量下滑≥20%；销售额下滑≥20%；TACOS上升≥30%,曝光/点击/CTR/CVR/ACOS/ROAS/活动清单
B0CX56Q29K,KC4PSP17500,2026-W35,2026-W34,0.0,0.0,,0.0,0.0,,0.0,0.0,,,,,曝光/点击/CTR/CVR/ACOS/ROAS/活动清单
B0CX56RHLV,KC4PSP15800,2026-W35,2026-W34,0.0,0.0,,0.0,0.0,,0.0,0.0,,,,,曝光/点击/CTR/CVR/ACOS/ROAS/活动清单
B0CX58SGZS,KC4SGE02800,2026-W35,2026-W34,0.0,0.0,,0.0,0.0,,0.0,0.0,,,,,曝光/点击/CTR/CVR/ACOS/ROAS/活动清单
B0CX58WJ7N,KC4PSP17800,2026-W35,2026-W34,0.0,0.0,,0.0,0.0,,0.0,0.0,,,,,曝光/点击/CTR/CVR/ACOS/ROAS/活动清单
B0D13MZ7N5,KC4PSP16600,2026-W35,2026-W34,0.0,0.0,,0.0,0.0,,0.0,0.0,,,,,曝光/点击/CTR/CVR/ACOS/ROAS/活动清单
B0D13WH5KW,KC4SGE03000,2026-W35,2026-W34,0.0,0.0,,0.0,0.0,,5.99,11.29,,,,,曝光/点击/CTR/CVR/ACOS/ROAS/活动清单
B0D1415XXY,KC4SGE05400,2026-W35,2026-W34,0.0,0.0,,0.0,0.0,,0.0,0.0,,,,,曝光/点击/CTR/CVR/ACOS/ROAS/活动清单
B0D146YW8J,KC4PSP16400,2026-W35,2026-W34,0.0,0.0,,0.0,0.0,,0.0,0.0,,,,,曝光/点击/CTR/CVR/ACOS/ROAS/活动清单
B0D148HRC4,KC4SGE03100,2026-W35,2026-W34,0.0,0.0,,0.0,0.0,,0.0,0.0,,,,,曝光/点击/CTR/CVR/ACOS/ROAS/活动清单
B0D149F7NM,KC4PSP18200,2026-W35,2026-W34,0.0,0.0,,0.0,0.0,,3.06,0.0,,,,,曝光/点击/CTR/CVR/ACOS/ROAS/活动清单
B0D14BMGJ3,KC4PSP17700,2026-W35,2026-W34,0.0,0.0,,0.0,0.0,,0.0,0.0,,,,,曝光/点击/CTR/CVR/ACOS/ROAS/活动清单
B0D14DZSF4,KC4SGE05100,2026-W35,2026-W34,0.0,0.0,,0.0,0.0,,8.37,3.27,,,,,曝光/点击/CTR/CVR/ACOS/ROAS/活动清单
B0D14F2Q6D,KC4PSP18100,2026-W35,2026-W34,0.0,0.0,,0.0,0.0,,0.0,0.0,,,,,曝光/点击/CTR/CVR/ACOS/ROAS/活动清单
B0D14FCDG5,KC4SGE02800,2026-W35,2026-W34,0.0,0.0,,0.0,0.0,,0.0,0.0,,,,,曝光/点击/CTR/CVR/ACOS/ROAS/活动清单
B0D2CZ3LYW,KC4SGE05100,2026-W35,2026-W34,0.0,0.0,,0.0,0.0,,0.0,0.0,,,,,曝光/点击/CTR/CVR/ACOS/ROAS/活动清单
B0D2D15TVX,KC4PSP16000,2026-W35,2026-W34,0.0,0.0,,0.0,0.0,,0.0,0.0,,,,,曝光/点击/CTR/CVR/ACOS/ROAS/活动清单
B0D2D19CXW,KC4SGE05300,2026-W35,2026-W34,1.0,1.0,0.0,691.49,691.49,0.0,45.51,63.73,6.58,9.22,-28.59,,曝光/点击/CTR/CVR/ACOS/ROAS/活动清单
B0D2D1DKC1,KC4SGE02400,2026-W35,2026-W34,0.0,0.0,,0.0,0.0,,16.59,3.06,,,,,曝光/点击/CTR/CVR/ACOS/ROAS/活动清单
B0D2D2Q921,KC4SGE00400,2026-W35,2026-W34,0.0,0.0,,0.0,0.0,,0.0,0.0,,,,,曝光/点击/CTR/CVR/ACOS/ROAS/活动清单
B0D2D2S1WN,KC4SGE01700,2026-W35,2026-W34,0.0,1.0,-100.0,0.0,936.29,-100.0,0.0,0.0,,0.0,,单量下滑≥20%；销售额下滑≥20%,曝光/点击/CTR/CVR/ACOS/ROAS/活动清单
B0D46K8KV3,KC4PSP15800,2026-W35,2026-W34,0.0,0.0,,0.0,0.0,,1.91,5.17,,,,,曝光/点击/CTR/CVR/ACOS/ROAS/活动清单
B0D47FDWWC,KC4PSP16200,2026-W35,2026-W34,0.0,0.0,,0.0,0.0,,0.0,0.0,,,,,曝光/点击/CTR/CVR/ACOS/ROAS/活动清单
B0D48Q5L57,KC4SGE00700,2026-W35,2026-W34,0.0,0.0,,0.0,0.0,,0.0,0.0,,,,,曝光/点击/CTR/CVR/ACOS/ROAS/活动清单
B0D575PRVS,KC4SGE05200,2026-W35,2026-W34,0.0,0.0,,0.0,0.0,,0.0,0.0,,,,,曝光/点击/CTR/CVR/ACOS/ROAS/活动清单
B0D5764FBF,KC4SGE04600,2026-W35,2026-W34,0.0,0.0,,0.0,0.0,,0.0,1.22,,,,,曝光/点击/CTR/CVR/ACOS/ROAS/活动清单
B0D576K6R6,KC4PSP17300,2026-W35,2026-W34,0.0,0.0,,0.0,0.0,,0.0,0.0,,,,,曝光/点击/CTR/CVR/ACOS/ROAS/活动清单
B0D577QJ2G,KC4PSP16100,2026-W35,2026-W34,0.0,0.0,,0.0,0.0,,0.0,0.0,,,,,曝光/点击/CTR/CVR/ACOS/ROAS/活动清单
B0D5785Q19,KC4SGE00900,2026-W35,2026-W34,0.0,0.0,,0.0,0.0,,0.0,0.0,,,,,曝光/点击/CTR/CVR/ACOS/ROAS/活动清单
B0D579TSP1,KC4SGE04200,2026-W35,2026-W34,0.0,1.0,-100.0,0.0,829.6,-100.0,28.58,25.56,,3.08,,单量下滑≥20%；销售额下滑≥20%,曝光/点击/CTR/CVR/ACOS/ROAS/活动清单
B0D5VL2VXB,KC4SGE05300,2026-W35,2026-W34,0.0,1.0,-100.0,0.0,659.53,-100.0,8.57,5.17,,0.78,,单量下滑≥20%；销售额下滑≥20%,曝光/点击/CTR/CVR/ACOS/ROAS/活动清单
B0D5VLYGX8,KC4PSP16500,2026-W35,2026-W34,0.0,0.0,,0.0,0.0,,0.0,0.0,,,,,曝光/点击/CTR/CVR/ACOS/ROAS/活动清单
B0D5VM1FST,KC4PSP17500,2026-W35,2026-W34,0.0,0.0,,0.0,0.0,,9.93,3.27,,,,,曝光/点击/CTR/CVR/ACOS/ROAS/活动清单
B0D5VN4X6R,KC4SGE02800,2026-W35,2026-W34,0.0,0.0,,0.0,0.0,,0.0,0.0,,,,,曝光/点击/CTR/CVR/ACOS/ROAS/活动清单
B0D5VN5XQW,KC4SGE03400,2026-W35,2026-W34,0.0,0.0,,0.0,0.0,,3.26,0.0,,,,,曝光/点击/CTR/CVR/ACOS/ROAS/活动清单
B0D5VNG4G5,KC4PSP16000,2026-W35,2026-W34,0.0,0.0,,0.0,0.0,,0.0,0.0,,,,,曝光/点击/CTR/CVR/ACOS/ROAS/活动清单
B0D5VNHDGQ,KC4PSP15800,2026-W35,2026-W34,0.0,0.0,,0.0,0.0,,0.0,0.0,,,,,曝光/点击/CTR/CVR/ACOS/ROAS/活动清单
B0D5VNK2F7,KC4SGE04800,2026-W35,2026-W34,0.0,0.0,,0.0,0.0,,2.72,3.4,,,,,曝光/点击/CTR/CVR/ACOS/ROAS/活动清单
B0D5VP53XT,KC4SGE05500,2026-W35,2026-W34,0.0,0.0,,0.0,0.0,,0.0,0.0,,,,,曝光/点击/CTR/CVR/ACOS/ROAS/活动清单
B0D5VPPX2C,KC4PSP16200,2026-W35,2026-W34,0.0,0.0,,0.0,0.0,,5.51,3.26,,,,,曝光/点击/CTR/CVR/ACOS/ROAS/活动清单
B0D5VQ98F7,KC4PSP15800,2026-W35,2026-W34,0.0,1.0,-100.0,0.0,754.8,-100.0,21.09,15.17,,2.01,,单量下滑≥20%；销售额下滑≥20%,曝光/点击/CTR/CVR/ACOS/ROAS/活动清单
B0D5W8JFPZ,KC4SGE02900,2026-W35,2026-W34,0.0,0.0,,0.0,0.0,,0.0,0.0,,,,,曝光/点击/CTR/CVR/ACOS/ROAS/活动清单
B0D6LL2QZ8,KC4SGE04900,2026-W35,2026-W34,0.0,0.0,,0.0,0.0,,0.0,0.0,,,,,曝光/点击/CTR/CVR/ACOS/ROAS/活动清单
B0D6LLKT4L,KC4SGE04900,2026-W35,2026-W34,0.0,0.0,,0.0,0.0,,5.99,12.11,,,,,曝光/点击/CTR/CVR/ACOS/ROAS/活动清单
B0D6LMS4WJ,KC4SGE05300,2026-W35,2026-W34,0.0,0.0,,0.0,0.0,,0.0,0.0,,,,,曝光/点击/CTR/CVR/ACOS/ROAS/活动清单
B0D6LNTYTG,KC4PSP17200,2026-W35,2026-W34,0.0,0.0,,0.0,0.0,,0.0,0.0,,,,,曝光/点击/CTR/CVR/ACOS/ROAS/活动清单
B0D6LPFP5Z,KC4PSP15800,2026-W35,2026-W34,0.0,0.0,,0.0,0.0,,0.0,0.0,,,,,曝光/点击/CTR/CVR/ACOS/ROAS/活动清单
B0D6LRBK82,KC4SGE02500,2026-W35,2026-W34,0.0,0.0,,0.0,0.0,,0.0,0.0,,,,,曝光/点击/CTR/CVR/ACOS/ROAS/活动清单
B0DL55S89N,KC4SGE00900,2026-W35,2026-W34,0.0,1.0,-100.0,0.0,1685.58,-100.0,0.0,3.13,,0.19,,单量下滑≥20%；销售额下滑≥20%,曝光/点击/CTR/CVR/ACOS/ROAS/活动清单
B0DL55X91S,KC4PSP17800,2026-W35,2026-W34,0.0,0.0,,0.0,0.0,,25.85,21.15,,,,,曝光/点击/CTR/CVR/ACOS/ROAS/活动清单
B0DL56LYF8,KC4PSP16900,2026-W35,2026-W34,0.0,1.0,-100.0,0.0,1149.2,-100.0,5.99,7.28,,0.63,,单量下滑≥20%；销售额下滑≥20%,曝光/点击/CTR/CVR/ACOS/ROAS/活动清单
B0DL56SP1J,KC4SGE01800,2026-W35,2026-W34,0.0,0.0,,0.0,0.0,,0.0,4.08,,,,,曝光/点击/CTR/CVR/ACOS/ROAS/活动清单
B0DL574JW3,KC4PSP17200,2026-W35,2026-W34,0.0,0.0,,0.0,0.0,,14.15,0.0,,,,,曝光/点击/CTR/CVR/ACOS/ROAS/活动清单
B0DL576PHY,KC4PSP16400,2026-W35,2026-W34,0.0,0.0,,0.0,0.0,,0.0,0.0,,,,,曝光/点击/CTR/CVR/ACOS/ROAS/活动清单
B0DL57D6LW,KC4SGE02900,2026-W35,2026-W34,0.0,0.0,,0.0,0.0,,4.9,0.0,,,,,曝光/点击/CTR/CVR/ACOS/ROAS/活动清单
B0DL57JF8T,KC4PSP17300,2026-W35,2026-W34,0.0,0.0,,0.0,0.0,,0.0,0.0,,,,,曝光/点击/CTR/CVR/ACOS/ROAS/活动清单
B0DL583J3P,KC4PSP16100,2026-W35,2026-W34,0.0,0.0,,0.0,0.0,,0.0,0.0,,,,,曝光/点击/CTR/CVR/ACOS/ROAS/活动清单
B0DL5854SM,KC4SGE03000,2026-W35,2026-W34,0.0,0.0,,0.0,0.0,,0.0,0.0,,,,,曝光/点击/CTR/CVR/ACOS/ROAS/活动清单
B0DM952QZC,KC4SGE02400,2026-W35,2026-W34,0.0,0.0,,0.0,0.0,,6.12,0.0,,,,,曝光/点击/CTR/CVR/ACOS/ROAS/活动清单
B0DM96BQMG,KX4SGE10200,2026-W35,2026-W34,0.0,0.0,,0.0,0.0,,14.96,2.52,,,,,曝光/点击/CTR/CVR/ACOS/ROAS/活动清单
B0DM971PHY,KC4SGE04800,2026-W35,2026-W34,0.0,0.0,,0.0,0.0,,0.0,0.0,,,,,曝光/点击/CTR/CVR/ACOS/ROAS/活动清单
B0DM97P24W,KC4PSP16000,2026-W35,2026-W34,0.0,0.0,,0.0,0.0,,1.7,5.51,,,,,曝光/点击/CTR/CVR/ACOS/ROAS/活动清单
B0DM97PHWP,KC4SGE03300,2026-W35,2026-W34,0.0,0.0,,0.0,0.0,,0.0,3.06,,,,,曝光/点击/CTR/CVR/ACOS/ROAS/活动清单
B0DM97YXJQ,KC4SGE03000,2026-W35,2026-W34,0.0,0.0,,0.0,0.0,,0.0,0.0,,,,,曝光/点击/CTR/CVR/ACOS/ROAS/活动清单
B0DM98SRX6,KC4PSP18200,2026-W35,2026-W34,0.0,0.0,,0.0,0.0,,2.72,0.0,,,,,曝光/点击/CTR/CVR/ACOS/ROAS/活动清单
B0DM9BG9J8,KX4SGE14900,2026-W35,2026-W34,0.0,0.0,,0.0,0.0,,16.32,0.0,,,,,曝光/点击/CTR/CVR/ACOS/ROAS/活动清单
B0DPCVTXDB,KC4SGE01100,2026-W35,2026-W34,0.0,0.0,,0.0,0.0,,0.0,0.0,,,,,曝光/点击/CTR/CVR/ACOS/ROAS/活动清单
B0DPCVYM66,KC4PSP15900,2026-W35,2026-W34,0.0,0.0,,0.0,0.0,,0.0,0.0,,,,,曝光/点击/CTR/CVR/ACOS/ROAS/活动清单
B0DPCVYND6,KC4SGE03000,2026-W35,2026-W34,2.0,0.0,N/A,1060.8,0.0,N/A,17.55,15.1,1.65,,,,曝光/点击/CTR/CVR/ACOS/ROAS/活动清单
B0DPCVZ4KH,KX4SGE13300,2026-W35,2026-W34,0.0,0.0,,0.0,0.0,,9.25,3.6,,,,,曝光/点击/CTR/CVR/ACOS/ROAS/活动清单
B0DPCW8Q3P,KC4SGE01300,2026-W35,2026-W34,0.0,0.0,,0.0,0.0,,4.49,8.57,,,,,曝光/点击/CTR/CVR/ACOS/ROAS/活动清单
B0DPCW8WHC,KC4PSP17000,2026-W35,2026-W34,0.0,0.0,,0.0,0.0,,0.0,0.0,,,,,曝光/点击/CTR/CVR/ACOS/ROAS/活动清单
B0DPCW9XLC,KX4SGE08600,2026-W35,2026-W34,0.0,0.0,,0.0,0.0,,0.0,0.0,,,,,曝光/点击/CTR/CVR/ACOS/ROAS/活动清单
B0DPCWF3ZC,KX4SGE13500,2026-W35,2026-W34,0.0,0.0,,0.0,0.0,,0.0,0.0,,,,,曝光/点击/CTR/CVR/ACOS/ROAS/活动清单
B0DPCWJTDR,KC4SGE01600,2026-W35,2026-W34,0.0,0.0,,0.0,0.0,,7.14,9.18,,,,,曝光/点击/CTR/CVR/ACOS/ROAS/活动清单
B0DPCWK1LZ,KC4SGE04100,2026-W35,2026-W34,0.0,0.0,,0.0,0.0,,0.0,0.0,,,,,曝光/点击/CTR/CVR/ACOS/ROAS/活动清单
B0DPCWK445,KX4SGE17300,2026-W35,2026-W34,0.0,1.0,-100.0,0.0,1217.13,-100.0,0.0,0.0,,0.0,,单量下滑≥20%；销售额下滑≥20%,曝光/点击/CTR/CVR/ACOS/ROAS/活动清单
B0DPCWL9DP,KC4SGE01800,2026-W35,2026-W34,0.0,0.0,,0.0,0.0,,0.0,0.0,,,,,曝光/点击/CTR/CVR/ACOS/ROAS/活动清单
B0DPCWLGG6,KX4SGE11700,2026-W35,2026-W34,0.0,0.0,,0.0,0.0,,2.92,3.06,,,,,曝光/点击/CTR/CVR/ACOS/ROAS/活动清单
B0DPCWLPQ4,KC4SGE01200,2026-W35,2026-W34,0.0,0.0,,0.0,0.0,,32.65,24.01,,,,,曝光/点击/CTR/CVR/ACOS/ROAS/活动清单
B0DPCWMYZS,KC4SGE05000,2026-W35,2026-W34,0.0,0.0,,0.0,0.0,,12.04,8.16,,,,,曝光/点击/CTR/CVR/ACOS/ROAS/活动清单
B0DPCWMZ9B,KC4PSP15800,2026-W35,2026-W34,0.0,1.0,-100.0,0.0,754.8,-100.0,6.54,19.8,,2.62,,单量下滑≥20%；销售额下滑≥20%,曝光/点击/CTR/CVR/ACOS/ROAS/活动清单
B0DPCWN73Z,KX4SGE17700,2026-W35,2026-W34,2.0,0.0,N/A,1922.63,0.0,N/A,57.48,35.1,2.99,,,,曝光/点击/CTR/CVR/ACOS/ROAS/活动清单
B0DPCWP8WR,KX4SGE14900,2026-W35,2026-W34,1.0,1.0,0.0,1277.31,1277.31,0.0,54.01,71.49,4.23,5.6,-24.44,,曝光/点击/CTR/CVR/ACOS/ROAS/活动清单
B0DPCWQQCS,KC4SGE03400,2026-W35,2026-W34,1.0,1.0,0.0,1007.69,1007.69,0.0,115.58,34.45,11.47,3.42,235.48,TACOS上升≥30%,曝光/点击/CTR/CVR/ACOS/ROAS/活动清单
B0DPCWQW36,KC4SGE03300,2026-W35,2026-W34,0.0,0.0,,0.0,0.0,,5.99,0.0,,,,,曝光/点击/CTR/CVR/ACOS/ROAS/活动清单
B0DPCWR4GD,KX4SGE16800,2026-W35,2026-W34,0.0,0.0,,0.0,0.0,,0.0,0.0,,,,,曝光/点击/CTR/CVR/ACOS/ROAS/活动清单
B0DPCWS9M9,KX4SGE14500,2026-W35,2026-W34,0.0,0.0,,0.0,0.0,,0.0,0.0,,,,,曝光/点击/CTR/CVR/ACOS/ROAS/活动清单
B0DPCWSF3G,KC4SGE04700,2026-W35,2026-W34,1.0,2.0,-50.0,1085.21,2170.42,-50.0,222.99,239.99,20.55,11.06,85.84,单量下滑≥20%；销售额下滑≥20%；TACOS上升≥30%,曝光/点击/CTR/CVR/ACOS/ROAS/活动清单
B0DPCWVYHN,KC4SGE00900,2026-W35,2026-W34,0.0,0.0,,0.0,0.0,,0.0,0.0,,,,,曝光/点击/CTR/CVR/ACOS/ROAS/活动清单
B0DPCWWJHP,KC4SGE04900,2026-W35,2026-W34,0.0,0.0,,0.0,0.0,,6.67,8.78,,,,,曝光/点击/CTR/CVR/ACOS/ROAS/活动清单
B0DPCWWRMM,KX4SGE10700,2026-W35,2026-W34,0.0,1.0,-100.0,0.0,916.5,-100.0,2.59,3.27,,0.36,,单量下滑≥20%；销售额下滑≥20%,曝光/点击/CTR/CVR/ACOS/ROAS/活动清单
B0DPCWXBS4,KX4SGE10600,2026-W35,2026-W34,0.0,0.0,,0.0,0.0,,0.0,0.0,,,,,曝光/点击/CTR/CVR/ACOS/ROAS/活动清单
B0DPCWXT64,KC4PSP17900,2026-W35,2026-W34,5.0,2.0,150.0,4930.0,1972.0,150.0,459.62,518.57,9.32,26.3,-64.55,,曝光/点击/CTR/CVR/ACOS/ROAS/活动清单
B0DPCWY6CY,KX4SGE10400,2026-W35,2026-W34,0.0,0.0,,0.0,0.0,,0.0,0.0,,,,,曝光/点击/CTR/CVR/ACOS/ROAS/活动清单
B0DPCWYHX9,KC4SGE02800,2026-W35,2026-W34,1.0,1.0,0.0,945.2,945.2,0.0,46.53,45.1,4.92,4.77,3.17,,曝光/点击/CTR/CVR/ACOS/ROAS/活动清单
B0DPCWYHXB,KC4PSP17700,2026-W35,2026-W34,1.0,3.0,-66.67,1054.0,3162.0,-66.67,66.87,53.74,6.34,1.7,273.27,单量下滑≥20%；销售额下滑≥20%；TACOS上升≥30%,曝光/点击/CTR/CVR/ACOS/ROAS/活动清单
B0DPCWYNV6,KC4SGE02500,2026-W35,2026-W34,3.0,1.0,200.0,3223.2,1074.4,200.0,81.23,114.34,2.52,10.64,-76.32,,曝光/点击/CTR/CVR/ACOS/ROAS/活动清单
B0DPCX11BY,KC4PSP16600,2026-W35,2026-W34,0.0,0.0,,0.0,0.0,,10.14,33.8,,,,,曝光/点击/CTR/CVR/ACOS/ROAS/活动清单
B0DPCX14JC,KX4SGE15800,2026-W35,2026-W34,1.0,1.0,0.0,1162.73,1162.73,0.0,18.36,11.63,1.58,1.0,57.88,TACOS上升≥30%,曝光/点击/CTR/CVR/ACOS/ROAS/活动清单
B0DPCX1NRX,KX4SGE16700,2026-W35,2026-W34,0.0,0.0,,0.0,0.0,,0.0,0.0,,,,,曝光/点击/CTR/CVR/ACOS/ROAS/活动清单
B0DPCX1ZSQ,KC4SGE02900,2026-W35,2026-W34,0.0,0.0,,0.0,0.0,,0.0,0.0,,,,,曝光/点击/CTR/CVR/ACOS/ROAS/活动清单
B0DPCX2GY3,KC4SGE05300,2026-W35,2026-W34,0.0,0.0,,0.0,0.0,,0.0,0.0,,,,,曝光/点击/CTR/CVR/ACOS/ROAS/活动清单
B0DPCX2GY5,KX4SGE11100,2026-W35,2026-W34,0.0,0.0,,0.0,0.0,,0.0,2.59,,,,,曝光/点击/CTR/CVR/ACOS/ROAS/活动清单
B0DPCX3B23,KX4SGE18000,2026-W35,2026-W34,0.0,0.0,,0.0,0.0,,13.27,24.01,,,,,曝光/点击/CTR/CVR/ACOS/ROAS/活动清单
B0DPCX4KJV,KX4SGE08100,2026-W35,2026-W34,0.0,3.0,-100.0,0.0,4962.1,-100.0,151.14,117.07,,2.36,,单量下滑≥20%；销售额下滑≥20%,曝光/点击/CTR/CVR/ACOS/ROAS/活动清单
B0DPCX572T,KX4SGE08300,2026-W35,2026-W34,0.0,0.0,,0.0,0.0,,0.0,0.0,,,,,曝光/点击/CTR/CVR/ACOS/ROAS/活动清单
B0DPCX66CY,KX4SGE16500,2026-W35,2026-W34,0.0,2.0,-100.0,0.0,2003.69,-100.0,11.16,17.62,,0.88,,单量下滑≥20%；销售额下滑≥20%,曝光/点击/CTR/CVR/ACOS/ROAS/活动清单
B0DPCX69RB,KC4SGE00600,2026-W35,2026-W34,0.0,0.0,,0.0,0.0,,10.95,34.01,,,,,曝光/点击/CTR/CVR/ACOS/ROAS/活动清单
B0DPCX6MJR,KC4SGE03900,2026-W35,2026-W34,1.0,0.0,N/A,1190.0,0.0,N/A,0.0,2.59,0.0,,,,曝光/点击/CTR/CVR/ACOS/ROAS/活动清单
B0DPCX6ZS9,KC4SGE01400,2026-W35,2026-W34,1.0,0.0,N/A,1380.4,0.0,N/A,17.55,8.98,1.27,,,,曝光/点击/CTR/CVR/ACOS/ROAS/活动清单
B0DPCX75QY,KC4SGE04300,2026-W35,2026-W34,0.0,0.0,,0.0,0.0,,15.24,6.12,,,,,曝光/点击/CTR/CVR/ACOS/ROAS/活动清单
B0DPCX7QHQ,KX4SGE10900,2026-W35,2026-W34,2.0,1.0,100.0,2380.0,1190.0,100.0,36.66,6.87,1.54,0.58,166.64,TACOS上升≥30%,曝光/点击/CTR/CVR/ACOS/ROAS/活动清单
B0DPCX88KX,KC4PSP17100,2026-W35,2026-W34,0.0,0.0,,0.0,0.0,,11.5,9.79,,,,,曝光/点击/CTR/CVR/ACOS/ROAS/活动清单
B0DPCX9T7K,KX4SGE15400,2026-W35,2026-W34,0.0,0.0,,0.0,0.0,,0.0,0.0,,,,,曝光/点击/CTR/CVR/ACOS/ROAS/活动清单
B0DPCXBW8L,KC4SGE01000,2026-W35,2026-W34,0.0,0.0,,0.0,0.0,,0.0,3.06,,,,,曝光/点击/CTR/CVR/ACOS/ROAS/活动清单
B0DPCXC32D,KC4SGE02500,2026-W35,2026-W34,0.0,0.0,,0.0,0.0,,2.72,0.0,,,,,曝光/点击/CTR/CVR/ACOS/ROAS/活动清单
B0DPCXCTN1,KX4SGE12900,2026-W35,2026-W34,0.0,0.0,,0.0,0.0,,8.84,0.0,,,,,曝光/点击/CTR/CVR/ACOS/ROAS/活动清单
B0DPCXF2L9,KC4PSP16500,2026-W35,2026-W34,1.0,1.0,0.0,884.0,884.0,0.0,40.28,51.22,4.56,5.79,-21.37,,曝光/点击/CTR/CVR/ACOS/ROAS/活动清单
B0DPCXGLKB,KC4PSP17800,2026-W35,2026-W34,0.0,0.0,,0.0,0.0,,26.73,3.06,,,,,曝光/点击/CTR/CVR/ACOS/ROAS/活动清单
B0DPCXH2PS,KC4PSP16700,2026-W35,2026-W34,0.0,0.0,,0.0,0.0,,58.7,43.4,,,,,曝光/点击/CTR/CVR/ACOS/ROAS/活动清单
B0DPCXHB93,KX4SGE08400,2026-W35,2026-W34,1.0,3.0,-66.67,1026.8,3080.4,-66.67,54.35,57.0,5.29,1.85,186.05,单量下滑≥20%；销售额下滑≥20%；TACOS上升≥30%,曝光/点击/CTR/CVR/ACOS/ROAS/活动清单
B0DPCXJLRF,KC4SGE02400,2026-W35,2026-W34,0.0,0.0,,0.0,0.0,,0.0,0.0,,,,,曝光/点击/CTR/CVR/ACOS/ROAS/活动清单
B0DPCXJN9S,KC4SGE00400,2026-W35,2026-W34,0.0,0.0,,0.0,0.0,,0.0,0.0,,,,,曝光/点击/CTR/CVR/ACOS/ROAS/活动清单
B0DPCXJTLG,KC4PSP18200,2026-W35,2026-W34,2.0,1.0,100.0,2325.6,1162.8,100.0,25.45,40.61,1.09,3.49,-68.67,,曝光/点击/CTR/CVR/ACOS/ROAS/活动清单
B0DPCXK7B5,KC4SGE05200,2026-W35,2026-W34,0.0,0.0,,0.0,0.0,,28.7,10.95,,,,,曝光/点击/CTR/CVR/ACOS/ROAS/活动清单
B0DPCXKHXJ,KX4SGE13700,2026-W35,2026-W34,2.0,0.0,N/A,2151.66,0.0,N/A,141.29,60.16,6.57,,,,曝光/点击/CTR/CVR/ACOS/ROAS/活动清单
B0DPCXKRCL,KX4SGE08200,2026-W35,2026-W34,1.0,0.0,N/A,952.0,0.0,N/A,66.86,36.67,7.02,,,,曝光/点击/CTR/CVR/ACOS/ROAS/活动清单
B0DPCXL6DK,KC4PSP18000,2026-W35,2026-W34,0.0,0.0,,0.0,0.0,,12.31,2.52,,,,,曝光/点击/CTR/CVR/ACOS/ROAS/活动清单
B0DPCXLY1Y,KC4PSP17200,2026-W35,2026-W34,0.0,0.0,,0.0,0.0,,15.64,14.62,,,,,曝光/点击/CTR/CVR/ACOS/ROAS/活动清单
B0DPCXMDMM,KC4SGE04600,2026-W35,2026-W34,1.0,0.0,N/A,1311.31,0.0,N/A,17.89,22.99,1.36,,,,曝光/点击/CTR/CVR/ACOS/ROAS/活动清单
B0DPCXMRG4,KC4SGE03700,2026-W35,2026-W34,4.0,2.0,100.0,4780.13,2390.06,100.0,124.54,93.74,2.61,3.92,-33.57,,曝光/点击/CTR/CVR/ACOS/ROAS/活动清单
B0DPCXNJXG,KC4SGE03800,2026-W35,2026-W34,0.0,0.0,,0.0,0.0,,0.0,3.74,,,,,曝光/点击/CTR/CVR/ACOS/ROAS/活动清单
B0DPCXPSCG,KX4SGE17400,2026-W35,2026-W34,0.0,0.0,,0.0,0.0,,0.0,0.0,,,,,曝光/点击/CTR/CVR/ACOS/ROAS/活动清单
B0DPCXPSCH,KC4SGE04200,2026-W35,2026-W34,1.0,1.0,0.0,822.8,822.8,0.0,17.75,11.16,2.16,1.36,59.13,TACOS上升≥30%,曝光/点击/CTR/CVR/ACOS/ROAS/活动清单
B0DPCXS49Q,KX4SGE17100,2026-W35,2026-W34,0.0,0.0,,0.0,0.0,,9.25,8.23,,,,,曝光/点击/CTR/CVR/ACOS/ROAS/活动清单
B0DPCXSHJ8,KX4SGE09700,2026-W35,2026-W34,0.0,0.0,,0.0,0.0,,24.97,33.67,,,,,曝光/点击/CTR/CVR/ACOS/ROAS/活动清单
B0DPCXXGCQ,KX4SGE09300,2026-W35,2026-W34,0.0,1.0,-100.0,0.0,1463.7,-100.0,0.0,0.0,,0.0,,单量下滑≥20%；销售额下滑≥20%,曝光/点击/CTR/CVR/ACOS/ROAS/活动清单
B0DPCXYMH5,KC4PSP16100,2026-W35,2026-W34,3.0,5.0,-40.0,2509.2,4182.0,-40.0,41.56,29.12,1.66,0.7,137.9,单量下滑≥20%；销售额下滑≥20%；TACOS上升≥30%,曝光/点击/CTR/CVR/ACOS/ROAS/活动清单
B0DPCXZ6MJ,KC4SGE00500,2026-W35,2026-W34,0.0,0.0,,0.0,0.0,,0.0,0.0,,,,,曝光/点击/CTR/CVR/ACOS/ROAS/活动清单
B0DPCXZJQR,KC4PSP17500,2026-W35,2026-W34,0.0,0.0,,0.0,0.0,,7.96,8.37,,,,,曝光/点击/CTR/CVR/ACOS/ROAS/活动清单
B0DPCY29GS,KX4SGE10200,2026-W35,2026-W34,0.0,0.0,,0.0,0.0,,9.8,16.66,,,,,曝光/点击/CTR/CVR/ACOS/ROAS/活动清单
B0DPCY3SC2,KC4SGE05100,2026-W35,2026-W34,5.0,1.0,400.0,7105.66,1421.13,400.0,79.39,56.44,1.12,3.97,-71.87,,曝光/点击/CTR/CVR/ACOS/ROAS/活动清单
B0DPCY7FPM,KC4PSP17300,2026-W35,2026-W34,0.0,0.0,,0.0,0.0,,0.0,0.0,,,,,曝光/点击/CTR/CVR/ACOS/ROAS/活动清单
B0DPCYGFTK,KX4SGE14000,2026-W35,2026-W34,0.0,0.0,,0.0,0.0,,3.26,0.0,,,,,曝光/点击/CTR/CVR/ACOS/ROAS/活动清单
B0DPCYJN57,KC4SGE02700,2026-W35,2026-W34,0.0,0.0,,0.0,0.0,,0.0,0.0,,,,,曝光/点击/CTR/CVR/ACOS/ROAS/活动清单
B0DPCZ3SPZ,KX4SGE14700,2026-W35,2026-W34,1.0,0.0,N/A,900.66,0.0,N/A,15.64,8.57,1.74,,,,曝光/点击/CTR/CVR/ACOS/ROAS/活动清单
B0DPMTFB27,KC4PSP15800,2026-W35,2026-W34,1.0,1.0,0.0,727.6,727.6,0.0,45.58,76.86,6.26,10.56,-40.7,,曝光/点击/CTR/CVR/ACOS/ROAS/活动清单
B0DPMWTLZB,KC4PSP15900,2026-W35,2026-W34,0.0,5.0,-100.0,0.0,4563.82,-100.0,35.11,44.42,,0.97,,单量下滑≥20%；销售额下滑≥20%,曝光/点击/CTR/CVR/ACOS/ROAS/活动清单
B0DPQF3QHK,KC4PSP16000,2026-W35,2026-W34,0.0,0.0,,0.0,0.0,,0.0,0.0,,,,,曝光/点击/CTR/CVR/ACOS/ROAS/活动清单
B0DPQFYLPN,KC4PSP16400,2026-W35,2026-W34,0.0,0.0,,0.0,0.0,,0.0,0.0,,,,,曝光/点击/CTR/CVR/ACOS/ROAS/活动清单
B0DPQG957S,KC4PSP16200,2026-W35,2026-W34,2.0,6.0,-66.67,2638.26,7914.79,-66.67,169.41,134.61,6.42,1.7,277.55,单量下滑≥20%；销售额下滑≥20%；TACOS上升≥30%,曝光/点击/CTR/CVR/ACOS/ROAS/活动清单
B0DPQGHBJQ,KC4PSP16300,2026-W35,2026-W34,0.0,0.0,,0.0,0.0,,0.0,0.0,,,,,曝光/点击/CTR/CVR/ACOS/ROAS/活动清单
B0DPQHX41H,KC4PSP17300,2026-W35,2026-W34,0.0,0.0,,0.0,0.0,,0.0,0.0,,,,,曝光/点击/CTR/CVR/ACOS/ROAS/活动清单
B0DPQJ9GVG,KC4PSP16500,2026-W35,2026-W34,0.0,0.0,,0.0,0.0,,0.0,17.75,,,,,曝光/点击/CTR/CVR/ACOS/ROAS/活动清单
B0DPQKR3GQ,KC4PSP17500,2026-W35,2026-W34,0.0,0.0,,0.0,0.0,,0.0,0.0,,,,,曝光/点击/CTR/CVR/ACOS/ROAS/活动清单
B0DPQKWQ6D,KC4PSP17800,2026-W35,2026-W34,0.0,0.0,,0.0,0.0,,0.0,0.0,,,,,曝光/点击/CTR/CVR/ACOS/ROAS/活动清单
B0DPQLLN9D,KC4SGE00100,2026-W35,2026-W34,1.0,1.0,0.0,497.01,497.01,0.0,87.01,105.16,17.51,21.16,-17.26,,曝光/点击/CTR/CVR/ACOS/ROAS/活动清单
B0DPQLYGNY,KC4PSP17600,2026-W35,2026-W34,2.0,1.0,100.0,2162.4,1081.2,100.0,54.76,56.45,2.53,5.22,-51.5,,曝光/点击/CTR/CVR/ACOS/ROAS/活动清单
B0DPQMH3MY,KC4PSP18000,2026-W35,2026-W34,0.0,0.0,,0.0,0.0,,0.0,0.0,,,,,曝光/点击/CTR/CVR/ACOS/ROAS/活动清单
B0DPQMKLMD,KC4PSP17200,2026-W35,2026-W34,0.0,0.0,,0.0,0.0,,0.0,0.0,,,,,曝光/点击/CTR/CVR/ACOS/ROAS/活动清单
B0DPQMTRLL,KC4PSP17900,2026-W35,2026-W34,0.0,0.0,,0.0,0.0,,0.0,0.0,,,,,曝光/点击/CTR/CVR/ACOS/ROAS/活动清单
B0DPQNGS4C,KC4PSP18100,2026-W35,2026-W34,0.0,0.0,,0.0,0.0,,0.0,0.0,,,,,曝光/点击/CTR/CVR/ACOS/ROAS/活动清单
B0DPQNQD9G,KC4PSP18200,2026-W35,2026-W34,2.0,2.0,0.0,2298.26,2298.26,0.0,109.46,194.87,4.76,8.48,-43.83,,曝光/点击/CTR/CVR/ACOS/ROAS/活动清单
B0DPW7DYNF,KC4SGE00300,2026-W35,2026-W34,0.0,0.0,,0.0,0.0,,0.0,0.0,,,,,曝光/点击/CTR/CVR/ACOS/ROAS/活动清单
B0DPW7JQ68,KC4SGE00200,2026-W35,2026-W34,0.0,0.0,,0.0,0.0,,3.27,5.65,,,,,曝光/点击/CTR/CVR/ACOS/ROAS/活动清单
B0DPW8Q7F4,KC4SGE00400,2026-W35,2026-W34,0.0,0.0,,0.0,0.0,,0.0,0.0,,,,,曝光/点击/CTR/CVR/ACOS/ROAS/活动清单
B0DPW95LBX,KC4SGE00600,2026-W35,2026-W34,0.0,0.0,,0.0,0.0,,0.0,0.0,,,,,曝光/点击/CTR/CVR/ACOS/ROAS/活动清单
B0DPWBWXPB,KC4SGE00700,2026-W35,2026-W34,0.0,0.0,,0.0,0.0,,0.0,0.0,,,,,曝光/点击/CTR/CVR/ACOS/ROAS/活动清单
B0DPWHYDLC,KC4SGE00900,2026-W35,2026-W34,0.0,0.0,,0.0,0.0,,0.0,0.0,,,,,曝光/点击/CTR/CVR/ACOS/ROAS/活动清单
B0DPWN7YTS,KC4SGE01400,2026-W35,2026-W34,0.0,0.0,,0.0,0.0,,0.0,0.0,,,,,曝光/点击/CTR/CVR/ACOS/ROAS/活动清单
B0DPWTKYNX,KC4SGE01600,2026-W35,2026-W34,0.0,0.0,,0.0,0.0,,0.0,0.0,,,,,曝光/点击/CTR/CVR/ACOS/ROAS/活动清单
B0DPWTWBNV,KC4SGE02400,2026-W35,2026-W34,0.0,0.0,,0.0,0.0,,3.13,1.36,,,,,曝光/点击/CTR/CVR/ACOS/ROAS/活动清单
B0DPWVKS7P,KC4SGE02800,2026-W35,2026-W34,0.0,0.0,,0.0,0.0,,0.0,0.0,,,,,曝光/点击/CTR/CVR/ACOS/ROAS/活动清单
B0DPWVY87S,KC4SGE01700,2026-W35,2026-W34,0.0,1.0,-100.0,0.0,1054.0,-100.0,2.86,4.29,,0.41,,单量下滑≥20%；销售额下滑≥20%,曝光/点击/CTR/CVR/ACOS/ROAS/活动清单
B0DPWWTKQP,KC4SGE02900,2026-W35,2026-W34,0.0,0.0,,0.0,0.0,,0.2,0.0,,,,,曝光/点击/CTR/CVR/ACOS/ROAS/活动清单
B0DPWWVLC7,KC4SGE02700,2026-W35,2026-W34,0.0,0.0,,0.0,0.0,,0.0,0.0,,,,,曝光/点击/CTR/CVR/ACOS/ROAS/活动清单
B0DPWYBG2D,KC4SGE03000,2026-W35,2026-W34,0.0,0.0,,0.0,0.0,,10.75,14.62,,,,,曝光/点击/CTR/CVR/ACOS/ROAS/活动清单
B0DPWYBZ41,KC4SGE03400,2026-W35,2026-W34,0.0,1.0,-100.0,0.0,924.73,-100.0,5.17,0.0,,0.0,,单量下滑≥20%；销售额下滑≥20%,曝光/点击/CTR/CVR/ACOS/ROAS/活动清单
B0DPWZDK76,KC4SGE03100,2026-W35,2026-W34,0.0,0.0,,0.0,0.0,,0.0,0.0,,,,,曝光/点击/CTR/CVR/ACOS/ROAS/活动清单
B0DPX6R75S,KC4SGE04100,2026-W35,2026-W34,0.0,0.0,,0.0,0.0,,0.0,0.0,,,,,曝光/点击/CTR/CVR/ACOS/ROAS/活动清单
B0DPZK76DX,KC4SGE04800,2026-W35,2026-W34,0.0,1.0,-100.0,0.0,1326.0,-100.0,7.48,2.59,,0.2,,单量下滑≥20%；销售额下滑≥20%,曝光/点击/CTR/CVR/ACOS/ROAS/活动清单
B0DPZKF5TG,KC4SGE04700,2026-W35,2026-W34,0.0,0.0,,0.0,0.0,,0.0,0.0,,,,,曝光/点击/CTR/CVR/ACOS/ROAS/活动清单
B0DPZMG6B4,KC4SGE05200,2026-W35,2026-W34,0.0,0.0,,0.0,0.0,,0.0,0.0,,,,,曝光/点击/CTR/CVR/ACOS/ROAS/活动清单
B0DPZMTD3C,KC4SGE04900,2026-W35,2026-W34,0.0,0.0,,0.0,0.0,,0.0,0.0,,,,,曝光/点击/CTR/CVR/ACOS/ROAS/活动清单
B0DPZN1RR3,KC4SGE05100,2026-W35,2026-W34,1.0,1.0,0.0,1434.8,1434.8,0.0,23.33,15.78,1.63,1.1,47.83,TACOS上升≥30%,曝光/点击/CTR/CVR/ACOS/ROAS/活动清单
B0DPZNJS5T,KX4SGE17700,2026-W35,2026-W34,0.0,0.0,,0.0,0.0,,0.0,0.0,,,,,曝光/点击/CTR/CVR/ACOS/ROAS/活动清单
B0DPZQCD9D,KX4SGE16700,2026-W35,2026-W34,0.0,0.0,,0.0,0.0,,6.47,30.06,,,,,曝光/点击/CTR/CVR/ACOS/ROAS/活动清单
B0DPZS1LTK,KX4SGE16500,2026-W35,2026-W34,0.0,0.0,,0.0,0.0,,0.0,0.0,,,,,曝光/点击/CTR/CVR/ACOS/ROAS/活动清单
B0DPZS94X1,KX4SGE14500,2026-W35,2026-W34,0.0,0.0,,0.0,0.0,,50.95,36.6,,,,,曝光/点击/CTR/CVR/ACOS/ROAS/活动清单
B0DPZSMKVJ,KX4SGE14900,2026-W35,2026-W34,0.0,0.0,,0.0,0.0,,0.0,0.0,,,,,曝光/点击/CTR/CVR/ACOS/ROAS/活动清单
B0DPZVL1QL,KX4SGE14700,2026-W35,2026-W34,0.0,0.0,,0.0,0.0,,0.0,0.0,,,,,曝光/点击/CTR/CVR/ACOS/ROAS/活动清单
B0DPZZNHWJ,KX4SGE10400,2026-W35,2026-W34,0.0,0.0,,0.0,0.0,,2.93,5.92,,,,,曝光/点击/CTR/CVR/ACOS/ROAS/活动清单
B0DPZZS42B,KX4SGE12200,2026-W35,2026-W34,0.0,0.0,,0.0,0.0,,0.0,0.0,,,,,曝光/点击/CTR/CVR/ACOS/ROAS/活动清单
B0DQ11L42D,KX4SGE12100,2026-W35,2026-W34,0.0,0.0,,0.0,0.0,,0.0,0.0,,,,,曝光/点击/CTR/CVR/ACOS/ROAS/活动清单
B0DQ125CCF,KX4SGE13500,2026-W35,2026-W34,0.0,0.0,,0.0,0.0,,0.0,0.0,,,,,曝光/点击/CTR/CVR/ACOS/ROAS/活动清单
B0DQ127SL9,KX4SGE13300,2026-W35,2026-W34,0.0,0.0,,0.0,0.0,,9.12,12.99,,,,,曝光/点击/CTR/CVR/ACOS/ROAS/活动清单
B0DQ14QGDQ,KX4SGE10700,2026-W35,2026-W34,0.0,0.0,,0.0,0.0,,0.0,0.0,,,,,曝光/点击/CTR/CVR/ACOS/ROAS/活动清单
B0DQ1593RH,KX4SGE10600,2026-W35,2026-W34,0.0,2.0,-100.0,0.0,1849.46,-100.0,2.59,8.37,,0.45,,单量下滑≥20%；销售额下滑≥20%,曝光/点击/CTR/CVR/ACOS/ROAS/活动清单
B0DQ159KSX,KX4SGE10900,2026-W35,2026-W34,0.0,0.0,,0.0,0.0,,7.96,9.59,,,,,曝光/点击/CTR/CVR/ACOS/ROAS/活动清单
B0DQ16GZVP,KX4SGE09700,2026-W35,2026-W34,0.0,0.0,,0.0,0.0,,0.0,0.0,,,,,曝光/点击/CTR/CVR/ACOS/ROAS/活动清单
B0DQ1713QC,KX4SGE11700,2026-W35,2026-W34,0.0,0.0,,0.0,0.0,,1.36,0.0,,,,,曝光/点击/CTR/CVR/ACOS/ROAS/活动清单
B0DQ19L6JY,KX4SGE08500,2026-W35,2026-W34,0.0,0.0,,0.0,0.0,,0.0,0.0,,,,,曝光/点击/CTR/CVR/ACOS/ROAS/活动清单
B0DQ3B16QC,KC4SGE00900,2026-W35,2026-W34,0.0,0.0,,0.0,0.0,,0.0,0.0,,,,,曝光/点击/CTR/CVR/ACOS/ROAS/活动清单
B0DQ3BN5J1,KC4SGE00200,2026-W35,2026-W34,0.0,0.0,,0.0,0.0,,0.0,0.0,,,,,曝光/点击/CTR/CVR/ACOS/ROAS/活动清单
B0DQ3KXSFQ,KC4SGE04300,2026-W35,2026-W34,0.0,1.0,-100.0,0.0,775.2,-100.0,0.0,3.27,,0.42,,单量下滑≥20%；销售额下滑≥20%,曝光/点击/CTR/CVR/ACOS/ROAS/活动清单
B0DQ3QZ92R,KC4PSP16400,2026-W35,2026-W34,0.0,0.0,,0.0,0.0,,0.0,0.0,,,,,曝光/点击/CTR/CVR/ACOS/ROAS/活动清单
B0DQ3TCJK1,KC4PSP18200,2026-W35,2026-W34,0.0,0.0,,0.0,0.0,,0.0,0.0,,,,,曝光/点击/CTR/CVR/ACOS/ROAS/活动清单
B0DQ47S1R8,KC4SGE05200,2026-W35,2026-W34,2.0,1.0,100.0,2053.6,1026.8,100.0,0.0,4.56,0.0,0.44,-99.99,,曝光/点击/CTR/CVR/ACOS/ROAS/活动清单
B0DQ4D5VHY,KC4PSP17900,2026-W35,2026-W34,0.0,0.0,,0.0,0.0,,0.41,0.0,,,,,曝光/点击/CTR/CVR/ACOS/ROAS/活动清单
B0DQ55B2FJ,KX4SGE08400,2026-W35,2026-W34,0.0,0.0,,0.0,0.0,,0.0,0.0,,,,,曝光/点击/CTR/CVR/ACOS/ROAS/活动清单
B0DQ5CQBB7,KX4SGE08100,2026-W35,2026-W34,0.0,0.0,,0.0,0.0,,5.98,2.99,,,,,曝光/点击/CTR/CVR/ACOS/ROAS/活动清单
B0DQ5DS3XR,KC4PSP16600,2026-W35,2026-W34,0.0,0.0,,0.0,0.0,,0.0,0.0,,,,,曝光/点击/CTR/CVR/ACOS/ROAS/活动清单
B0DQ5DZFZM,KX4SGE08200,2026-W35,2026-W34,0.0,0.0,,0.0,0.0,,0.0,0.0,,,,,曝光/点击/CTR/CVR/ACOS/ROAS/活动清单
B0DQ5F635B,KX4SGE08000,2026-W35,2026-W34,0.0,0.0,,0.0,0.0,,3.27,8.64,,,,,曝光/点击/CTR/CVR/ACOS/ROAS/活动清单
B0DQ8H2JZZ,KX4SGE09300,2026-W35,2026-W34,0.0,0.0,,0.0,0.0,,0.0,0.0,,,,,曝光/点击/CTR/CVR/ACOS/ROAS/活动清单
B0DQ8LPQPC,KX4SGE11100,2026-W35,2026-W34,0.0,0.0,,0.0,0.0,,0.0,0.0,,,,,曝光/点击/CTR/CVR/ACOS/ROAS/活动清单
B0DQY2R2LM,KC4SGE00200,2026-W35,2026-W34,0.0,0.0,,0.0,0.0,,0.0,0.0,,,,,曝光/点击/CTR/CVR/ACOS/ROAS/活动清单
B0DQY4V77K,KC4PSP16200,2026-W35,2026-W34,0.0,0.0,,0.0,0.0,,0.0,0.0,,,,,曝光/点击/CTR/CVR/ACOS/ROAS/活动清单
B0DQY512DB,KC4PSP17200,2026-W35,2026-W34,0.0,0.0,,0.0,0.0,,0.0,0.0,,,,,曝光/点击/CTR/CVR/ACOS/ROAS/活动清单
B0DQY51MMH,KC4PSP17600,2026-W35,2026-W34,0.0,0.0,,0.0,0.0,,0.0,0.0,,,,,曝光/点击/CTR/CVR/ACOS/ROAS/活动清单
B0DQY561Z7,KC4PSP15900,2026-W35,2026-W34,0.0,0.0,,0.0,0.0,,0.0,0.0,,,,,曝光/点击/CTR/CVR/ACOS/ROAS/活动清单
B0DQY58X6W,KC4SGE00100,2026-W35,2026-W34,1.0,0.0,N/A,497.01,0.0,N/A,8.16,4.08,1.64,,,,曝光/点击/CTR/CVR/ACOS/ROAS/活动清单
B0DQY5BX1Q,KC4PSP18100,2026-W35,2026-W34,0.0,0.0,,0.0,0.0,,0.0,0.0,,,,,曝光/点击/CTR/CVR/ACOS/ROAS/活动清单
B0DQY5LGZ1,KC4PSP15800,2026-W35,2026-W34,0.0,0.0,,0.0,0.0,,8.16,19.18,,,,,曝光/点击/CTR/CVR/ACOS/ROAS/活动清单
B0DQY5PNYT,KC4PSP17700,2026-W35,2026-W34,0.0,0.0,,0.0,0.0,,0.0,0.0,,,,,曝光/点击/CTR/CVR/ACOS/ROAS/活动清单
B0DQY5T2RQ,KC4PSP17500,2026-W35,2026-W34,0.0,0.0,,0.0,0.0,,0.0,2.58,,,,,曝光/点击/CTR/CVR/ACOS/ROAS/活动清单
B0DQY5XZHZ,KC4PSP16000,2026-W35,2026-W34,0.0,0.0,,0.0,0.0,,0.0,0.0,,,,,曝光/点击/CTR/CVR/ACOS/ROAS/活动清单
B0DQY5ZL3Z,KC4PSP18000,2026-W35,2026-W34,0.0,0.0,,0.0,0.0,,26.87,37.07,,,,,曝光/点击/CTR/CVR/ACOS/ROAS/活动清单
B0DQY6KDSS,KC4PSP16700,2026-W35,2026-W34,0.0,0.0,,0.0,0.0,,0.0,0.0,,,,,曝光/点击/CTR/CVR/ACOS/ROAS/活动清单
B0DQY6LPWW,KC4PSP16100,2026-W35,2026-W34,0.0,0.0,,0.0,0.0,,0.0,0.0,,,,,曝光/点击/CTR/CVR/ACOS/ROAS/活动清单
B0DQY6TD6C,KC4PSP18200,2026-W35,2026-W34,0.0,0.0,,0.0,0.0,,0.0,0.0,,,,,曝光/点击/CTR/CVR/ACOS/ROAS/活动清单
B0DQY86821,KC4PSP17300,2026-W35,2026-W34,0.0,0.0,,0.0,0.0,,0.0,0.0,,,,,曝光/点击/CTR/CVR/ACOS/ROAS/活动清单
B0DQY8CJ2L,KC4PSP17100,2026-W35,2026-W34,0.0,0.0,,0.0,0.0,,0.0,0.0,,,,,曝光/点击/CTR/CVR/ACOS/ROAS/活动清单
B0DQZRQMR5,KX4SGE16700,2026-W35,2026-W34,0.0,0.0,,0.0,0.0,,0.0,0.0,,,,,曝光/点击/CTR/CVR/ACOS/ROAS/活动清单
B0DQZRRW8M,KC4SGE00900,2026-W35,2026-W34,0.0,0.0,,0.0,0.0,,0.0,0.0,,,,,曝光/点击/CTR/CVR/ACOS/ROAS/活动清单
B0DQZS99BC,KC4SGE00700,2026-W35,2026-W34,0.0,0.0,,0.0,0.0,,0.0,0.0,,,,,曝光/点击/CTR/CVR/ACOS/ROAS/活动清单
B0DQZS9NTG,KC4SGE02800,2026-W35,2026-W34,0.0,0.0,,0.0,0.0,,0.0,0.0,,,,,曝光/点击/CTR/CVR/ACOS/ROAS/活动清单
B0DQZSHPDZ,KC4SGE00800,2026-W35,2026-W34,0.0,0.0,,0.0,0.0,,0.0,0.0,,,,,曝光/点击/CTR/CVR/ACOS/ROAS/活动清单
B0DQZTR7TZ,KC4SGE03300,2026-W35,2026-W34,0.0,0.0,,0.0,0.0,,0.0,0.0,,,,,曝光/点击/CTR/CVR/ACOS/ROAS/活动清单
B0DQZTSY6V,KC4SGE05400,2026-W35,2026-W34,0.0,0.0,,0.0,0.0,,5.99,3.27,,,,,曝光/点击/CTR/CVR/ACOS/ROAS/活动清单
B0DQZTVFTQ,KC4SGE03400,2026-W35,2026-W34,1.0,0.0,N/A,945.13,0.0,N/A,3.27,6.53,0.35,,,,曝光/点击/CTR/CVR/ACOS/ROAS/活动清单
B0DQZV4K6K,KC4SGE00600,2026-W35,2026-W34,0.0,0.0,,0.0,0.0,,0.0,0.0,,,,,曝光/点击/CTR/CVR/ACOS/ROAS/活动清单
B0DQZV53GG,KC4SGE04800,2026-W35,2026-W34,0.0,0.0,,0.0,0.0,,0.0,0.0,,,,,曝光/点击/CTR/CVR/ACOS/ROAS/活动清单
B0DQZVHMQN,KC4SGE01800,2026-W35,2026-W34,0.0,0.0,,0.0,0.0,,0.0,0.0,,,,,曝光/点击/CTR/CVR/ACOS/ROAS/活动清单
B0DQZVT6JV,KC4SGE01300,2026-W35,2026-W34,0.0,0.0,,0.0,0.0,,2.59,9.86,,,,,曝光/点击/CTR/CVR/ACOS/ROAS/活动清单
B0DQZW2C1Q,KC4SGE04200,2026-W35,2026-W34,0.0,0.0,,0.0,0.0,,0.0,0.0,,,,,曝光/点击/CTR/CVR/ACOS/ROAS/活动清单
B0DQZW5FXY,KC4SGE02400,2026-W35,2026-W34,1.0,0.0,N/A,945.2,0.0,N/A,17.75,0.0,1.88,,,,曝光/点击/CTR/CVR/ACOS/ROAS/活动清单
B0DQZWB77C,KX4SGE15800,2026-W35,2026-W34,0.0,0.0,,0.0,0.0,,5.99,3.27,,,,,曝光/点击/CTR/CVR/ACOS/ROAS/活动清单
B0DQZWJCFH,KC4SGE00400,2026-W35,2026-W34,0.0,0.0,,0.0,0.0,,0.0,0.0,,,,,曝光/点击/CTR/CVR/ACOS/ROAS/活动清单
B0DQZWMH13,KC4SGE05300,2026-W35,2026-W34,0.0,0.0,,0.0,0.0,,0.0,0.0,,,,,曝光/点击/CTR/CVR/ACOS/ROAS/活动清单
B0DQZWXBL5,KC4SGE04100,2026-W35,2026-W34,0.0,0.0,,0.0,0.0,,0.0,0.0,,,,,曝光/点击/CTR/CVR/ACOS/ROAS/活动清单
B0DQZWXRX3,KC4PSP16500,2026-W35,2026-W34,0.0,0.0,,0.0,0.0,,0.0,0.0,,,,,曝光/点击/CTR/CVR/ACOS/ROAS/活动清单
B0DQZWZ38L,KX4SGE16500,2026-W35,2026-W34,0.0,0.0,,0.0,0.0,,0.0,0.0,,,,,曝光/点击/CTR/CVR/ACOS/ROAS/活动清单
B0DQZWZSFM,KC4SGE02900,2026-W35,2026-W34,0.0,0.0,,0.0,0.0,,0.0,0.0,,,,,曝光/点击/CTR/CVR/ACOS/ROAS/活动清单
B0DQZX2CXP,KC4SGE03000,2026-W35,2026-W34,0.0,0.0,,0.0,0.0,,1.97,3.26,,,,,曝光/点击/CTR/CVR/ACOS/ROAS/活动清单
B0DQZX34G5,KC4SGE03100,2026-W35,2026-W34,1.0,0.0,N/A,1489.13,0.0,N/A,3.06,0.0,0.21,,,,曝光/点击/CTR/CVR/ACOS/ROAS/活动清单
B0DQZX7L79,KC4SGE05100,2026-W35,2026-W34,0.0,0.0,,0.0,0.0,,5.64,0.0,,,,,曝光/点击/CTR/CVR/ACOS/ROAS/活动清单
B0DQZXZWV1,KC4SGE01000,2026-W35,2026-W34,0.0,0.0,,0.0,0.0,,0.0,0.0,,,,,曝光/点击/CTR/CVR/ACOS/ROAS/活动清单
B0DQZYK9KK,KC4SGE00300,2026-W35,2026-W34,0.0,0.0,,0.0,0.0,,0.0,0.0,,,,,曝光/点击/CTR/CVR/ACOS/ROAS/活动清单
B0DR144TNH,KX4SGE10300,2026-W35,2026-W34,1.0,2.0,-50.0,1156.0,2312.0,-50.0,45.5,65.29,3.94,2.82,39.39,单量下滑≥20%；销售额下滑≥20%；TACOS上升≥30%,曝光/点击/CTR/CVR/ACOS/ROAS/活动清单
B0DR14RD2F,KC4SGE04600,2026-W35,2026-W34,0.0,0.0,,0.0,0.0,,0.0,0.0,,,,,曝光/点击/CTR/CVR/ACOS/ROAS/活动清单
B0DR157SSK,KX4SGE13500,2026-W35,2026-W34,0.0,0.0,,0.0,0.0,,0.0,0.0,,,,,曝光/点击/CTR/CVR/ACOS/ROAS/活动清单
B0DR1582JR,KX4SGE13700,2026-W35,2026-W34,0.0,0.0,,0.0,0.0,,0.0,0.0,,,,,曝光/点击/CTR/CVR/ACOS/ROAS/活动清单
B0DR1582JY,KX4SGE11700,2026-W35,2026-W34,0.0,0.0,,0.0,0.0,,9.53,3.13,,,,,曝光/点击/CTR/CVR/ACOS/ROAS/活动清单
B0DR158F59,KX4SGE08200,2026-W35,2026-W34,0.0,0.0,,0.0,0.0,,4.08,10.95,,,,,曝光/点击/CTR/CVR/ACOS/ROAS/活动清单
B0DR1648XY,KX4SGE11100,2026-W35,2026-W34,1.0,0.0,N/A,1308.93,0.0,N/A,3.06,8.23,0.23,,,,曝光/点击/CTR/CVR/ACOS/ROAS/活动清单
B0DR167V3Z,KX4SGE08600,2026-W35,2026-W34,0.0,2.0,-100.0,0.0,1822.4,-100.0,40.2,37.55,,2.06,,单量下滑≥20%；销售额下滑≥20%,曝光/点击/CTR/CVR/ACOS/ROAS/活动清单
B0DR16MVLD,KX4SGE12100,2026-W35,2026-W34,0.0,0.0,,0.0,0.0,,0.0,0.0,,,,,曝光/点击/CTR/CVR/ACOS/ROAS/活动清单
B0DR16VDGY,KX4SGE14900,2026-W35,2026-W34,0.0,0.0,,0.0,0.0,,0.0,0.0,,,,,曝光/点击/CTR/CVR/ACOS/ROAS/活动清单
B0DR17PR85,KX4SGE14500,2026-W35,2026-W34,0.0,0.0,,0.0,0.0,,8.09,2.72,,,,,曝光/点击/CTR/CVR/ACOS/ROAS/活动清单
B0DR1F3YDP,KX4SGE09300,2026-W35,2026-W34,0.0,0.0,,0.0,0.0,,0.0,0.0,,,,,曝光/点击/CTR/CVR/ACOS/ROAS/活动清单
B0DR1JGJJF,KC4SGE01400,2026-W35,2026-W34,0.0,0.0,,0.0,0.0,,0.0,0.0,,,,,曝光/点击/CTR/CVR/ACOS/ROAS/活动清单
B0DR1V4YFW,KX4SGE09700,2026-W35,2026-W34,0.0,0.0,,0.0,0.0,,0.0,0.0,,,,,曝光/点击/CTR/CVR/ACOS/ROAS/活动清单
B0DR1V71K3,KX4SGE14700,2026-W35,2026-W34,0.0,0.0,,0.0,0.0,,0.0,0.0,,,,,曝光/点击/CTR/CVR/ACOS/ROAS/活动清单
B0DR1XX4CV,KX4SGE10600,2026-W35,2026-W34,0.0,0.0,,0.0,0.0,,11.63,6.12,,,,,曝光/点击/CTR/CVR/ACOS/ROAS/活动清单
B0DR211Y69,KX4SGE08000,2026-W35,2026-W34,0.0,0.0,,0.0,0.0,,0.0,0.0,,,,,曝光/点击/CTR/CVR/ACOS/ROAS/活动清单
B0DR232T5S,KX4SGE17300,2026-W35,2026-W34,0.0,0.0,,0.0,0.0,,0.0,0.0,,,,,曝光/点击/CTR/CVR/ACOS/ROAS/活动清单
B0DR2335TW,KX4SGE10900,2026-W35,2026-W34,0.0,0.0,,0.0,0.0,,0.0,0.0,,,,,曝光/点击/CTR/CVR/ACOS/ROAS/活动清单
B0DR234TXG,KX4SGE08500,2026-W35,2026-W34,0.0,0.0,,0.0,0.0,,0.0,0.0,,,,,曝光/点击/CTR/CVR/ACOS/ROAS/活动清单
B0DSDJV4NR,KX4SGE14000,2026-W35,2026-W34,0.0,0.0,,0.0,0.0,,8.57,11.29,,,,,曝光/点击/CTR/CVR/ACOS/ROAS/活动清单
B0DSDKVX4J,KX4SGE18000,2026-W35,2026-W34,0.0,0.0,,0.0,0.0,,0.0,0.0,,,,,曝光/点击/CTR/CVR/ACOS/ROAS/活动清单
B0DSDMNPSC,KX4SGE15800,2026-W35,2026-W34,3.0,1.0,200.0,3295.42,1098.47,200.0,20.95,17.82,0.64,1.62,-60.81,,曝光/点击/CTR/CVR/ACOS/ROAS/活动清单
B0DSDN54CH,KX4SGE08400,2026-W35,2026-W34,0.0,0.0,,0.0,0.0,,9.25,6.53,,,,,曝光/点击/CTR/CVR/ACOS/ROAS/活动清单
B0DSDNHMWF,KX4SGE07700,2026-W35,2026-W34,0.0,2.0,-100.0,0.0,3521.45,-100.0,8.03,9.32,,0.26,,单量下滑≥20%；销售额下滑≥20%,曝光/点击/CTR/CVR/ACOS/ROAS/活动清单
B0DSDP1VWQ,KC4SGE05300,2026-W35,2026-W34,0.0,0.0,,0.0,0.0,,7.14,8.84,,,,,曝光/点击/CTR/CVR/ACOS/ROAS/活动清单
B0DSDP4HXC,KC4SGE04300,2026-W35,2026-W34,0.0,0.0,,0.0,0.0,,0.0,6.87,,,,,曝光/点击/CTR/CVR/ACOS/ROAS/活动清单
B0DSDP8SFX,KC4PSP17000,2026-W35,2026-W34,0.0,0.0,,0.0,0.0,,0.01,0.01,,,,,曝光/点击/CTR/CVR/ACOS/ROAS/活动清单
B0DSDPLJZ3,KC4PSP18000,2026-W35,2026-W34,0.0,0.0,,0.0,0.0,,0.0,3.61,,,,,曝光/点击/CTR/CVR/ACOS/ROAS/活动清单
B0DSDPMZT6,KX4SGE17400,2026-W35,2026-W34,0.0,0.0,,0.0,0.0,,5.3,0.0,,,,,曝光/点击/CTR/CVR/ACOS/ROAS/活动清单
B0DSDPQQBJ,KC4SGE05100,2026-W35,2026-W34,0.0,0.0,,0.0,0.0,,0.0,0.0,,,,,曝光/点击/CTR/CVR/ACOS/ROAS/活动清单
B0DSDQD8KV,KC4SGE00100,2026-W35,2026-W34,0.0,0.0,,0.0,0.0,,0.0,0.0,,,,,曝光/点击/CTR/CVR/ACOS/ROAS/活动清单
B0DSDQJT1S,KC4SGE00500,2026-W35,2026-W34,2.0,1.0,100.0,2584.0,1292.0,100.0,15.65,13.88,0.61,1.07,-43.63,,曝光/点击/CTR/CVR/ACOS/ROAS/活动清单
B0DSDQLG4Q,KC4SGE00800,2026-W35,2026-W34,1.0,0.0,N/A,1565.7,0.0,N/A,0.0,22.58,0.0,,,,曝光/点击/CTR/CVR/ACOS/ROAS/活动清单
B0DSDQSMVY,KX4SGE09700,2026-W35,2026-W34,1.0,0.0,N/A,1162.8,0.0,N/A,7.76,10.2,0.67,,,,曝光/点击/CTR/CVR/ACOS/ROAS/活动清单
B0DSDRZYNV,KC4SGE00900,2026-W35,2026-W34,0.0,0.0,,0.0,0.0,,0.0,0.0,,,,,曝光/点击/CTR/CVR/ACOS/ROAS/活动清单
B0DSDS1MD1,KX4SGE14900,2026-W35,2026-W34,0.0,0.0,,0.0,0.0,,2.72,2.52,,,,,曝光/点击/CTR/CVR/ACOS/ROAS/活动清单
B0DSDVMWFK,KX4SGE09300,2026-W35,2026-W34,0.0,3.0,-100.0,0.0,4391.1,-100.0,4.49,27.14,,0.62,,单量下滑≥20%；销售额下滑≥20%,曝光/点击/CTR/CVR/ACOS/ROAS/活动清单
B0DSF2DRGY,KX4SGE10600,2026-W35,2026-W34,1.0,0.0,N/A,889.78,0.0,N/A,32.51,28.23,3.65,,,,曝光/点击/CTR/CVR/ACOS/ROAS/活动清单
B0DSF3YM3M,KX4SGE08500,2026-W35,2026-W34,0.0,0.0,,0.0,0.0,,0.0,0.0,,,,,曝光/点击/CTR/CVR/ACOS/ROAS/活动清单
B0DSF696TB,KC4SGE01200,2026-W35,2026-W34,1.0,0.0,N/A,1149.47,0.0,N/A,9.32,14.83,0.81,,,,曝光/点击/CTR/CVR/ACOS/ROAS/活动清单
B0DSPPMDT1,KC4SGE03200,2026-W35,2026-W34,0.0,0.0,,0.0,0.0,,0.0,0.0,,,,,曝光/点击/CTR/CVR/ACOS/ROAS/活动清单
B0DSPPNS5J,KX4SGE14500,2026-W35,2026-W34,0.0,0.0,,0.0,0.0,,0.0,0.0,,,,,曝光/点击/CTR/CVR/ACOS/ROAS/活动清单
B0DSPS8DR3,KX4SGE14700,2026-W35,2026-W34,0.0,0.0,,0.0,0.0,,0.0,0.0,,,,,曝光/点击/CTR/CVR/ACOS/ROAS/活动清单
B0DSPSFKV2,KX4SGE17700,2026-W35,2026-W34,0.0,0.0,,0.0,0.0,,0.0,0.0,,,,,曝光/点击/CTR/CVR/ACOS/ROAS/活动清单
B0DSPSG4C3,KC4SGE02500,2026-W35,2026-W34,0.0,0.0,,0.0,0.0,,0.0,0.0,,,,,曝光/点击/CTR/CVR/ACOS/ROAS/活动清单
B0DSPSL9SX,KX4SGE11100,2026-W35,2026-W34,0.0,1.0,-100.0,0.0,1308.93,-100.0,14.01,8.64,,0.66,,单量下滑≥20%；销售额下滑≥20%,曝光/点击/CTR/CVR/ACOS/ROAS/活动清单
B0DSPTZQ8C,KX4SGE11700,2026-W35,2026-W34,0.0,0.0,,0.0,0.0,,0.0,0.0,,,,,曝光/点击/CTR/CVR/ACOS/ROAS/活动清单
B0DSPVZ77D,KC4SGE04100,2026-W35,2026-W34,0.0,0.0,,0.0,0.0,,0.0,0.0,,,,,曝光/点击/CTR/CVR/ACOS/ROAS/活动清单
B0DSPVZS9W,KC4PSP16600,2026-W35,2026-W34,0.0,0.0,,0.0,0.0,,0.0,0.0,,,,,曝光/点击/CTR/CVR/ACOS/ROAS/活动清单
B0DSPW645Y,KC4PSP18000,2026-W35,2026-W34,0.0,0.0,,0.0,0.0,,0.0,0.0,,,,,曝光/点击/CTR/CVR/ACOS/ROAS/活动清单
B0DSZKSVFS,KX4SGE12800,2026-W35,2026-W34,0.0,0.0,,0.0,0.0,,0.0,0.0,,,,,曝光/点击/CTR/CVR/ACOS/ROAS/活动清单
B0DSZLTFTL,KX4SGE12700,2026-W35,2026-W34,0.0,0.0,,0.0,0.0,,40.61,20.82,,,,,曝光/点击/CTR/CVR/ACOS/ROAS/活动清单
B0DSZPZY17,KX4SGE08800,2026-W35,2026-W34,0.0,0.0,,0.0,0.0,,7.21,6.12,,,,,曝光/点击/CTR/CVR/ACOS/ROAS/活动清单
B0DSZQ5BCN,KX4SGE09200,2026-W35,2026-W34,1.0,1.0,0.0,863.67,863.67,0.0,29.72,14.69,3.44,1.7,102.29,TACOS上升≥30%,曝光/点击/CTR/CVR/ACOS/ROAS/活动清单
B0DSZS1MPG,KX4SGE12800,2026-W35,2026-W34,0.0,0.0,,0.0,0.0,,0.0,0.0,,,,,曝光/点击/CTR/CVR/ACOS/ROAS/活动清单
B0DSZS6NF4,PT4SGE21100,2026-W35,2026-W34,0.0,0.0,,0.0,0.0,,0.0,0.0,,,,,曝光/点击/CTR/CVR/ACOS/ROAS/活动清单
B0DSZVM93Q,KX4SGE08800,2026-W35,2026-W34,0.0,0.0,,0.0,0.0,,16.05,13.2,,,,,曝光/点击/CTR/CVR/ACOS/ROAS/活动清单
B0DSZWN9RL,KX4SGE08900,2026-W35,2026-W34,1.0,0.0,N/A,1271.6,0.0,N/A,58.76,28.1,4.62,,,,曝光/点击/CTR/CVR/ACOS/ROAS/活动清单
B0DT11L48N,KX4SGE09200,2026-W35,2026-W34,0.0,0.0,,0.0,0.0,,15.64,5.03,,,,,曝光/点击/CTR/CVR/ACOS/ROAS/活动清单
B0DWJG1S64,KX4SGE07900,2026-W35,2026-W34,0.0,1.0,-100.0,0.0,1910.73,-100.0,25.51,5.99,,0.31,,单量下滑≥20%；销售额下滑≥20%,曝光/点击/CTR/CVR/ACOS/ROAS/活动清单
B0DWJLP9LW,KX4SGE08800,2026-W35,2026-W34,3.0,5.0,-40.0,3365.8,5609.66,-40.0,59.85,39.52,1.78,0.7,152.41,单量下滑≥20%；销售额下滑≥20%；TACOS上升≥30%,曝光/点击/CTR/CVR/ACOS/ROAS/活动清单
B0DWJQ3GNZ,KX4SGE12800,2026-W35,2026-W34,2.0,0.0,N/A,2583.86,0.0,N/A,19.59,7.49,0.76,,,,曝光/点击/CTR/CVR/ACOS/ROAS/活动清单
B0DWJQC5MN,KX4SGE14000,2026-W35,2026-W34,0.0,0.0,,0.0,0.0,,0.0,0.0,,,,,曝光/点击/CTR/CVR/ACOS/ROAS/活动清单
B0DWJQCQJ2,KX4SGE17400,2026-W35,2026-W34,0.0,0.0,,0.0,0.0,,4.08,7.35,,,,,曝光/点击/CTR/CVR/ACOS/ROAS/活动清单
B0DWJS6X85,KX4SGE13200,2026-W35,2026-W34,0.0,0.0,,0.0,0.0,,0.0,0.0,,,,,曝光/点击/CTR/CVR/ACOS/ROAS/活动清单
B0DWJVN71Y,KX4SGE18000,2026-W35,2026-W34,0.0,0.0,,0.0,0.0,,28.02,18.44,,,,,曝光/点击/CTR/CVR/ACOS/ROAS/活动清单
B0DWJXRXNM,KX4SGE17100,2026-W35,2026-W34,0.0,0.0,,0.0,0.0,,0.0,7.55,,,,,曝光/点击/CTR/CVR/ACOS/ROAS/活动清单
B0DWJZLMJ2,KC4PSP16900,2026-W35,2026-W34,6.0,6.0,0.0,6732.0,6732.0,0.0,126.78,69.59,1.88,1.03,82.18,TACOS上升≥30%,曝光/点击/CTR/CVR/ACOS/ROAS/活动清单
B0DWK1388B,KX4SGE09200,2026-W35,2026-W34,0.0,1.0,-100.0,0.0,1121.93,-100.0,17.21,9.39,,0.84,,单量下滑≥20%；销售额下滑≥20%,曝光/点击/CTR/CVR/ACOS/ROAS/活动清单
B0DWK1HVFF,KX4SGE12900,2026-W35,2026-W34,0.0,0.0,,0.0,0.0,,6.87,7.35,,,,,曝光/点击/CTR/CVR/ACOS/ROAS/活动清单
B0DWMQS9GP,PT4SGE26500,2026-W35,2026-W34,0.0,0.0,,0.0,0.0,,0.0,6.6,,,,,曝光/点击/CTR/CVR/ACOS/ROAS/活动清单
B0DWMS9Y4H,PT4SGE19600,2026-W35,2026-W34,0.0,0.0,,0.0,0.0,,0.0,0.0,,,,,曝光/点击/CTR/CVR/ACOS/ROAS/活动清单
B0DWMSF77S,PT4SGE18700,2026-W35,2026-W34,0.0,0.0,,0.0,0.0,,0.0,0.0,,,,,曝光/点击/CTR/CVR/ACOS/ROAS/活动清单
B0DWMSG3ML,KX4SGE15200,2026-W35,2026-W34,1.0,2.0,-50.0,1094.8,2189.6,-50.0,90.39,49.32,8.26,2.25,266.57,单量下滑≥20%；销售额下滑≥20%；TACOS上升≥30%,曝光/点击/CTR/CVR/ACOS/ROAS/活动清单
B0DWMSHL7S,PT4SGE19600,2026-W35,2026-W34,0.0,2.0,-100.0,0.0,1169.6,-100.0,8.78,28.98,,2.48,,单量下滑≥20%；销售额下滑≥20%,曝光/点击/CTR/CVR/ACOS/ROAS/活动清单
B0DWMSSG1M,PT4SGE28100,2026-W35,2026-W34,1.0,0.0,N/A,1387.2,0.0,N/A,30.95,37.75,2.23,,,,曝光/点击/CTR/CVR/ACOS/ROAS/活动清单
B0DWMSW236,PT4SGE27300,2026-W35,2026-W34,0.0,0.0,,0.0,0.0,,0.0,0.0,,,,,曝光/点击/CTR/CVR/ACOS/ROAS/活动清单
B0DWMT3VKB,PT4SGE19400,2026-W35,2026-W34,0.0,0.0,,0.0,0.0,,5.85,13.67,,,,,曝光/点击/CTR/CVR/ACOS/ROAS/活动清单
B0DWMT4JDS,PT4SGE25600,2026-W35,2026-W34,1.0,0.0,N/A,1020.0,0.0,N/A,37.07,25.92,3.63,,,,曝光/点击/CTR/CVR/ACOS/ROAS/活动清单
B0DWMT5PY9,PT4SGE24300,2026-W35,2026-W34,2.0,1.0,100.0,2420.66,1210.33,100.0,6.33,23.05,0.26,1.9,-86.28,,曝光/点击/CTR/CVR/ACOS/ROAS/活动清单
B0DWMT6F8P,PT4SGE24000,2026-W35,2026-W34,0.0,0.0,,0.0,0.0,,0.0,0.0,,,,,曝光/点击/CTR/CVR/ACOS/ROAS/活动清单
B0DWMT7C59,PT4SGE24400,2026-W35,2026-W34,1.0,0.0,N/A,1353.2,0.0,N/A,11.29,6.26,0.83,,,,曝光/点击/CTR/CVR/ACOS/ROAS/活动清单
B0DWMT83TF,KX4SGE10100,2026-W35,2026-W34,0.0,0.0,,0.0,0.0,,0.0,0.0,,,,,曝光/点击/CTR/CVR/ACOS/ROAS/活动清单
B0DWMT91GZ,PT4SGE18600,2026-W35,2026-W34,0.0,0.0,,0.0,0.0,,34.49,24.08,,,,,曝光/点击/CTR/CVR/ACOS/ROAS/活动清单
B0DWMTBPZG,KX4SGE12400,2026-W35,2026-W34,0.0,1.0,-100.0,0.0,1394.41,-100.0,17.14,9.25,,0.66,,单量下滑≥20%；销售额下滑≥20%,曝光/点击/CTR/CVR/ACOS/ROAS/活动清单
B0DWMTCC74,PT4SGE19200,2026-W35,2026-W34,1.0,2.0,-50.0,584.8,1169.6,-50.0,32.45,48.29,5.55,4.13,34.39,单量下滑≥20%；销售额下滑≥20%；TACOS上升≥30%,曝光/点击/CTR/CVR/ACOS/ROAS/活动清单
B0DWMTDNKW,PT4SGE26300,2026-W35,2026-W34,0.0,0.0,,0.0,0.0,,2.72,17.14,,,,,曝光/点击/CTR/CVR/ACOS/ROAS/活动清单
B0DWMTDRJB,PT4SGE26200,2026-W35,2026-W34,0.0,0.0,,0.0,0.0,,0.0,0.0,,,,,曝光/点击/CTR/CVR/ACOS/ROAS/活动清单
B0DWMTG6H3,PT4SGE26800,2026-W35,2026-W34,1.0,1.0,0.0,999.6,999.6,0.0,19.11,16.26,1.91,1.63,17.57,,曝光/点击/CTR/CVR/ACOS/ROAS/活动清单
B0DWMTK9F5,PT4SGE24400,2026-W35,2026-W34,0.0,1.0,-100.0,0.0,1353.2,-100.0,0.96,9.12,,0.67,,单量下滑≥20%；销售额下滑≥20%,曝光/点击/CTR/CVR/ACOS/ROAS/活动清单
B0DWMTNSG6,PT4SGE20300,2026-W35,2026-W34,0.0,0.0,,0.0,0.0,,0.0,0.0,,,,,曝光/点击/CTR/CVR/ACOS/ROAS/活动清单
B0DWMTNV1D,PT4SGE24900,2026-W35,2026-W34,0.0,0.0,,0.0,0.0,,0.0,2.58,,,,,曝光/点击/CTR/CVR/ACOS/ROAS/活动清单
B0DWMTNV4G,PT4SGE23100,2026-W35,2026-W34,0.0,0.0,,0.0,0.0,,0.0,0.0,,,,,曝光/点击/CTR/CVR/ACOS/ROAS/活动清单
B0DWMTPJ43,PT4SGE21500,2026-W35,2026-W34,0.0,0.0,,0.0,0.0,,0.0,0.0,,,,,曝光/点击/CTR/CVR/ACOS/ROAS/活动清单
B0DWMTPL8K,PT4SGE25800,2026-W35,2026-W34,0.0,0.0,,0.0,0.0,,0.0,0.0,,,,,曝光/点击/CTR/CVR/ACOS/ROAS/活动清单
B0DWMTRDD2,PT4SGE26600,2026-W35,2026-W34,0.0,0.0,,0.0,0.0,,0.0,0.0,,,,,曝光/点击/CTR/CVR/ACOS/ROAS/活动清单
B0DWMTVB9C,PT4SGE22500,2026-W35,2026-W34,0.0,0.0,,0.0,0.0,,22.51,3.27,,,,,曝光/点击/CTR/CVR/ACOS/ROAS/活动清单
B0DWMTVZ28,KC4PSP16300,2026-W35,2026-W34,0.0,0.0,,0.0,0.0,,0.0,0.0,,,,,曝光/点击/CTR/CVR/ACOS/ROAS/活动清单
B0DWMTWGR8,PT4SGE19900,2026-W35,2026-W34,0.0,0.0,,0.0,0.0,,0.0,0.0,,,,,曝光/点击/CTR/CVR/ACOS/ROAS/活动清单
B0DWMTWKBP,PT4SGE24700,2026-W35,2026-W34,0.0,0.0,,0.0,0.0,,3.88,8.23,,,,,曝光/点击/CTR/CVR/ACOS/ROAS/活动清单
B0DWMTWWMP,PT4SGE20100,2026-W35,2026-W34,0.0,0.0,,0.0,0.0,,0.0,0.0,,,,,曝光/点击/CTR/CVR/ACOS/ROAS/活动清单
B0DWMTXGTZ,PT4SGE21400,2026-W35,2026-W34,0.0,0.0,,0.0,0.0,,0.0,0.0,,,,,曝光/点击/CTR/CVR/ACOS/ROAS/活动清单
B0DWMTXGXW,PT4SGE26000,2026-W35,2026-W34,0.0,0.0,,0.0,0.0,,0.0,0.0,,,,,曝光/点击/CTR/CVR/ACOS/ROAS/活动清单
B0DWMTXJNQ,PT4SGE19500,2026-W35,2026-W34,1.0,0.0,N/A,598.4,0.0,N/A,9.39,0.0,1.57,,,,曝光/点击/CTR/CVR/ACOS/ROAS/活动清单
B0DWMTXN9Y,PT4SGE19700,2026-W35,2026-W34,0.0,0.0,,0.0,0.0,,0.0,0.0,,,,,曝光/点击/CTR/CVR/ACOS/ROAS/活动清单
B0DWMTXQZK,PT4SGE19800,2026-W35,2026-W34,0.0,0.0,,0.0,0.0,,12.17,1.16,,,,,曝光/点击/CTR/CVR/ACOS/ROAS/活动清单
B0DWMTY66B,PT4SGE22700,2026-W35,2026-W34,0.0,0.0,,0.0,0.0,,0.0,26.93,,,,,曝光/点击/CTR/CVR/ACOS/ROAS/活动清单
B0DWMTZ8H1,PT4SGE26100,2026-W35,2026-W34,1.0,0.0,N/A,852.72,0.0,N/A,28.02,8.98,3.29,,,,曝光/点击/CTR/CVR/ACOS/ROAS/活动清单
B0DWMTZCK3,PT4SGE23700,2026-W35,2026-W34,0.0,0.0,,0.0,0.0,,0.0,3.4,,,,,曝光/点击/CTR/CVR/ACOS/ROAS/活动清单
B0DWMV24J4,PT4SGE21100,2026-W35,2026-W34,0.0,0.0,,0.0,0.0,,0.0,0.0,,,,,曝光/点击/CTR/CVR/ACOS/ROAS/活动清单
B0DWMV2749,PT4SGE26800,2026-W35,2026-W34,0.0,0.0,,0.0,0.0,,0.0,0.0,,,,,曝光/点击/CTR/CVR/ACOS/ROAS/活动清单
B0DWMV2FY1,PT4SGE24900,2026-W35,2026-W34,0.0,0.0,,0.0,0.0,,6.06,9.12,,,,,曝光/点击/CTR/CVR/ACOS/ROAS/活动清单
B0DWMV2FZ4,PT4SGE27700,2026-W35,2026-W34,0.0,0.0,,0.0,0.0,,0.0,0.0,,,,,曝光/点击/CTR/CVR/ACOS/ROAS/活动清单
B0DWMV3RPH,PT4SGE22200,2026-W35,2026-W34,2.0,5.0,-60.0,1836.0,4590.0,-60.0,36.2,31.84,1.97,0.69,184.18,单量下滑≥20%；销售额下滑≥20%；TACOS上升≥30%,曝光/点击/CTR/CVR/ACOS/ROAS/活动清单
B0DWMV3S49,PT4SGE21000,2026-W35,2026-W34,0.0,0.0,,0.0,0.0,,14.01,9.32,,,,,曝光/点击/CTR/CVR/ACOS/ROAS/活动清单
B0DWMV7693,PT4SGE24600,2026-W35,2026-W34,0.0,1.0,-100.0,0.0,1598.0,-100.0,0.0,6.19,,0.39,,单量下滑≥20%；销售额下滑≥20%,曝光/点击/CTR/CVR/ACOS/ROAS/活动清单
B0DWMV77TN,PT4SGE21400,2026-W35,2026-W34,0.0,0.0,,0.0,0.0,,0.0,0.0,,,,,曝光/点击/CTR/CVR/ACOS/ROAS/活动清单
B0DWMV786B,PT4SGE22500,2026-W35,2026-W34,0.0,0.0,,0.0,0.0,,0.0,0.0,,,,,曝光/点击/CTR/CVR/ACOS/ROAS/活动清单
B0DWMV85N5,PT4SGE27800,2026-W35,2026-W34,1.0,1.0,0.0,1149.13,1149.13,0.0,18.84,7.69,1.64,0.67,145.05,TACOS上升≥30%,曝光/点击/CTR/CVR/ACOS/ROAS/活动清单
B0DWMV9MMG,PT4SGE24000,2026-W35,2026-W34,0.0,0.0,,0.0,0.0,,0.0,0.0,,,,,曝光/点击/CTR/CVR/ACOS/ROAS/活动清单
B0DWMVBR7Q,PT4SGE27500,2026-W35,2026-W34,0.0,0.0,,0.0,0.0,,18.5,7.83,,,,,曝光/点击/CTR/CVR/ACOS/ROAS/活动清单
B0DWMVBS9V,PT4SGE27900,2026-W35,2026-W34,1.0,0.0,N/A,1011.3,0.0,N/A,14.21,8.5,1.41,,,,曝光/点击/CTR/CVR/ACOS/ROAS/活动清单
B0DWMVC8SP,PT4SGE20000,2026-W35,2026-W34,0.0,0.0,,0.0,0.0,,0.0,0.0,,,,,曝光/点击/CTR/CVR/ACOS/ROAS/活动清单
B0DWMVCPWQ,PT4SGE26200,2026-W35,2026-W34,0.0,0.0,,0.0,0.0,,0.0,0.0,,,,,曝光/点击/CTR/CVR/ACOS/ROAS/活动清单
B0DWMVF21W,PT4SGE21100,2026-W35,2026-W34,1.0,0.0,N/A,598.4,0.0,N/A,0.0,0.0,0.0,,,,曝光/点击/CTR/CVR/ACOS/ROAS/活动清单
B0DWMVF9JC,PT4SGE23400,2026-W35,2026-W34,0.0,0.0,,0.0,0.0,,0.0,0.0,,,,,曝光/点击/CTR/CVR/ACOS/ROAS/活动清单
B0DWMVLDXS,PT4SGE21900,2026-W35,2026-W34,0.0,0.0,,0.0,0.0,,0.0,1.36,,,,,曝光/点击/CTR/CVR/ACOS/ROAS/活动清单
B0DWMVMGP9,PT4SGE20800,2026-W35,2026-W34,0.0,0.0,,0.0,0.0,,0.0,2.24,,,,,曝光/点击/CTR/CVR/ACOS/ROAS/活动清单
B0DWMVNYMS,PT4SGE25400,2026-W35,2026-W34,1.0,1.0,0.0,1572.7,1572.7,0.0,23.06,26.66,1.47,1.7,-13.52,,曝光/点击/CTR/CVR/ACOS/ROAS/活动清单
B0DWMVNZQ2,PT4SGE22800,2026-W35,2026-W34,0.0,0.0,,0.0,0.0,,0.0,0.0,,,,,曝光/点击/CTR/CVR/ACOS/ROAS/活动清单
B0DWMVNZQQ,PT4SGE25800,2026-W35,2026-W34,0.0,0.0,,0.0,0.0,,0.0,2.59,,,,,曝光/点击/CTR/CVR/ACOS/ROAS/活动清单
B0DWMVP2YN,PT4SGE25400,2026-W35,2026-W34,1.0,0.0,N/A,1572.7,0.0,N/A,12.58,17.07,0.8,,,,曝光/点击/CTR/CVR/ACOS/ROAS/活动清单
B0DWMVQ3MR,PT4SGE23600,2026-W35,2026-W34,1.0,1.0,0.0,1518.92,1518.92,0.0,94.27,61.63,6.21,4.06,52.97,TACOS上升≥30%,曝光/点击/CTR/CVR/ACOS/ROAS/活动清单
B0DWMVQGKD,PT4SGE27000,2026-W35,2026-W34,0.0,0.0,,0.0,0.0,,6.53,9.59,,,,,曝光/点击/CTR/CVR/ACOS/ROAS/活动清单
B0DWMVQQ5W,PT4SGE26100,2026-W35,2026-W34,0.0,0.0,,0.0,0.0,,0.0,0.0,,,,,曝光/点击/CTR/CVR/ACOS/ROAS/活动清单
B0DWMVR26F,PT4SGE23700,2026-W35,2026-W34,0.0,0.0,,0.0,0.0,,0.0,0.0,,,,,曝光/点击/CTR/CVR/ACOS/ROAS/活动清单
B0DWMVRNCJ,KX4SGE13100,2026-W35,2026-W34,1.0,1.0,0.0,1475.6,1475.6,0.0,40.88,19.66,2.77,1.33,107.9,TACOS上升≥30%,曝光/点击/CTR/CVR/ACOS/ROAS/活动清单
B0DWMVS1WG,PT4SGE26700,2026-W35,2026-W34,0.0,0.0,,0.0,0.0,,46.73,31.43,,,,,曝光/点击/CTR/CVR/ACOS/ROAS/活动清单
B0DWMVST5H,PT4SGE20500,2026-W35,2026-W34,0.0,1.0,-100.0,0.0,597.99,-100.0,3.13,23.67,,3.96,,单量下滑≥20%；销售额下滑≥20%,曝光/点击/CTR/CVR/ACOS/ROAS/活动清单
B0DWMVSV8M,PT4SGE23200,2026-W35,2026-W34,0.0,0.0,,0.0,0.0,,5.71,3.06,,,,,曝光/点击/CTR/CVR/ACOS/ROAS/活动清单
B0DWMVTMVT,PT4SGE24600,2026-W35,2026-W34,0.0,0.0,,0.0,0.0,,0.0,0.0,,,,,曝光/点击/CTR/CVR/ACOS/ROAS/活动清单
B0DWMVVZTC,PT4SGE18500,2026-W35,2026-W34,0.0,0.0,,0.0,0.0,,0.0,0.0,,,,,曝光/点击/CTR/CVR/ACOS/ROAS/活动清单
B0DWMVW888,PT4SGE19800,2026-W35,2026-W34,0.0,0.0,,0.0,0.0,,4.9,4.08,,,,,曝光/点击/CTR/CVR/ACOS/ROAS/活动清单
B0DWMVWJQB,KX4SGE13100,2026-W35,2026-W34,0.0,0.0,,0.0,0.0,,0.0,0.0,,,,,曝光/点击/CTR/CVR/ACOS/ROAS/活动清单
B0DWMVXFQ5,PT4SGE23300,2026-W35,2026-W34,0.0,0.0,,0.0,0.0,,17.89,25.57,,,,,曝光/点击/CTR/CVR/ACOS/ROAS/活动清单
B0DWMVYC9M,PT4SGE23400,2026-W35,2026-W34,0.0,0.0,,0.0,0.0,,14.97,55.7,,,,,曝光/点击/CTR/CVR/ACOS/ROAS/活动清单
B0DWMVZ3BX,PT4SGE24300,2026-W35,2026-W34,0.0,0.0,,0.0,0.0,,14.49,12.72,,,,,曝光/点击/CTR/CVR/ACOS/ROAS/活动清单
B0DWMW19KX,PT4SGE26600,2026-W35,2026-W34,0.0,0.0,,0.0,0.0,,0.0,0.0,,,,,曝光/点击/CTR/CVR/ACOS/ROAS/活动清单
B0DWMW2718,PT4SGE19700,2026-W35,2026-W34,4.0,1.0,300.0,2916.66,729.16,300.0,110.97,85.53,3.8,11.73,-67.56,,曝光/点击/CTR/CVR/ACOS/ROAS/活动清单
B0DWMW4MXR,PT4SGE20800,2026-W35,2026-W34,1.0,0.0,N/A,642.8,0.0,N/A,22.17,14.56,3.45,,,,曝光/点击/CTR/CVR/ACOS/ROAS/活动清单
B0DWMW6BCK,PT4SGE18500,2026-W35,2026-W34,0.0,0.0,,0.0,0.0,,0.0,0.0,,,,,曝光/点击/CTR/CVR/ACOS/ROAS/活动清单
B0DWMW7WG7,PT4SGE26000,2026-W35,2026-W34,0.0,0.0,,0.0,0.0,,0.0,0.0,,,,,曝光/点击/CTR/CVR/ACOS/ROAS/活动清单
B0DWMW85HW,PT4SGE19100,2026-W35,2026-W34,0.0,1.0,-100.0,0.0,577.59,-100.0,19.05,9.25,,1.6,,单量下滑≥20%；销售额下滑≥20%,曝光/点击/CTR/CVR/ACOS/ROAS/活动清单
B0DWMW8QBM,PT4SGE23900,2026-W35,2026-W34,0.0,2.0,-100.0,0.0,1423.92,-100.0,34.69,2.59,,0.18,,单量下滑≥20%；销售额下滑≥20%,曝光/点击/CTR/CVR/ACOS/ROAS/活动清单
B0DWMW8WBV,PT4SGE28200,2026-W35,2026-W34,1.0,1.0,0.0,1285.2,1285.2,0.0,0.41,4.49,0.03,0.35,-90.87,,曝光/点击/CTR/CVR/ACOS/ROAS/活动清单
B0DWMW8ZPH,PT4SGE23100,2026-W35,2026-W34,0.0,0.0,,0.0,0.0,,0.0,0.0,,,,,曝光/点击/CTR/CVR/ACOS/ROAS/活动清单
B0DWMW9RDM,PT4SGE19400,2026-W35,2026-W34,0.0,0.0,,0.0,0.0,,0.0,0.0,,,,,曝光/点击/CTR/CVR/ACOS/ROAS/活动清单
B0DWMWB1YB,PT4SGE27800,2026-W35,2026-W34,0.0,0.0,,0.0,0.0,,0.0,0.0,,,,,曝光/点击/CTR/CVR/ACOS/ROAS/活动清单
B0DWMWBJ2Y,PT4SGE27600,2026-W35,2026-W34,0.0,0.0,,0.0,0.0,,0.0,0.0,,,,,曝光/点击/CTR/CVR/ACOS/ROAS/活动清单
B0DWMWDCGG,PT4SGE19900,2026-W35,2026-W34,0.0,0.0,,0.0,0.0,,0.0,0.0,,,,,曝光/点击/CTR/CVR/ACOS/ROAS/活动清单
B0DWMWDHTG,PT4SGE26500,2026-W35,2026-W34,0.0,0.0,,0.0,0.0,,0.0,0.0,,,,,曝光/点击/CTR/CVR/ACOS/ROAS/活动清单
B0DWMWDMSG,PT4SGE20100,2026-W35,2026-W34,0.0,0.0,,0.0,0.0,,5.99,10.34,,,,,曝光/点击/CTR/CVR/ACOS/ROAS/活动清单
B0DWMWF3M3,PT4SGE23600,2026-W35,2026-W34,0.0,0.0,,0.0,0.0,,0.0,0.0,,,,,曝光/点击/CTR/CVR/ACOS/ROAS/活动清单
B0DWMWFPJL,KC4PSP16300,2026-W35,2026-W34,0.0,0.0,,0.0,0.0,,0.0,0.0,,,,,曝光/点击/CTR/CVR/ACOS/ROAS/活动清单
B0DWMWHW6D,PT4SGE28100,2026-W35,2026-W34,0.0,0.0,,0.0,0.0,,0.0,25.03,,,,,曝光/点击/CTR/CVR/ACOS/ROAS/活动清单
B0DWMWHXPT,PT4SGE18400,2026-W35,2026-W34,0.0,0.0,,0.0,0.0,,0.0,0.0,,,,,曝光/点击/CTR/CVR/ACOS/ROAS/活动清单
B0DWMWJ28T,PT4SGE27900,2026-W35,2026-W34,0.0,0.0,,0.0,0.0,,0.0,0.0,,,,,曝光/点击/CTR/CVR/ACOS/ROAS/活动清单
B0DWMWJ4YX,PT4SGE19500,2026-W35,2026-W34,0.0,0.0,,0.0,0.0,,0.0,0.0,,,,,曝光/点击/CTR/CVR/ACOS/ROAS/活动清单
B0DWMWJ67H,PT4SGE27000,2026-W35,2026-W34,0.0,0.0,,0.0,0.0,,32.04,17.76,,,,,曝光/点击/CTR/CVR/ACOS/ROAS/活动清单
B0DWMWJS7F,PT4SGE20300,2026-W35,2026-W34,2.0,0.0,N/A,1617.72,0.0,N/A,3.06,0.0,0.19,,,,曝光/点击/CTR/CVR/ACOS/ROAS/活动清单
B0DWMWKKRN,PT4SGE22800,2026-W35,2026-W34,0.0,0.0,,0.0,0.0,,5.78,3.06,,,,,曝光/点击/CTR/CVR/ACOS/ROAS/活动清单
B0DWMWKTNS,PT4SGE21500,2026-W35,2026-W34,0.0,0.0,,0.0,0.0,,0.0,0.0,,,,,曝光/点击/CTR/CVR/ACOS/ROAS/活动清单
B0DWMWLGF3,PT4SGE26300,2026-W35,2026-W34,1.0,0.0,N/A,673.2,0.0,N/A,29.38,34.48,4.36,,,,曝光/点击/CTR/CVR/ACOS/ROAS/活动清单
B0DWMWLPP3,PT4SGE27500,2026-W35,2026-W34,0.0,0.0,,0.0,0.0,,0.0,16.73,,,,,曝光/点击/CTR/CVR/ACOS/ROAS/活动清单
B0DWMWM7RD,PT4SGE18600,2026-W35,2026-W34,0.0,0.0,,0.0,0.0,,7.96,15.1,,,,,曝光/点击/CTR/CVR/ACOS/ROAS/活动清单
B0DWMWNV9V,PT4SGE23900,2026-W35,2026-W34,0.0,0.0,,0.0,0.0,,15.1,0.0,,,,,曝光/点击/CTR/CVR/ACOS/ROAS/活动清单
B0DWMWPHXF,PT4SGE27700,2026-W35,2026-W34,0.0,0.0,,0.0,0.0,,0.0,0.0,,,,,曝光/点击/CTR/CVR/ACOS/ROAS/活动清单
B0DWMWQTGG,PT4SGE23200,2026-W35,2026-W34,0.0,0.0,,0.0,0.0,,22.45,17.28,,,,,曝光/点击/CTR/CVR/ACOS/ROAS/活动清单
B0DWMWR57F,PT4SGE20000,2026-W35,2026-W34,0.0,2.0,-100.0,0.0,1278.4,-100.0,0.01,8.23,,0.64,,单量下滑≥20%；销售额下滑≥20%,曝光/点击/CTR/CVR/ACOS/ROAS/活动清单
B0DWMWRL4Y,PT4SGE18700,2026-W35,2026-W34,0.0,0.0,,0.0,0.0,,0.0,0.0,,,,,曝光/点击/CTR/CVR/ACOS/ROAS/活动清单
B0DWMWRW4J,PT4SGE18300,2026-W35,2026-W34,0.0,0.0,,0.0,0.0,,0.0,0.0,,,,,曝光/点击/CTR/CVR/ACOS/ROAS/活动清单
B0DWMWSC1F,PT4SGE18800,2026-W35,2026-W34,0.0,0.0,,0.0,0.0,,0.0,0.0,,,,,曝光/点击/CTR/CVR/ACOS/ROAS/活动清单
B0DWMWSW64,PT4SGE19100,2026-W35,2026-W34,0.0,0.0,,0.0,0.0,,6.67,3.06,,,,,曝光/点击/CTR/CVR/ACOS/ROAS/活动清单
B0DWMWW13T,PT4SGE21900,2026-W35,2026-W34,0.0,0.0,,0.0,0.0,,0.0,3.06,,,,,曝光/点击/CTR/CVR/ACOS/ROAS/活动清单
B0DWMWW45F,KX4SGE12400,2026-W35,2026-W34,0.0,1.0,-100.0,0.0,1292.0,-100.0,21.36,12.38,,0.96,,单量下滑≥20%；销售额下滑≥20%,曝光/点击/CTR/CVR/ACOS/ROAS/活动清单
B0DWMWXN5W,KX4SGE10100,2026-W35,2026-W34,1.0,0.0,N/A,1142.4,0.0,N/A,4.02,10.0,0.35,,,,曝光/点击/CTR/CVR/ACOS/ROAS/活动清单
B0DWMX43HG,PT4SGE22700,2026-W35,2026-W34,0.0,0.0,,0.0,0.0,,0.0,0.0,,,,,曝光/点击/CTR/CVR/ACOS/ROAS/活动清单
B0DWMX4BRG,KX4SGE15200,2026-W35,2026-W34,0.0,0.0,,0.0,0.0,,17.14,27.82,,,,,曝光/点击/CTR/CVR/ACOS/ROAS/活动清单
B0DWMXBCS8,PT4SGE27600,2026-W35,2026-W34,1.0,0.0,N/A,1353.2,0.0,N/A,8.16,24.89,0.6,,,,曝光/点击/CTR/CVR/ACOS/ROAS/活动清单
B0DWMXF64B,PT4SGE20500,2026-W35,2026-W34,0.0,0.0,,0.0,0.0,,0.0,0.0,,,,,曝光/点击/CTR/CVR/ACOS/ROAS/活动清单
B0DWMXGGK4,PT4SGE25600,2026-W35,2026-W34,0.0,0.0,,0.0,0.0,,0.0,0.0,,,,,曝光/点击/CTR/CVR/ACOS/ROAS/活动清单
B0DWMXKTLC,PT4SGE28200,2026-W35,2026-W34,0.0,1.0,-100.0,0.0,1228.69,-100.0,5.99,12.65,,1.03,,单量下滑≥20%；销售额下滑≥20%,曝光/点击/CTR/CVR/ACOS/ROAS/活动清单
B0DWMY68C8,PT4SGE18800,2026-W35,2026-W34,0.0,0.0,,0.0,0.0,,0.0,0.0,,,,,曝光/点击/CTR/CVR/ACOS/ROAS/活动清单
B0DWMYH5XW,PT4SGE22200,2026-W35,2026-W34,0.0,0.0,,0.0,0.0,,0.0,0.0,,,,,曝光/点击/CTR/CVR/ACOS/ROAS/活动清单
B0DWMYH5ZG,PT4SGE18400,2026-W35,2026-W34,0.0,0.0,,0.0,0.0,,0.0,0.0,,,,,曝光/点击/CTR/CVR/ACOS/ROAS/活动清单
B0DWSC41SP,KX4SGE08500,2026-W35,2026-W34,0.0,0.0,,0.0,0.0,,0.0,0.0,,,,,曝光/点击/CTR/CVR/ACOS/ROAS/活动清单
B0F186R1FQ,PT4SGE24000,2026-W35,2026-W34,0.0,0.0,,0.0,0.0,,0.0,0.0,,,,,曝光/点击/CTR/CVR/ACOS/ROAS/活动清单
B0F186SW7J,KC4PSP16300,2026-W35,2026-W34,0.0,0.0,,0.0,0.0,,0.0,0.0,,,,,曝光/点击/CTR/CVR/ACOS/ROAS/活动清单
B0F18B5J2V,PT4SGE24400,2026-W35,2026-W34,0.0,0.0,,0.0,0.0,,1.45,14.43,,,,,曝光/点击/CTR/CVR/ACOS/ROAS/活动清单
B0F18BPNFH,PT4SGE19700,2026-W35,2026-W34,0.0,0.0,,0.0,0.0,,0.0,0.0,,,,,曝光/点击/CTR/CVR/ACOS/ROAS/活动清单
B0F18CHKSG,KX4SGE15200,2026-W35,2026-W34,2.0,1.0,100.0,2189.6,1094.8,100.0,0.0,9.73,0.0,0.89,-99.99,,曝光/点击/CTR/CVR/ACOS/ROAS/活动清单
B0F18DTWD5,PT4SGE27600,2026-W35,2026-W34,0.0,0.0,,0.0,0.0,,0.0,0.0,,,,,曝光/点击/CTR/CVR/ACOS/ROAS/活动清单
B0F18J33CK,PT4SGE18300,2026-W35,2026-W34,0.0,0.0,,0.0,0.0,,0.0,0.0,,,,,曝光/点击/CTR/CVR/ACOS/ROAS/活动清单
B0F18M5THF,PT4SGE26000,2026-W35,2026-W34,0.0,0.0,,0.0,0.0,,0.0,5.1,,,,,曝光/点击/CTR/CVR/ACOS/ROAS/活动清单
B0F18R2YW4,PT4SGE19800,2026-W35,2026-W34,0.0,0.0,,0.0,0.0,,35.5,0.0,,,,,曝光/点击/CTR/CVR/ACOS/ROAS/活动清单
B0F18WTNZF,PT4SGE23900,2026-W35,2026-W34,0.0,0.0,,0.0,0.0,,0.0,0.0,,,,,曝光/点击/CTR/CVR/ACOS/ROAS/活动清单
B0F18WYS7C,PT4SGE27000,2026-W35,2026-W34,0.0,0.0,,0.0,0.0,,0.0,0.0,,,,,曝光/点击/CTR/CVR/ACOS/ROAS/活动清单
B0F18X2D7K,PT4SGE27800,2026-W35,2026-W34,0.0,0.0,,0.0,0.0,,0.0,0.0,,,,,曝光/点击/CTR/CVR/ACOS/ROAS/活动清单
B0F43KHJC2,KC4PSP16300,2026-W35,2026-W34,0.0,9.0,-100.0,0.0,11479.9,-100.0,70.05,174.72,,1.52,,单量下滑≥20%；销售额下滑≥20%,曝光/点击/CTR/CVR/ACOS/ROAS/活动清单
B0F43NQY7N,KC4SGE04300,2026-W35,2026-W34,0.0,0.0,,0.0,0.0,,0.0,5.71,,,,,曝光/点击/CTR/CVR/ACOS/ROAS/活动清单
B0F43P82KJ,KC4SGE05500,2026-W35,2026-W34,1.0,0.0,N/A,591.6,0.0,N/A,25.44,16.19,4.3,,,,曝光/点击/CTR/CVR/ACOS/ROAS/活动清单
B0F52XDM8T,PT4SGE21500,2026-W35,2026-W34,0.0,0.0,,0.0,0.0,,0.0,2.58,,,,,曝光/点击/CTR/CVR/ACOS/ROAS/活动清单
B0F52XS7Y7,KC4SGE04800,2026-W35,2026-W34,0.0,0.0,,0.0,0.0,,14.35,12.45,,,,,曝光/点击/CTR/CVR/ACOS/ROAS/活动清单
B0F531Y2YC,KC4PSP16800,2026-W35,2026-W34,1.0,0.0,N/A,1128.8,0.0,N/A,0.0,5.03,0.0,,,,曝光/点击/CTR/CVR/ACOS/ROAS/活动清单
B0F5324ZWR,KC4SGE03200,2026-W35,2026-W34,0.0,0.0,,0.0,0.0,,28.7,7.62,,,,,曝光/点击/CTR/CVR/ACOS/ROAS/活动清单
B0F5362LX9,KX4SGE08000,2026-W35,2026-W34,0.0,0.0,,0.0,0.0,,0.0,0.0,,,,,曝光/点击/CTR/CVR/ACOS/ROAS/活动清单
B0F536RR47,KC4SGE05200,2026-W35,2026-W34,0.0,0.0,,0.0,0.0,,3.06,0.0,,,,,曝光/点击/CTR/CVR/ACOS/ROAS/活动清单
B0F537GH49,KC4SGE03200,2026-W35,2026-W34,0.0,0.0,,0.0,0.0,,0.0,0.0,,,,,曝光/点击/CTR/CVR/ACOS/ROAS/活动清单
B0F539BRTN,KC4SGE04300,2026-W35,2026-W34,0.0,0.0,,0.0,0.0,,0.0,0.0,,,,,曝光/点击/CTR/CVR/ACOS/ROAS/活动清单
B0F53BT2RC,KC4SGE05500,2026-W35,2026-W34,1.0,0.0,N/A,591.6,0.0,N/A,0.0,9.73,0.0,,,,曝光/点击/CTR/CVR/ACOS/ROAS/活动清单
B0F53BTL67,KC4SGE04800,2026-W35,2026-W34,0.0,0.0,,0.0,0.0,,3.06,5.65,,,,,曝光/点击/CTR/CVR/ACOS/ROAS/活动清单
B0F53C1RFK,KX4SGE08000,2026-W35,2026-W34,0.0,0.0,,0.0,0.0,,0.0,0.0,,,,,曝光/点击/CTR/CVR/ACOS/ROAS/活动清单
B0F53D9CK6,KC4PSP16800,2026-W35,2026-W34,0.0,0.0,,0.0,0.0,,0.0,0.0,,,,,曝光/点击/CTR/CVR/ACOS/ROAS/活动清单
B0F53DF7MR,PT4SGE21500,2026-W35,2026-W34,0.0,0.0,,0.0,0.0,,8.64,3.26,,,,,曝光/点击/CTR/CVR/ACOS/ROAS/活动清单
B0F53DJQ49,KC4SGE05400,2026-W35,2026-W34,0.0,0.0,,0.0,0.0,,0.0,0.0,,,,,曝光/点击/CTR/CVR/ACOS/ROAS/活动清单
B0F66V9CSK,KX4SGE09700,2026-W35,2026-W34,0.0,0.0,,0.0,0.0,,0.0,0.0,,,,,曝光/点击/CTR/CVR/ACOS/ROAS/活动清单
B0F66W9Z4G,KC4SGE01100,2026-W35,2026-W34,0.0,0.0,,0.0,0.0,,0.0,0.0,,,,,曝光/点击/CTR/CVR/ACOS/ROAS/活动清单
B0F66WFMZK,KC4SGE02800,2026-W35,2026-W34,0.0,0.0,,0.0,0.0,,0.0,0.0,,,,,曝光/点击/CTR/CVR/ACOS/ROAS/活动清单
B0F66X11Z5,KX4SGE14700,2026-W35,2026-W34,0.0,0.0,,0.0,0.0,,0.0,0.0,,,,,曝光/点击/CTR/CVR/ACOS/ROAS/活动清单
B0F66XCGWM,KC4SGE01800,2026-W35,2026-W34,0.0,0.0,,0.0,0.0,,0.0,0.0,,,,,曝光/点击/CTR/CVR/ACOS/ROAS/活动清单
B0F66XF6T5,PT4SGE26200,2026-W35,2026-W34,0.0,0.0,,0.0,0.0,,0.0,0.0,,,,,曝光/点击/CTR/CVR/ACOS/ROAS/活动清单
B0F66XGRMT,KX4SGE09100,2026-W35,2026-W34,0.0,0.0,,0.0,0.0,,0.0,0.0,,,,,曝光/点击/CTR/CVR/ACOS/ROAS/活动清单
B0F66XPZRH,PT4SGE22700,2026-W35,2026-W34,0.0,0.0,,0.0,0.0,,0.0,0.0,,,,,曝光/点击/CTR/CVR/ACOS/ROAS/活动清单
B0F66XTD4Z,KX4SGE13500,2026-W35,2026-W34,0.0,0.0,,0.0,0.0,,0.0,0.0,,,,,曝光/点击/CTR/CVR/ACOS/ROAS/活动清单
B0F66Y1ZRR,KC4SGE02700,2026-W35,2026-W34,3.0,1.0,200.0,2856.0,952.0,200.0,23.53,8.3,0.82,0.87,-5.49,,曝光/点击/CTR/CVR/ACOS/ROAS/活动清单
B0F66Y1ZW8,KX4SGE15800,2026-W35,2026-W34,0.0,0.0,,0.0,0.0,,0.0,0.0,,,,,曝光/点击/CTR/CVR/ACOS/ROAS/活动清单
B0F66YCL47,KC4SGE04300,2026-W35,2026-W34,0.0,0.0,,0.0,0.0,,0.0,0.0,,,,,曝光/点击/CTR/CVR/ACOS/ROAS/活动清单
B0F66YL93N,KC4PSP16200,2026-W35,2026-W34,0.0,0.0,,0.0,0.0,,0.01,8.57,,,,,曝光/点击/CTR/CVR/ACOS/ROAS/活动清单
B0F66YL9ZW,KC4SGE04600,2026-W35,2026-W34,0.0,0.0,,0.0,0.0,,0.0,0.0,,,,,曝光/点击/CTR/CVR/ACOS/ROAS/活动清单
B0F66YQD1K,KX4SGE10200,2026-W35,2026-W34,0.0,0.0,,0.0,0.0,,3.27,21.09,,,,,曝光/点击/CTR/CVR/ACOS/ROAS/活动清单
B0F66YQDJ8,KX4SGE17000,2026-W35,2026-W34,0.0,0.0,,0.0,0.0,,0.0,0.0,,,,,曝光/点击/CTR/CVR/ACOS/ROAS/活动清单
B0F66YTQ19,PT4SGE20100,2026-W35,2026-W34,0.0,0.0,,0.0,0.0,,0.0,0.0,,,,,曝光/点击/CTR/CVR/ACOS/ROAS/活动清单
B0F66YVWDZ,KC4PSP16800,2026-W35,2026-W34,0.0,0.0,,0.0,0.0,,0.0,0.0,,,,,曝光/点击/CTR/CVR/ACOS/ROAS/活动清单
B0F66YVWHD,KC4SGE02400,2026-W35,2026-W34,0.0,0.0,,0.0,0.0,,0.0,0.0,,,,,曝光/点击/CTR/CVR/ACOS/ROAS/活动清单
B0F66YWHZR,KX4SGE17700,2026-W35,2026-W34,0.0,0.0,,0.0,0.0,,0.0,0.0,,,,,曝光/点击/CTR/CVR/ACOS/ROAS/活动清单
B0F66YZG6G,PT4SGE27900,2026-W35,2026-W34,0.0,0.0,,0.0,0.0,,0.0,10.75,,,,,曝光/点击/CTR/CVR/ACOS/ROAS/活动清单
B0F66Z1367,PT4SGE25600,2026-W35,2026-W34,0.0,0.0,,0.0,0.0,,0.0,0.0,,,,,曝光/点击/CTR/CVR/ACOS/ROAS/活动清单
B0F66Z6WZ7,KC4SGE03200,2026-W35,2026-W34,0.0,0.0,,0.0,0.0,,4.35,10.81,,,,,曝光/点击/CTR/CVR/ACOS/ROAS/活动清单
B0F66ZFBPR,PT4SGE28200,2026-W35,2026-W34,0.0,0.0,,0.0,0.0,,0.0,0.0,,,,,曝光/点击/CTR/CVR/ACOS/ROAS/活动清单
B0F66ZGCVQ,KX4SGE09200,2026-W35,2026-W34,1.0,0.0,N/A,1151.17,0.0,N/A,19.8,32.24,1.72,,,,曝光/点击/CTR/CVR/ACOS/ROAS/活动清单
B0F66ZGNY8,KX4SGE14500,2026-W35,2026-W34,0.0,0.0,,0.0,0.0,,18.71,39.45,,,,,曝光/点击/CTR/CVR/ACOS/ROAS/活动清单
B0F66ZKJFN,KC4SGE05000,2026-W35,2026-W34,0.0,0.0,,0.0,0.0,,0.0,0.0,,,,,曝光/点击/CTR/CVR/ACOS/ROAS/活动清单
B0F66ZM5HY,PT4SGE26500,2026-W35,2026-W34,0.0,0.0,,0.0,0.0,,0.0,0.0,,,,,曝光/点击/CTR/CVR/ACOS/ROAS/活动清单
B0F66ZM5JS,PT4SGE19800,2026-W35,2026-W34,0.0,0.0,,0.0,0.0,,0.0,0.0,,,,,曝光/点击/CTR/CVR/ACOS/ROAS/活动清单
B0F66ZMYLS,KX4SGE15400,2026-W35,2026-W34,0.0,0.0,,0.0,0.0,,0.0,0.0,,,,,曝光/点击/CTR/CVR/ACOS/ROAS/活动清单
B0F66ZRNSS,KC4PSP17600,2026-W35,2026-W34,0.0,0.0,,0.0,0.0,,0.0,0.0,,,,,曝光/点击/CTR/CVR/ACOS/ROAS/活动清单
B0F66ZVPJT,KC4PSP16700,2026-W35,2026-W34,0.0,0.0,,0.0,0.0,,4.76,1.36,,,,,曝光/点击/CTR/CVR/ACOS/ROAS/活动清单
B0F66ZWC45,KX4SGE16800,2026-W35,2026-W34,0.0,0.0,,0.0,0.0,,15.24,26.73,,,,,曝光/点击/CTR/CVR/ACOS/ROAS/活动清单
B0F66ZWGQD,KC4SGE00900,2026-W35,2026-W34,0.0,0.0,,0.0,0.0,,0.0,0.0,,,,,曝光/点击/CTR/CVR/ACOS/ROAS/活动清单
B0F66ZYR9M,KC4SGE03300,2026-W35,2026-W34,0.0,0.0,,0.0,0.0,,0.0,0.0,,,,,曝光/点击/CTR/CVR/ACOS/ROAS/活动清单
B0F66ZYSY6,PT4SGE22200,2026-W35,2026-W34,0.0,0.0,,0.0,0.0,,0.0,0.0,,,,,曝光/点击/CTR/CVR/ACOS/ROAS/活动清单
B0F6711TJJ,KC4SGE02900,2026-W35,2026-W34,0.0,0.0,,0.0,0.0,,0.0,0.0,,,,,曝光/点击/CTR/CVR/ACOS/ROAS/活动清单
B0F67143SL,PT4SGE27500,2026-W35,2026-W34,0.0,0.0,,0.0,0.0,,0.0,0.0,,,,,曝光/点击/CTR/CVR/ACOS/ROAS/活动清单
B0F6714QJN,PT4SGE26000,2026-W35,2026-W34,0.0,0.0,,0.0,0.0,,0.0,0.0,,,,,曝光/点击/CTR/CVR/ACOS/ROAS/活动清单
B0F6714ZFF,KC4SGE01000,2026-W35,2026-W34,0.0,0.0,,0.0,0.0,,0.0,0.0,,,,,曝光/点击/CTR/CVR/ACOS/ROAS/活动清单
B0F6718664,KX4SGE09300,2026-W35,2026-W34,0.0,0.0,,0.0,0.0,,0.0,6.39,,,,,曝光/点击/CTR/CVR/ACOS/ROAS/活动清单
B0F6719J4Y,PT4SGE27700,2026-W35,2026-W34,0.0,0.0,,0.0,0.0,,0.0,0.0,,,,,曝光/点击/CTR/CVR/ACOS/ROAS/活动清单
B0F6719M57,KC4SGE01700,2026-W35,2026-W34,0.0,0.0,,0.0,0.0,,0.0,0.0,,,,,曝光/点击/CTR/CVR/ACOS/ROAS/活动清单
B0F6719MHL,KX4SGE07900,2026-W35,2026-W34,0.0,0.0,,0.0,0.0,,0.0,0.0,,,,,曝光/点击/CTR/CVR/ACOS/ROAS/活动清单
B0F6719MVD,PT4SGE18700,2026-W35,2026-W34,0.0,0.0,,0.0,0.0,,0.0,0.0,,,,,曝光/点击/CTR/CVR/ACOS/ROAS/活动清单
B0F671CRBG,KX4SGE08400,2026-W35,2026-W34,0.0,0.0,,0.0,0.0,,0.0,0.0,,,,,曝光/点击/CTR/CVR/ACOS/ROAS/活动清单
B0F671DGB8,KC4SGE01600,2026-W35,2026-W34,0.0,0.0,,0.0,0.0,,0.0,0.0,,,,,曝光/点击/CTR/CVR/ACOS/ROAS/活动清单
B0F671H2XC,KX4SGE13300,2026-W35,2026-W34,0.0,0.0,,0.0,0.0,,0.0,16.32,,,,,曝光/点击/CTR/CVR/ACOS/ROAS/活动清单
B0F671HGDH,KC4SGE00700,2026-W35,2026-W34,0.0,1.0,-100.0,0.0,1454.86,-100.0,0.0,6.53,,0.45,,单量下滑≥20%；销售额下滑≥20%,曝光/点击/CTR/CVR/ACOS/ROAS/活动清单
B0F671K3LF,KX4SGE10100,2026-W35,2026-W34,0.0,0.0,,0.0,0.0,,10.2,4.56,,,,,曝光/点击/CTR/CVR/ACOS/ROAS/活动清单
B0F671KRVL,PT4SGE21400,2026-W35,2026-W34,0.0,0.0,,0.0,0.0,,0.0,0.0,,,,,曝光/点击/CTR/CVR/ACOS/ROAS/活动清单
B0F671L76Z,KC4SGE03000,2026-W35,2026-W34,0.0,0.0,,0.0,0.0,,19.59,37.88,,,,,曝光/点击/CTR/CVR/ACOS/ROAS/活动清单
B0F671LQDV,PT4SGE20500,2026-W35,2026-W34,0.0,0.0,,0.0,0.0,,6.8,3.26,,,,,曝光/点击/CTR/CVR/ACOS/ROAS/活动清单
B0F671MSR1,PT4SGE24400,2026-W35,2026-W34,0.0,0.0,,0.0,0.0,,10.2,5.03,,,,,曝光/点击/CTR/CVR/ACOS/ROAS/活动清单
B0F671N1LF,PT4SGE18400,2026-W35,2026-W34,0.0,0.0,,0.0,0.0,,0.0,0.0,,,,,曝光/点击/CTR/CVR/ACOS/ROAS/活动清单
B0F671N4VM,KC4SGE03900,2026-W35,2026-W34,0.0,0.0,,0.0,0.0,,0.0,0.0,,,,,曝光/点击/CTR/CVR/ACOS/ROAS/活动清单
B0F671N77Y,PT4SGE20300,2026-W35,2026-W34,0.0,0.0,,0.0,0.0,,0.0,0.0,,,,,曝光/点击/CTR/CVR/ACOS/ROAS/活动清单
B0F671NLJ9,PT4SGE20000,2026-W35,2026-W34,1.0,0.0,N/A,639.2,0.0,N/A,0.0,8.03,0.0,,,,曝光/点击/CTR/CVR/ACOS/ROAS/活动清单
B0F671NLKP,KC4PSP18200,2026-W35,2026-W34,3.0,3.0,0.0,3468.0,3468.0,0.0,42.78,30.2,1.23,0.87,41.66,TACOS上升≥30%,曝光/点击/CTR/CVR/ACOS/ROAS/活动清单
B0F671Q8R8,KC4SGE01500,2026-W35,2026-W34,0.0,0.0,,0.0,0.0,,0.0,0.0,,,,,曝光/点击/CTR/CVR/ACOS/ROAS/活动清单
B0F671QM9C,KC4SGE02500,2026-W35,2026-W34,0.0,0.0,,0.0,0.0,,0.0,0.0,,,,,曝光/点击/CTR/CVR/ACOS/ROAS/活动清单
B0F671RJBT,KX4SGE12900,2026-W35,2026-W34,0.0,0.0,,0.0,0.0,,0.0,0.0,,,,,曝光/点击/CTR/CVR/ACOS/ROAS/活动清单
B0F671RJZY,PT4SGE19100,2026-W35,2026-W34,0.0,0.0,,0.0,0.0,,0.0,0.0,,,,,曝光/点击/CTR/CVR/ACOS/ROAS/活动清单
B0F671RLY9,KX4SGE12100,2026-W35,2026-W34,0.0,0.0,,0.0,0.0,,0.0,0.0,,,,,曝光/点击/CTR/CVR/ACOS/ROAS/活动清单
B0F671T3GH,KX4SGE18000,2026-W35,2026-W34,0.0,0.0,,0.0,0.0,,0.0,0.0,,,,,曝光/点击/CTR/CVR/ACOS/ROAS/活动清单
B0F671WTP3,PT4SGE19500,2026-W35,2026-W34,2.0,0.0,N/A,1196.8,0.0,N/A,29.11,16.67,2.43,,,,曝光/点击/CTR/CVR/ACOS/ROAS/活动清单
B0F671WXMY,PT4SGE18500,2026-W35,2026-W34,0.0,0.0,,0.0,0.0,,8.37,4.08,,,,,曝光/点击/CTR/CVR/ACOS/ROAS/活动清单
B0F671WXY4,PT4SGE24600,2026-W35,2026-W34,0.0,0.0,,0.0,0.0,,0.0,0.0,,,,,曝光/点击/CTR/CVR/ACOS/ROAS/活动清单
B0F671XDVV,KC4SGE05400,2026-W35,2026-W34,0.0,0.0,,0.0,0.0,,0.0,0.0,,,,,曝光/点击/CTR/CVR/ACOS/ROAS/活动清单
B0F671XPRK,KX4SGE08800,2026-W35,2026-W34,1.0,0.0,N/A,1135.6,0.0,N/A,0.0,10.0,0.0,,,,曝光/点击/CTR/CVR/ACOS/ROAS/活动清单
B0F671XZ98,PT4SGE26600,2026-W35,2026-W34,1.0,0.0,N/A,741.2,0.0,N/A,3.06,0.0,0.41,,,,曝光/点击/CTR/CVR/ACOS/ROAS/活动清单
B0F671XZCR,KX4SGE08200,2026-W35,2026-W34,0.0,0.0,,0.0,0.0,,0.0,0.0,,,,,曝光/点击/CTR/CVR/ACOS/ROAS/活动清单
B0F671Y9K7,PT4SGE24000,2026-W35,2026-W34,0.0,0.0,,0.0,0.0,,0.0,0.0,,,,,曝光/点击/CTR/CVR/ACOS/ROAS/活动清单
B0F672214Z,KC4SGE03500,2026-W35,2026-W34,0.0,0.0,,0.0,0.0,,0.0,0.0,,,,,曝光/点击/CTR/CVR/ACOS/ROAS/活动清单
B0F6722NW4,PT4SGE27600,2026-W35,2026-W34,0.0,0.0,,0.0,0.0,,0.0,0.0,,,,,曝光/点击/CTR/CVR/ACOS/ROAS/活动清单
B0F6723QX8,KC4SGE00400,2026-W35,2026-W34,0.0,0.0,,0.0,0.0,,0.0,0.0,,,,,曝光/点击/CTR/CVR/ACOS/ROAS/活动清单
B0F6723ZP2,KX4SGE08600,2026-W35,2026-W34,0.0,0.0,,0.0,0.0,,0.0,0.0,,,,,曝光/点击/CTR/CVR/ACOS/ROAS/活动清单
B0F6723ZTS,KC4PSP17100,2026-W35,2026-W34,0.0,0.0,,0.0,0.0,,0.0,0.0,,,,,曝光/点击/CTR/CVR/ACOS/ROAS/活动清单
B0F67248GG,PT4SGE22500,2026-W35,2026-W34,0.0,0.0,,0.0,0.0,,0.0,0.0,,,,,曝光/点击/CTR/CVR/ACOS/ROAS/活动清单
B0F6724S5Z,KC4SGE04700,2026-W35,2026-W34,0.0,0.0,,0.0,0.0,,0.0,0.0,,,,,曝光/点击/CTR/CVR/ACOS/ROAS/活动清单
B0F6725CL7,KX4SGE10600,2026-W35,2026-W34,0.0,0.0,,0.0,0.0,,12.79,0.0,,,,,曝光/点击/CTR/CVR/ACOS/ROAS/活动清单
B0F6725W6J,KX4SGE12400,2026-W35,2026-W34,0.0,0.0,,0.0,0.0,,0.0,0.0,,,,,曝光/点击/CTR/CVR/ACOS/ROAS/活动清单
B0F67279T9,PT4SGE18600,2026-W35,2026-W34,0.0,0.0,,0.0,0.0,,4.08,6.12,,,,,曝光/点击/CTR/CVR/ACOS/ROAS/活动清单
B0F6727LV5,KC4SGE01200,2026-W35,2026-W34,0.0,0.0,,0.0,0.0,,0.0,0.0,,,,,曝光/点击/CTR/CVR/ACOS/ROAS/活动清单
B0F6728CD8,KX4SGE11100,2026-W35,2026-W34,0.0,0.0,,0.0,0.0,,0.0,0.0,,,,,曝光/点击/CTR/CVR/ACOS/ROAS/活动清单
B0F6728J8K,KX4SGE10700,2026-W35,2026-W34,0.0,0.0,,0.0,0.0,,0.0,0.0,,,,,曝光/点击/CTR/CVR/ACOS/ROAS/活动清单
B0F6728X5S,KC4SGE05500,2026-W35,2026-W34,0.0,0.0,,0.0,0.0,,0.0,0.0,,,,,曝光/点击/CTR/CVR/ACOS/ROAS/活动清单
B0F6729QCQ,KC4SGE05100,2026-W35,2026-W34,0.0,0.0,,0.0,0.0,,0.0,0.0,,,,,曝光/点击/CTR/CVR/ACOS/ROAS/活动清单
B0F672B1QN,KC4PSP16600,2026-W35,2026-W34,0.0,0.0,,0.0,0.0,,0.0,2.72,,,,,曝光/点击/CTR/CVR/ACOS/ROAS/活动清单
B0F672B6NS,KC4SGE02500,2026-W35,2026-W34,0.0,0.0,,0.0,0.0,,0.0,0.0,,,,,曝光/点击/CTR/CVR/ACOS/ROAS/活动清单
B0F672BHPC,KX4SGE16500,2026-W35,2026-W34,0.0,0.0,,0.0,0.0,,0.0,0.0,,,,,曝光/点击/CTR/CVR/ACOS/ROAS/活动清单
B0F672R5VW,KX4SGE10300,2026-W35,2026-W34,0.0,0.0,,0.0,0.0,,0.75,3.47,,,,,曝光/点击/CTR/CVR/ACOS/ROAS/活动清单
B0F672S2VT,KC4SGE04800,2026-W35,2026-W34,0.0,0.0,,0.0,0.0,,0.0,0.0,,,,,曝光/点击/CTR/CVR/ACOS/ROAS/活动清单
B0F672SLXV,KX4SGE12600,2026-W35,2026-W34,0.0,0.0,,0.0,0.0,,3.47,4.42,,,,,曝光/点击/CTR/CVR/ACOS/ROAS/活动清单
B0F672SQQP,KX4SGE13700,2026-W35,2026-W34,0.0,0.0,,0.0,0.0,,0.0,0.0,,,,,曝光/点击/CTR/CVR/ACOS/ROAS/活动清单
B0F672TDWG,KC4SGE04900,2026-W35,2026-W34,0.0,0.0,,0.0,0.0,,0.0,0.0,,,,,曝光/点击/CTR/CVR/ACOS/ROAS/活动清单
B0F672VQYZ,KX4SGE10900,2026-W35,2026-W34,1.0,1.0,0.0,1190.0,1190.0,0.0,38.64,68.15,3.25,5.73,-43.3,,曝光/点击/CTR/CVR/ACOS/ROAS/活动清单
B0F672W1G5,KC4PSP16400,2026-W35,2026-W34,0.0,0.0,,0.0,0.0,,0.0,0.0,,,,,曝光/点击/CTR/CVR/ACOS/ROAS/活动清单
B0F672W45Q,PT4SGE25800,2026-W35,2026-W34,0.0,0.0,,0.0,0.0,,11.43,0.0,,,,,曝光/点击/CTR/CVR/ACOS/ROAS/活动清单
B0F672X9FD,PT4SGE27300,2026-W35,2026-W34,0.0,0.0,,0.0,0.0,,0.0,0.0,,,,,曝光/点击/CTR/CVR/ACOS/ROAS/活动清单
B0F672XC81,PT4SGE21100,2026-W35,2026-W34,0.0,0.0,,0.0,0.0,,0.0,0.0,,,,,曝光/点击/CTR/CVR/ACOS/ROAS/活动清单
B0F672XXMY,KC4SGE00500,2026-W35,2026-W34,0.0,0.0,,0.0,0.0,,18.84,10.54,,,,,曝光/点击/CTR/CVR/ACOS/ROAS/活动清单
B0F672ZZWG,PT4SGE28100,2026-W35,2026-W34,0.0,0.0,,0.0,0.0,,0.0,0.0,,,,,曝光/点击/CTR/CVR/ACOS/ROAS/活动清单
B0F6731LXC,PT4SGE27800,2026-W35,2026-W34,0.0,0.0,,0.0,0.0,,0.0,0.0,,,,,曝光/点击/CTR/CVR/ACOS/ROAS/活动清单
B0F67322ZM,KC4PSP17700,2026-W35,2026-W34,0.0,0.0,,0.0,0.0,,0.0,0.0,,,,,曝光/点击/CTR/CVR/ACOS/ROAS/活动清单
B0F6732G7C,KX4SGE14900,2026-W35,2026-W34,0.0,0.0,,0.0,0.0,,3.06,0.0,,,,,曝光/点击/CTR/CVR/ACOS/ROAS/活动清单
B0F6734N9K,KC4SGE01400,2026-W35,2026-W34,0.0,0.0,,0.0,0.0,,0.0,0.0,,,,,曝光/点击/CTR/CVR/ACOS/ROAS/活动清单
B0F6734V72,KX4SGE12700,2026-W35,2026-W34,0.0,0.0,,0.0,0.0,,20.4,8.84,,,,,曝光/点击/CTR/CVR/ACOS/ROAS/活动清单
B0F6735N2M,KX4SGE08100,2026-W35,2026-W34,0.0,0.0,,0.0,0.0,,0.0,0.0,,,,,曝光/点击/CTR/CVR/ACOS/ROAS/活动清单
B0F673B41S,KC4PSP17300,2026-W35,2026-W34,0.0,0.0,,0.0,0.0,,0.0,0.0,,,,,曝光/点击/CTR/CVR/ACOS/ROAS/活动清单
B0F673DP4W,KC4PSP16000,2026-W35,2026-W34,0.0,0.0,,0.0,0.0,,0.0,0.0,,,,,曝光/点击/CTR/CVR/ACOS/ROAS/活动清单
B0F673F69B,PT4SGE21900,2026-W35,2026-W34,0.0,0.0,,0.0,0.0,,0.0,0.0,,,,,曝光/点击/CTR/CVR/ACOS/ROAS/活动清单
B0F673H415,PT4SGE26700,2026-W35,2026-W34,0.0,0.0,,0.0,0.0,,2.59,9.12,,,,,曝光/点击/CTR/CVR/ACOS/ROAS/活动清单
B0F673HJC1,KC4SGE03100,2026-W35,2026-W34,0.0,0.0,,0.0,0.0,,0.0,0.0,,,,,曝光/点击/CTR/CVR/ACOS/ROAS/活动清单
B0F673JP6T,PT4SGE21000,2026-W35,2026-W34,0.0,0.0,,0.0,0.0,,0.0,0.0,,,,,曝光/点击/CTR/CVR/ACOS/ROAS/活动清单
B0F673JP96,KX4SGE15200,2026-W35,2026-W34,0.0,0.0,,0.0,0.0,,2.72,3.27,,,,,曝光/点击/CTR/CVR/ACOS/ROAS/活动清单
B0F673JSV8,KC4SGE00200,2026-W35,2026-W34,0.0,0.0,,0.0,0.0,,0.0,0.0,,,,,曝光/点击/CTR/CVR/ACOS/ROAS/活动清单
B0F673KL4M,KX4SGE17400,2026-W35,2026-W34,0.0,0.0,,0.0,0.0,,4.69,1.36,,,,,曝光/点击/CTR/CVR/ACOS/ROAS/活动清单
B0F673LWGL,PT4SGE19900,2026-W35,2026-W34,0.0,0.0,,0.0,0.0,,0.0,0.0,,,,,曝光/点击/CTR/CVR/ACOS/ROAS/活动清单
B0F673N895,KC4SGE00800,2026-W35,2026-W34,0.0,0.0,,0.0,0.0,,0.0,0.0,,,,,曝光/点击/CTR/CVR/ACOS/ROAS/活动清单
B0F673NRMS,PT4SGE19700,2026-W35,2026-W34,0.0,0.0,,0.0,0.0,,0.0,0.0,,,,,曝光/点击/CTR/CVR/ACOS/ROAS/活动清单
B0F673Q69B,KC4SGE01300,2026-W35,2026-W34,0.0,0.0,,0.0,0.0,,2.72,7.07,,,,,曝光/点击/CTR/CVR/ACOS/ROAS/活动清单
B0F673QG8L,KC4PSP17800,2026-W35,2026-W34,0.0,0.0,,0.0,0.0,,2.72,9.59,,,,,曝光/点击/CTR/CVR/ACOS/ROAS/活动清单
B0F673R2FD,KX4SGE17300,2026-W35,2026-W34,0.0,0.0,,0.0,0.0,,0.0,0.0,,,,,曝光/点击/CTR/CVR/ACOS/ROAS/活动清单
B0F673R339,KC4PSP16500,2026-W35,2026-W34,0.0,0.0,,0.0,0.0,,4.22,0.0,,,,,曝光/点击/CTR/CVR/ACOS/ROAS/活动清单
B0F673RTJZ,KC4SGE03800,2026-W35,2026-W34,0.0,0.0,,0.0,0.0,,0.0,0.0,,,,,曝光/点击/CTR/CVR/ACOS/ROAS/活动清单
B0F673V66M,KX4SGE11700,2026-W35,2026-W34,0.0,0.0,,0.0,0.0,,0.0,0.0,,,,,曝光/点击/CTR/CVR/ACOS/ROAS/活动清单
B0F673V9LW,KX4SGE12200,2026-W35,2026-W34,0.0,0.0,,0.0,0.0,,0.0,0.0,,,,,曝光/点击/CTR/CVR/ACOS/ROAS/活动清单
B0F673XCCG,PT4SGE21100,2026-W35,2026-W34,0.0,0.0,,0.0,0.0,,3.47,0.0,,,,,曝光/点击/CTR/CVR/ACOS/ROAS/活动清单
B0F673XD5H,PT4SGE23600,2026-W35,2026-W34,0.0,0.0,,0.0,0.0,,0.0,0.0,,,,,曝光/点击/CTR/CVR/ACOS/ROAS/活动清单
B0F673YB29,KX4SGE13200,2026-W35,2026-W34,0.0,0.0,,0.0,0.0,,4.9,4.9,,,,,曝光/点击/CTR/CVR/ACOS/ROAS/活动清单
B0F673YCRF,KC4SGE00100,2026-W35,2026-W34,0.0,0.0,,0.0,0.0,,20.2,9.87,,,,,曝光/点击/CTR/CVR/ACOS/ROAS/活动清单
B0F673ZG8W,PT4SGE23400,2026-W35,2026-W34,0.0,0.0,,0.0,0.0,,0.0,0.0,,,,,曝光/点击/CTR/CVR/ACOS/ROAS/活动清单
B0F673ZGGP,KX4SGE08900,2026-W35,2026-W34,0.0,0.0,,0.0,0.0,,17.21,7.55,,,,,曝光/点击/CTR/CVR/ACOS/ROAS/活动清单
B0F673ZYHW,KC4PSP16100,2026-W35,2026-W34,0.0,0.0,,0.0,0.0,,0.0,0.0,,,,,曝光/点击/CTR/CVR/ACOS/ROAS/活动清单
B0F6741NZW,KC4PSP17500,2026-W35,2026-W34,0.0,0.0,,0.0,0.0,,0.0,0.0,,,,,曝光/点击/CTR/CVR/ACOS/ROAS/活动清单
B0F6742S7G,PT4SGE23900,2026-W35,2026-W34,0.0,0.0,,0.0,0.0,,0.0,0.0,,,,,曝光/点击/CTR/CVR/ACOS/ROAS/活动清单
B0F6745R7K,PT4SGE27000,2026-W35,2026-W34,0.0,0.0,,0.0,0.0,,0.0,0.0,,,,,曝光/点击/CTR/CVR/ACOS/ROAS/活动清单
B0F6746Y4S,KX4SGE10400,2026-W35,2026-W34,0.0,0.0,,0.0,0.0,,7.08,32.17,,,,,曝光/点击/CTR/CVR/ACOS/ROAS/活动清单
B0F67477ML,KC4SGE04200,2026-W35,2026-W34,0.0,0.0,,0.0,0.0,,0.0,0.0,,,,,曝光/点击/CTR/CVR/ACOS/ROAS/活动清单
B0F6747XR5,KC4SGE00600,2026-W35,2026-W34,0.0,0.0,,0.0,0.0,,0.0,0.0,,,,,曝光/点击/CTR/CVR/ACOS/ROAS/活动清单
B0F6749JM8,PT4SGE26100,2026-W35,2026-W34,0.0,0.0,,0.0,0.0,,8.16,3.06,,,,,曝光/点击/CTR/CVR/ACOS/ROAS/活动清单
B0F674J4JD,PT4SGE19600,2026-W35,2026-W34,0.0,0.0,,0.0,0.0,,3.06,0.0,,,,,曝光/点击/CTR/CVR/ACOS/ROAS/活动清单
B0F674J8K1,PT4SGE26300,2026-W35,2026-W34,0.0,0.0,,0.0,0.0,,0.0,0.0,,,,,曝光/点击/CTR/CVR/ACOS/ROAS/活动清单
B0F674LGB2,PT4SGE19200,2026-W35,2026-W34,0.0,0.0,,0.0,0.0,,10.34,0.0,,,,,曝光/点击/CTR/CVR/ACOS/ROAS/活动清单
B0F674NQZH,KX4SGE08300,2026-W35,2026-W34,0.0,0.0,,0.0,0.0,,0.0,3.26,,,,,曝光/点击/CTR/CVR/ACOS/ROAS/活动清单
B0F674RDT5,PT4SGE25400,2026-W35,2026-W34,0.0,0.0,,0.0,0.0,,0.0,0.0,,,,,曝光/点击/CTR/CVR/ACOS/ROAS/活动清单
B0F674RQLQ,PT4SGE18800,2026-W35,2026-W34,0.0,0.0,,0.0,0.0,,0.0,0.0,,,,,曝光/点击/CTR/CVR/ACOS/ROAS/活动清单
B0F674VB7L,PT4SGE23700,2026-W35,2026-W34,0.0,0.0,,0.0,0.0,,0.0,0.0,,,,,曝光/点击/CTR/CVR/ACOS/ROAS/活动清单
B0F6753T3Z,KC4PSP17200,2026-W35,2026-W34,0.0,0.0,,0.0,0.0,,3.26,0.0,,,,,曝光/点击/CTR/CVR/ACOS/ROAS/活动清单
B0F67594GG,KC4PSP15800,2026-W35,2026-W34,0.0,0.0,,0.0,0.0,,0.0,0.0,,,,,曝光/点击/CTR/CVR/ACOS/ROAS/活动清单
B0F675NJF7,KC4PSP18000,2026-W35,2026-W34,0.0,0.0,,0.0,0.0,,15.51,4.63,,,,,曝光/点击/CTR/CVR/ACOS/ROAS/活动清单
B0F675TRNY,KC4SGE05300,2026-W35,2026-W34,0.0,0.0,,0.0,0.0,,0.0,0.0,,,,,曝光/点击/CTR/CVR/ACOS/ROAS/活动清单
B0F675V3M4,PT4SGE19400,2026-W35,2026-W34,0.0,0.0,,0.0,0.0,,5.24,3.27,,,,,曝光/点击/CTR/CVR/ACOS/ROAS/活动清单
B0F675XZ7M,KC4PSP18100,2026-W35,2026-W34,0.0,0.0,,0.0,0.0,,35.5,19.45,,,,,曝光/点击/CTR/CVR/ACOS/ROAS/活动清单
B0F6LJ6TSH,PT4SGE19400,2026-W35,2026-W34,0.0,0.0,,0.0,0.0,,6.53,13.94,,,,,曝光/点击/CTR/CVR/ACOS/ROAS/活动清单
B0F6LJ7BNY,KC4PSP17700,2026-W35,2026-W34,0.0,1.0,-100.0,0.0,1054.0,-100.0,2.72,4.01,,0.38,,单量下滑≥20%；销售额下滑≥20%,曝光/点击/CTR/CVR/ACOS/ROAS/活动清单
B0F6LJ7SHC,KX4SGE12600,2026-W35,2026-W34,0.0,0.0,,0.0,0.0,,19.73,16.67,,,,,曝光/点击/CTR/CVR/ACOS/ROAS/活动清单
B0F6LJ7SV7,PT4SGE24400,2026-W35,2026-W34,0.0,0.0,,0.0,0.0,,3.95,35.03,,,,,曝光/点击/CTR/CVR/ACOS/ROAS/活动清单
B0F6LJ85SB,KX4SGE12100,2026-W35,2026-W34,0.0,0.0,,0.0,0.0,,27.82,18.09,,,,,曝光/点击/CTR/CVR/ACOS/ROAS/活动清单
B0F6LJ8BR9,PT4SGE27500,2026-W35,2026-W34,0.0,0.0,,0.0,0.0,,0.0,5.78,,,,,曝光/点击/CTR/CVR/ACOS/ROAS/活动清单
B0F6LJ8MML,PT4SGE21100,2026-W35,2026-W34,0.0,0.0,,0.0,0.0,,0.0,0.0,,,,,曝光/点击/CTR/CVR/ACOS/ROAS/活动清单
B0F6LJ93D9,PT4SGE24600,2026-W35,2026-W34,0.0,0.0,,0.0,0.0,,0.0,0.0,,,,,曝光/点击/CTR/CVR/ACOS/ROAS/活动清单
B0F6LJ961H,KX4SGE10400,2026-W35,2026-W34,0.0,0.0,,0.0,0.0,,11.56,5.31,,,,,曝光/点击/CTR/CVR/ACOS/ROAS/活动清单
B0F6LJ9JYR,KC4SGE00500,2026-W35,2026-W34,0.0,0.0,,0.0,0.0,,0.0,0.0,,,,,曝光/点击/CTR/CVR/ACOS/ROAS/活动清单
B0F6LJ9NDC,KX4SGE14900,2026-W35,2026-W34,0.0,0.0,,0.0,0.0,,0.0,0.0,,,,,曝光/点击/CTR/CVR/ACOS/ROAS/活动清单
B0F6LJ9VDS,KC4SGE00700,2026-W35,2026-W34,0.0,0.0,,0.0,0.0,,7.75,3.26,,,,,曝光/点击/CTR/CVR/ACOS/ROAS/活动清单
B0F6LJ9ZMP,PT4SGE27300,2026-W35,2026-W34,0.0,0.0,,0.0,0.0,,0.0,0.0,,,,,曝光/点击/CTR/CVR/ACOS/ROAS/活动清单
B0F6LJB1MX,PT4SGE19600,2026-W35,2026-W34,0.0,0.0,,0.0,0.0,,0.0,0.0,,,,,曝光/点击/CTR/CVR/ACOS/ROAS/活动清单
B0F6LJB2C1,PT4SGE19100,2026-W35,2026-W34,1.0,0.0,N/A,577.59,0.0,N/A,3.67,0.0,0.64,,,,曝光/点击/CTR/CVR/ACOS/ROAS/活动清单
B0F6LJB6ZD,PT4SGE26100,2026-W35,2026-W34,0.0,0.0,,0.0,0.0,,0.0,0.0,,,,,曝光/点击/CTR/CVR/ACOS/ROAS/活动清单
B0F6LJBFD3,PT4SGE28200,2026-W35,2026-W34,0.0,0.0,,0.0,0.0,,0.0,3.06,,,,,曝光/点击/CTR/CVR/ACOS/ROAS/活动清单
B0F6LJBYMX,KC4SGE03300,2026-W35,2026-W34,0.0,0.0,,0.0,0.0,,19.25,8.16,,,,,曝光/点击/CTR/CVR/ACOS/ROAS/活动清单
B0F6LJBYPH,PT4SGE18600,2026-W35,2026-W34,0.0,0.0,,0.0,0.0,,0.0,0.0,,,,,曝光/点击/CTR/CVR/ACOS/ROAS/活动清单
B0F6LJBZWX,PT4SGE18700,2026-W35,2026-W34,0.0,0.0,,0.0,0.0,,0.0,0.0,,,,,曝光/点击/CTR/CVR/ACOS/ROAS/活动清单
B0F6LJC2ZZ,KX4SGE16800,2026-W35,2026-W34,0.0,0.0,,0.0,0.0,,7.07,0.0,,,,,曝光/点击/CTR/CVR/ACOS/ROAS/活动清单
B0F6LJCDCK,KX4SGE08300,2026-W35,2026-W34,1.0,1.0,0.0,1093.71,1093.71,0.0,14.35,12.92,1.31,1.18,11.05,,曝光/点击/CTR/CVR/ACOS/ROAS/活动清单
B0F6LJCG2Q,KC4SGE03100,2026-W35,2026-W34,0.0,0.0,,0.0,0.0,,0.0,0.0,,,,,曝光/点击/CTR/CVR/ACOS/ROAS/活动清单
B0F6LJCHXW,KC4SGE05500,2026-W35,2026-W34,2.0,0.0,N/A,1183.2,0.0,N/A,5.78,15.85,0.49,,,,曝光/点击/CTR/CVR/ACOS/ROAS/活动清单
B0F6LJCMF1,KC4SGE04200,2026-W35,2026-W34,0.0,0.0,,0.0,0.0,,3.26,0.0,,,,,曝光/点击/CTR/CVR/ACOS/ROAS/活动清单
B0F6LJCNJ5,KX4SGE10200,2026-W35,2026-W34,1.0,0.0,N/A,1380.4,0.0,N/A,20.48,25.85,1.48,,,,曝光/点击/CTR/CVR/ACOS/ROAS/活动清单
B0F6LJDDTH,PT4SGE25600,2026-W35,2026-W34,0.0,0.0,,0.0,0.0,,0.0,0.0,,,,,曝光/点击/CTR/CVR/ACOS/ROAS/活动清单
B0F6LJDM2N,PT4SGE28100,2026-W35,2026-W34,0.0,0.0,,0.0,0.0,,0.0,0.0,,,,,曝光/点击/CTR/CVR/ACOS/ROAS/活动清单
B0F6LJDXLF,KX4SGE08100,2026-W35,2026-W34,0.0,0.0,,0.0,0.0,,0.0,0.0,,,,,曝光/点击/CTR/CVR/ACOS/ROAS/活动清单
B0F6LJFGNZ,KX4SGE09100,2026-W35,2026-W34,0.0,0.0,,0.0,0.0,,0.0,0.0,,,,,曝光/点击/CTR/CVR/ACOS/ROAS/活动清单
B0F6LMJ5S2,PT4SGE18800,2026-W35,2026-W34,0.0,0.0,,0.0,0.0,,0.0,0.0,,,,,曝光/点击/CTR/CVR/ACOS/ROAS/活动清单
B0F6LMJFW7,KC4PSP16200,2026-W35,2026-W34,0.0,0.0,,0.0,0.0,,30.13,14.29,,,,,曝光/点击/CTR/CVR/ACOS/ROAS/活动清单
B0F6LMJQMC,KC4PSP16000,2026-W35,2026-W34,0.0,0.0,,0.0,0.0,,0.0,0.0,,,,,曝光/点击/CTR/CVR/ACOS/ROAS/活动清单
B0F6LMJT5D,PT4SGE19700,2026-W35,2026-W34,0.0,0.0,,0.0,0.0,,3.27,0.0,,,,,曝光/点击/CTR/CVR/ACOS/ROAS/活动清单
B0F6LMK7RW,PT4SGE20100,2026-W35,2026-W34,0.0,0.0,,0.0,0.0,,0.0,0.0,,,,,曝光/点击/CTR/CVR/ACOS/ROAS/活动清单
B0F6LMKBQ2,KC4SGE02400,2026-W35,2026-W34,0.0,0.0,,0.0,0.0,,5.24,9.25,,,,,曝光/点击/CTR/CVR/ACOS/ROAS/活动清单
B0F6LMKCDD,KC4SGE03700,2026-W35,2026-W34,0.0,0.0,,0.0,0.0,,4.76,0.0,,,,,曝光/点击/CTR/CVR/ACOS/ROAS/活动清单
B0F6LMKF5M,KC4SGE05300,2026-W35,2026-W34,0.0,0.0,,0.0,0.0,,5.65,3.74,,,,,曝光/点击/CTR/CVR/ACOS/ROAS/活动清单
B0F6LMKJLT,PT4SGE27800,2026-W35,2026-W34,0.0,0.0,,0.0,0.0,,0.0,0.0,,,,,曝光/点击/CTR/CVR/ACOS/ROAS/活动清单
B0F6LMKLYR,KX4SGE10300,2026-W35,2026-W34,0.0,0.0,,0.0,0.0,,0.0,0.0,,,,,曝光/点击/CTR/CVR/ACOS/ROAS/活动清单
B0F6LMKRSQ,KC4SGE05400,2026-W35,2026-W34,0.0,0.0,,0.0,0.0,,0.0,0.0,,,,,曝光/点击/CTR/CVR/ACOS/ROAS/活动清单
B0F6LMKTP6,KC4PSP17800,2026-W35,2026-W34,0.0,0.0,,0.0,0.0,,0.0,0.0,,,,,曝光/点击/CTR/CVR/ACOS/ROAS/活动清单
B0F6LML89P,PT4SGE27000,2026-W35,2026-W34,0.0,0.0,,0.0,0.0,,0.0,0.0,,,,,曝光/点击/CTR/CVR/ACOS/ROAS/活动清单
B0F6LML94M,KX4SGE09200,2026-W35,2026-W34,0.0,0.0,,0.0,0.0,,0.0,5.92,,,,,曝光/点击/CTR/CVR/ACOS/ROAS/活动清单
B0F6LMLB78,KX4SGE11100,2026-W35,2026-W34,0.0,0.0,,0.0,0.0,,3.06,0.0,,,,,曝光/点击/CTR/CVR/ACOS/ROAS/活动清单
B0F6LMLWCS,KX4SGE13500,2026-W35,2026-W34,0.0,0.0,,0.0,0.0,,0.0,0.0,,,,,曝光/点击/CTR/CVR/ACOS/ROAS/活动清单
B0F6LMLY8H,PT4SGE23900,2026-W35,2026-W34,0.0,0.0,,0.0,0.0,,0.0,0.0,,,,,曝光/点击/CTR/CVR/ACOS/ROAS/活动清单
B0F6LMM4W3,KC4SGE03200,2026-W35,2026-W34,0.0,0.0,,0.0,0.0,,0.0,0.0,,,,,曝光/点击/CTR/CVR/ACOS/ROAS/活动清单
B0F6LMMSSG,PT4SGE23100,2026-W35,2026-W34,0.0,0.0,,0.0,0.0,,0.0,0.0,,,,,曝光/点击/CTR/CVR/ACOS/ROAS/活动清单
B0F6LMMY9R,KC4SGE00400,2026-W35,2026-W34,0.0,0.0,,0.0,0.0,,0.0,0.0,,,,,曝光/点击/CTR/CVR/ACOS/ROAS/活动清单
B0F6LMN155,KC4SGE00200,2026-W35,2026-W34,0.0,0.0,,0.0,0.0,,0.0,0.0,,,,,曝光/点击/CTR/CVR/ACOS/ROAS/活动清单
B0F6LMN3ZN,KX4SGE16500,2026-W35,2026-W34,0.0,0.0,,0.0,0.0,,0.0,0.0,,,,,曝光/点击/CTR/CVR/ACOS/ROAS/活动清单
B0F6LPGFHP,KC4PSP17300,2026-W35,2026-W34,0.0,0.0,,0.0,0.0,,0.0,0.0,,,,,曝光/点击/CTR/CVR/ACOS/ROAS/活动清单
B0F6LPL4WY,KC4PSP16400,2026-W35,2026-W34,0.0,0.0,,0.0,0.0,,0.0,0.0,,,,,曝光/点击/CTR/CVR/ACOS/ROAS/活动清单
B0F6LPLFQG,KX4SGE15200,2026-W35,2026-W34,0.0,0.0,,0.0,0.0,,0.0,0.0,,,,,曝光/点击/CTR/CVR/ACOS/ROAS/活动清单
B0F6LQ1J5Y,KC4PSP17600,2026-W35,2026-W34,0.0,0.0,,0.0,0.0,,15.03,6.67,,,,,曝光/点击/CTR/CVR/ACOS/ROAS/活动清单
B0F6LQ1KNV,KX4SGE14500,2026-W35,2026-W34,0.0,1.0,-100.0,0.0,1090.18,-100.0,8.03,11.09,,1.02,,单量下滑≥20%；销售额下滑≥20%,曝光/点击/CTR/CVR/ACOS/ROAS/活动清单
B0F6LQ79V3,PT4SGE26600,2026-W35,2026-W34,0.0,0.0,,0.0,0.0,,0.0,0.0,,,,,曝光/点击/CTR/CVR/ACOS/ROAS/活动清单
B0F6LQBYQM,KC4SGE02500,2026-W35,2026-W34,0.0,0.0,,0.0,0.0,,0.0,2.59,,,,,曝光/点击/CTR/CVR/ACOS/ROAS/活动清单
B0F6LQCN51,KC4SGE01100,2026-W35,2026-W34,0.0,0.0,,0.0,0.0,,0.0,0.0,,,,,曝光/点击/CTR/CVR/ACOS/ROAS/活动清单
B0F6LQG5DJ,KX4SGE12700,2026-W35,2026-W34,0.0,1.0,-100.0,0.0,1033.6,-100.0,0.0,5.24,,0.51,,单量下滑≥20%；销售额下滑≥20%,曝光/点击/CTR/CVR/ACOS/ROAS/活动清单
B0F6LQGPDS,KX4SGE12200,2026-W35,2026-W34,0.0,0.0,,0.0,0.0,,0.0,0.0,,,,,曝光/点击/CTR/CVR/ACOS/ROAS/活动清单
B0F6LQJQYC,PT4SGE18400,2026-W35,2026-W34,0.0,0.0,,0.0,0.0,,0.0,0.0,,,,,曝光/点击/CTR/CVR/ACOS/ROAS/活动清单
B0F6LQKQC1,PT4SGE19800,2026-W35,2026-W34,0.0,0.0,,0.0,0.0,,0.0,3.06,,,,,曝光/点击/CTR/CVR/ACOS/ROAS/活动清单
B0F6LQLBKT,PT4SGE22500,2026-W35,2026-W34,0.0,0.0,,0.0,0.0,,0.0,0.0,,,,,曝光/点击/CTR/CVR/ACOS/ROAS/活动清单
B0F6LQTF1Y,KC4SGE02700,2026-W35,2026-W34,0.0,0.0,,0.0,0.0,,0.0,8.84,,,,,曝光/点击/CTR/CVR/ACOS/ROAS/活动清单
B0F6LQX4LL,KC4SGE01200,2026-W35,2026-W34,0.0,0.0,,0.0,0.0,,0.0,0.0,,,,,曝光/点击/CTR/CVR/ACOS/ROAS/活动清单
B0F6LQYD4F,PT4SGE22200,2026-W35,2026-W34,0.0,0.0,,0.0,0.0,,1.23,6.67,,,,,曝光/点击/CTR/CVR/ACOS/ROAS/活动清单
B0F6LQYSKJ,KC4SGE00600,2026-W35,2026-W34,0.0,0.0,,0.0,0.0,,0.0,0.0,,,,,曝光/点击/CTR/CVR/ACOS/ROAS/活动清单
B0F6LQYSQ6,KX4SGE17300,2026-W35,2026-W34,0.0,1.0,-100.0,0.0,1217.13,-100.0,5.37,7.21,,0.59,,单量下滑≥20%；销售额下滑≥20%,曝光/点击/CTR/CVR/ACOS/ROAS/活动清单
B0F6LR13QQ,KC4SGE01600,2026-W35,2026-W34,0.0,0.0,,0.0,0.0,,0.0,0.0,,,,,曝光/点击/CTR/CVR/ACOS/ROAS/活动清单
B0F6LR1MT4,KC4SGE02800,2026-W35,2026-W34,0.0,0.0,,0.0,0.0,,0.0,0.0,,,,,曝光/点击/CTR/CVR/ACOS/ROAS/活动清单
B0F6LR2N91,KC4PSP16500,2026-W35,2026-W34,0.0,0.0,,0.0,0.0,,0.0,0.0,,,,,曝光/点击/CTR/CVR/ACOS/ROAS/活动清单
B0F6LR3XNC,PT4SGE27600,2026-W35,2026-W34,0.0,1.0,-100.0,0.0,1447.99,-100.0,10.88,13.26,,0.92,,单量下滑≥20%；销售额下滑≥20%,曝光/点击/CTR/CVR/ACOS/ROAS/活动清单
B0F6LR6C1N,KC4SGE00800,2026-W35,2026-W34,0.0,0.0,,0.0,0.0,,0.0,0.0,,,,,曝光/点击/CTR/CVR/ACOS/ROAS/活动清单
B0F6LR7MQX,PT4SGE26200,2026-W35,2026-W34,0.0,0.0,,0.0,0.0,,0.0,0.0,,,,,曝光/点击/CTR/CVR/ACOS/ROAS/活动清单
B0F6LR8W9G,PT4SGE27900,2026-W35,2026-W34,0.0,0.0,,0.0,0.0,,5.99,3.27,,,,,曝光/点击/CTR/CVR/ACOS/ROAS/活动清单
B0F6LRBY6L,KX4SGE13300,2026-W35,2026-W34,0.0,0.0,,0.0,0.0,,0.0,0.0,,,,,曝光/点击/CTR/CVR/ACOS/ROAS/活动清单
B0F6LRCGWZ,KX4SGE08600,2026-W35,2026-W34,0.0,0.0,,0.0,0.0,,0.0,0.0,,,,,曝光/点击/CTR/CVR/ACOS/ROAS/活动清单
B0F6LRDKQQ,KC4SGE04800,2026-W35,2026-W34,0.0,0.0,,0.0,0.0,,0.0,0.0,,,,,曝光/点击/CTR/CVR/ACOS/ROAS/活动清单
B0F6LRGJ5K,PT4SGE19900,2026-W35,2026-W34,0.0,0.0,,0.0,0.0,,0.0,0.0,,,,,曝光/点击/CTR/CVR/ACOS/ROAS/活动清单
B0F6LRGZDM,PT4SGE21000,2026-W35,2026-W34,0.0,0.0,,0.0,0.0,,0.0,0.0,,,,,曝光/点击/CTR/CVR/ACOS/ROAS/活动清单
B0F6LRGZGY,KC4SGE01700,2026-W35,2026-W34,0.0,0.0,,0.0,0.0,,0.0,0.0,,,,,曝光/点击/CTR/CVR/ACOS/ROAS/活动清单
B0F6LRJSGY,KC4PSP18200,2026-W35,2026-W34,1.0,0.0,N/A,1354.02,0.0,N/A,2.59,14.28,0.19,,,,曝光/点击/CTR/CVR/ACOS/ROAS/活动清单
B0F6LRKPVM,KC4PSP17100,2026-W35,2026-W34,0.0,0.0,,0.0,0.0,,0.0,0.0,,,,,曝光/点击/CTR/CVR/ACOS/ROAS/活动清单
B0F6LRKXS2,PT4SGE21500,2026-W35,2026-W34,0.0,0.0,,0.0,0.0,,4.96,0.0,,,,,曝光/点击/CTR/CVR/ACOS/ROAS/活动清单
B0F6LRKXZD,KC4SGE03900,2026-W35,2026-W34,0.0,0.0,,0.0,0.0,,0.0,0.0,,,,,曝光/点击/CTR/CVR/ACOS/ROAS/活动清单
B0F6LRKYBK,KX4SGE08900,2026-W35,2026-W34,0.0,0.0,,0.0,0.0,,0.0,0.0,,,,,曝光/点击/CTR/CVR/ACOS/ROAS/活动清单
B0F6LRKZ3F,KX4SGE08800,2026-W35,2026-W34,0.0,0.0,,0.0,0.0,,0.0,0.0,,,,,曝光/点击/CTR/CVR/ACOS/ROAS/活动清单
B0F6LRLBNS,KC4PSP16100,2026-W35,2026-W34,0.0,0.0,,0.0,0.0,,0.0,0.0,,,,,曝光/点击/CTR/CVR/ACOS/ROAS/活动清单
B0F6LRLF6S,KX4SGE13200,2026-W35,2026-W34,0.0,0.0,,0.0,0.0,,0.0,0.0,,,,,曝光/点击/CTR/CVR/ACOS/ROAS/活动清单
B0F6LRLGMV,PT4SGE21100,2026-W35,2026-W34,0.0,0.0,,0.0,0.0,,0.0,0.0,,,,,曝光/点击/CTR/CVR/ACOS/ROAS/活动清单
B0F6LRLLWT,KC4SGE01300,2026-W35,2026-W34,0.0,0.0,,0.0,0.0,,0.0,0.0,,,,,曝光/点击/CTR/CVR/ACOS/ROAS/活动清单
B0F6LRLPF2,KC4SGE01800,2026-W35,2026-W34,0.0,0.0,,0.0,0.0,,0.0,0.0,,,,,曝光/点击/CTR/CVR/ACOS/ROAS/活动清单
B0F6LRLRF5,KC4SGE01000,2026-W35,2026-W34,0.0,0.0,,0.0,0.0,,0.0,0.0,,,,,曝光/点击/CTR/CVR/ACOS/ROAS/活动清单
B0F6LRLWDB,KC4SGE01400,2026-W35,2026-W34,0.0,0.0,,0.0,0.0,,0.0,0.0,,,,,曝光/点击/CTR/CVR/ACOS/ROAS/活动清单
B0F6LRLZDS,KC4SGE03800,2026-W35,2026-W34,0.0,0.0,,0.0,0.0,,0.0,0.0,,,,,曝光/点击/CTR/CVR/ACOS/ROAS/活动清单
B0F6LRMMY2,KC4PSP15800,2026-W35,2026-W34,0.0,0.0,,0.0,0.0,,0.0,12.51,,,,,曝光/点击/CTR/CVR/ACOS/ROAS/活动清单
B0F6LRN8DD,PT4SGE23600,2026-W35,2026-W34,0.0,0.0,,0.0,0.0,,0.0,0.0,,,,,曝光/点击/CTR/CVR/ACOS/ROAS/活动清单
B0F6LRNGJS,KX4SGE10700,2026-W35,2026-W34,0.0,0.0,,0.0,0.0,,14.35,17.01,,,,,曝光/点击/CTR/CVR/ACOS/ROAS/活动清单
B0F6LRNH8T,KC4SGE02900,2026-W35,2026-W34,0.0,0.0,,0.0,0.0,,0.0,0.0,,,,,曝光/点击/CTR/CVR/ACOS/ROAS/活动清单
B0F6LRNHYQ,KX4SGE17400,2026-W35,2026-W34,0.0,0.0,,0.0,0.0,,0.0,0.0,,,,,曝光/点击/CTR/CVR/ACOS/ROAS/活动清单
B0F6LRNM1K,KX4SGE10100,2026-W35,2026-W34,0.0,0.0,,0.0,0.0,,0.0,4.42,,,,,曝光/点击/CTR/CVR/ACOS/ROAS/活动清单
B0F6LRP4ZW,KC4PSP15900,2026-W35,2026-W34,0.0,0.0,,0.0,0.0,,16.32,4.76,,,,,曝光/点击/CTR/CVR/ACOS/ROAS/活动清单
B0F6LRPG2S,PT4SGE22700,2026-W35,2026-W34,0.0,0.0,,0.0,0.0,,0.0,0.0,,,,,曝光/点击/CTR/CVR/ACOS/ROAS/活动清单
B0F6LRPJTB,KC4SGE04600,2026-W35,2026-W34,0.0,0.0,,0.0,0.0,,0.0,0.0,,,,,曝光/点击/CTR/CVR/ACOS/ROAS/活动清单
B0F6LRPTGW,PT4SGE26700,2026-W35,2026-W34,0.0,0.0,,0.0,0.0,,0.0,7.55,,,,,曝光/点击/CTR/CVR/ACOS/ROAS/活动清单
B0F6LRQ5L6,KX4SGE18000,2026-W35,2026-W34,0.0,0.0,,0.0,0.0,,0.0,0.0,,,,,曝光/点击/CTR/CVR/ACOS/ROAS/活动清单
B0F6LTGRJH,KX4SGE09700,2026-W35,2026-W34,0.0,0.0,,0.0,0.0,,0.0,0.0,,,,,曝光/点击/CTR/CVR/ACOS/ROAS/活动清单
B0F6LTKT6G,KX4SGE08400,2026-W35,2026-W34,0.0,0.0,,0.0,0.0,,8.16,3.06,,,,,曝光/点击/CTR/CVR/ACOS/ROAS/活动清单
B0F6LTL5H6,KC4SGE02500,2026-W35,2026-W34,0.0,0.0,,0.0,0.0,,0.0,0.0,,,,,曝光/点击/CTR/CVR/ACOS/ROAS/活动清单
B0F6LTL5L9,KX4SGE07900,2026-W35,2026-W34,0.0,0.0,,0.0,0.0,,0.0,0.0,,,,,曝光/点击/CTR/CVR/ACOS/ROAS/活动清单
B0F6LTM8G3,KC4PSP16700,2026-W35,2026-W34,0.0,0.0,,0.0,0.0,,0.0,0.0,,,,,曝光/点击/CTR/CVR/ACOS/ROAS/活动清单
B0F6LTV6D2,KX4SGE08500,2026-W35,2026-W34,0.0,0.0,,0.0,0.0,,0.0,0.0,,,,,曝光/点击/CTR/CVR/ACOS/ROAS/活动清单
B0F6LTW3WQ,PT4SGE21900,2026-W35,2026-W34,0.0,0.0,,0.0,0.0,,0.0,0.0,,,,,曝光/点击/CTR/CVR/ACOS/ROAS/活动清单
B0F6LTY2R7,KC4PSP16800,2026-W35,2026-W34,0.0,0.0,,0.0,0.0,,0.0,0.0,,,,,曝光/点击/CTR/CVR/ACOS/ROAS/活动清单
B0F6LTZ1PB,PT4SGE20500,2026-W35,2026-W34,0.0,0.0,,0.0,0.0,,5.71,0.0,,,,,曝光/点击/CTR/CVR/ACOS/ROAS/活动清单
B0F6LV1CVP,KC4SGE05000,2026-W35,2026-W34,0.0,0.0,,0.0,0.0,,4.08,7.07,,,,,曝光/点击/CTR/CVR/ACOS/ROAS/活动清单
B0F6LV2CD1,KC4SGE01500,2026-W35,2026-W34,0.0,0.0,,0.0,0.0,,0.0,0.0,,,,,曝光/点击/CTR/CVR/ACOS/ROAS/活动清单
B0F6LV3X79,KC4SGE00100,2026-W35,2026-W34,0.0,0.0,,0.0,0.0,,0.0,0.0,,,,,曝光/点击/CTR/CVR/ACOS/ROAS/活动清单
B0F6LV7QK6,KX4SGE14700,2026-W35,2026-W34,0.0,0.0,,0.0,0.0,,0.0,0.0,,,,,曝光/点击/CTR/CVR/ACOS/ROAS/活动清单
B0F6LV8PG1,PT4SGE25400,2026-W35,2026-W34,0.0,0.0,,0.0,0.0,,0.0,0.0,,,,,曝光/点击/CTR/CVR/ACOS/ROAS/活动清单
B0F6LV9KBN,KC4SGE03000,2026-W35,2026-W34,0.0,0.0,,0.0,0.0,,0.0,0.0,,,,,曝光/点击/CTR/CVR/ACOS/ROAS/活动清单
B0F6LV9RY4,PT4SGE20000,2026-W35,2026-W34,0.0,0.0,,0.0,0.0,,0.01,19.8,,,,,曝光/点击/CTR/CVR/ACOS/ROAS/活动清单
B0F6LVBWGF,KX4SGE09300,2026-W35,2026-W34,0.0,0.0,,0.0,0.0,,0.0,0.0,,,,,曝光/点击/CTR/CVR/ACOS/ROAS/活动清单
B0F6LVCF71,PT4SGE26800,2026-W35,2026-W34,0.0,0.0,,0.0,0.0,,0.0,0.0,,,,,曝光/点击/CTR/CVR/ACOS/ROAS/活动清单
B0F6LVDZ4B,KX4SGE10900,2026-W35,2026-W34,0.0,0.0,,0.0,0.0,,0.0,0.0,,,,,曝光/点击/CTR/CVR/ACOS/ROAS/活动清单
B0F6LVFPSB,PT4SGE20300,2026-W35,2026-W34,1.0,1.0,0.0,808.86,808.86,0.0,31.29,19.93,3.87,2.46,56.98,TACOS上升≥30%,曝光/点击/CTR/CVR/ACOS/ROAS/活动清单
B0F6LVFRX8,PT4SGE26500,2026-W35,2026-W34,0.0,0.0,,0.0,0.0,,0.0,0.0,,,,,曝光/点击/CTR/CVR/ACOS/ROAS/活动清单
B0F6LVGT92,KC4SGE00900,2026-W35,2026-W34,0.0,0.0,,0.0,0.0,,0.0,0.0,,,,,曝光/点击/CTR/CVR/ACOS/ROAS/活动清单
B0F6LVHLM8,KX4SGE12900,2026-W35,2026-W34,0.0,0.0,,0.0,0.0,,19.59,8.3,,,,,曝光/点击/CTR/CVR/ACOS/ROAS/活动清单
B0F6LVKCVH,KX4SGE11700,2026-W35,2026-W34,0.0,0.0,,0.0,0.0,,6.32,0.0,,,,,曝光/点击/CTR/CVR/ACOS/ROAS/活动清单
B0F6LVNVBG,PT4SGE22800,2026-W35,2026-W34,0.0,0.0,,0.0,0.0,,3.4,6.46,,,,,曝光/点击/CTR/CVR/ACOS/ROAS/活动清单
B0F6LVQPX9,KC4PSP17500,2026-W35,2026-W34,0.0,0.0,,0.0,0.0,,0.0,0.0,,,,,曝光/点击/CTR/CVR/ACOS/ROAS/活动清单
B0F6LVQR5X,PT4SGE24000,2026-W35,2026-W34,0.0,0.0,,0.0,0.0,,0.0,0.0,,,,,曝光/点击/CTR/CVR/ACOS/ROAS/活动清单
B0F6LVVW4Q,PT4SGE21400,2026-W35,2026-W34,0.0,0.0,,0.0,0.0,,0.0,0.0,,,,,曝光/点击/CTR/CVR/ACOS/ROAS/活动清单
B0F6LVWBQP,KC4SGE05100,2026-W35,2026-W34,0.0,0.0,,0.0,0.0,,0.0,0.0,,,,,曝光/点击/CTR/CVR/ACOS/ROAS/活动清单
B0F6LVWXXV,PT4SGE19500,2026-W35,2026-W34,0.0,0.0,,0.0,0.0,,4.7,10.14,,,,,曝光/点击/CTR/CVR/ACOS/ROAS/活动清单
B0F6LVXTQ4,KC4PSP18100,2026-W35,2026-W34,0.0,0.0,,0.0,0.0,,0.0,0.0,,,,,曝光/点击/CTR/CVR/ACOS/ROAS/活动清单
B0F6LW2D1V,KC4PSP17200,2026-W35,2026-W34,0.0,0.0,,0.0,0.0,,0.0,0.0,,,,,曝光/点击/CTR/CVR/ACOS/ROAS/活动清单
B0F6LW4Y6Y,KC4PSP16600,2026-W35,2026-W34,0.0,0.0,,0.0,0.0,,0.0,0.0,,,,,曝光/点击/CTR/CVR/ACOS/ROAS/活动清单
B0F6LW5CRB,PT4SGE18500,2026-W35,2026-W34,0.0,0.0,,0.0,0.0,,0.0,0.0,,,,,曝光/点击/CTR/CVR/ACOS/ROAS/活动清单
B0F6LWCHLG,KX4SGE17700,2026-W35,2026-W34,0.0,0.0,,0.0,0.0,,6.12,4.76,,,,,曝光/点击/CTR/CVR/ACOS/ROAS/活动清单
B0F6LWF86H,KX4SGE15400,2026-W35,2026-W34,0.0,0.0,,0.0,0.0,,3.06,0.0,,,,,曝光/点击/CTR/CVR/ACOS/ROAS/活动清单
B0F6LWH37L,KX4SGE10600,2026-W35,2026-W34,0.0,0.0,,0.0,0.0,,0.0,0.0,,,,,曝光/点击/CTR/CVR/ACOS/ROAS/活动清单
B0F6LWJJTM,KX4SGE15800,2026-W35,2026-W34,0.0,0.0,,0.0,0.0,,0.0,0.0,,,,,曝光/点击/CTR/CVR/ACOS/ROAS/活动清单
B0F6LWKX3Z,KX4SGE12400,2026-W35,2026-W34,0.0,0.0,,0.0,0.0,,4.01,2.59,,,,,曝光/点击/CTR/CVR/ACOS/ROAS/活动清单
B0F6LWLX32,PT4SGE26300,2026-W35,2026-W34,0.0,0.0,,0.0,0.0,,0.0,0.0,,,,,曝光/点击/CTR/CVR/ACOS/ROAS/活动清单
B0F6LWPP68,PT4SGE23700,2026-W35,2026-W34,0.0,0.0,,0.0,0.0,,0.0,0.0,,,,,曝光/点击/CTR/CVR/ACOS/ROAS/活动清单
B0F6LWR6VX,PT4SGE27700,2026-W35,2026-W34,0.0,0.0,,0.0,0.0,,0.0,0.0,,,,,曝光/点击/CTR/CVR/ACOS/ROAS/活动清单
B0F6LWSKQG,KC4SGE03500,2026-W35,2026-W34,0.0,0.0,,0.0,0.0,,0.0,0.0,,,,,曝光/点击/CTR/CVR/ACOS/ROAS/活动清单
B0F6LWVFSN,PT4SGE19200,2026-W35,2026-W34,0.0,0.0,,0.0,0.0,,0.0,0.0,,,,,曝光/点击/CTR/CVR/ACOS/ROAS/活动清单
B0F6LX2WBF,PT4SGE26000,2026-W35,2026-W34,0.0,0.0,,0.0,0.0,,0.0,0.0,,,,,曝光/点击/CTR/CVR/ACOS/ROAS/活动清单
B0F6LXG9SD,PT4SGE25800,2026-W35,2026-W34,0.0,0.0,,0.0,0.0,,0.0,0.0,,,,,曝光/点击/CTR/CVR/ACOS/ROAS/活动清单
B0F6LXKKVW,KC4SGE04300,2026-W35,2026-W34,0.0,0.0,,0.0,0.0,,0.0,0.0,,,,,曝光/点击/CTR/CVR/ACOS/ROAS/活动清单
B0F6LXPQZQ,KX4SGE08200,2026-W35,2026-W34,0.0,0.0,,0.0,0.0,,0.0,0.0,,,,,曝光/点击/CTR/CVR/ACOS/ROAS/活动清单
B0F6MPHQ3M,KC4PSP17900,2026-W35,2026-W34,0.0,0.0,,0.0,0.0,,2.72,0.0,,,,,曝光/点击/CTR/CVR/ACOS/ROAS/活动清单
B0F6XTQLZM,KC4PSP16300,2026-W35,2026-W34,0.0,0.0,,0.0,0.0,,0.0,0.0,,,,,曝光/点击/CTR/CVR/ACOS/ROAS/活动清单
B0F6Y1FFYQ,KX4SGE16700,2026-W35,2026-W34,0.0,0.0,,0.0,0.0,,3.74,3.06,,,,,曝光/点击/CTR/CVR/ACOS/ROAS/活动清单
B0F6Y1ML4R,KX4SGE17100,2026-W35,2026-W34,0.0,0.0,,0.0,0.0,,0.0,0.0,,,,,曝光/点击/CTR/CVR/ACOS/ROAS/活动清单
B0F6Y1Q67S,PT4SGE18300,2026-W35,2026-W34,0.0,0.0,,0.0,0.0,,6.12,0.0,,,,,曝光/点击/CTR/CVR/ACOS/ROAS/活动清单
B0F6Y2H9YX,PT4SGE24900,2026-W35,2026-W34,0.0,0.0,,0.0,0.0,,0.0,0.0,,,,,曝光/点击/CTR/CVR/ACOS/ROAS/活动清单
B0F6Y2VP1F,PT4SGE20800,2026-W35,2026-W34,0.0,0.0,,0.0,0.0,,4.29,3.27,,,,,曝光/点击/CTR/CVR/ACOS/ROAS/活动清单
B0F6Y32Y6D,KX4SGE17200,2026-W35,2026-W34,0.0,0.0,,0.0,0.0,,0.0,0.0,,,,,曝光/点击/CTR/CVR/ACOS/ROAS/活动清单
B0F6Y35SXM,KX4SGE12800,2026-W35,2026-W34,0.0,0.0,,0.0,0.0,,0.0,0.0,,,,,曝光/点击/CTR/CVR/ACOS/ROAS/活动清单
B0F6Y36RDS,KC4SGE00300,2026-W35,2026-W34,0.0,0.0,,0.0,0.0,,0.0,0.0,,,,,曝光/点击/CTR/CVR/ACOS/ROAS/活动清单
B0F6Y3D8Y5,PT4SGE24900,2026-W35,2026-W34,0.0,0.0,,0.0,0.0,,0.0,0.0,,,,,曝光/点击/CTR/CVR/ACOS/ROAS/活动清单
B0F6Y3GWKJ,KX4SGE13100,2026-W35,2026-W34,0.0,0.0,,0.0,0.0,,5.92,3.47,,,,,曝光/点击/CTR/CVR/ACOS/ROAS/活动清单
B0F6Y3L6PG,KC4PSP17000,2026-W35,2026-W34,0.0,0.0,,0.0,0.0,,0.0,0.0,,,,,曝光/点击/CTR/CVR/ACOS/ROAS/活动清单
B0F6Y3MNMY,KX4SGE08000,2026-W35,2026-W34,0.0,0.0,,0.0,0.0,,0.0,0.0,,,,,曝光/点击/CTR/CVR/ACOS/ROAS/活动清单
B0F6Y3MXDZ,KX4SGE13100,2026-W35,2026-W34,0.0,0.0,,0.0,0.0,,12.65,9.05,,,,,曝光/点击/CTR/CVR/ACOS/ROAS/活动清单
B0F6Y3N8LV,KC4PSP16300,2026-W35,2026-W34,0.0,0.0,,0.0,0.0,,0.0,0.0,,,,,曝光/点击/CTR/CVR/ACOS/ROAS/活动清单
B0F6Y3V6MH,KC4SGE05200,2026-W35,2026-W34,0.0,0.0,,0.0,0.0,,0.0,0.0,,,,,曝光/点击/CTR/CVR/ACOS/ROAS/活动清单
B0F6Y3XB21,KX4SGE12800,2026-W35,2026-W34,0.0,0.0,,0.0,0.0,,0.0,0.0,,,,,曝光/点击/CTR/CVR/ACOS/ROAS/活动清单
B0F6Y3XFTY,KX4SGE16700,2026-W35,2026-W34,0.0,0.0,,0.0,0.0,,0.0,0.0,,,,,曝光/点击/CTR/CVR/ACOS/ROAS/活动清单
B0F6Y42CRP,KX4SGE17100,2026-W35,2026-W34,0.0,0.0,,0.0,0.0,,0.0,0.0,,,,,曝光/点击/CTR/CVR/ACOS/ROAS/活动清单
B0F6Y4LGL2,KX4SGE08000,2026-W35,2026-W34,0.0,0.0,,0.0,0.0,,0.0,0.0,,,,,曝光/点击/CTR/CVR/ACOS/ROAS/活动清单
B0F6Y6JS91,KC4PSP16300,2026-W35,2026-W34,0.0,0.0,,0.0,0.0,,0.0,0.0,,,,,曝光/点击/CTR/CVR/ACOS/ROAS/活动清单
B0F6Y6VZRV,KX4SGE17200,2026-W35,2026-W34,0.0,0.0,,0.0,0.0,,0.0,0.0,,,,,曝光/点击/CTR/CVR/ACOS/ROAS/活动清单
B0F6Y7HHRS,KC4SGE00300,2026-W35,2026-W34,0.0,0.0,,0.0,0.0,,0.0,0.0,,,,,曝光/点击/CTR/CVR/ACOS/ROAS/活动清单
B0F6Y8246N,KC4PSP16300,2026-W35,2026-W34,0.0,0.0,,0.0,0.0,,0.0,4.9,,,,,曝光/点击/CTR/CVR/ACOS/ROAS/活动清单
B0F6Y8GRD1,KC4PSP17000,2026-W35,2026-W34,0.0,1.0,-100.0,0.0,1122.0,-100.0,0.0,0.0,,0.0,,单量下滑≥20%；销售额下滑≥20%,曝光/点击/CTR/CVR/ACOS/ROAS/活动清单
B0F9NYHK1Y,KX4SGE07900,2026-W35,2026-W34,0.0,0.0,,0.0,0.0,,0.0,0.0,,,,,曝光/点击/CTR/CVR/ACOS/ROAS/活动清单
B0F9NZF4YG,KX4SGE09100,2026-W35,2026-W34,0.0,0.0,,0.0,0.0,,0.0,8.23,,,,,曝光/点击/CTR/CVR/ACOS/ROAS/活动清单
B0F9NZGVB8,KC4PSP16200,2026-W35,2026-W34,0.0,0.0,,0.0,0.0,,17.41,5.44,,,,,曝光/点击/CTR/CVR/ACOS/ROAS/活动清单
B0F9NZMJ4V,KX4SGE10300,2026-W35,2026-W34,0.0,0.0,,0.0,0.0,,0.0,0.0,,,,,曝光/点击/CTR/CVR/ACOS/ROAS/活动清单
B0F9NZVHXN,KC4PSP15900,2026-W35,2026-W34,0.0,0.0,,0.0,0.0,,0.0,0.0,,,,,曝光/点击/CTR/CVR/ACOS/ROAS/活动清单
B0F9P1429X,PT4SGE27000,2026-W35,2026-W34,0.0,0.0,,0.0,0.0,,0.0,0.0,,,,,曝光/点击/CTR/CVR/ACOS/ROAS/活动清单
B0F9P15CFH,KC4SGE04600,2026-W35,2026-W34,0.0,0.0,,0.0,0.0,,7.75,5.85,,,,,曝光/点击/CTR/CVR/ACOS/ROAS/活动清单
B0F9P15RQC,KC4PSP18100,2026-W35,2026-W34,0.0,0.0,,0.0,0.0,,0.0,0.0,,,,,曝光/点击/CTR/CVR/ACOS/ROAS/活动清单
B0F9P16L52,KC4SGE01700,2026-W35,2026-W34,0.0,0.0,,0.0,0.0,,0.0,0.0,,,,,曝光/点击/CTR/CVR/ACOS/ROAS/活动清单
B0F9P17MGC,PT4SGE27300,2026-W35,2026-W34,0.0,0.0,,0.0,0.0,,2.72,3.13,,,,,曝光/点击/CTR/CVR/ACOS/ROAS/活动清单
B0F9P1QSQ9,KC4SGE03100,2026-W35,2026-W34,0.0,0.0,,0.0,0.0,,7.69,22.85,,,,,曝光/点击/CTR/CVR/ACOS/ROAS/活动清单
B0F9P1SCYX,KX4SGE14900,2026-W35,2026-W34,0.0,0.0,,0.0,0.0,,0.0,0.0,,,,,曝光/点击/CTR/CVR/ACOS/ROAS/活动清单
B0F9P1TM2T,KC4PSP17800,2026-W35,2026-W34,0.0,0.0,,0.0,0.0,,0.0,0.0,,,,,曝光/点击/CTR/CVR/ACOS/ROAS/活动清单
B0F9P245M5,KC4PSP16000,2026-W35,2026-W34,0.0,0.0,,0.0,0.0,,0.0,0.0,,,,,曝光/点击/CTR/CVR/ACOS/ROAS/活动清单
B0F9P262ZZ,KC4SGE05400,2026-W35,2026-W34,0.0,0.0,,0.0,0.0,,0.0,0.0,,,,,曝光/点击/CTR/CVR/ACOS/ROAS/活动清单
B0F9P27NXR,KC4SGE00200,2026-W35,2026-W34,0.0,0.0,,0.0,0.0,,0.0,0.0,,,,,曝光/点击/CTR/CVR/ACOS/ROAS/活动清单
B0F9P29199,KX4SGE18000,2026-W35,2026-W34,0.0,0.0,,0.0,0.0,,0.0,0.0,,,,,曝光/点击/CTR/CVR/ACOS/ROAS/活动清单
B0F9P2BMDF,KC4SGE01500,2026-W35,2026-W34,0.0,0.0,,0.0,0.0,,0.0,0.0,,,,,曝光/点击/CTR/CVR/ACOS/ROAS/活动清单
B0F9P2BSL6,KC4SGE03500,2026-W35,2026-W34,0.0,0.0,,0.0,0.0,,0.0,0.0,,,,,曝光/点击/CTR/CVR/ACOS/ROAS/活动清单
B0F9P2D1ZC,PT4SGE24400,2026-W35,2026-W34,0.0,0.0,,0.0,0.0,,0.0,0.0,,,,,曝光/点击/CTR/CVR/ACOS/ROAS/活动清单
B0F9P2DR6L,PT4SGE19700,2026-W35,2026-W34,0.0,0.0,,0.0,0.0,,0.0,0.0,,,,,曝光/点击/CTR/CVR/ACOS/ROAS/活动清单
B0F9P2FVVS,KC4PSP17600,2026-W35,2026-W34,0.0,0.0,,0.0,0.0,,0.0,0.0,,,,,曝光/点击/CTR/CVR/ACOS/ROAS/活动清单
B0F9P2H5QG,PT4SGE26700,2026-W35,2026-W34,0.0,0.0,,0.0,0.0,,0.0,4.76,,,,,曝光/点击/CTR/CVR/ACOS/ROAS/活动清单
B0F9P2JFN9,KC4PSP16400,2026-W35,2026-W34,0.0,0.0,,0.0,0.0,,3.27,16.12,,,,,曝光/点击/CTR/CVR/ACOS/ROAS/活动清单
B0F9P2M14Q,KC4PSP16700,2026-W35,2026-W34,0.0,0.0,,0.0,0.0,,0.0,0.0,,,,,曝光/点击/CTR/CVR/ACOS/ROAS/活动清单
B0F9P2Q5WS,KC4SGE00700,2026-W35,2026-W34,0.0,0.0,,0.0,0.0,,0.0,0.0,,,,,曝光/点击/CTR/CVR/ACOS/ROAS/活动清单
B0F9P2Q85P,KC4PSP17100,2026-W35,2026-W34,0.0,0.0,,0.0,0.0,,3.0,12.92,,,,,曝光/点击/CTR/CVR/ACOS/ROAS/活动清单
B0F9P2QBDW,KC4SGE02700,2026-W35,2026-W34,0.0,0.0,,0.0,0.0,,11.97,0.0,,,,,曝光/点击/CTR/CVR/ACOS/ROAS/活动清单
B0F9P2QBSV,KC4SGE01200,2026-W35,2026-W34,0.0,0.0,,0.0,0.0,,0.0,0.0,,,,,曝光/点击/CTR/CVR/ACOS/ROAS/活动清单
B0F9P2QX6Z,KX4SGE13500,2026-W35,2026-W34,0.0,1.0,-100.0,0.0,1632.48,-100.0,75.17,108.08,,6.62,,单量下滑≥20%；销售额下滑≥20%,曝光/点击/CTR/CVR/ACOS/ROAS/活动清单
B0F9P2VZBP,PT4SGE26500,2026-W35,2026-W34,0.0,0.0,,0.0,0.0,,0.0,0.0,,,,,曝光/点击/CTR/CVR/ACOS/ROAS/活动清单
B0F9P2W6CW,KC4PSP17700,2026-W35,2026-W34,0.0,0.0,,0.0,0.0,,0.0,0.0,,,,,曝光/点击/CTR/CVR/ACOS/ROAS/活动清单
B0F9P2WH5D,KC4SGE01400,2026-W35,2026-W34,0.0,0.0,,0.0,0.0,,0.0,0.0,,,,,曝光/点击/CTR/CVR/ACOS/ROAS/活动清单
B0F9P2XBR2,KC4PSP16600,2026-W35,2026-W34,0.0,0.0,,0.0,0.0,,0.0,0.0,,,,,曝光/点击/CTR/CVR/ACOS/ROAS/活动清单
B0F9P2Y523,KX4SGE12600,2026-W35,2026-W34,1.0,0.0,N/A,1400.26,0.0,N/A,9.12,21.22,0.65,,,,曝光/点击/CTR/CVR/ACOS/ROAS/活动清单
B0F9P2YZ89,KX4SGE13200,2026-W35,2026-W34,0.0,0.0,,0.0,0.0,,0.0,5.51,,,,,曝光/点击/CTR/CVR/ACOS/ROAS/活动清单
B0F9P2ZWQF,KX4SGE15400,2026-W35,2026-W34,0.0,0.0,,0.0,0.0,,0.0,0.0,,,,,曝光/点击/CTR/CVR/ACOS/ROAS/活动清单
B0F9P2ZWVH,KX4SGE13700,2026-W35,2026-W34,0.0,0.0,,0.0,0.0,,9.11,2.04,,,,,曝光/点击/CTR/CVR/ACOS/ROAS/活动清单
B0F9P325K4,KC4SGE03300,2026-W35,2026-W34,0.0,0.0,,0.0,0.0,,0.0,0.0,,,,,曝光/点击/CTR/CVR/ACOS/ROAS/活动清单
B0F9P32PJQ,KX4SGE08000,2026-W35,2026-W34,0.0,0.0,,0.0,0.0,,0.0,0.0,,,,,曝光/点击/CTR/CVR/ACOS/ROAS/活动清单
B0F9P3352C,KX4SGE08600,2026-W35,2026-W34,2.0,0.0,N/A,1822.4,0.0,N/A,23.06,12.65,1.27,,,,曝光/点击/CTR/CVR/ACOS/ROAS/活动清单
B0F9P33RVM,KC4SGE04200,2026-W35,2026-W34,0.0,0.0,,0.0,0.0,,0.0,8.71,,,,,曝光/点击/CTR/CVR/ACOS/ROAS/活动清单
B0F9P34GKZ,PT4SGE19700,2026-W35,2026-W34,0.0,1.0,-100.0,0.0,727.6,-100.0,0.0,9.39,,1.29,,单量下滑≥20%；销售额下滑≥20%,曝光/点击/CTR/CVR/ACOS/ROAS/活动清单
B0F9P34MZ9,KC4PSP17000,2026-W35,2026-W34,0.0,0.0,,0.0,0.0,,0.0,0.0,,,,,曝光/点击/CTR/CVR/ACOS/ROAS/活动清单
B0F9P3639R,PT4SGE24000,2026-W35,2026-W34,0.0,0.0,,0.0,0.0,,0.0,0.0,,,,,曝光/点击/CTR/CVR/ACOS/ROAS/活动清单
B0F9P363PW,PT4SGE27700,2026-W35,2026-W34,0.0,0.0,,0.0,0.0,,0.0,0.0,,,,,曝光/点击/CTR/CVR/ACOS/ROAS/活动清单
B0F9P38NR7,KC4SGE02800,2026-W35,2026-W34,0.0,0.0,,0.0,0.0,,21.56,0.0,,,,,曝光/点击/CTR/CVR/ACOS/ROAS/活动清单
B0F9P39BQ3,KC4SGE05100,2026-W35,2026-W34,0.0,0.0,,0.0,0.0,,3.26,0.0,,,,,曝光/点击/CTR/CVR/ACOS/ROAS/活动清单
B0F9P39LSF,KX4SGE07900,2026-W35,2026-W34,0.0,0.0,,0.0,0.0,,0.0,0.0,,,,,曝光/点击/CTR/CVR/ACOS/ROAS/活动清单
B0F9P3D4RC,KC4PSP16300,2026-W35,2026-W34,0.0,0.0,,0.0,0.0,,0.0,3.06,,,,,曝光/点击/CTR/CVR/ACOS/ROAS/活动清单
B0F9P3MWHL,KC4SGE01500,2026-W35,2026-W34,0.0,0.0,,0.0,0.0,,0.0,0.0,,,,,曝光/点击/CTR/CVR/ACOS/ROAS/活动清单
B0F9P3N6DH,KC4SGE05400,2026-W35,2026-W34,0.0,0.0,,0.0,0.0,,15.1,12.86,,,,,曝光/点击/CTR/CVR/ACOS/ROAS/活动清单
B0F9P3ND1Z,KC4PSP17000,2026-W35,2026-W34,0.0,0.0,,0.0,0.0,,0.0,0.0,,,,,曝光/点击/CTR/CVR/ACOS/ROAS/活动清单
B0F9P3PCC3,PT4SGE27600,2026-W35,2026-W34,0.0,0.0,,0.0,0.0,,0.0,0.0,,,,,曝光/点击/CTR/CVR/ACOS/ROAS/活动清单
B0F9P3PX48,KC4SGE01700,2026-W35,2026-W34,0.0,0.0,,0.0,0.0,,0.0,0.0,,,,,曝光/点击/CTR/CVR/ACOS/ROAS/活动清单
B0F9P3PZCS,PT4SGE19700,2026-W35,2026-W34,0.0,0.0,,0.0,0.0,,0.0,0.0,,,,,曝光/点击/CTR/CVR/ACOS/ROAS/活动清单
B0F9P3PZR2,PT4SGE26700,2026-W35,2026-W34,0.0,0.0,,0.0,0.0,,0.0,0.0,,,,,曝光/点击/CTR/CVR/ACOS/ROAS/活动清单
B0F9P3QW3M,KC4PSP15900,2026-W35,2026-W34,0.0,0.0,,0.0,0.0,,0.0,0.0,,,,,曝光/点击/CTR/CVR/ACOS/ROAS/活动清单
B0F9P3R4ZP,KC4PSP17700,2026-W35,2026-W34,0.0,0.0,,0.0,0.0,,0.0,0.0,,,,,曝光/点击/CTR/CVR/ACOS/ROAS/活动清单
B0F9P3RPWF,KX4SGE09100,2026-W35,2026-W34,0.0,0.0,,0.0,0.0,,0.0,0.0,,,,,曝光/点击/CTR/CVR/ACOS/ROAS/活动清单
B0F9P3VHDL,KX4SGE12200,2026-W35,2026-W34,0.0,0.0,,0.0,0.0,,0.0,0.0,,,,,曝光/点击/CTR/CVR/ACOS/ROAS/活动清单
B0F9P3YMVH,KC4SGE00300,2026-W35,2026-W34,0.0,0.0,,0.0,0.0,,0.0,0.0,,,,,曝光/点击/CTR/CVR/ACOS/ROAS/活动清单
B0F9P451QY,KC4SGE03900,2026-W35,2026-W34,0.0,0.0,,0.0,0.0,,0.0,0.0,,,,,曝光/点击/CTR/CVR/ACOS/ROAS/活动清单
B0F9P45CHY,PT4SGE26500,2026-W35,2026-W34,0.0,0.0,,0.0,0.0,,0.0,40.53,,,,,曝光/点击/CTR/CVR/ACOS/ROAS/活动清单
B0F9P4C3HG,PT4SGE27600,2026-W35,2026-W34,0.0,0.0,,0.0,0.0,,0.0,0.0,,,,,曝光/点击/CTR/CVR/ACOS/ROAS/活动清单
B0F9P4CDDW,KX4SGE08200,2026-W35,2026-W34,0.0,0.0,,0.0,0.0,,0.0,0.0,,,,,曝光/点击/CTR/CVR/ACOS/ROAS/活动清单
B0F9P4CQWD,PT4SGE27000,2026-W35,2026-W34,0.0,0.0,,0.0,0.0,,0.0,0.0,,,,,曝光/点击/CTR/CVR/ACOS/ROAS/活动清单
B0F9P4HWT4,KC4SGE00800,2026-W35,2026-W34,0.0,0.0,,0.0,0.0,,0.0,11.15,,,,,曝光/点击/CTR/CVR/ACOS/ROAS/活动清单
B0F9P4PD4Z,PT4SGE24000,2026-W35,2026-W34,0.0,0.0,,0.0,0.0,,31.08,16.73,,,,,曝光/点击/CTR/CVR/ACOS/ROAS/活动清单
B0F9P4R1H4,KX4SGE10700,2026-W35,2026-W34,1.0,1.0,0.0,916.5,916.5,0.0,0.0,0.0,0.0,0.0,10.4,,曝光/点击/CTR/CVR/ACOS/ROAS/活动清单
B0F9P4VHVF,KC4PSP18100,2026-W35,2026-W34,0.0,0.0,,0.0,0.0,,0.0,0.0,,,,,曝光/点击/CTR/CVR/ACOS/ROAS/活动清单
B0F9P51MXT,KC4SGE02700,2026-W35,2026-W34,0.0,0.0,,0.0,0.0,,0.0,0.0,,,,,曝光/点击/CTR/CVR/ACOS/ROAS/活动清单
B0F9P53F72,KX4SGE17400,2026-W35,2026-W34,0.0,0.0,,0.0,0.0,,0.0,0.0,,,,,曝光/点击/CTR/CVR/ACOS/ROAS/活动清单
B0F9P56J5K,KC4SGE05100,2026-W35,2026-W34,0.0,0.0,,0.0,0.0,,6.53,3.13,,,,,曝光/点击/CTR/CVR/ACOS/ROAS/活动清单
B0F9P57HY9,KC4SGE00800,2026-W35,2026-W34,0.0,0.0,,0.0,0.0,,0.0,0.0,,,,,曝光/点击/CTR/CVR/ACOS/ROAS/活动清单
B0F9P58SC6,KX4SGE15800,2026-W35,2026-W34,0.0,0.0,,0.0,0.0,,6.12,2.04,,,,,曝光/点击/CTR/CVR/ACOS/ROAS/活动清单
B0F9P5HDDQ,KC4SGE01000,2026-W35,2026-W34,0.0,0.0,,0.0,0.0,,0.0,0.0,,,,,曝光/点击/CTR/CVR/ACOS/ROAS/活动清单
B0F9P5L5QJ,KX4SGE18000,2026-W35,2026-W34,0.0,0.0,,0.0,0.0,,0.0,0.0,,,,,曝光/点击/CTR/CVR/ACOS/ROAS/活动清单
B0F9P5MGVH,KC4SGE03300,2026-W35,2026-W34,0.0,0.0,,0.0,0.0,,0.0,0.0,,,,,曝光/点击/CTR/CVR/ACOS/ROAS/活动清单
B0F9P5PCHK,PT4SGE27300,2026-W35,2026-W34,0.0,0.0,,0.0,0.0,,0.0,0.0,,,,,曝光/点击/CTR/CVR/ACOS/ROAS/活动清单
B0F9P5PYS8,KX4SGE14500,2026-W35,2026-W34,0.0,0.0,,0.0,0.0,,0.0,0.0,,,,,曝光/点击/CTR/CVR/ACOS/ROAS/活动清单
B0F9P5Q5TX,KC4SGE03500,2026-W35,2026-W34,0.0,0.0,,0.0,0.0,,0.0,0.0,,,,,曝光/点击/CTR/CVR/ACOS/ROAS/活动清单
B0F9P5S24R,KC4PSP16000,2026-W35,2026-W34,0.0,0.0,,0.0,0.0,,0.0,0.0,,,,,曝光/点击/CTR/CVR/ACOS/ROAS/活动清单
B0F9P6FVZP,KC4SGE03900,2026-W35,2026-W34,0.0,0.0,,0.0,0.0,,0.0,0.0,,,,,曝光/点击/CTR/CVR/ACOS/ROAS/活动清单
B0F9P6GH7T,KC4PSP16500,2026-W35,2026-W34,0.0,0.0,,0.0,0.0,,0.0,0.0,,,,,曝光/点击/CTR/CVR/ACOS/ROAS/活动清单
B0F9P6HCXT,KC4SGE05500,2026-W35,2026-W34,0.0,0.0,,0.0,0.0,,0.0,0.0,,,,,曝光/点击/CTR/CVR/ACOS/ROAS/活动清单
B0F9P6NNK3,KC4SGE04600,2026-W35,2026-W34,0.0,0.0,,0.0,0.0,,0.0,0.0,,,,,曝光/点击/CTR/CVR/ACOS/ROAS/活动清单
B0F9P6QSYV,KC4SGE02500,2026-W35,2026-W34,0.0,0.0,,0.0,0.0,,0.0,0.0,,,,,曝光/点击/CTR/CVR/ACOS/ROAS/活动清单
B0F9P6R93Z,KC4SGE02800,2026-W35,2026-W34,0.0,0.0,,0.0,0.0,,0.0,4.08,,,,,曝光/点击/CTR/CVR/ACOS/ROAS/活动清单
B0F9P6TCDJ,KC4SGE01400,2026-W35,2026-W34,0.0,0.0,,0.0,0.0,,0.0,0.0,,,,,曝光/点击/CTR/CVR/ACOS/ROAS/活动清单
B0F9P6TGR8,KC4SGE02900,2026-W35,2026-W34,0.0,0.0,,0.0,0.0,,0.0,0.0,,,,,曝光/点击/CTR/CVR/ACOS/ROAS/活动清单
B0F9P6Z4J9,PT4SGE24400,2026-W35,2026-W34,0.0,0.0,,0.0,0.0,,8.39,42.11,,,,,曝光/点击/CTR/CVR/ACOS/ROAS/活动清单
B0F9P6ZFM7,KC4PSP17800,2026-W35,2026-W34,0.0,0.0,,0.0,0.0,,0.0,0.0,,,,,曝光/点击/CTR/CVR/ACOS/ROAS/活动清单
B0F9P738HC,KC4PSP17100,2026-W35,2026-W34,0.0,0.0,,0.0,0.0,,0.0,0.0,,,,,曝光/点击/CTR/CVR/ACOS/ROAS/活动清单
B0F9P741LY,KX4SGE12100,2026-W35,2026-W34,0.0,0.0,,0.0,0.0,,0.0,0.0,,,,,曝光/点击/CTR/CVR/ACOS/ROAS/活动清单
B0F9P74TV3,KX4SGE10200,2026-W35,2026-W34,0.0,0.0,,0.0,0.0,,7.14,9.18,,,,,曝光/点击/CTR/CVR/ACOS/ROAS/活动清单
B0F9P75415,KX4SGE17100,2026-W35,2026-W34,0.0,0.0,,0.0,0.0,,0.0,0.0,,,,,曝光/点击/CTR/CVR/ACOS/ROAS/活动清单
B0F9P76CD5,KX4SGE08000,2026-W35,2026-W34,0.0,0.0,,0.0,0.0,,0.0,0.0,,,,,曝光/点击/CTR/CVR/ACOS/ROAS/活动清单
B0F9P777HP,KC4PSP16200,2026-W35,2026-W34,0.0,0.0,,0.0,0.0,,0.0,0.0,,,,,曝光/点击/CTR/CVR/ACOS/ROAS/活动清单
B0F9P7BKQX,KX4SGE12200,2026-W35,2026-W34,0.0,0.0,,0.0,0.0,,0.0,0.0,,,,,曝光/点击/CTR/CVR/ACOS/ROAS/活动清单
B0F9P7D591,KC4PSP16400,2026-W35,2026-W34,0.0,0.0,,0.0,0.0,,0.0,0.0,,,,,曝光/点击/CTR/CVR/ACOS/ROAS/活动清单
B0F9P7FY3D,KX4SGE17700,2026-W35,2026-W34,0.0,0.0,,0.0,0.0,,21.83,2.72,,,,,曝光/点击/CTR/CVR/ACOS/ROAS/活动清单
B0F9P7GNTS,KX4SGE12600,2026-W35,2026-W34,0.0,0.0,,0.0,0.0,,0.0,0.0,,,,,曝光/点击/CTR/CVR/ACOS/ROAS/活动清单
B0F9P7HCWC,KC4SGE03100,2026-W35,2026-W34,0.0,0.0,,0.0,0.0,,0.0,0.0,,,,,曝光/点击/CTR/CVR/ACOS/ROAS/活动清单
B0F9P7JHMQ,KC4SGE04200,2026-W35,2026-W34,0.0,0.0,,0.0,0.0,,6.53,4.9,,,,,曝光/点击/CTR/CVR/ACOS/ROAS/活动清单
B0F9P7JSJF,KC4SGE03200,2026-W35,2026-W34,0.0,0.0,,0.0,0.0,,0.0,0.0,,,,,曝光/点击/CTR/CVR/ACOS/ROAS/活动清单
B0F9P7JT94,KC4PSP17600,2026-W35,2026-W34,0.0,0.0,,0.0,0.0,,0.0,0.0,,,,,曝光/点击/CTR/CVR/ACOS/ROAS/活动清单
B0F9P7P6MF,KC4SGE01200,2026-W35,2026-W34,0.0,0.0,,0.0,0.0,,0.0,0.0,,,,,曝光/点击/CTR/CVR/ACOS/ROAS/活动清单
B0F9P7QWCZ,KC4SGE03800,2026-W35,2026-W34,0.0,0.0,,0.0,0.0,,0.0,0.0,,,,,曝光/点击/CTR/CVR/ACOS/ROAS/活动清单
B0F9P7R4ZM,KX4SGE10700,2026-W35,2026-W34,1.0,0.0,N/A,916.5,0.0,N/A,11.02,2.52,1.2,,,,曝光/点击/CTR/CVR/ACOS/ROAS/活动清单
B0F9P7T83Z,KX4SGE08200,2026-W35,2026-W34,0.0,0.0,,0.0,0.0,,0.0,0.0,,,,,曝光/点击/CTR/CVR/ACOS/ROAS/活动清单
B0F9P7XLG5,KX4SGE10900,2026-W35,2026-W34,0.0,0.0,,0.0,0.0,,0.0,0.0,,,,,曝光/点击/CTR/CVR/ACOS/ROAS/活动清单
B0F9P88JT2,KC4PSP16100,2026-W35,2026-W34,0.0,0.0,,0.0,0.0,,0.0,0.0,,,,,曝光/点击/CTR/CVR/ACOS/ROAS/活动清单
B0F9P89JS1,PT4SGE27700,2026-W35,2026-W34,0.0,0.0,,0.0,0.0,,0.0,0.0,,,,,曝光/点击/CTR/CVR/ACOS/ROAS/活动清单
B0F9P8BM2K,KX4SGE15400,2026-W35,2026-W34,0.0,0.0,,0.0,0.0,,0.0,0.0,,,,,曝光/点击/CTR/CVR/ACOS/ROAS/活动清单
B0F9P8BQMG,KC4SGE01300,2026-W35,2026-W34,0.0,0.0,,0.0,0.0,,0.0,0.0,,,,,曝光/点击/CTR/CVR/ACOS/ROAS/活动清单
B0F9P8CMT1,KX4SGE08600,2026-W35,2026-W34,0.0,0.0,,0.0,0.0,,10.2,0.0,,,,,曝光/点击/CTR/CVR/ACOS/ROAS/活动清单
B0F9P8CRVS,KC4SGE00300,2026-W35,2026-W34,0.0,0.0,,0.0,0.0,,0.0,0.0,,,,,曝光/点击/CTR/CVR/ACOS/ROAS/活动清单
B0F9P8D7PT,KX4SGE10300,2026-W35,2026-W34,0.0,0.0,,0.0,0.0,,0.0,0.0,,,,,曝光/点击/CTR/CVR/ACOS/ROAS/活动清单
B0F9P8FDPJ,KC4PSP16700,2026-W35,2026-W34,0.0,0.0,,0.0,0.0,,0.0,0.0,,,,,曝光/点击/CTR/CVR/ACOS/ROAS/活动清单
B0F9P8K7KW,KX4SGE14900,2026-W35,2026-W34,0.0,0.0,,0.0,0.0,,0.0,0.0,,,,,曝光/点击/CTR/CVR/ACOS/ROAS/活动清单
B0F9P8MK9F,KX4SGE13500,2026-W35,2026-W34,0.0,0.0,,0.0,0.0,,0.0,0.0,,,,,曝光/点击/CTR/CVR/ACOS/ROAS/活动清单
B0F9P8PT7D,KX4SGE08300,2026-W35,2026-W34,0.0,0.0,,0.0,0.0,,0.0,0.0,,,,,曝光/点击/CTR/CVR/ACOS/ROAS/活动清单
B0F9P8R4SX,KC4SGE03400,2026-W35,2026-W34,0.0,1.0,-100.0,0.0,1054.0,-100.0,0.0,3.13,,0.3,,单量下滑≥20%；销售额下滑≥20%,曝光/点击/CTR/CVR/ACOS/ROAS/活动清单
B0F9P8Y3Q1,KC4PSP17200,2026-W35,2026-W34,0.0,0.0,,0.0,0.0,,0.0,0.0,,,,,曝光/点击/CTR/CVR/ACOS/ROAS/活动清单
B0F9P93MYF,KC4SGE00700,2026-W35,2026-W34,0.0,0.0,,0.0,0.0,,0.0,0.0,,,,,曝光/点击/CTR/CVR/ACOS/ROAS/活动清单
B0FCWSVZXX,PT4SGE19800,2026-W35,2026-W34,0.0,0.0,,0.0,0.0,,0.0,0.0,,,,,曝光/点击/CTR/CVR/ACOS/ROAS/活动清单
B0FCX1MN1M,KC4SGE03200,2026-W35,2026-W34,0.0,0.0,,0.0,0.0,,0.0,0.0,,,,,曝光/点击/CTR/CVR/ACOS/ROAS/活动清单
B0FCX1SSRR,KC4SGE00400,2026-W35,2026-W34,0.0,0.0,,0.0,0.0,,0.0,0.0,,,,,曝光/点击/CTR/CVR/ACOS/ROAS/活动清单
B0FCX1SSRT,KC4SGE05100,2026-W35,2026-W34,0.0,0.0,,0.0,0.0,,0.0,0.0,,,,,曝光/点击/CTR/CVR/ACOS/ROAS/活动清单
B0FCX4JTT4,KX4SGE12100,2026-W35,2026-W34,0.0,0.0,,0.0,0.0,,0.0,0.0,,,,,曝光/点击/CTR/CVR/ACOS/ROAS/活动清单
B0FCXDS4HF,KC4SGE03900,2026-W35,2026-W34,0.0,0.0,,0.0,0.0,,0.0,0.0,,,,,曝光/点击/CTR/CVR/ACOS/ROAS/活动清单
B0FCXDSJY6,KX4SGE17700,2026-W35,2026-W34,0.0,0.0,,0.0,0.0,,0.0,0.0,,,,,曝光/点击/CTR/CVR/ACOS/ROAS/活动清单
B0FCXDWK9W,KC4SGE00700,2026-W35,2026-W34,0.0,0.0,,0.0,0.0,,2.99,12.24,,,,,曝光/点击/CTR/CVR/ACOS/ROAS/活动清单
B0FCXDY8GG,PT4SGE23600,2026-W35,2026-W34,0.0,0.0,,0.0,0.0,,0.0,0.0,,,,,曝光/点击/CTR/CVR/ACOS/ROAS/活动清单
B0FCXDZB1H,KC4SGE00500,2026-W35,2026-W34,0.0,0.0,,0.0,0.0,,0.0,0.0,,,,,曝光/点击/CTR/CVR/ACOS/ROAS/活动清单
B0FCXF11MB,PT4SGE20000,2026-W35,2026-W34,0.0,0.0,,0.0,0.0,,0.0,0.0,,,,,曝光/点击/CTR/CVR/ACOS/ROAS/活动清单
B0FCXKRQ4Q,PT4SGE20100,2026-W35,2026-W34,0.0,0.0,,0.0,0.0,,0.0,0.0,,,,,曝光/点击/CTR/CVR/ACOS/ROAS/活动清单
B0FCXKRQ4R,KX4SGE13100,2026-W35,2026-W34,0.0,0.0,,0.0,0.0,,0.0,0.0,,,,,曝光/点击/CTR/CVR/ACOS/ROAS/活动清单
B0FCXKSXJ2,KC4SGE02900,2026-W35,2026-W34,0.0,0.0,,0.0,0.0,,0.0,0.0,,,,,曝光/点击/CTR/CVR/ACOS/ROAS/活动清单
B0FCXKTPVG,PT4SGE19300,2026-W35,2026-W34,0.0,0.0,,0.0,0.0,,4.7,3.27,,,,,曝光/点击/CTR/CVR/ACOS/ROAS/活动清单
B0FCXKV3P2,PT4SGE20300,2026-W35,2026-W34,1.0,0.0,N/A,808.86,0.0,N/A,12.38,6.8,1.53,,,,曝光/点击/CTR/CVR/ACOS/ROAS/活动清单
B0FCXKW3Q2,PT4SGE26100,2026-W35,2026-W34,0.0,0.0,,0.0,0.0,,0.0,0.0,,,,,曝光/点击/CTR/CVR/ACOS/ROAS/活动清单
B0FCXKWTCM,KX4SGE11100,2026-W35,2026-W34,0.0,0.0,,0.0,0.0,,0.0,0.0,,,,,曝光/点击/CTR/CVR/ACOS/ROAS/活动清单
B0FCXKZ2TP,KX4SGE10300,2026-W35,2026-W34,0.0,0.0,,0.0,0.0,,0.0,0.0,,,,,曝光/点击/CTR/CVR/ACOS/ROAS/活动清单
B0FCXL4T7H,PT4SGE23100,2026-W35,2026-W34,0.0,0.0,,0.0,0.0,,0.0,0.0,,,,,曝光/点击/CTR/CVR/ACOS/ROAS/活动清单
B0FCXL81L4,KC4SGE02700,2026-W35,2026-W34,0.0,0.0,,0.0,0.0,,0.0,0.0,,,,,曝光/点击/CTR/CVR/ACOS/ROAS/活动清单
B0FCXLCSNF,KX4SGE09100,2026-W35,2026-W34,0.0,0.0,,0.0,0.0,,0.0,0.0,,,,,曝光/点击/CTR/CVR/ACOS/ROAS/活动清单
B0FCXLHG8L,PT4SGE19700,2026-W35,2026-W34,1.0,0.0,N/A,729.16,0.0,N/A,0.0,0.0,0.0,,,,曝光/点击/CTR/CVR/ACOS/ROAS/活动清单
B0FCXLPVC9,KX4SGE17400,2026-W35,2026-W34,0.0,0.0,,0.0,0.0,,0.0,0.0,,,,,曝光/点击/CTR/CVR/ACOS/ROAS/活动清单
B0FCXLS2R9,KC4SGE01000,2026-W35,2026-W34,0.0,0.0,,0.0,0.0,,0.0,0.0,,,,,曝光/点击/CTR/CVR/ACOS/ROAS/活动清单
B0FCXLT1YC,KC4SGE03300,2026-W35,2026-W34,0.0,0.0,,0.0,0.0,,0.0,0.0,,,,,曝光/点击/CTR/CVR/ACOS/ROAS/活动清单
B0FCXPG77X,KC4PSP16300,2026-W35,2026-W34,0.0,0.0,,0.0,0.0,,0.0,0.0,,,,,曝光/点击/CTR/CVR/ACOS/ROAS/活动清单
B0FCXPJZ2K,KC4SGE00900,2026-W35,2026-W34,0.0,0.0,,0.0,0.0,,0.0,16.53,,,,,曝光/点击/CTR/CVR/ACOS/ROAS/活动清单
B0FCXPKBL5,KC4PSP15900,2026-W35,2026-W34,0.0,0.0,,0.0,0.0,,0.0,0.0,,,,,曝光/点击/CTR/CVR/ACOS/ROAS/活动清单
B0FCXPWBXD,KC4SGE01600,2026-W35,2026-W34,0.0,0.0,,0.0,0.0,,0.0,0.0,,,,,曝光/点击/CTR/CVR/ACOS/ROAS/活动清单
B0FCXPYNMK,KX4SGE16700,2026-W35,2026-W34,0.0,0.0,,0.0,0.0,,0.0,0.0,,,,,曝光/点击/CTR/CVR/ACOS/ROAS/活动清单
B0FCXQ23VC,KX4SGE09700,2026-W35,2026-W34,0.0,0.0,,0.0,0.0,,0.0,0.0,,,,,曝光/点击/CTR/CVR/ACOS/ROAS/活动清单
B0FCXQ7839,KX4SGE10400,2026-W35,2026-W34,0.0,1.0,-100.0,0.0,984.64,-100.0,14.29,14.01,,1.42,,单量下滑≥20%；销售额下滑≥20%,曝光/点击/CTR/CVR/ACOS/ROAS/活动清单
B0FCXQK488,PT4SGE20500,2026-W35,2026-W34,1.0,0.0,N/A,597.99,0.0,N/A,1.77,22.24,0.3,,,,曝光/点击/CTR/CVR/ACOS/ROAS/活动清单
B0FCXQMKCS,KC4SGE04600,2026-W35,2026-W34,0.0,0.0,,0.0,0.0,,14.62,9.66,,,,,曝光/点击/CTR/CVR/ACOS/ROAS/活动清单
B0FCXQNNJR,PT4SGE21500,2026-W35,2026-W34,0.0,0.0,,0.0,0.0,,20.88,25.78,,,,,曝光/点击/CTR/CVR/ACOS/ROAS/活动清单
B0FCXQW27N,KX4SGE15200,2026-W35,2026-W34,0.0,0.0,,0.0,0.0,,0.0,0.0,,,,,曝光/点击/CTR/CVR/ACOS/ROAS/活动清单
B0FCXR4MMG,PT4SGE26000,2026-W35,2026-W34,0.0,0.0,,0.0,0.0,,0.0,0.0,,,,,曝光/点击/CTR/CVR/ACOS/ROAS/活动清单
B0FCXR51DX,KC4SGE02500,2026-W35,2026-W34,0.0,1.0,-100.0,0.0,1088.0,-100.0,6.6,0.0,,0.0,,单量下滑≥20%；销售额下滑≥20%,曝光/点击/CTR/CVR/ACOS/ROAS/活动清单
B0FCXR68F2,KC4SGE02400,2026-W35,2026-W34,0.0,0.0,,0.0,0.0,,0.0,0.0,,,,,曝光/点击/CTR/CVR/ACOS/ROAS/活动清单
B0FCXR68F3,KC4PSP16400,2026-W35,2026-W34,0.0,0.0,,0.0,0.0,,0.0,0.0,,,,,曝光/点击/CTR/CVR/ACOS/ROAS/活动清单
B0FCXRDFJM,PT4SGE19400,2026-W35,2026-W34,0.0,0.0,,0.0,0.0,,0.0,0.0,,,,,曝光/点击/CTR/CVR/ACOS/ROAS/活动清单
B0FCXRGZS1,KX4SGE11700,2026-W35,2026-W34,0.0,0.0,,0.0,0.0,,0.0,0.0,,,,,曝光/点击/CTR/CVR/ACOS/ROAS/活动清单
B0FCXRJGDS,KC4SGE01800,2026-W35,2026-W34,0.0,0.0,,0.0,0.0,,0.0,0.0,,,,,曝光/点击/CTR/CVR/ACOS/ROAS/活动清单
B0FCXRLK3L,KX4SGE13700,2026-W35,2026-W34,1.0,0.0,N/A,1075.83,0.0,N/A,5.99,10.75,0.56,,,,曝光/点击/CTR/CVR/ACOS/ROAS/活动清单
B0FCXRN1NH,KX4SGE10100,2026-W35,2026-W34,0.0,0.0,,0.0,0.0,,3.06,10.34,,,,,曝光/点击/CTR/CVR/ACOS/ROAS/活动清单
B0FCXRRJ9D,KX4SGE12200,2026-W35,2026-W34,0.0,0.0,,0.0,0.0,,0.0,0.0,,,,,曝光/点击/CTR/CVR/ACOS/ROAS/活动清单
B0FCXRV9TR,KC4SGE04200,2026-W35,2026-W34,0.0,0.0,,0.0,0.0,,0.0,0.0,,,,,曝光/点击/CTR/CVR/ACOS/ROAS/活动清单
B0FCXRVNRV,KC4SGE00300,2026-W35,2026-W34,0.0,0.0,,0.0,0.0,,7.69,0.0,,,,,曝光/点击/CTR/CVR/ACOS/ROAS/活动清单
B0FCXRVNRZ,PT4SGE19100,2026-W35,2026-W34,0.0,0.0,,0.0,0.0,,14.01,4.76,,,,,曝光/点击/CTR/CVR/ACOS/ROAS/活动清单
B0FCXRYWWR,PT4SGE26600,2026-W35,2026-W34,0.0,0.0,,0.0,0.0,,0.0,0.0,,,,,曝光/点击/CTR/CVR/ACOS/ROAS/活动清单
B0FCXS1D44,KC4SGE04700,2026-W35,2026-W34,0.0,0.0,,0.0,0.0,,0.0,0.0,,,,,曝光/点击/CTR/CVR/ACOS/ROAS/活动清单
B0FCXS4WX3,KX4SGE10900,2026-W35,2026-W34,0.0,0.0,,0.0,0.0,,8.23,0.0,,,,,曝光/点击/CTR/CVR/ACOS/ROAS/活动清单
B0FCXS5XSK,KX4SGE15400,2026-W35,2026-W34,0.0,0.0,,0.0,0.0,,0.0,0.0,,,,,曝光/点击/CTR/CVR/ACOS/ROAS/活动清单
B0FCXSZ7MB,PT4SGE18400,2026-W35,2026-W34,0.0,0.0,,0.0,0.0,,0.0,0.0,,,,,曝光/点击/CTR/CVR/ACOS/ROAS/活动清单
B0FCXT2347,KC4PSP16600,2026-W35,2026-W34,0.0,0.0,,0.0,0.0,,4.35,4.42,,,,,曝光/点击/CTR/CVR/ACOS/ROAS/活动清单
B0FCXT57NG,PT4SGE25600,2026-W35,2026-W34,0.0,0.0,,0.0,0.0,,0.0,0.0,,,,,曝光/点击/CTR/CVR/ACOS/ROAS/活动清单
B0FCXT6K2H,KC4SGE02800,2026-W35,2026-W34,0.0,0.0,,0.0,0.0,,0.0,0.0,,,,,曝光/点击/CTR/CVR/ACOS/ROAS/活动清单
B0FCXT7VTC,KC4SGE03500,2026-W35,2026-W34,0.0,0.0,,0.0,0.0,,0.0,0.0,,,,,曝光/点击/CTR/CVR/ACOS/ROAS/活动清单
B0FCXTDSQP,PT4SGE22200,2026-W35,2026-W34,0.0,0.0,,0.0,0.0,,0.0,0.0,,,,,曝光/点击/CTR/CVR/ACOS/ROAS/活动清单
B0FCXTLYFD,KX4SGE14700,2026-W35,2026-W34,0.0,0.0,,0.0,0.0,,0.0,0.0,,,,,曝光/点击/CTR/CVR/ACOS/ROAS/活动清单
B0FCXTNFZ1,KC4SGE01700,2026-W35,2026-W34,0.0,0.0,,0.0,0.0,,0.0,0.0,,,,,曝光/点击/CTR/CVR/ACOS/ROAS/活动清单
B0FCXTSHJB,KX4SGE16500,2026-W35,2026-W34,0.0,0.0,,0.0,0.0,,0.0,0.0,,,,,曝光/点击/CTR/CVR/ACOS/ROAS/活动清单
B0FCXTT4Z3,KC4PSP17200,2026-W35,2026-W34,0.0,0.0,,0.0,0.0,,0.0,0.0,,,,,曝光/点击/CTR/CVR/ACOS/ROAS/活动清单
B0FCXTTHDV,PT4SGE25800,2026-W35,2026-W34,0.0,0.0,,0.0,0.0,,0.0,0.0,,,,,曝光/点击/CTR/CVR/ACOS/ROAS/活动清单
B0FCXTWBHN,PT4SGE18500,2026-W35,2026-W34,0.0,0.0,,0.0,0.0,,0.0,0.0,,,,,曝光/点击/CTR/CVR/ACOS/ROAS/活动清单
B0FCXV7FCZ,PT4SGE24400,2026-W35,2026-W34,0.0,0.0,,0.0,0.0,,0.0,0.0,,,,,曝光/点击/CTR/CVR/ACOS/ROAS/活动清单
B0FCXV83P4,KC4PSP17500,2026-W35,2026-W34,0.0,0.0,,0.0,0.0,,0.0,0.0,,,,,曝光/点击/CTR/CVR/ACOS/ROAS/活动清单
B0FCXV9YB4,KX4SGE12600,2026-W35,2026-W34,0.0,0.0,,0.0,0.0,,0.0,0.0,,,,,曝光/点击/CTR/CVR/ACOS/ROAS/活动清单
B0FCXVCVR2,KC4PSP16000,2026-W35,2026-W34,0.0,0.0,,0.0,0.0,,0.0,0.0,,,,,曝光/点击/CTR/CVR/ACOS/ROAS/活动清单
B0FCXVKMRB,KC4SGE01500,2026-W35,2026-W34,0.0,0.0,,0.0,0.0,,0.0,0.0,,,,,曝光/点击/CTR/CVR/ACOS/ROAS/活动清单
B0FCXVMN66,PT4SGE24000,2026-W35,2026-W34,0.0,0.0,,0.0,0.0,,0.0,0.0,,,,,曝光/点击/CTR/CVR/ACOS/ROAS/活动清单
B0FCXVNLJ6,KX4SGE12900,2026-W35,2026-W34,0.0,0.0,,0.0,0.0,,0.0,0.0,,,,,曝光/点击/CTR/CVR/ACOS/ROAS/活动清单
B0FCXVNXV2,PT4SGE28100,2026-W35,2026-W34,0.0,0.0,,0.0,0.0,,0.0,0.0,,,,,曝光/点击/CTR/CVR/ACOS/ROAS/活动清单
B0FCXVPPY5,KC4PSP18100,2026-W35,2026-W34,0.0,0.0,,0.0,0.0,,0.0,0.0,,,,,曝光/点击/CTR/CVR/ACOS/ROAS/活动清单
B0FCXVQSV6,KC4SGE05400,2026-W35,2026-W34,0.0,0.0,,0.0,0.0,,0.0,0.0,,,,,曝光/点击/CTR/CVR/ACOS/ROAS/活动清单
B0FCXVZSGS,KC4SGE01300,2026-W35,2026-W34,0.0,0.0,,0.0,0.0,,0.0,0.0,,,,,曝光/点击/CTR/CVR/ACOS/ROAS/活动清单
B0FCXW3856,KC4SGE05200,2026-W35,2026-W34,0.0,0.0,,0.0,0.0,,4.63,15.03,,,,,曝光/点击/CTR/CVR/ACOS/ROAS/活动清单
B0FCXW3857,KX4SGE08100,2026-W35,2026-W34,0.0,0.0,,0.0,0.0,,0.0,0.0,,,,,曝光/点击/CTR/CVR/ACOS/ROAS/活动清单
B0FCXW3KZ5,KC4SGE03000,2026-W35,2026-W34,0.0,0.0,,0.0,0.0,,0.0,0.0,,,,,曝光/点击/CTR/CVR/ACOS/ROAS/活动清单
B0FCXW4ZY3,KX4SGE10700,2026-W35,2026-W34,0.0,0.0,,0.0,0.0,,0.0,0.0,,,,,曝光/点击/CTR/CVR/ACOS/ROAS/活动清单
B0FCXW7BZW,PT4SGE24600,2026-W35,2026-W34,0.0,0.0,,0.0,0.0,,0.0,0.0,,,,,曝光/点击/CTR/CVR/ACOS/ROAS/活动清单
B0FCXXNBP4,KX4SGE08400,2026-W35,2026-W34,0.0,0.0,,0.0,0.0,,2.72,0.0,,,,,曝光/点击/CTR/CVR/ACOS/ROAS/活动清单
B0FCXXP5Q5,KC4PSP17100,2026-W35,2026-W34,0.0,0.0,,0.0,0.0,,0.0,0.0,,,,,曝光/点击/CTR/CVR/ACOS/ROAS/活动清单
B0FCXXQYT3,KX4SGE08000,2026-W35,2026-W34,0.0,0.0,,0.0,0.0,,0.0,0.0,,,,,曝光/点击/CTR/CVR/ACOS/ROAS/活动清单
B0FCXXTN63,KC4SGE01400,2026-W35,2026-W34,0.0,0.0,,0.0,0.0,,0.0,9.79,,,,,曝光/点击/CTR/CVR/ACOS/ROAS/活动清单
B0FCXXXZHZ,KC4SGE05300,2026-W35,2026-W34,0.0,0.0,,0.0,0.0,,0.0,0.0,,,,,曝光/点击/CTR/CVR/ACOS/ROAS/活动清单
B0FCXXYDNV,KC4PSP17000,2026-W35,2026-W34,0.0,0.0,,0.0,0.0,,0.0,0.0,,,,,曝光/点击/CTR/CVR/ACOS/ROAS/活动清单
B0FCXXZFXY,KC4SGE01200,2026-W35,2026-W34,0.0,0.0,,0.0,0.0,,0.0,0.0,,,,,曝光/点击/CTR/CVR/ACOS/ROAS/活动清单
B0FCXY3LLS,KC4SGE04900,2026-W35,2026-W34,0.0,0.0,,0.0,0.0,,0.0,0.0,,,,,曝光/点击/CTR/CVR/ACOS/ROAS/活动清单
B0FCXY85QD,KX4SGE10200,2026-W35,2026-W34,0.0,0.0,,0.0,0.0,,12.31,15.1,,,,,曝光/点击/CTR/CVR/ACOS/ROAS/活动清单
B0FCXYFGT8,PT4SGE27300,2026-W35,2026-W34,0.0,0.0,,0.0,0.0,,0.0,0.0,,,,,曝光/点击/CTR/CVR/ACOS/ROAS/活动清单
B0FCXYG5CX,KC4PSP18000,2026-W35,2026-W34,0.0,0.0,,0.0,0.0,,0.0,0.0,,,,,曝光/点击/CTR/CVR/ACOS/ROAS/活动清单
B0FCXYHDYD,KC4SGE03700,2026-W35,2026-W34,0.0,0.0,,0.0,0.0,,0.0,0.0,,,,,曝光/点击/CTR/CVR/ACOS/ROAS/活动清单
B0FCXYLX1Q,KC4SGE04800,2026-W35,2026-W34,0.0,0.0,,0.0,0.0,,0.0,0.0,,,,,曝光/点击/CTR/CVR/ACOS/ROAS/活动清单
B0FCXYP1JK,KX4SGE08600,2026-W35,2026-W34,0.0,0.0,,0.0,0.0,,0.0,0.0,,,,,曝光/点击/CTR/CVR/ACOS/ROAS/活动清单
B0FCXYT3H6,KX4SGE17200,2026-W35,2026-W34,0.0,0.0,,0.0,0.0,,0.0,0.0,,,,,曝光/点击/CTR/CVR/ACOS/ROAS/活动清单
B0FCXYVK2N,PT4SGE20800,2026-W35,2026-W34,0.0,0.0,,0.0,0.0,,0.0,0.0,,,,,曝光/点击/CTR/CVR/ACOS/ROAS/活动清单
B0FCY1GJ2D,PT4SGE28200,2026-W35,2026-W34,0.0,1.0,-100.0,0.0,1228.69,-100.0,0.0,2.72,,0.22,,单量下滑≥20%；销售额下滑≥20%,曝光/点击/CTR/CVR/ACOS/ROAS/活动清单
B0FCY1JLTV,KX4SGE17300,2026-W35,2026-W34,0.0,0.0,,0.0,0.0,,0.0,0.0,,,,,曝光/点击/CTR/CVR/ACOS/ROAS/活动清单
B0FCY1K8N5,KX4SGE10600,2026-W35,2026-W34,0.0,0.0,,0.0,0.0,,0.0,0.0,,,,,曝光/点击/CTR/CVR/ACOS/ROAS/活动清单
B0FCY1P9YD,KX4SGE15800,2026-W35,2026-W34,0.0,0.0,,0.0,0.0,,0.0,0.0,,,,,曝光/点击/CTR/CVR/ACOS/ROAS/活动清单
B0FCY1ZRZT,PT4SGE27900,2026-W35,2026-W34,0.0,0.0,,0.0,0.0,,12.38,0.0,,,,,曝光/点击/CTR/CVR/ACOS/ROAS/活动清单
B0FCY1ZS15,KC4SGE03800,2026-W35,2026-W34,0.0,0.0,,0.0,0.0,,5.78,1.91,,,,,曝光/点击/CTR/CVR/ACOS/ROAS/活动清单
B0FCY28VSK,PT4SGE22800,2026-W35,2026-W34,0.0,0.0,,0.0,0.0,,0.0,2.58,,,,,曝光/点击/CTR/CVR/ACOS/ROAS/活动清单
B0FCY2KMVF,KX4SGE07900,2026-W35,2026-W34,0.0,0.0,,0.0,0.0,,0.0,0.0,,,,,曝光/点击/CTR/CVR/ACOS/ROAS/活动清单
B0FCY2LP4W,PT4SGE18700,2026-W35,2026-W34,0.0,0.0,,0.0,0.0,,0.0,0.0,,,,,曝光/点击/CTR/CVR/ACOS/ROAS/活动清单
B0FCY2LP4X,KX4SGE08300,2026-W35,2026-W34,0.0,0.0,,0.0,0.0,,0.0,0.0,,,,,曝光/点击/CTR/CVR/ACOS/ROAS/活动清单
B0FCY2P3VF,PT4SGE21900,2026-W35,2026-W34,0.0,0.0,,0.0,0.0,,0.0,0.0,,,,,曝光/点击/CTR/CVR/ACOS/ROAS/活动清单
B0FCY2PH1H,KC4SGE00600,2026-W35,2026-W34,0.0,0.0,,0.0,0.0,,0.0,0.0,,,,,曝光/点击/CTR/CVR/ACOS/ROAS/活动清单
B0FCY2PTVP,KX4SGE08200,2026-W35,2026-W34,0.0,0.0,,0.0,0.0,,0.0,0.0,,,,,曝光/点击/CTR/CVR/ACOS/ROAS/活动清单
B0FCY2SJ1V,KC4SGE05000,2026-W35,2026-W34,1.0,0.0,N/A,988.72,0.0,N/A,0.82,10.07,0.08,,,,曝光/点击/CTR/CVR/ACOS/ROAS/活动清单
B0FCY2T9PW,PT4SGE19600,2026-W35,2026-W34,0.0,0.0,,0.0,0.0,,0.0,0.0,,,,,曝光/点击/CTR/CVR/ACOS/ROAS/活动清单
B0FCY2TRZD,PT4SGE27700,2026-W35,2026-W34,0.0,0.0,,0.0,0.0,,0.0,0.0,,,,,曝光/点击/CTR/CVR/ACOS/ROAS/活动清单
B0FCY2YN5G,PT4SGE26300,2026-W35,2026-W34,0.0,0.0,,0.0,0.0,,0.0,0.0,,,,,曝光/点击/CTR/CVR/ACOS/ROAS/活动清单
B0FCY31KGJ,KX4SGE13500,2026-W35,2026-W34,0.0,0.0,,0.0,0.0,,0.0,0.0,,,,,曝光/点击/CTR/CVR/ACOS/ROAS/活动清单
B0FCY35J53,KX4SGE12400,2026-W35,2026-W34,0.0,0.0,,0.0,0.0,,0.0,0.0,,,,,曝光/点击/CTR/CVR/ACOS/ROAS/活动清单
B0FCY35XL7,KC4PSP16500,2026-W35,2026-W34,0.0,0.0,,0.0,0.0,,0.0,0.0,,,,,曝光/点击/CTR/CVR/ACOS/ROAS/活动清单
B0FCY39NR5,PT4SGE18800,2026-W35,2026-W34,0.0,0.0,,0.0,0.0,,0.0,0.0,,,,,曝光/点击/CTR/CVR/ACOS/ROAS/活动清单
B0FCY3CWLC,KX4SGE13300,2026-W35,2026-W34,0.0,0.0,,0.0,0.0,,0.0,0.0,,,,,曝光/点击/CTR/CVR/ACOS/ROAS/活动清单
B0FCY3D9JR,KC4PSP17600,2026-W35,2026-W34,0.0,0.0,,0.0,0.0,,0.0,0.0,,,,,曝光/点击/CTR/CVR/ACOS/ROAS/活动清单
B0FCY3HWGX,KC4SGE05500,2026-W35,2026-W34,0.0,0.0,,0.0,0.0,,2.04,3.67,,,,,曝光/点击/CTR/CVR/ACOS/ROAS/活动清单
B0FCY3KFN7,KC4SGE00800,2026-W35,2026-W34,0.0,0.0,,0.0,0.0,,0.0,0.0,,,,,曝光/点击/CTR/CVR/ACOS/ROAS/活动清单
B0FCY3LQ22,KX4SGE18000,2026-W35,2026-W34,0.0,0.0,,0.0,0.0,,0.0,0.0,,,,,曝光/点击/CTR/CVR/ACOS/ROAS/活动清单
B0FCY3MWW2,KC4SGE01100,2026-W35,2026-W34,0.0,0.0,,0.0,0.0,,17.14,3.06,,,,,曝光/点击/CTR/CVR/ACOS/ROAS/活动清单
B0FCY49VLV,KX4SGE13200,2026-W35,2026-W34,0.0,0.0,,0.0,0.0,,7.62,6.87,,,,,曝光/点击/CTR/CVR/ACOS/ROAS/活动清单
B0FCY4CL3C,PT4SGE26200,2026-W35,2026-W34,0.0,0.0,,0.0,0.0,,0.0,0.0,,,,,曝光/点击/CTR/CVR/ACOS/ROAS/活动清单
B0FCY4G83J,KC4PSP16800,2026-W35,2026-W34,0.0,0.0,,0.0,0.0,,0.0,0.0,,,,,曝光/点击/CTR/CVR/ACOS/ROAS/活动清单
B0FCY4HGCF,KX4SGE16800,2026-W35,2026-W34,0.0,1.0,-100.0,0.0,782.0,-100.0,44.42,31.29,,4.0,,单量下滑≥20%；销售额下滑≥20%,曝光/点击/CTR/CVR/ACOS/ROAS/活动清单
B0FCY4LB3B,KC4SGE00100,2026-W35,2026-W34,0.0,0.0,,0.0,0.0,,0.0,0.0,,,,,曝光/点击/CTR/CVR/ACOS/ROAS/活动清单
B0FCY4LN7W,KC4SGE03100,2026-W35,2026-W34,0.0,0.0,,0.0,0.0,,0.0,0.0,,,,,曝光/点击/CTR/CVR/ACOS/ROAS/活动清单
B0FCY4MFMV,PT4SGE19900,2026-W35,2026-W34,0.0,0.0,,0.0,0.0,,0.0,0.0,,,,,曝光/点击/CTR/CVR/ACOS/ROAS/活动清单
B0FCY52SGG,PT4SGE25400,2026-W35,2026-W34,0.0,0.0,,0.0,0.0,,0.0,0.0,,,,,曝光/点击/CTR/CVR/ACOS/ROAS/活动清单
B0FCY543ZW,PT4SGE27500,2026-W35,2026-W34,0.0,0.0,,0.0,0.0,,0.0,0.0,,,,,曝光/点击/CTR/CVR/ACOS/ROAS/活动清单
B0FCY54KWG,KX4SGE08500,2026-W35,2026-W34,0.0,0.0,,0.0,0.0,,2.86,10.2,,,,,曝光/点击/CTR/CVR/ACOS/ROAS/活动清单
B0FCY55RFB,KC4PSP17700,2026-W35,2026-W34,0.0,0.0,,0.0,0.0,,0.0,0.0,,,,,曝光/点击/CTR/CVR/ACOS/ROAS/活动清单
B0FCY5953S,KX4SGE17100,2026-W35,2026-W34,0.0,0.0,,0.0,0.0,,0.0,0.0,,,,,曝光/点击/CTR/CVR/ACOS/ROAS/活动清单
B0FCY59VCT,KC4PSP16200,2026-W35,2026-W34,0.0,0.0,,0.0,0.0,,0.0,0.0,,,,,曝光/点击/CTR/CVR/ACOS/ROAS/活动清单
B0FCY5DXQT,KC4PSP15800,2026-W35,2026-W34,0.0,0.0,,0.0,0.0,,9.25,8.57,,,,,曝光/点击/CTR/CVR/ACOS/ROAS/活动清单
B0FCY5H7WH,PT4SGE21400,2026-W35,2026-W34,0.0,0.0,,0.0,0.0,,0.0,0.0,,,,,曝光/点击/CTR/CVR/ACOS/ROAS/活动清单
B0FCY5HNQN,KX4SGE08900,2026-W35,2026-W34,0.0,0.0,,0.0,0.0,,3.27,8.43,,,,,曝光/点击/CTR/CVR/ACOS/ROAS/活动清单
B0FCY5HZKG,KC4PSP18200,2026-W35,2026-W34,0.0,0.0,,0.0,0.0,,0.0,0.0,,,,,曝光/点击/CTR/CVR/ACOS/ROAS/活动清单
B0FCY5JYPT,PT4SGE23700,2026-W35,2026-W34,0.0,1.0,-100.0,0.0,925.28,-100.0,0.0,0.0,,0.0,,单量下滑≥20%；销售额下滑≥20%,曝光/点击/CTR/CVR/ACOS/ROAS/活动清单
B0FCY5WSVD,KC4PSP17300,2026-W35,2026-W34,0.0,0.0,,0.0,0.0,,0.0,0.0,,,,,曝光/点击/CTR/CVR/ACOS/ROAS/活动清单
B0FCY5YS4Z,KX4SGE12700,2026-W35,2026-W34,0.0,0.0,,0.0,0.0,,0.0,0.0,,,,,曝光/点击/CTR/CVR/ACOS/ROAS/活动清单
B0FCY5ZTQ1,PT4SGE27800,2026-W35,2026-W34,0.0,0.0,,0.0,0.0,,0.0,0.0,,,,,曝光/点击/CTR/CVR/ACOS/ROAS/活动清单
B0FCY84ZJV,PT4SGE22700,2026-W35,2026-W34,0.0,0.0,,0.0,0.0,,0.0,0.0,,,,,曝光/点击/CTR/CVR/ACOS/ROAS/活动清单
B0FCY894BF,PT4SGE22500,2026-W35,2026-W34,0.0,0.0,,0.0,0.0,,0.0,0.0,,,,,曝光/点击/CTR/CVR/ACOS/ROAS/活动清单
B0FCY89GNF,KX4SGE14000,2026-W35,2026-W34,0.0,0.0,,0.0,0.0,,0.0,0.0,,,,,曝光/点击/CTR/CVR/ACOS/ROAS/活动清单
B0FCY8FXX8,KX4SGE14500,2026-W35,2026-W34,0.0,0.0,,0.0,0.0,,0.0,0.0,,,,,曝光/点击/CTR/CVR/ACOS/ROAS/活动清单
B0FCY8MHRJ,KX4SGE09300,2026-W35,2026-W34,0.0,0.0,,0.0,0.0,,0.0,0.0,,,,,曝光/点击/CTR/CVR/ACOS/ROAS/活动清单
B0FCY8N99M,PT4SGE27600,2026-W35,2026-W34,0.0,0.0,,0.0,0.0,,0.0,3.67,,,,,曝光/点击/CTR/CVR/ACOS/ROAS/活动清单
B0FCY8YV7W,PT4SGE19500,2026-W35,2026-W34,0.0,0.0,,0.0,0.0,,0.0,0.0,,,,,曝光/点击/CTR/CVR/ACOS/ROAS/活动清单
B0FCY93RGM,PT4SGE23300,2026-W35,2026-W34,0.0,0.0,,0.0,0.0,,0.0,0.0,,,,,曝光/点击/CTR/CVR/ACOS/ROAS/活动清单
B0FCYC9H4P,KX4SGE07700,2026-W35,2026-W34,0.0,0.0,,0.0,0.0,,0.0,0.0,,,,,曝光/点击/CTR/CVR/ACOS/ROAS/活动清单
B0FFMLVFRY,KC4SGE01800,2026-W35,2026-W34,0.0,0.0,,0.0,0.0,,0.0,0.0,,,,,曝光/点击/CTR/CVR/ACOS/ROAS/活动清单
B0FFMMFX2Z,KX4SGE08400,2026-W35,2026-W34,0.0,0.0,,0.0,0.0,,0.0,0.0,,,,,曝光/点击/CTR/CVR/ACOS/ROAS/活动清单
B0FH6PX98Y,KX4SGE17200,2026-W35,2026-W34,0.0,0.0,,0.0,0.0,,0.0,0.0,,,,,曝光/点击/CTR/CVR/ACOS/ROAS/活动清单
B0FH6QJNT1,KX4SGE17200,2026-W35,2026-W34,0.0,0.0,,0.0,0.0,,0.0,0.0,,,,,曝光/点击/CTR/CVR/ACOS/ROAS/活动清单
B0FH6QKKB6,KX4SGE15800,2026-W35,2026-W34,0.0,0.0,,0.0,0.0,,12.86,2.59,,,,,曝光/点击/CTR/CVR/ACOS/ROAS/活动清单
B0FH6R2H4X,KX4SGE17200,2026-W35,2026-W34,0.0,0.0,,0.0,0.0,,0.0,0.0,,,,,曝光/点击/CTR/CVR/ACOS/ROAS/活动清单
B0FH6SNJD4,KC4PSP18000,2026-W35,2026-W34,0.0,0.0,,0.0,0.0,,0.0,0.0,,,,,曝光/点击/CTR/CVR/ACOS/ROAS/活动清单
B0FLXYZC67,KC4PSP18100,2026-W35,2026-W34,0.0,0.0,,0.0,0.0,,8.43,0.0,,,,,曝光/点击/CTR/CVR/ACOS/ROAS/活动清单
B0FLXYZT3C,KC4SGE04200,2026-W35,2026-W34,0.0,0.0,,0.0,0.0,,0.0,0.0,,,,,曝光/点击/CTR/CVR/ACOS/ROAS/活动清单
B0FLXZBDZB,PT4SGE19900,2026-W35,2026-W34,0.0,0.0,,0.0,0.0,,0.0,0.0,,,,,曝光/点击/CTR/CVR/ACOS/ROAS/活动清单
B0FLXZC36P,KC4SGE01600,2026-W35,2026-W34,0.0,0.0,,0.0,0.0,,0.0,0.0,,,,,曝光/点击/CTR/CVR/ACOS/ROAS/活动清单
B0FLXZWS2B,KC4SGE02400,2026-W35,2026-W34,0.0,0.0,,0.0,0.0,,0.0,0.0,,,,,曝光/点击/CTR/CVR/ACOS/ROAS/活动清单
B0FLY1BWD5,KX4SGE15400,2026-W35,2026-W34,1.0,0.0,N/A,1224.0,0.0,N/A,24.9,20.41,2.03,,,,曝光/点击/CTR/CVR/ACOS/ROAS/活动清单
B0FLY1FW2T,KC4PSP16400,2026-W35,2026-W34,0.0,0.0,,0.0,0.0,,0.0,0.0,,,,,曝光/点击/CTR/CVR/ACOS/ROAS/活动清单
B0FLY1MW81,KC4SGE05100,2026-W35,2026-W34,0.0,0.0,,0.0,0.0,,3.13,0.0,,,,,曝光/点击/CTR/CVR/ACOS/ROAS/活动清单
B0FLY1RDS5,KC4SGE04300,2026-W35,2026-W34,0.0,0.0,,0.0,0.0,,0.0,0.0,,,,,曝光/点击/CTR/CVR/ACOS/ROAS/活动清单
B0FLY1TWFX,KC4SGE05300,2026-W35,2026-W34,0.0,0.0,,0.0,0.0,,11.5,9.59,,,,,曝光/点击/CTR/CVR/ACOS/ROAS/活动清单
B0FLY1Z92N,KX4SGE12900,2026-W35,2026-W34,0.0,0.0,,0.0,0.0,,0.0,0.0,,,,,曝光/点击/CTR/CVR/ACOS/ROAS/活动清单
B0FLY1ZTCY,KX4SGE10100,2026-W35,2026-W34,0.0,0.0,,0.0,0.0,,0.0,0.0,,,,,曝光/点击/CTR/CVR/ACOS/ROAS/活动清单
B0FLY2466W,PT4SGE20300,2026-W35,2026-W34,0.0,0.0,,0.0,0.0,,0.0,0.0,,,,,曝光/点击/CTR/CVR/ACOS/ROAS/活动清单
B0FLY28YG6,PT4SGE18800,2026-W35,2026-W34,0.0,0.0,,0.0,0.0,,0.0,0.0,,,,,曝光/点击/CTR/CVR/ACOS/ROAS/活动清单
B0FLY2BV2N,KC4SGE01300,2026-W35,2026-W34,0.0,0.0,,0.0,0.0,,0.0,0.0,,,,,曝光/点击/CTR/CVR/ACOS/ROAS/活动清单
B0FLY2F8RS,KX4SGE12700,2026-W35,2026-W34,0.0,0.0,,0.0,0.0,,0.0,0.0,,,,,曝光/点击/CTR/CVR/ACOS/ROAS/活动清单
B0FLY2GTQK,KC4PSP18000,2026-W35,2026-W34,0.0,0.0,,0.0,0.0,,0.0,0.0,,,,,曝光/点击/CTR/CVR/ACOS/ROAS/活动清单
B0FLY2GTR9,KC4SGE02500,2026-W35,2026-W34,0.0,0.0,,0.0,0.0,,0.0,0.0,,,,,曝光/点击/CTR/CVR/ACOS/ROAS/活动清单
B0FLY2GZJL,PT4SGE19400,2026-W35,2026-W34,0.0,0.0,,0.0,0.0,,0.0,0.0,,,,,曝光/点击/CTR/CVR/ACOS/ROAS/活动清单
B0FLY2J9PM,PT4SGE22500,2026-W35,2026-W34,0.0,0.0,,0.0,0.0,,0.0,0.0,,,,,曝光/点击/CTR/CVR/ACOS/ROAS/活动清单
B0FLY2JP16,PT4SGE18400,2026-W35,2026-W34,0.0,0.0,,0.0,0.0,,0.0,0.0,,,,,曝光/点击/CTR/CVR/ACOS/ROAS/活动清单
B0FLY2KT3V,PT4SGE21400,2026-W35,2026-W34,0.0,0.0,,0.0,0.0,,0.0,0.0,,,,,曝光/点击/CTR/CVR/ACOS/ROAS/活动清单
B0FLY2M1P7,PT4SGE25800,2026-W35,2026-W34,0.0,0.0,,0.0,0.0,,0.0,0.0,,,,,曝光/点击/CTR/CVR/ACOS/ROAS/活动清单
B0FLY2PBTG,KX4SGE10700,2026-W35,2026-W34,0.0,0.0,,0.0,0.0,,0.0,0.0,,,,,曝光/点击/CTR/CVR/ACOS/ROAS/活动清单
B0FLY2RZS3,KC4PSP16200,2026-W35,2026-W34,0.0,0.0,,0.0,0.0,,0.0,0.0,,,,,曝光/点击/CTR/CVR/ACOS/ROAS/活动清单
B0FLY2W3KJ,PT4SGE18500,2026-W35,2026-W34,0.0,0.0,,0.0,0.0,,5.78,0.0,,,,,曝光/点击/CTR/CVR/ACOS/ROAS/活动清单
B0FLY2XPMB,KC4PSP17200,2026-W35,2026-W34,0.0,0.0,,0.0,0.0,,0.0,0.0,,,,,曝光/点击/CTR/CVR/ACOS/ROAS/活动清单
B0FLY31RNF,PT4SGE21100,2026-W35,2026-W34,0.0,0.0,,0.0,0.0,,0.0,0.0,,,,,曝光/点击/CTR/CVR/ACOS/ROAS/活动清单
B0FLY32TD9,PT4SGE19700,2026-W35,2026-W34,0.0,0.0,,0.0,0.0,,0.0,0.0,,,,,曝光/点击/CTR/CVR/ACOS/ROAS/活动清单
B0FLY32YDH,PT4SGE27300,2026-W35,2026-W34,0.0,0.0,,0.0,0.0,,0.0,0.0,,,,,曝光/点击/CTR/CVR/ACOS/ROAS/活动清单
B0FLY34QJX,PT4SGE24400,2026-W35,2026-W34,0.0,0.0,,0.0,0.0,,0.0,0.0,,,,,曝光/点击/CTR/CVR/ACOS/ROAS/活动清单
B0FLY35Z5B,PT4SGE28200,2026-W35,2026-W34,0.0,0.0,,0.0,0.0,,0.0,0.0,,,,,曝光/点击/CTR/CVR/ACOS/ROAS/活动清单
B0FLY36FK3,KC4PSP17700,2026-W35,2026-W34,0.0,0.0,,0.0,0.0,,0.0,0.0,,,,,曝光/点击/CTR/CVR/ACOS/ROAS/活动清单
B0FLY36KJ4,KX4SGE08900,2026-W35,2026-W34,0.0,0.0,,0.0,0.0,,0.0,0.0,,,,,曝光/点击/CTR/CVR/ACOS/ROAS/活动清单
B0FLY37LYN,PT4SGE20000,2026-W35,2026-W34,0.0,0.0,,0.0,0.0,,0.0,0.0,,,,,曝光/点击/CTR/CVR/ACOS/ROAS/活动清单
B0FLY37WMG,KX4SGE14900,2026-W35,2026-W34,0.0,0.0,,0.0,0.0,,0.0,0.0,,,,,曝光/点击/CTR/CVR/ACOS/ROAS/活动清单
B0FLY3D314,KC4PSP15800,2026-W35,2026-W34,0.0,0.0,,0.0,0.0,,0.0,0.0,,,,,曝光/点击/CTR/CVR/ACOS/ROAS/活动清单
B0FLY3D8C9,KX4SGE14700,2026-W35,2026-W34,0.0,0.0,,0.0,0.0,,0.0,0.0,,,,,曝光/点击/CTR/CVR/ACOS/ROAS/活动清单
B0FLY3F7FP,KC4SGE00800,2026-W35,2026-W34,0.0,0.0,,0.0,0.0,,0.0,0.0,,,,,曝光/点击/CTR/CVR/ACOS/ROAS/活动清单
B0FLY3FFWP,KC4PSP16600,2026-W35,2026-W34,0.0,0.0,,0.0,0.0,,0.0,0.0,,,,,曝光/点击/CTR/CVR/ACOS/ROAS/活动清单
B0FLY3GXTZ,KC4PSP16500,2026-W35,2026-W34,0.0,0.0,,0.0,0.0,,0.0,0.0,,,,,曝光/点击/CTR/CVR/ACOS/ROAS/活动清单
B0FLY3JV9J,KX4SGE12200,2026-W35,2026-W34,2.0,1.0,100.0,1876.8,938.4,100.0,0.0,30.54,0.0,3.25,-99.99,,曝光/点击/CTR/CVR/ACOS/ROAS/活动清单
B0FLY3JZ29,PT4SGE19600,2026-W35,2026-W34,0.0,0.0,,0.0,0.0,,0.0,0.0,,,,,曝光/点击/CTR/CVR/ACOS/ROAS/活动清单
B0FLY3NCF8,KC4SGE03500,2026-W35,2026-W34,0.0,0.0,,0.0,0.0,,0.0,0.0,,,,,曝光/点击/CTR/CVR/ACOS/ROAS/活动清单
B0FLY3NPJ7,KC4SGE05000,2026-W35,2026-W34,0.0,0.0,,0.0,0.0,,0.0,0.0,,,,,曝光/点击/CTR/CVR/ACOS/ROAS/活动清单
B0FLY3V5CQ,KC4PSP17100,2026-W35,2026-W34,0.0,0.0,,0.0,0.0,,0.0,0.0,,,,,曝光/点击/CTR/CVR/ACOS/ROAS/活动清单
B0FLY3VDV4,PT4SGE18700,2026-W35,2026-W34,0.0,0.0,,0.0,0.0,,2.04,4.42,,,,,曝光/点击/CTR/CVR/ACOS/ROAS/活动清单
B0FLY3VXF3,PT4SGE24000,2026-W35,2026-W34,0.0,0.0,,0.0,0.0,,0.0,0.0,,,,,曝光/点击/CTR/CVR/ACOS/ROAS/活动清单
B0FLY3W2K1,KX4SGE17700,2026-W35,2026-W34,0.0,0.0,,0.0,0.0,,0.0,0.0,,,,,曝光/点击/CTR/CVR/ACOS/ROAS/活动清单
B0FLY3WB8L,PT4SGE19500,2026-W35,2026-W34,0.0,0.0,,0.0,0.0,,0.0,0.0,,,,,曝光/点击/CTR/CVR/ACOS/ROAS/活动清单
B0FLY3X7MD,KX4SGE11100,2026-W35,2026-W34,0.0,0.0,,0.0,0.0,,0.0,0.0,,,,,曝光/点击/CTR/CVR/ACOS/ROAS/活动清单
B0FLY3Z4ZH,KC4SGE03100,2026-W35,2026-W34,0.0,0.0,,0.0,0.0,,0.0,0.0,,,,,曝光/点击/CTR/CVR/ACOS/ROAS/活动清单
B0FLY42612,KC4PSP16000,2026-W35,2026-W34,0.0,0.0,,0.0,0.0,,0.0,0.0,,,,,曝光/点击/CTR/CVR/ACOS/ROAS/活动清单
B0FLY42TVV,KX4SGE12600,2026-W35,2026-W34,0.0,0.0,,0.0,0.0,,0.0,0.0,,,,,曝光/点击/CTR/CVR/ACOS/ROAS/活动清单
B0FLY43CDC,KC4PSP17000,2026-W35,2026-W34,0.0,0.0,,0.0,0.0,,0.0,0.0,,,,,曝光/点击/CTR/CVR/ACOS/ROAS/活动清单
B0FLY447MD,KX4SGE13500,2026-W35,2026-W34,0.0,0.0,,0.0,0.0,,0.0,0.0,,,,,曝光/点击/CTR/CVR/ACOS/ROAS/活动清单
B0FLY452DR,KC4SGE00900,2026-W35,2026-W34,0.0,0.0,,0.0,0.0,,0.0,0.0,,,,,曝光/点击/CTR/CVR/ACOS/ROAS/活动清单
B0FLY46423,KX4SGE12400,2026-W35,2026-W34,0.0,0.0,,0.0,0.0,,0.0,0.0,,,,,曝光/点击/CTR/CVR/ACOS/ROAS/活动清单
B0FLY467RB,KX4SGE18000,2026-W35,2026-W34,0.0,0.0,,0.0,0.0,,14.55,0.0,,,,,曝光/点击/CTR/CVR/ACOS/ROAS/活动清单
B0FLY46QRH,KX4SGE11700,2026-W35,2026-W34,0.0,0.0,,0.0,0.0,,0.0,0.0,,,,,曝光/点击/CTR/CVR/ACOS/ROAS/活动清单
B0FLY481FD,KX4SGE10200,2026-W35,2026-W34,0.0,0.0,,0.0,0.0,,0.0,0.0,,,,,曝光/点击/CTR/CVR/ACOS/ROAS/活动清单
B0FLY482KW,KC4SGE01500,2026-W35,2026-W34,0.0,0.0,,0.0,0.0,,0.0,0.0,,,,,曝光/点击/CTR/CVR/ACOS/ROAS/活动清单
B0FLY48FKB,KC4SGE00100,2026-W35,2026-W34,0.0,0.0,,0.0,0.0,,0.0,0.0,,,,,曝光/点击/CTR/CVR/ACOS/ROAS/活动清单
B0FLY49L3D,KC4SGE03900,2026-W35,2026-W34,0.0,0.0,,0.0,0.0,,0.0,0.0,,,,,曝光/点击/CTR/CVR/ACOS/ROAS/活动清单
B0FLY49XQF,PT4SGE23700,2026-W35,2026-W34,0.0,0.0,,0.0,0.0,,0.0,0.0,,,,,曝光/点击/CTR/CVR/ACOS/ROAS/活动清单
B0FLY4BKT4,KC4PSP17300,2026-W35,2026-W34,0.0,0.0,,0.0,0.0,,0.0,0.0,,,,,曝光/点击/CTR/CVR/ACOS/ROAS/活动清单
B0FLY4DW72,KC4SGE04600,2026-W35,2026-W34,0.0,0.0,,0.0,0.0,,0.0,0.0,,,,,曝光/点击/CTR/CVR/ACOS/ROAS/活动清单
B0FLY4FLYR,KX4SGE16800,2026-W35,2026-W34,1.0,0.0,N/A,782.0,0.0,N/A,22.31,3.13,2.85,,,,曝光/点击/CTR/CVR/ACOS/ROAS/活动清单
B0FLY4GPSN,KX4SGE17100,2026-W35,2026-W34,0.0,0.0,,0.0,0.0,,0.0,0.0,,,,,曝光/点击/CTR/CVR/ACOS/ROAS/活动清单
B0FLY4HB7G,KC4SGE03300,2026-W35,2026-W34,0.0,0.0,,0.0,0.0,,0.0,0.0,,,,,曝光/点击/CTR/CVR/ACOS/ROAS/活动清单
B0FLY4HY86,PT4SGE27600,2026-W35,2026-W34,0.0,0.0,,0.0,0.0,,0.0,0.0,,,,,曝光/点击/CTR/CVR/ACOS/ROAS/活动清单
B0FLY4J24Z,PT4SGE26100,2026-W35,2026-W34,2.0,0.0,N/A,1550.4,0.0,N/A,24.08,11.02,1.55,,,,曝光/点击/CTR/CVR/ACOS/ROAS/活动清单
B0FLY4J8Y4,KC4PSP17500,2026-W35,2026-W34,0.0,0.0,,0.0,0.0,,0.0,3.27,,,,,曝光/点击/CTR/CVR/ACOS/ROAS/活动清单
B0FLY4JKWH,KC4SGE03200,2026-W35,2026-W34,0.0,2.0,-100.0,0.0,3264.0,-100.0,0.0,0.0,,0.0,,单量下滑≥20%；销售额下滑≥20%,曝光/点击/CTR/CVR/ACOS/ROAS/活动清单
B0FLY4KQY3,KC4SGE01400,2026-W35,2026-W34,0.0,0.0,,0.0,0.0,,0.0,0.0,,,,,曝光/点击/CTR/CVR/ACOS/ROAS/活动清单
B0FLY4LDG3,KC4SGE04700,2026-W35,2026-W34,0.0,0.0,,0.0,0.0,,0.0,0.0,,,,,曝光/点击/CTR/CVR/ACOS/ROAS/活动清单
B0FLY4LHCC,PT4SGE25400,2026-W35,2026-W34,0.0,0.0,,0.0,0.0,,0.0,0.0,,,,,曝光/点击/CTR/CVR/ACOS/ROAS/活动清单
B0FLY4LLPN,PT4SGE23300,2026-W35,2026-W34,0.0,0.0,,0.0,0.0,,5.99,9.18,,,,,曝光/点击/CTR/CVR/ACOS/ROAS/活动清单
B0FLY4PR4R,KC4SGE00400,2026-W35,2026-W34,0.0,0.0,,0.0,0.0,,0.0,0.0,,,,,曝光/点击/CTR/CVR/ACOS/ROAS/活动清单
B0FLY4RF9P,KX4SGE09700,2026-W35,2026-W34,0.0,0.0,,0.0,0.0,,0.0,0.0,,,,,曝光/点击/CTR/CVR/ACOS/ROAS/活动清单
B0FLY4V89X,KC4SGE02900,2026-W35,2026-W34,0.0,0.0,,0.0,0.0,,0.0,0.0,,,,,曝光/点击/CTR/CVR/ACOS/ROAS/活动清单
B0FLY4VYM2,KX4SGE08600,2026-W35,2026-W34,0.0,0.0,,0.0,0.0,,0.0,0.0,,,,,曝光/点击/CTR/CVR/ACOS/ROAS/活动清单
B0FLY4WF5X,KX4SGE08300,2026-W35,2026-W34,0.0,0.0,,0.0,0.0,,0.0,0.0,,,,,曝光/点击/CTR/CVR/ACOS/ROAS/活动清单
B0FLY4WPS4,KX4SGE17300,2026-W35,2026-W34,0.0,0.0,,0.0,0.0,,0.0,0.0,,,,,曝光/点击/CTR/CVR/ACOS/ROAS/活动清单
B0FLY517CP,KC4PSP17800,2026-W35,2026-W34,0.0,0.0,,0.0,0.0,,0.0,0.0,,,,,曝光/点击/CTR/CVR/ACOS/ROAS/活动清单
B0FLY51YPT,KC4SGE00600,2026-W35,2026-W34,0.0,0.0,,0.0,0.0,,0.0,0.0,,,,,曝光/点击/CTR/CVR/ACOS/ROAS/活动清单
B0FLY52DK8,KC4SGE00700,2026-W35,2026-W34,0.0,0.0,,0.0,0.0,,0.0,0.0,,,,,曝光/点击/CTR/CVR/ACOS/ROAS/活动清单
B0FLY54LZQ,KC4SGE03000,2026-W35,2026-W34,0.0,0.0,,0.0,0.0,,0.0,0.0,,,,,曝光/点击/CTR/CVR/ACOS/ROAS/活动清单
B0FLY54TRB,KC4SGE01000,2026-W35,2026-W34,0.0,0.0,,0.0,0.0,,0.0,0.0,,,,,曝光/点击/CTR/CVR/ACOS/ROAS/活动清单
B0FLY56QLT,PT4SGE25600,2026-W35,2026-W34,0.0,0.0,,0.0,0.0,,0.0,0.0,,,,,曝光/点击/CTR/CVR/ACOS/ROAS/活动清单
B0FLY5D7G9,KX4SGE09100,2026-W35,2026-W34,0.0,0.0,,0.0,0.0,,0.0,0.0,,,,,曝光/点击/CTR/CVR/ACOS/ROAS/活动清单
B0FLY5HJBM,KC4SGE01800,2026-W35,2026-W34,0.0,0.0,,0.0,0.0,,0.0,0.0,,,,,曝光/点击/CTR/CVR/ACOS/ROAS/活动清单
B0FLY5KJMG,PT4SGE26600,2026-W35,2026-W34,0.0,0.0,,0.0,0.0,,0.0,0.0,,,,,曝光/点击/CTR/CVR/ACOS/ROAS/活动清单
B0FLY5KZV2,PT4SGE22700,2026-W35,2026-W34,0.0,0.0,,0.0,0.0,,0.0,0.0,,,,,曝光/点击/CTR/CVR/ACOS/ROAS/活动清单
B0FLY5LBB8,KC4SGE01100,2026-W35,2026-W34,0.0,0.0,,0.0,0.0,,0.0,0.0,,,,,曝光/点击/CTR/CVR/ACOS/ROAS/活动清单
B0FLY5M38Y,PT4SGE24600,2026-W35,2026-W34,0.0,0.0,,0.0,0.0,,0.0,0.0,,,,,曝光/点击/CTR/CVR/ACOS/ROAS/活动清单
B0FLY5P3B6,KX4SGE14500,2026-W35,2026-W34,0.0,0.0,,0.0,0.0,,0.0,0.0,,,,,曝光/点击/CTR/CVR/ACOS/ROAS/活动清单
B0FLY5Q2JY,KC4SGE05400,2026-W35,2026-W34,0.0,0.0,,0.0,0.0,,0.0,0.0,,,,,曝光/点击/CTR/CVR/ACOS/ROAS/活动清单
B0FLY5QBRL,KC4SGE01200,2026-W35,2026-W34,0.0,0.0,,0.0,0.0,,0.0,0.0,,,,,曝光/点击/CTR/CVR/ACOS/ROAS/活动清单
B0FLY5RYYD,KC4SGE00300,2026-W35,2026-W34,0.0,0.0,,0.0,0.0,,0.0,0.0,,,,,曝光/点击/CTR/CVR/ACOS/ROAS/活动清单
B0FLY5V2G8,KX4SGE17200,2026-W35,2026-W34,0.0,0.0,,0.0,0.0,,0.0,0.0,,,,,曝光/点击/CTR/CVR/ACOS/ROAS/活动清单
B0FLY5WTN1,KX4SGE07900,2026-W35,2026-W34,0.0,0.0,,0.0,0.0,,6.12,22.65,,,,,曝光/点击/CTR/CVR/ACOS/ROAS/活动清单
B0FLY5YYVX,PT4SGE18600,2026-W35,2026-W34,0.0,0.0,,0.0,0.0,,0.0,0.0,,,,,曝光/点击/CTR/CVR/ACOS/ROAS/活动清单
B0FLY5Z19R,PT4SGE27800,2026-W35,2026-W34,0.0,0.0,,0.0,0.0,,0.0,0.0,,,,,曝光/点击/CTR/CVR/ACOS/ROAS/活动清单
B0FLY619LM,PT4SGE26500,2026-W35,2026-W34,0.0,0.0,,0.0,0.0,,0.0,0.0,,,,,曝光/点击/CTR/CVR/ACOS/ROAS/活动清单
B0FLY635CP,KX4SGE09200,2026-W35,2026-W34,0.0,0.0,,0.0,0.0,,0.0,0.0,,,,,曝光/点击/CTR/CVR/ACOS/ROAS/活动清单
B0FLY63STB,KX4SGE08100,2026-W35,2026-W34,0.0,0.0,,0.0,0.0,,0.0,0.41,,,,,曝光/点击/CTR/CVR/ACOS/ROAS/活动清单
B0FLY63Z5L,PT4SGE22800,2026-W35,2026-W34,0.0,0.0,,0.0,0.0,,0.0,0.0,,,,,曝光/点击/CTR/CVR/ACOS/ROAS/活动清单
B0FLY648TN,PT4SGE19100,2026-W35,2026-W34,1.0,0.0,N/A,578.0,0.0,N/A,13.61,50.53,2.35,,,,曝光/点击/CTR/CVR/ACOS/ROAS/活动清单
B0FLY6582J,KX4SGE17400,2026-W35,2026-W34,0.0,0.0,,0.0,0.0,,0.0,0.0,,,,,曝光/点击/CTR/CVR/ACOS/ROAS/活动清单
B0FLY67HZ7,PT4SGE26000,2026-W35,2026-W34,0.0,0.0,,0.0,0.0,,0.0,0.0,,,,,曝光/点击/CTR/CVR/ACOS/ROAS/活动清单
B0FLY6GXC8,PT4SGE27700,2026-W35,2026-W34,0.0,0.0,,0.0,0.0,,0.0,0.0,,,,,曝光/点击/CTR/CVR/ACOS/ROAS/活动清单
B0FLY6M65F,KC4SGE01700,2026-W35,2026-W34,0.0,0.0,,0.0,0.0,,0.0,0.0,,,,,曝光/点击/CTR/CVR/ACOS/ROAS/活动清单
B0FLY6SC71,PT4SGE19200,2026-W35,2026-W34,1.0,0.0,N/A,686.8,0.0,N/A,0.0,0.0,0.0,,,,曝光/点击/CTR/CVR/ACOS/ROAS/活动清单
B0FLY76M8N,KX4SGE16700,2026-W35,2026-W34,0.0,0.0,,0.0,0.0,,2.65,3.54,,,,,曝光/点击/CTR/CVR/ACOS/ROAS/活动清单
B0FLY773XG,KC4PSP16300,2026-W35,2026-W34,0.0,3.0,-100.0,0.0,3937.2,-100.0,0.01,35.71,,0.91,,单量下滑≥20%；销售额下滑≥20%,曝光/点击/CTR/CVR/ACOS/ROAS/活动清单
B0FLY7Y3ZS,KC4SGE04800,2026-W35,2026-W34,0.0,0.0,,0.0,0.0,,7.76,19.11,,,,,曝光/点击/CTR/CVR/ACOS/ROAS/活动清单
B0FLY7ZZXZ,KX4SGE08200,2026-W35,2026-W34,0.0,0.0,,0.0,0.0,,0.0,0.0,,,,,曝光/点击/CTR/CVR/ACOS/ROAS/活动清单
B0FLY84VCJ,KX4SGE10300,2026-W35,2026-W34,0.0,0.0,,0.0,0.0,,0.0,0.0,,,,,曝光/点击/CTR/CVR/ACOS/ROAS/活动清单
B0FLY89DF8,PT4SGE28100,2026-W35,2026-W34,0.0,0.0,,0.0,0.0,,0.0,0.0,,,,,曝光/点击/CTR/CVR/ACOS/ROAS/活动清单
B0FQP5BQ2Q,PT4SGE24400,2026-W35,2026-W34,0.0,0.0,,0.0,0.0,,5.78,0.0,,,,,曝光/点击/CTR/CVR/ACOS/ROAS/活动清单
B0FQP666B6,PT4SGE18300,2026-W35,2026-W34,0.0,0.0,,0.0,0.0,,3.06,0.0,,,,,曝光/点击/CTR/CVR/ACOS/ROAS/活动清单
B0FQP6BVPQ,KC4PSP16300,2026-W35,2026-W34,0.0,0.0,,0.0,0.0,,0.0,0.0,,,,,曝光/点击/CTR/CVR/ACOS/ROAS/活动清单
B0FQP738Z5,PT4SGE18600,2026-W35,2026-W34,0.0,0.0,,0.0,0.0,,0.0,0.0,,,,,曝光/点击/CTR/CVR/ACOS/ROAS/活动清单
B0FQP7C3MN,KX4SGE08500,2026-W35,2026-W34,0.0,0.0,,0.0,0.0,,0.0,0.0,,,,,曝光/点击/CTR/CVR/ACOS/ROAS/活动清单
B0FQPFJXQ1,KC4PSP17000,2026-W35,2026-W34,0.0,0.0,,0.0,0.0,,0.0,0.0,,,,,曝光/点击/CTR/CVR/ACOS/ROAS/活动清单
B0FQPGCCXD,KX4SGE07900,2026-W35,2026-W34,0.0,0.0,,0.0,0.0,,0.0,0.0,,,,,曝光/点击/CTR/CVR/ACOS/ROAS/活动清单
B0FQPJ8B21,PT4SGE23400,2026-W35,2026-W34,0.0,0.0,,0.0,0.0,,3.74,5.78,,,,,曝光/点击/CTR/CVR/ACOS/ROAS/活动清单
B0FQQ4LTHV,KC4SGE00700,2026-W35,2026-W34,0.0,0.0,,0.0,0.0,,0.0,11.7,,,,,曝光/点击/CTR/CVR/ACOS/ROAS/活动清单
B0FQQSL51N,KC4SGE00900,2026-W35,2026-W34,0.0,0.0,,0.0,0.0,,0.0,0.0,,,,,曝光/点击/CTR/CVR/ACOS/ROAS/活动清单
B0G2BRNN1K,KC4PSP16100,2026-W35,2026-W34,0.0,0.0,,0.0,0.0,,2.04,0.0,,,,,曝光/点击/CTR/CVR/ACOS/ROAS/活动清单
B0G2BTBPYN,KX4SGE08200,2026-W35,2026-W34,0.0,0.0,,0.0,0.0,,0.0,0.0,,,,,曝光/点击/CTR/CVR/ACOS/ROAS/活动清单
B0G2BY8ZV2,KC4SGE02800,2026-W35,2026-W34,0.0,0.0,,0.0,0.0,,0.0,0.0,,,,,曝光/点击/CTR/CVR/ACOS/ROAS/活动清单
B0G2C17JDG,PT4SGE18600,2026-W35,2026-W34,0.0,1.0,-100.0,0.0,598.4,-100.0,5.17,5.99,,1.0,,单量下滑≥20%；销售额下滑≥20%,曝光/点击/CTR/CVR/ACOS/ROAS/活动清单
B0G3N75T6W,KC4SGE00200,2026-W35,2026-W34,0.0,0.0,,0.0,0.0,,0.0,0.0,,,,,曝光/点击/CTR/CVR/ACOS/ROAS/活动清单
B0G3NB921T,PT4SGE27800,2026-W35,2026-W34,0.0,0.0,,0.0,0.0,,0.0,0.0,,,,,曝光/点击/CTR/CVR/ACOS/ROAS/活动清单
B0G3NCNKJ9,KC4SGE01800,2026-W35,2026-W34,0.0,0.0,,0.0,0.0,,0.0,0.0,,,,,曝光/点击/CTR/CVR/ACOS/ROAS/活动清单
B0G7HT21MV,KX4SGE10900,2026-W35,2026-W34,0.0,0.0,,0.0,0.0,,0.0,0.0,,,,,曝光/点击/CTR/CVR/ACOS/ROAS/活动清单
B0G7HT2H8V,KX4SGE08100,2026-W35,2026-W34,0.0,0.0,,0.0,0.0,,5.1,4.49,,,,,曝光/点击/CTR/CVR/ACOS/ROAS/活动清单
B0G7J4KXRC,KC4PSP15900,2026-W35,2026-W34,0.0,0.0,,0.0,0.0,,0.0,0.0,,,,,曝光/点击/CTR/CVR/ACOS/ROAS/活动清单
B0G7J4KXT9,KC4SGE00900,2026-W35,2026-W34,0.0,1.0,-100.0,0.0,1685.58,-100.0,0.01,6.94,,0.41,,单量下滑≥20%；销售额下滑≥20%,曝光/点击/CTR/CVR/ACOS/ROAS/活动清单
B0G7J4NXJP,KC4PSP17700,2026-W35,2026-W34,0.0,0.0,,0.0,0.0,,0.0,9.39,,,,,曝光/点击/CTR/CVR/ACOS/ROAS/活动清单
B0G7JBPQVX,KC4SGE01800,2026-W35,2026-W34,0.0,0.0,,0.0,0.0,,0.0,0.0,,,,,曝光/点击/CTR/CVR/ACOS/ROAS/活动清单
B0G7JCDQJT,PT4SGE21900,2026-W35,2026-W34,0.0,0.0,,0.0,0.0,,0.0,3.26,,,,,曝光/点击/CTR/CVR/ACOS/ROAS/活动清单
B0G7JFKKVT,KC4SGE04100,2026-W35,2026-W34,0.0,0.0,,0.0,0.0,,0.0,0.0,,,,,曝光/点击/CTR/CVR/ACOS/ROAS/活动清单
B0G7JFNSJF,PT4SGE26300,2026-W35,2026-W34,0.0,0.0,,0.0,0.0,,2.73,5.79,,,,,曝光/点击/CTR/CVR/ACOS/ROAS/活动清单
B0G7JHVH43,PT4SGE26800,2026-W35,2026-W34,0.0,0.0,,0.0,0.0,,0.0,0.0,,,,,曝光/点击/CTR/CVR/ACOS/ROAS/活动清单
B0G7JL5X1V,KX4SGE12700,2026-W35,2026-W34,0.0,0.0,,0.0,0.0,,0.0,0.0,,,,,曝光/点击/CTR/CVR/ACOS/ROAS/活动清单
B0G7JLC1HH,PT4SGE18800,2026-W35,2026-W34,0.0,0.0,,0.0,0.0,,0.0,0.0,,,,,曝光/点击/CTR/CVR/ACOS/ROAS/活动清单
B0G7JLMTGR,KC4SGE05300,2026-W35,2026-W34,0.0,0.0,,0.0,0.0,,2.72,3.27,,,,,曝光/点击/CTR/CVR/ACOS/ROAS/活动清单
B0G7JMS6RP,PT4SGE28200,2026-W35,2026-W34,0.0,0.0,,0.0,0.0,,3.06,10.47,,,,,曝光/点击/CTR/CVR/ACOS/ROAS/活动清单
B0G7JVVRK2,KX4SGE17300,2026-W35,2026-W34,0.0,1.0,-100.0,0.0,1217.13,-100.0,0.0,9.86,,0.81,,单量下滑≥20%；销售额下滑≥20%,曝光/点击/CTR/CVR/ACOS/ROAS/活动清单
B0G7JWTSN6,KX4SGE12900,2026-W35,2026-W34,0.0,0.0,,0.0,0.0,,11.7,0.0,,,,,曝光/点击/CTR/CVR/ACOS/ROAS/活动清单
B0G7K7V3RD,KC4SGE03100,2026-W35,2026-W34,0.0,1.0,-100.0,0.0,1590.25,-100.0,0.0,5.31,,0.33,,单量下滑≥20%；销售额下滑≥20%,曝光/点击/CTR/CVR/ACOS/ROAS/活动清单
B0G7KF2FB2,PT4SGE18700,2026-W35,2026-W34,0.0,0.0,,0.0,0.0,,0.0,9.18,,,,,曝光/点击/CTR/CVR/ACOS/ROAS/活动清单
B0G7KGXP7B,KC4PSP16300,2026-W35,2026-W34,0.0,0.0,,0.0,0.0,,0.0,0.0,,,,,曝光/点击/CTR/CVR/ACOS/ROAS/活动清单
B0G7KKJQ5H,KX4SGE17700,2026-W35,2026-W34,0.0,0.0,,0.0,0.0,,0.0,0.41,,,,,曝光/点击/CTR/CVR/ACOS/ROAS/活动清单
B0G7KM1PKV,KC4SGE02700,2026-W35,2026-W34,0.0,0.0,,0.0,0.0,,0.61,3.27,,,,,曝光/点击/CTR/CVR/ACOS/ROAS/活动清单
B0GCLN66DN,KC4SGE03100,2026-W35,2026-W34,0.0,0.0,,0.0,0.0,,0.0,3.74,,,,,曝光/点击/CTR/CVR/ACOS/ROAS/活动清单
B0GCLNMCXZ,KC4SGE05500,2026-W35,2026-W34,0.0,0.0,,0.0,0.0,,3.26,0.0,,,,,曝光/点击/CTR/CVR/ACOS/ROAS/活动清单
B0GCLNT37B,KC4PSP16600,2026-W35,2026-W34,0.0,0.0,,0.0,0.0,,0.0,7.14,,,,,曝光/点击/CTR/CVR/ACOS/ROAS/活动清单
B0GCM38QK4,PT4SGE24700,2026-W35,2026-W34,1.0,0.0,N/A,1387.13,0.0,N/A,2.72,3.06,0.2,,,,曝光/点击/CTR/CVR/ACOS/ROAS/活动清单
B0GCM4SZ8D,PT4SGE24100,2026-W35,2026-W34,4.0,2.0,100.0,6473.33,3236.66,100.0,29.59,18.84,0.46,0.58,-21.49,,曝光/点击/CTR/CVR/ACOS/ROAS/活动清单
B0GCM51F8V,KC4PSP16600,2026-W35,2026-W34,0.0,4.0,-100.0,0.0,3318.4,-100.0,0.0,3.4,,0.1,,单量下滑≥20%；销售额下滑≥20%,曝光/点击/CTR/CVR/ACOS/ROAS/活动清单
B0GCMDW1JT,KX4SGE11700,2026-W35,2026-W34,0.0,0.0,,0.0,0.0,,0.0,6.67,,,,,曝光/点击/CTR/CVR/ACOS/ROAS/活动清单
B0GCMFMTPB,KC4SGE01800,2026-W35,2026-W34,0.0,0.0,,0.0,0.0,,0.0,0.0,,,,,曝光/点击/CTR/CVR/ACOS/ROAS/活动清单
B0GCMGPV1W,KC4PSP16900,2026-W35,2026-W34,0.0,0.0,,0.0,0.0,,86.45,84.95,,,,,曝光/点击/CTR/CVR/ACOS/ROAS/活动清单
B0GCMM1G3Z,KC4PSP16900,2026-W35,2026-W34,0.0,0.0,,0.0,0.0,,0.0,0.0,,,,,曝光/点击/CTR/CVR/ACOS/ROAS/活动清单
B0GCMSMYTT,KC4SGE04600,2026-W35,2026-W34,0.0,0.0,,0.0,0.0,,1.9,0.0,,,,,曝光/点击/CTR/CVR/ACOS/ROAS/活动清单
B0GCMTMPTY,KC4SGE05400,2026-W35,2026-W34,0.0,0.0,,0.0,0.0,,0.0,3.13,,,,,曝光/点击/CTR/CVR/ACOS/ROAS/活动清单
B0GCN4Q5WQ,KC4SGE04300,2026-W35,2026-W34,0.0,0.0,,0.0,0.0,,0.0,0.0,,,,,曝光/点击/CTR/CVR/ACOS/ROAS/活动清单
B0GCN5PMDG,PT4SGE22500,2026-W35,2026-W34,0.0,0.0,,0.0,0.0,,1.02,0.0,,,,,曝光/点击/CTR/CVR/ACOS/ROAS/活动清单
B0GCNDR2G5,KX4SGE08500,2026-W35,2026-W34,0.0,0.0,,0.0,0.0,,5.1,2.72,,,,,曝光/点击/CTR/CVR/ACOS/ROAS/活动清单
B0GCNX9YLW,PT4SGE24100,2026-W35,2026-W34,0.0,0.0,,0.0,0.0,,10.4,0.0,,,,,曝光/点击/CTR/CVR/ACOS/ROAS/活动清单
B0GCYHLH13,KC4SGE05000,2026-W35,2026-W34,0.0,0.0,,0.0,0.0,,3.26,0.0,,,,,曝光/点击/CTR/CVR/ACOS/ROAS/活动清单
B0GHYMNFKR,KX4SGE17300,2026-W35,2026-W34,0.0,0.0,,0.0,0.0,,0.0,0.0,,,,,曝光/点击/CTR/CVR/ACOS/ROAS/活动清单
B0GHYTGJ93,KX4SGE13200,2026-W35,2026-W34,0.0,0.0,,0.0,0.0,,0.0,0.0,,,,,曝光/点击/CTR/CVR/ACOS/ROAS/活动清单
B0GHYZWJKB,KC4PSP16600,2026-W35,2026-W34,0.0,0.0,,0.0,0.0,,0.0,0.0,,,,,曝光/点击/CTR/CVR/ACOS/ROAS/活动清单
B0GHZ2H7L3,KC4PSP17800,2026-W35,2026-W34,0.0,0.0,,0.0,0.0,,0.0,0.0,,,,,曝光/点击/CTR/CVR/ACOS/ROAS/活动清单
B0GHZCCP58,OO4SGE37000,2026-W35,2026-W34,0.0,0.0,,0.0,0.0,,11.22,0.0,,,,,曝光/点击/CTR/CVR/ACOS/ROAS/活动清单
B0GJ2LP3NS,OO4SGE37000,2026-W35,2026-W34,0.0,0.0,,0.0,0.0,,9.32,6.53,,,,,曝光/点击/CTR/CVR/ACOS/ROAS/活动清单
B0GQZ1RZM9,KC4PSP16400,2026-W35,2026-W34,0.0,0.0,,0.0,0.0,,0.0,6.94,,,,,曝光/点击/CTR/CVR/ACOS/ROAS/活动清单
B0GQZ2QPKT,PT4SGE21100,2026-W35,2026-W34,0.0,0.0,,0.0,0.0,,7.55,0.41,,,,,曝光/点击/CTR/CVR/ACOS/ROAS/活动清单
B0GQZ3245R,PT4SGE23400,2026-W35,2026-W34,0.0,0.0,,0.0,0.0,,7.48,3.4,,,,,曝光/点击/CTR/CVR/ACOS/ROAS/活动清单
B0GQZ3DG39,KC4PSP17800,2026-W35,2026-W34,0.0,0.0,,0.0,0.0,,0.0,4.08,,,,,曝光/点击/CTR/CVR/ACOS/ROAS/活动清单
B0GQZ3FQDS,KX4SGE09700,2026-W35,2026-W34,0.0,0.0,,0.0,0.0,,0.0,0.0,,,,,曝光/点击/CTR/CVR/ACOS/ROAS/活动清单
B0GQZ4J7Y3,KX4SGE08000,2026-W35,2026-W34,0.0,0.0,,0.0,0.0,,0.0,0.0,,,,,曝光/点击/CTR/CVR/ACOS/ROAS/活动清单
B0GQZ56VB2,KC4SGE00600,2026-W35,2026-W34,1.0,0.0,N/A,1666.0,0.0,N/A,11.7,0.0,0.7,,,,曝光/点击/CTR/CVR/ACOS/ROAS/活动清单
B0GQZ57Y5J,KC4SGE00400,2026-W35,2026-W34,0.0,0.0,,0.0,0.0,,0.0,0.0,,,,,曝光/点击/CTR/CVR/ACOS/ROAS/活动清单
B0GQZ5R5M4,KC4SGE01500,2026-W35,2026-W34,0.0,0.0,,0.0,0.0,,4.56,0.0,,,,,曝光/点击/CTR/CVR/ACOS/ROAS/活动清单
B0GQZ5T8T1,PT4SGE23200,2026-W35,2026-W34,0.0,0.0,,0.0,0.0,,0.0,3.06,,,,,曝光/点击/CTR/CVR/ACOS/ROAS/活动清单
B0GQZ5WZFL,KC4SGE02700,2026-W35,2026-W34,0.0,0.0,,0.0,0.0,,12.85,5.78,,,,,曝光/点击/CTR/CVR/ACOS/ROAS/活动清单
B0GQZ5YHNS,PT4SGE19400,2026-W35,2026-W34,0.0,1.0,-100.0,0.0,918.0,-100.0,0.0,5.24,,0.57,,单量下滑≥20%；销售额下滑≥20%,曝光/点击/CTR/CVR/ACOS/ROAS/活动清单
B0GQZ61FG1,KC4SGE00800,2026-W35,2026-W34,0.0,0.0,,0.0,0.0,,0.0,0.0,,,,,曝光/点击/CTR/CVR/ACOS/ROAS/活动清单
B0GQZ61J8N,KC4PSP18200,2026-W35,2026-W34,1.0,0.0,N/A,1353.2,0.0,N/A,20.41,10.27,1.51,,,,曝光/点击/CTR/CVR/ACOS/ROAS/活动清单
B0GQZ66J1B,KC4PSP17100,2026-W35,2026-W34,0.0,0.0,,0.0,0.0,,4.08,10.88,,,,,曝光/点击/CTR/CVR/ACOS/ROAS/活动清单
B0GQZ68DTZ,KX4SGE09200,2026-W35,2026-W34,0.0,8.0,-100.0,0.0,9193.6,-100.0,0.01,59.92,,0.65,,单量下滑≥20%；销售额下滑≥20%,曝光/点击/CTR/CVR/ACOS/ROAS/活动清单
B0GQZ6KTDJ,KC4SGE03700,2026-W35,2026-W34,0.0,0.0,,0.0,0.0,,0.0,0.0,,,,,曝光/点击/CTR/CVR/ACOS/ROAS/活动清单
B0GQZ6L1DY,KX4SGE09300,2026-W35,2026-W34,0.0,0.0,,0.0,0.0,,0.0,3.13,,,,,曝光/点击/CTR/CVR/ACOS/ROAS/活动清单
B0GQZ7P26X,KC4SGE01000,2026-W35,2026-W34,0.0,0.0,,0.0,0.0,,9.25,2.72,,,,,曝光/点击/CTR/CVR/ACOS/ROAS/活动清单
B0GQZ7SP9P,PT4SGE22200,2026-W35,2026-W34,0.0,0.0,,0.0,0.0,,0.0,0.0,,,,,曝光/点击/CTR/CVR/ACOS/ROAS/活动清单
B0GQZ8BTP9,KC4PSP17700,2026-W35,2026-W34,1.0,0.0,N/A,1054.0,0.0,N/A,22.92,13.33,2.17,,,,曝光/点击/CTR/CVR/ACOS/ROAS/活动清单
B0GQZ8FW2P,KC4PSP15900,2026-W35,2026-W34,0.0,0.0,,0.0,0.0,,8.84,1.7,,,,,曝光/点击/CTR/CVR/ACOS/ROAS/活动清单
B0GQZ8T7R1,KC4SGE02400,2026-W35,2026-W34,0.0,1.0,-100.0,0.0,1128.8,-100.0,3.13,6.53,,0.58,,单量下滑≥20%；销售额下滑≥20%,曝光/点击/CTR/CVR/ACOS/ROAS/活动清单
B0GQZ8VJFR,KC4SGE04100,2026-W35,2026-W34,0.0,0.0,,0.0,0.0,,9.45,0.0,,,,,曝光/点击/CTR/CVR/ACOS/ROAS/活动清单
B0GQZ8YXLD,KX4SGE11100,2026-W35,2026-W34,0.0,0.0,,0.0,0.0,,0.0,7.28,,,,,曝光/点击/CTR/CVR/ACOS/ROAS/活动清单
B0GQZB7LVN,KC4PSP16600,2026-W35,2026-W34,0.0,0.0,,0.0,0.0,,15.51,17.69,,,,,曝光/点击/CTR/CVR/ACOS/ROAS/活动清单
B0GQZB7W6N,KX4SGE12100,2026-W35,2026-W34,0.0,0.0,,0.0,0.0,,34.69,22.38,,,,,曝光/点击/CTR/CVR/ACOS/ROAS/活动清单
B0GQZB98RM,KC4SGE02800,2026-W35,2026-W34,0.0,0.0,,0.0,0.0,,0.0,0.0,,,,,曝光/点击/CTR/CVR/ACOS/ROAS/活动清单
B0GQZBFLBD,KC4SGE00200,2026-W35,2026-W34,0.0,0.0,,0.0,0.0,,12.24,0.0,,,,,曝光/点击/CTR/CVR/ACOS/ROAS/活动清单
B0GQZBFSJX,PT4SGE19300,2026-W35,2026-W34,0.0,0.0,,0.0,0.0,,7.82,0.0,,,,,曝光/点击/CTR/CVR/ACOS/ROAS/活动清单
B0GQZBGPHP,KC4SGE00300,2026-W35,2026-W34,0.0,0.0,,0.0,0.0,,0.0,2.59,,,,,曝光/点击/CTR/CVR/ACOS/ROAS/活动清单
B0GQZBJHLY,KX4SGE08900,2026-W35,2026-W34,0.0,0.0,,0.0,0.0,,3.06,0.0,,,,,曝光/点击/CTR/CVR/ACOS/ROAS/活动清单
B0GQZBK3H6,KC4PSP16100,2026-W35,2026-W34,0.0,1.0,-100.0,0.0,1074.4,-100.0,2.04,9.8,,0.91,,单量下滑≥20%；销售额下滑≥20%,曝光/点击/CTR/CVR/ACOS/ROAS/活动清单
B0GQZBLKNZ,PT4SGE21500,2026-W35,2026-W34,0.0,0.0,,0.0,0.0,,19.52,0.0,,,,,曝光/点击/CTR/CVR/ACOS/ROAS/活动清单
B0GQZBWGFC,KC4SGE03900,2026-W35,2026-W34,0.0,0.0,,0.0,0.0,,0.0,3.06,,,,,曝光/点击/CTR/CVR/ACOS/ROAS/活动清单
B0GQZBWLRX,KC4SGE00700,2026-W35,2026-W34,1.0,1.0,0.0,1455.2,1455.2,0.0,38.17,76.59,2.62,5.26,-50.16,,曝光/点击/CTR/CVR/ACOS/ROAS/活动清单
B0GQZBWXZK,KX4SGE08600,2026-W35,2026-W34,0.0,0.0,,0.0,0.0,,0.0,0.0,,,,,曝光/点击/CTR/CVR/ACOS/ROAS/活动清单
B0GQZCB8W1,KC4PSP17200,2026-W35,2026-W34,0.0,0.0,,0.0,0.0,,32.11,25.51,,,,,曝光/点击/CTR/CVR/ACOS/ROAS/活动清单
B0GQZCKYLB,KC4SGE03000,2026-W35,2026-W34,0.0,0.0,,0.0,0.0,,0.0,3.74,,,,,曝光/点击/CTR/CVR/ACOS/ROAS/活动清单
B0GQZCPKQ3,KX4SGE08100,2026-W35,2026-W34,0.0,1.0,-100.0,0.0,1652.4,-100.0,6.33,12.99,,0.79,,单量下滑≥20%；销售额下滑≥20%,曝光/点击/CTR/CVR/ACOS/ROAS/活动清单
B0GQZCPRV6,PT4SGE24300,2026-W35,2026-W34,0.0,0.0,,0.0,0.0,,4.56,7.55,,,,,曝光/点击/CTR/CVR/ACOS/ROAS/活动清单
B0GQZCYLNP,PT4SGE18600,2026-W35,2026-W34,0.0,0.0,,0.0,0.0,,10.95,18.16,,,,,曝光/点击/CTR/CVR/ACOS/ROAS/活动清单
B0GQZDB9RJ,KX4SGE10900,2026-W35,2026-W34,0.0,0.0,,0.0,0.0,,18.09,15.65,,,,,曝光/点击/CTR/CVR/ACOS/ROAS/活动清单
B0GQZDL2NS,PT4SGE20100,2026-W35,2026-W34,0.0,0.0,,0.0,0.0,,3.47,3.13,,,,,曝光/点击/CTR/CVR/ACOS/ROAS/活动清单
B0GQZF2QYL,KC4SGE00100,2026-W35,2026-W34,0.0,0.0,,0.0,0.0,,4.08,0.0,,,,,曝光/点击/CTR/CVR/ACOS/ROAS/活动清单
B0GQZFFJLK,KC4SGE01800,2026-W35,2026-W34,1.0,1.0,0.0,1060.8,1060.8,0.0,58.1,83.25,5.48,7.85,-30.22,,曝光/点击/CTR/CVR/ACOS/ROAS/活动清单
B0GQZFFQ5Q,PT4SGE20300,2026-W35,2026-W34,0.0,0.0,,0.0,0.0,,10.34,0.0,,,,,曝光/点击/CTR/CVR/ACOS/ROAS/活动清单
B0GQZFJG9F,KC4PSP17900,2026-W35,2026-W34,0.0,0.0,,0.0,0.0,,0.0,0.0,,,,,曝光/点击/CTR/CVR/ACOS/ROAS/活动清单
B0GQZFL2B1,KC4SGE01200,2026-W35,2026-W34,0.0,0.0,,0.0,0.0,,0.0,4.9,,,,,曝光/点击/CTR/CVR/ACOS/ROAS/活动清单
B0GQZFR5GF,KX4SGE09100,2026-W35,2026-W34,1.0,0.0,N/A,1098.13,0.0,N/A,0.0,10.41,0.0,,,,曝光/点击/CTR/CVR/ACOS/ROAS/活动清单
B0GQZFT9DT,KX4SGE08800,2026-W35,2026-W34,0.0,0.0,,0.0,0.0,,0.0,0.0,,,,,曝光/点击/CTR/CVR/ACOS/ROAS/活动清单
B0GQZFXTGB,KC4PSP18100,2026-W35,2026-W34,0.0,0.0,,0.0,0.0,,4.22,8.43,,,,,曝光/点击/CTR/CVR/ACOS/ROAS/活动清单
B0GQZG42WY,KC4PSP16200,2026-W35,2026-W34,1.0,1.0,0.0,1475.6,1475.6,0.0,3.13,2.72,0.21,0.18,14.99,,曝光/点击/CTR/CVR/ACOS/ROAS/活动清单
B0GQZG719H,KC4PSP18000,2026-W35,2026-W34,0.0,0.0,,0.0,0.0,,5.99,0.89,,,,,曝光/点击/CTR/CVR/ACOS/ROAS/活动清单
B0GQZG8LSC,PT4SGE22500,2026-W35,2026-W34,0.0,1.0,-100.0,0.0,1013.2,-100.0,0.0,0.0,,0.0,,单量下滑≥20%；销售额下滑≥20%,曝光/点击/CTR/CVR/ACOS/ROAS/活动清单
B0GQZG8LWW,PT4SGE19500,2026-W35,2026-W34,0.0,0.0,,0.0,0.0,,13.47,0.0,,,,,曝光/点击/CTR/CVR/ACOS/ROAS/活动清单
B0GQZGNF8J,PT4SGE19200,2026-W35,2026-W34,0.0,0.0,,0.0,0.0,,5.51,0.0,,,,,曝光/点击/CTR/CVR/ACOS/ROAS/活动清单
B0GQZGPBM2,PT4SGE20800,2026-W35,2026-W34,2.0,0.0,N/A,1292.0,0.0,N/A,2.79,7.14,0.22,,,,曝光/点击/CTR/CVR/ACOS/ROAS/活动清单
B0GQZGRDST,PT4SGE18700,2026-W35,2026-W34,0.0,0.0,,0.0,0.0,,0.0,4.08,,,,,曝光/点击/CTR/CVR/ACOS/ROAS/活动清单
B0GQZGS3VD,PT4SGE23600,2026-W35,2026-W34,0.0,0.0,,0.0,0.0,,0.0,3.06,,,,,曝光/点击/CTR/CVR/ACOS/ROAS/活动清单
B0GQZH1RRD,KX4SGE10600,2026-W35,2026-W34,1.0,1.0,0.0,972.4,972.4,0.0,6.53,0.0,0.67,0.0,710346.79,TACOS上升≥30%,曝光/点击/CTR/CVR/ACOS/ROAS/活动清单
B0GQZH2W2D,KC4PSP17600,2026-W35,2026-W34,0.0,0.0,,0.0,0.0,,0.0,0.0,,,,,曝光/点击/CTR/CVR/ACOS/ROAS/活动清单
B0GQZHBVX9,KC4PSP16500,2026-W35,2026-W34,0.0,0.0,,0.0,0.0,,4.22,4.22,,,,,曝光/点击/CTR/CVR/ACOS/ROAS/活动清单
B0GQZJJ997,KX4SGE08300,2026-W35,2026-W34,0.0,0.0,,0.0,0.0,,9.11,8.84,,,,,曝光/点击/CTR/CVR/ACOS/ROAS/活动清单
B0GQZJT9VW,KC4SGE01300,2026-W35,2026-W34,0.0,0.0,,0.0,0.0,,0.0,7.35,,,,,曝光/点击/CTR/CVR/ACOS/ROAS/活动清单
B0GQZL16GG,KC4SGE00500,2026-W35,2026-W34,0.0,0.0,,0.0,0.0,,0.0,0.0,,,,,曝光/点击/CTR/CVR/ACOS/ROAS/活动清单
B0GQZL4118,KX4SGE11700,2026-W35,2026-W34,1.0,2.0,-50.0,1108.4,2216.8,-50.0,7.35,10.41,0.66,0.47,41.22,单量下滑≥20%；销售额下滑≥20%；TACOS上升≥30%,曝光/点击/CTR/CVR/ACOS/ROAS/活动清单
B0GQZL592F,KC4SGE01700,2026-W35,2026-W34,0.0,0.0,,0.0,0.0,,0.0,3.06,,,,,曝光/点击/CTR/CVR/ACOS/ROAS/活动清单
B0GQZL8DZD,KC4SGE00900,2026-W35,2026-W34,0.0,1.0,-100.0,0.0,1686.4,-100.0,0.01,12.52,,0.74,,单量下滑≥20%；销售额下滑≥20%,曝光/点击/CTR/CVR/ACOS/ROAS/活动清单
B0GQZLBNRQ,PT4SGE24100,2026-W35,2026-W34,0.0,0.0,,0.0,0.0,,0.0,6.53,,,,,曝光/点击/CTR/CVR/ACOS/ROAS/活动清单
B0GQZLCCK2,PT4SGE21900,2026-W35,2026-W34,0.0,0.0,,0.0,0.0,,0.0,0.0,,,,,曝光/点击/CTR/CVR/ACOS/ROAS/活动清单
B0GQZLCFWN,KC4PSP17000,2026-W35,2026-W34,0.0,0.0,,0.0,0.0,,25.44,26.59,,,,,曝光/点击/CTR/CVR/ACOS/ROAS/活动清单
B0GQZLQTNH,KX4SGE10200,2026-W35,2026-W34,0.0,0.0,,0.0,0.0,,15.17,5.78,,,,,曝光/点击/CTR/CVR/ACOS/ROAS/活动清单
B0GQZLS7PZ,KC4SGE04600,2026-W35,2026-W34,1.0,0.0,N/A,1360.0,0.0,N/A,9.32,35.98,0.69,,,,曝光/点击/CTR/CVR/ACOS/ROAS/活动清单
B0GQZM88B7,KX4SGE08400,2026-W35,2026-W34,2.0,0.0,N/A,2067.2,0.0,N/A,0.0,15.64,0.0,,,,曝光/点击/CTR/CVR/ACOS/ROAS/活动清单
B0GQZP2R34,PT4SGE20500,2026-W35,2026-W34,0.0,0.0,,0.0,0.0,,0.0,9.18,,,,,曝光/点击/CTR/CVR/ACOS/ROAS/活动清单
B0GQZP4YW1,KX4SGE10300,2026-W35,2026-W34,0.0,1.0,-100.0,0.0,1196.8,-100.0,2.04,7.07,,0.59,,单量下滑≥20%；销售额下滑≥20%,曝光/点击/CTR/CVR/ACOS/ROAS/活动清单
B0GQZPS8SY,KX4SGE10100,2026-W35,2026-W34,0.0,0.0,,0.0,0.0,,3.54,0.0,,,,,曝光/点击/CTR/CVR/ACOS/ROAS/活动清单
B0GQZPSNSN,KC4SGE04200,2026-W35,2026-W34,0.0,0.0,,0.0,0.0,,3.26,0.0,,,,,曝光/点击/CTR/CVR/ACOS/ROAS/活动清单
B0GR2JB11S,PT4SGE25400,2026-W35,2026-W34,0.0,0.0,,0.0,0.0,,3.27,3.13,,,,,曝光/点击/CTR/CVR/ACOS/ROAS/活动清单
B0GR2KNS32,PT4SGE24700,2026-W35,2026-W34,1.0,0.0,N/A,1387.2,0.0,N/A,3.06,2.59,0.22,,,,曝光/点击/CTR/CVR/ACOS/ROAS/活动清单
B0GR2LTYYB,PT4SGE26000,2026-W35,2026-W34,0.0,0.0,,0.0,0.0,,5.03,0.0,,,,,曝光/点击/CTR/CVR/ACOS/ROAS/活动清单
B0GR2N4GF1,KC4SGE04800,2026-W35,2026-W34,0.0,0.0,,0.0,0.0,,0.0,7.48,,,,,曝光/点击/CTR/CVR/ACOS/ROAS/活动清单
B0GR2P2HL1,KC4SGE05200,2026-W35,2026-W34,0.0,0.0,,0.0,0.0,,0.0,7.34,,,,,曝光/点击/CTR/CVR/ACOS/ROAS/活动清单
B0GR2R1SSP,PT4SGE22700,2026-W35,2026-W34,0.0,0.0,,0.0,0.0,,4.69,0.0,,,,,曝光/点击/CTR/CVR/ACOS/ROAS/活动清单
B0GR2RS2P2,PT4SGE18300,2026-W35,2026-W34,0.0,0.0,,0.0,0.0,,3.06,0.0,,,,,曝光/点击/CTR/CVR/ACOS/ROAS/活动清单
B0GR2RS662,PT4SGE27800,2026-W35,2026-W34,0.0,0.0,,0.0,0.0,,7.21,14.69,,,,,曝光/点击/CTR/CVR/ACOS/ROAS/活动清单
B0GR2RSK79,KX4SGE17100,2026-W35,2026-W34,0.0,0.0,,0.0,0.0,,10.27,12.45,,,,,曝光/点击/CTR/CVR/ACOS/ROAS/活动清单
B0GR2RTL92,KX4SGE12600,2026-W35,2026-W34,0.0,1.0,-100.0,0.0,1400.8,-100.0,20.88,15.17,,1.08,,单量下滑≥20%；销售额下滑≥20%,曝光/点击/CTR/CVR/ACOS/ROAS/活动清单
B0GR2RVVV3,KC4SGE03200,2026-W35,2026-W34,0.0,0.0,,0.0,0.0,,2.72,5.03,,,,,曝光/点击/CTR/CVR/ACOS/ROAS/活动清单
B0GR2RWQ4Q,KC4SGE04300,2026-W35,2026-W34,0.0,0.0,,0.0,0.0,,0.0,0.0,,,,,曝光/点击/CTR/CVR/ACOS/ROAS/活动清单
B0GR2S1K2W,PT4SGE27900,2026-W35,2026-W34,1.0,0.0,N/A,1013.2,0.0,N/A,0.0,0.0,0.0,,,,曝光/点击/CTR/CVR/ACOS/ROAS/活动清单
B0GR2TGJN9,PT4SGE26600,2026-W35,2026-W34,0.0,0.0,,0.0,0.0,,7.07,11.36,,,,,曝光/点击/CTR/CVR/ACOS/ROAS/活动清单
B0GR2TR2DP,PT4SGE18500,2026-W35,2026-W34,0.0,0.0,,0.0,0.0,,12.24,0.0,,,,,曝光/点击/CTR/CVR/ACOS/ROAS/活动清单
B0GR2TT15G,KX4SGE13700,2026-W35,2026-W34,1.0,0.0,N/A,1074.4,0.0,N/A,4.08,6.12,0.38,,,,曝光/点击/CTR/CVR/ACOS/ROAS/活动清单
B0GR2TWC5H,PT4SGE27000,2026-W35,2026-W34,0.0,0.0,,0.0,0.0,,0.0,5.37,,,,,曝光/点击/CTR/CVR/ACOS/ROAS/活动清单
B0GR2V4Y4F,KC4SGE05400,2026-W35,2026-W34,0.0,2.0,-100.0,0.0,2706.4,-100.0,9.8,18.02,,0.67,,单量下滑≥20%；销售额下滑≥20%,曝光/点击/CTR/CVR/ACOS/ROAS/活动清单
B0GR2V6YDD,PT4SGE20000,2026-W35,2026-W34,0.0,0.0,,0.0,0.0,,0.0,0.0,,,,,曝光/点击/CTR/CVR/ACOS/ROAS/活动清单
B0GR2V8QBG,KX4SGE12400,2026-W35,2026-W34,1.0,0.0,N/A,1502.8,0.0,N/A,7.96,3.27,0.53,,,,曝光/点击/CTR/CVR/ACOS/ROAS/活动清单
B0GR2VM5S8,PT4SGE23700,2026-W35,2026-W34,0.0,0.0,,0.0,0.0,,3.27,5.31,,,,,曝光/点击/CTR/CVR/ACOS/ROAS/活动清单
B0GR2VPMNH,KX4SGE17700,2026-W35,2026-W34,0.0,0.0,,0.0,0.0,,3.26,8.98,,,,,曝光/点击/CTR/CVR/ACOS/ROAS/活动清单
B0GR2WBPMS,PT4SGE26800,2026-W35,2026-W34,0.0,0.0,,0.0,0.0,,3.06,0.0,,,,,曝光/点击/CTR/CVR/ACOS/ROAS/活动清单
B0GR2Y4CCY,PT4SGE28100,2026-W35,2026-W34,0.0,0.0,,0.0,0.0,,0.0,0.0,,,,,曝光/点击/CTR/CVR/ACOS/ROAS/活动清单
B0GR2Y816C,PT4SGE24600,2026-W35,2026-W34,0.0,0.0,,0.0,0.0,,0.0,0.0,,,,,曝光/点击/CTR/CVR/ACOS/ROAS/活动清单
B0GR2YLFN4,PT4SGE19800,2026-W35,2026-W34,0.0,0.0,,0.0,0.0,,0.0,0.0,,,,,曝光/点击/CTR/CVR/ACOS/ROAS/活动清单
B0GR2ZS711,KC4SGE03400,2026-W35,2026-W34,0.0,0.0,,0.0,0.0,,0.0,0.0,,,,,曝光/点击/CTR/CVR/ACOS/ROAS/活动清单
B0GR317V49,PT4SGE25800,2026-W35,2026-W34,0.0,0.0,,0.0,0.0,,12.1,0.0,,,,,曝光/点击/CTR/CVR/ACOS/ROAS/活动清单
B0GR31HQBF,PT4SGE28200,2026-W35,2026-W34,0.0,0.0,,0.0,0.0,,5.99,13.06,,,,,曝光/点击/CTR/CVR/ACOS/ROAS/活动清单
B0GR31KW4H,KX4SGE07700,2026-W35,2026-W34,2.0,1.0,100.0,3767.2,1883.6,100.0,16.47,22.72,0.44,1.21,-63.76,,曝光/点击/CTR/CVR/ACOS/ROAS/活动清单
B0GR31KW94,KX4SGE16700,2026-W35,2026-W34,0.0,0.0,,0.0,0.0,,0.0,3.74,,,,,曝光/点击/CTR/CVR/ACOS/ROAS/活动清单
B0GR31VB2G,KC4SGE04700,2026-W35,2026-W34,0.0,0.0,,0.0,0.0,,4.49,0.0,,,,,曝光/点击/CTR/CVR/ACOS/ROAS/活动清单
B0GR3222M5,KX4SGE12200,2026-W35,2026-W34,0.0,0.0,,0.0,0.0,,0.0,0.0,,,,,曝光/点击/CTR/CVR/ACOS/ROAS/活动清单
B0GR322BJM,PT4SGE19100,2026-W35,2026-W34,1.0,0.0,N/A,578.0,0.0,N/A,26.39,25.98,4.57,,,,曝光/点击/CTR/CVR/ACOS/ROAS/活动清单
B0GR32H6WX,PT4SGE26700,2026-W35,2026-W34,0.0,0.0,,0.0,0.0,,5.78,10.2,,,,,曝光/点击/CTR/CVR/ACOS/ROAS/活动清单
B0GR33RCBC,KX4SGE12900,2026-W35,2026-W34,0.0,0.0,,0.0,0.0,,0.0,0.0,,,,,曝光/点击/CTR/CVR/ACOS/ROAS/活动清单
B0GR345J7B,KC4SGE03300,2026-W35,2026-W34,0.0,1.0,-100.0,0.0,1108.4,-100.0,3.13,14.96,,1.35,,单量下滑≥20%；销售额下滑≥20%,曝光/点击/CTR/CVR/ACOS/ROAS/活动清单
B0GR34B6Q7,PT4SGE27500,2026-W35,2026-W34,0.0,0.0,,0.0,0.0,,0.0,2.58,,,,,曝光/点击/CTR/CVR/ACOS/ROAS/活动清单
B0GR34KY99,PT4SGE26100,2026-W35,2026-W34,0.0,0.0,,0.0,0.0,,9.18,25.78,,,,,曝光/点击/CTR/CVR/ACOS/ROAS/活动清单
B0GR34LPDQ,KX4SGE15200,2026-W35,2026-W34,0.0,0.0,,0.0,0.0,,6.94,15.17,,,,,曝光/点击/CTR/CVR/ACOS/ROAS/活动清单
B0GR34N98F,KX4SGE15800,2026-W35,2026-W34,0.0,0.0,,0.0,0.0,,0.0,0.0,,,,,曝光/点击/CTR/CVR/ACOS/ROAS/活动清单
B0GR34P7F9,KX4SGE17400,2026-W35,2026-W34,0.0,0.0,,0.0,0.0,,0.0,0.0,,,,,曝光/点击/CTR/CVR/ACOS/ROAS/活动清单
B0GR34PLB8,KX4SGE16500,2026-W35,2026-W34,0.0,1.0,-100.0,0.0,999.6,-100.0,9.8,7.48,,0.75,,单量下滑≥20%；销售额下滑≥20%,曝光/点击/CTR/CVR/ACOS/ROAS/活动清单
B0GR34S7JX,KX4SGE15400,2026-W35,2026-W34,0.0,0.0,,0.0,0.0,,3.06,3.06,,,,,曝光/点击/CTR/CVR/ACOS/ROAS/活动清单
B0GR36VYQS,PT4SGE19900,2026-W35,2026-W34,0.0,0.0,,0.0,0.0,,23.53,12.18,,,,,曝光/点击/CTR/CVR/ACOS/ROAS/活动清单
B0GR3787KB,KX4SGE14500,2026-W35,2026-W34,0.0,0.0,,0.0,0.0,,0.0,3.26,,,,,曝光/点击/CTR/CVR/ACOS/ROAS/活动清单
B0GR37HV17,KX4SGE13200,2026-W35,2026-W34,0.0,0.0,,0.0,0.0,,0.0,0.0,,,,,曝光/点击/CTR/CVR/ACOS/ROAS/活动清单
B0GR37L92C,KC4SGE04900,2026-W35,2026-W34,0.0,0.0,,0.0,0.0,,0.0,3.4,,,,,曝光/点击/CTR/CVR/ACOS/ROAS/活动清单
B0GR37MB24,KX4SGE13300,2026-W35,2026-W34,0.0,0.0,,0.0,0.0,,0.0,0.0,,,,,曝光/点击/CTR/CVR/ACOS/ROAS/活动清单
B0GR397JMP,PT4SGE18400,2026-W35,2026-W34,0.0,0.0,,0.0,0.0,,0.0,0.0,,,,,曝光/点击/CTR/CVR/ACOS/ROAS/活动清单
B0GR39CKDS,KC4SGE05500,2026-W35,2026-W34,0.0,0.0,,0.0,0.0,,25.54,41.9,,,,,曝光/点击/CTR/CVR/ACOS/ROAS/活动清单
B0GR39PG5F,KX4SGE14700,2026-W35,2026-W34,0.0,0.0,,0.0,0.0,,7.55,0.0,,,,,曝光/点击/CTR/CVR/ACOS/ROAS/活动清单
B0GR39QZSK,PT4SGE25600,2026-W35,2026-W34,0.0,0.0,,0.0,0.0,,0.0,4.9,,,,,曝光/点击/CTR/CVR/ACOS/ROAS/活动清单
B0GR39T55F,KX4SGE17300,2026-W35,2026-W34,1.0,0.0,N/A,1366.8,0.0,N/A,11.09,9.39,0.81,,,,曝光/点击/CTR/CVR/ACOS/ROAS/活动清单
B0GR39YKFT,KC4SGE05300,2026-W35,2026-W34,2.0,0.0,N/A,1455.2,0.0,N/A,4.08,0.0,0.28,,,,曝光/点击/CTR/CVR/ACOS/ROAS/活动清单
B0GR3B22MS,PT4SGE24400,2026-W35,2026-W34,0.0,0.0,,0.0,0.0,,3.27,5.17,,,,,曝光/点击/CTR/CVR/ACOS/ROAS/活动清单
B0GR3B3S1F,KX4SGE16800,2026-W35,2026-W34,0.0,0.0,,0.0,0.0,,8.44,12.79,,,,,曝光/点击/CTR/CVR/ACOS/ROAS/活动清单
B0GR3BW2B8,KX4SGE12700,2026-W35,2026-W34,0.0,0.0,,0.0,0.0,,43.25,23.67,,,,,曝光/点击/CTR/CVR/ACOS/ROAS/活动清单
B0GR3C2BNZ,OO4SGE37000,2026-W35,2026-W34,0.0,0.0,,0.0,0.0,,0.41,0.0,,,,,曝光/点击/CTR/CVR/ACOS/ROAS/活动清单
B0GR3CBS3P,KX4SGE07900,2026-W35,2026-W34,0.0,0.0,,0.0,0.0,,0.0,0.0,,,,,曝光/点击/CTR/CVR/ACOS/ROAS/活动清单
B0GR3CCY48,PT4SGE23100,2026-W35,2026-W34,0.0,0.0,,0.0,0.0,,5.99,0.0,,,,,曝光/点击/CTR/CVR/ACOS/ROAS/活动清单
B0GR3CK745,KC4SGE03500,2026-W35,2026-W34,1.0,0.0,N/A,605.2,0.0,N/A,33.6,17.69,5.55,,,,曝光/点击/CTR/CVR/ACOS/ROAS/活动清单
B0GR3FTPG4,KX4SGE14900,2026-W35,2026-W34,0.0,1.0,-100.0,0.0,1360.0,-100.0,6.46,5.78,,0.43,,单量下滑≥20%；销售额下滑≥20%,曝光/点击/CTR/CVR/ACOS/ROAS/活动清单
B0GR3G1TLW,KC4SGE05100,2026-W35,2026-W34,0.0,0.0,,0.0,0.0,,0.0,3.13,,,,,曝光/点击/CTR/CVR/ACOS/ROAS/活动清单
B0GR3G6NX3,KX4SGE14000,2026-W35,2026-W34,0.0,0.0,,0.0,0.0,,0.0,0.0,,,,,曝光/点击/CTR/CVR/ACOS/ROAS/活动清单
B0GR3G81M3,KX4SGE13500,2026-W35,2026-W34,0.0,0.0,,0.0,0.0,,0.0,0.0,,,,,曝光/点击/CTR/CVR/ACOS/ROAS/活动清单
B0GR3G98M1,PT4SGE22800,2026-W35,2026-W34,1.0,0.0,N/A,1108.4,0.0,N/A,6.6,8.03,0.6,,,,曝光/点击/CTR/CVR/ACOS/ROAS/活动清单
B0GR3G9TGM,PT4SGE24900,2026-W35,2026-W34,0.0,0.0,,0.0,0.0,,9.66,5.92,,,,,曝光/点击/CTR/CVR/ACOS/ROAS/活动清单
B0GR3HFYXR,KC4SGE05000,2026-W35,2026-W34,0.0,0.0,,0.0,0.0,,0.0,0.0,,,,,曝光/点击/CTR/CVR/ACOS/ROAS/活动清单
B0GR3HTY84,PT4SGE26500,2026-W35,2026-W34,0.0,0.0,,0.0,0.0,,0.0,0.2,,,,,曝光/点击/CTR/CVR/ACOS/ROAS/活动清单
B0GR3S5PMY,KX4SGE08900,2026-W35,2026-W34,0.0,0.0,,0.0,0.0,,4.08,0.0,,,,,曝光/点击/CTR/CVR/ACOS/ROAS/活动清单
B0GR3S95R7,KX4SGE07700,2026-W35,2026-W34,0.0,0.0,,0.0,0.0,,0.0,4.97,,,,,曝光/点击/CTR/CVR/ACOS/ROAS/活动清单
B0GR3WH3NJ,KC4SGE00100,2026-W35,2026-W34,0.0,0.0,,0.0,0.0,,3.41,17.28,,,,,曝光/点击/CTR/CVR/ACOS/ROAS/活动清单
B0GR3WPSRN,PT4SGE19200,2026-W35,2026-W34,0.0,0.0,,0.0,0.0,,0.0,3.13,,,,,曝光/点击/CTR/CVR/ACOS/ROAS/活动清单
B0GR3WS86L,KC4PSP18000,2026-W35,2026-W34,0.0,0.0,,0.0,0.0,,27.2,15.17,,,,,曝光/点击/CTR/CVR/ACOS/ROAS/活动清单
B0GR3XD64S,KC4PSP17200,2026-W35,2026-W34,0.0,0.0,,0.0,0.0,,0.0,0.0,,,,,曝光/点击/CTR/CVR/ACOS/ROAS/活动清单
B0GR3XL2LK,PT4SGE21000,2026-W35,2026-W34,0.0,0.0,,0.0,0.0,,13.87,3.27,,,,,曝光/点击/CTR/CVR/ACOS/ROAS/活动清单
B0GR3YCSD2,KX4SGE16700,2026-W35,2026-W34,0.0,0.0,,0.0,0.0,,0.0,3.74,,,,,曝光/点击/CTR/CVR/ACOS/ROAS/活动清单
B0GR3YK82S,KX4SGE10100,2026-W35,2026-W34,0.0,0.0,,0.0,0.0,,0.0,3.06,,,,,曝光/点击/CTR/CVR/ACOS/ROAS/活动清单
B0GR3YN74C,PT4SGE24700,2026-W35,2026-W34,0.0,0.0,,0.0,0.0,,0.0,3.26,,,,,曝光/点击/CTR/CVR/ACOS/ROAS/活动清单
B0GR3YN8NQ,PT4SGE18700,2026-W35,2026-W34,0.0,0.0,,0.0,0.0,,0.0,12.51,,,,,曝光/点击/CTR/CVR/ACOS/ROAS/活动清单
B0GR3YN8S1,KX4SGE14500,2026-W35,2026-W34,0.0,0.0,,0.0,0.0,,0.0,0.0,,,,,曝光/点击/CTR/CVR/ACOS/ROAS/活动清单
B0GR3YR5Z8,PT4SGE20500,2026-W35,2026-W34,0.0,0.0,,0.0,0.0,,4.08,7.69,,,,,曝光/点击/CTR/CVR/ACOS/ROAS/活动清单
B0GR3YXHBC,KC4SGE00800,2026-W35,2026-W34,0.0,0.0,,0.0,0.0,,0.0,0.0,,,,,曝光/点击/CTR/CVR/ACOS/ROAS/活动清单
B0GR3Z3FT5,PT4SGE18500,2026-W35,2026-W34,0.0,0.0,,0.0,0.0,,0.0,4.08,,,,,曝光/点击/CTR/CVR/ACOS/ROAS/活动清单
B0GR3Z8FHX,KC4SGE00600,2026-W35,2026-W34,0.0,0.0,,0.0,0.0,,16.46,0.0,,,,,曝光/点击/CTR/CVR/ACOS/ROAS/活动清单
B0GR3ZCV78,KC4PSP17600,2026-W35,2026-W34,0.0,0.0,,0.0,0.0,,0.0,3.54,,,,,曝光/点击/CTR/CVR/ACOS/ROAS/活动清单
B0GR3ZM7FZ,PT4SGE19300,2026-W35,2026-W34,0.0,1.0,-100.0,0.0,1047.2,-100.0,0.0,6.87,,0.66,,单量下滑≥20%；销售额下滑≥20%,曝光/点击/CTR/CVR/ACOS/ROAS/活动清单
B0GR3ZPH9F,KC4SGE04900,2026-W35,2026-W34,0.0,0.0,,0.0,0.0,,0.0,0.0,,,,,曝光/点击/CTR/CVR/ACOS/ROAS/活动清单
B0GR3ZQG93,KC4SGE01500,2026-W35,2026-W34,0.0,0.0,,0.0,0.0,,0.0,0.0,,,,,曝光/点击/CTR/CVR/ACOS/ROAS/活动清单
B0GR3ZSDBQ,KC4SGE04600,2026-W35,2026-W34,0.0,0.0,,0.0,0.0,,0.0,3.06,,,,,曝光/点击/CTR/CVR/ACOS/ROAS/活动清单
B0GR3ZV3TR,KC4SGE00500,2026-W35,2026-W34,0.0,0.0,,0.0,0.0,,11.97,0.0,,,,,曝光/点击/CTR/CVR/ACOS/ROAS/活动清单
B0GR411G4V,PT4SGE20100,2026-W35,2026-W34,0.0,0.0,,0.0,0.0,,3.13,0.0,,,,,曝光/点击/CTR/CVR/ACOS/ROAS/活动清单
B0GR42KYVW,KX4SGE07900,2026-W35,2026-W34,0.0,0.0,,0.0,0.0,,0.0,6.94,,,,,曝光/点击/CTR/CVR/ACOS/ROAS/活动清单
B0GR42M1FL,KC4PSP18000,2026-W35,2026-W34,1.0,0.0,N/A,1366.8,0.0,N/A,0.0,5.98,0.0,,,,曝光/点击/CTR/CVR/ACOS/ROAS/活动清单
B0GR42MZ7S,PT4SGE19800,2026-W35,2026-W34,1.0,0.0,N/A,680.0,0.0,N/A,0.0,9.25,0.0,,,,曝光/点击/CTR/CVR/ACOS/ROAS/活动清单
B0GR42WDJ3,KC4SGE02500,2026-W35,2026-W34,0.0,0.0,,0.0,0.0,,0.0,0.0,,,,,曝光/点击/CTR/CVR/ACOS/ROAS/活动清单
B0GR433QJG,KC4PSP17200,2026-W35,2026-W34,0.0,0.0,,0.0,0.0,,0.0,0.0,,,,,曝光/点击/CTR/CVR/ACOS/ROAS/活动清单
B0GR434V63,KC4PSP16500,2026-W35,2026-W34,0.0,0.0,,0.0,0.0,,4.22,4.08,,,,,曝光/点击/CTR/CVR/ACOS/ROAS/活动清单
B0GR4355NW,PT4SGE23600,2026-W35,2026-W34,0.0,0.0,,0.0,0.0,,2.72,0.0,,,,,曝光/点击/CTR/CVR/ACOS/ROAS/活动清单
B0GR4377DH,KX4SGE13500,2026-W35,2026-W34,0.0,0.0,,0.0,0.0,,14.3,44.08,,,,,曝光/点击/CTR/CVR/ACOS/ROAS/活动清单
B0GR4395WW,KC4SGE01800,2026-W35,2026-W34,1.0,0.0,N/A,1060.8,0.0,N/A,7.76,17.96,0.73,,,,曝光/点击/CTR/CVR/ACOS/ROAS/活动清单
B0GR43H631,KX4SGE09300,2026-W35,2026-W34,0.0,0.0,,0.0,0.0,,0.0,0.0,,,,,曝光/点击/CTR/CVR/ACOS/ROAS/活动清单
B0GR43M38W,KX4SGE07900,2026-W35,2026-W34,0.0,0.0,,0.0,0.0,,3.06,6.33,,,,,曝光/点击/CTR/CVR/ACOS/ROAS/活动清单
B0GR43WPY3,KX4SGE08300,2026-W35,2026-W34,0.0,0.0,,0.0,0.0,,9.59,0.0,,,,,曝光/点击/CTR/CVR/ACOS/ROAS/活动清单
B0GR43Y8DM,KC4SGE03100,2026-W35,2026-W34,0.0,0.0,,0.0,0.0,,3.27,7.14,,,,,曝光/点击/CTR/CVR/ACOS/ROAS/活动清单
B0GR448D5C,KX4SGE15200,2026-W35,2026-W34,0.0,0.0,,0.0,0.0,,0.0,3.06,,,,,曝光/点击/CTR/CVR/ACOS/ROAS/活动清单
B0GR44S7BH,KC4SGE03900,2026-W35,2026-W34,0.0,0.0,,0.0,0.0,,0.0,0.0,,,,,曝光/点击/CTR/CVR/ACOS/ROAS/活动清单
B0GR44TSPR,KX4SGE14500,2026-W35,2026-W34,0.0,0.0,,0.0,0.0,,4.49,5.98,,,,,曝光/点击/CTR/CVR/ACOS/ROAS/活动清单
B0GR452NGN,KX4SGE13700,2026-W35,2026-W34,0.0,0.0,,0.0,0.0,,4.08,3.06,,,,,曝光/点击/CTR/CVR/ACOS/ROAS/活动清单
B0GR454Y3M,KC4PSP17500,2026-W35,2026-W34,0.0,0.0,,0.0,0.0,,0.0,0.0,,,,,曝光/点击/CTR/CVR/ACOS/ROAS/活动清单
B0GR45633P,KX4SGE08100,2026-W35,2026-W34,0.0,0.0,,0.0,0.0,,5.44,20.61,,,,,曝光/点击/CTR/CVR/ACOS/ROAS/活动清单
B0GR456L19,PT4SGE27800,2026-W35,2026-W34,0.0,0.0,,0.0,0.0,,13.26,8.98,,,,,曝光/点击/CTR/CVR/ACOS/ROAS/活动清单
B0GR4598HK,KC4SGE01800,2026-W35,2026-W34,0.0,0.0,,0.0,0.0,,0.01,3.07,,,,,曝光/点击/CTR/CVR/ACOS/ROAS/活动清单
B0GR45NK9S,KC4PSP18100,2026-W35,2026-W34,1.0,0.0,N/A,1434.8,0.0,N/A,15.85,11.7,1.1,,,,曝光/点击/CTR/CVR/ACOS/ROAS/活动清单
B0GR45QD3N,KC4PSP16100,2026-W35,2026-W34,0.0,0.0,,0.0,0.0,,0.0,0.0,,,,,曝光/点击/CTR/CVR/ACOS/ROAS/活动清单
B0GR45RYFH,KC4SGE03400,2026-W35,2026-W34,0.0,0.0,,0.0,0.0,,0.0,4.96,,,,,曝光/点击/CTR/CVR/ACOS/ROAS/活动清单
B0GR45SYDD,PT4SGE19100,2026-W35,2026-W34,0.0,0.0,,0.0,0.0,,25.84,8.16,,,,,曝光/点击/CTR/CVR/ACOS/ROAS/活动清单
B0GR45VKKR,PT4SGE24900,2026-W35,2026-W34,0.0,0.0,,0.0,0.0,,15.17,13.88,,,,,曝光/点击/CTR/CVR/ACOS/ROAS/活动清单
B0GR45X65X,KX4SGE14900,2026-W35,2026-W34,0.0,0.0,,0.0,0.0,,10.41,3.74,,,,,曝光/点击/CTR/CVR/ACOS/ROAS/活动清单
B0GR45YTCV,PT4SGE20300,2026-W35,2026-W34,0.0,0.0,,0.0,0.0,,17.75,4.83,,,,,曝光/点击/CTR/CVR/ACOS/ROAS/活动清单
B0GR45Z3RB,PT4SGE25400,2026-W35,2026-W34,0.0,0.0,,0.0,0.0,,0.0,0.0,,,,,曝光/点击/CTR/CVR/ACOS/ROAS/活动清单
B0GR462F31,KX4SGE12100,2026-W35,2026-W34,0.0,0.0,,0.0,0.0,,0.0,3.06,,,,,曝光/点击/CTR/CVR/ACOS/ROAS/活动清单
B0GR467465,KC4PSP16300,2026-W35,2026-W34,0.0,0.0,,0.0,0.0,,0.0,0.0,,,,,曝光/点击/CTR/CVR/ACOS/ROAS/活动清单
B0GR4683H2,KX4SGE17300,2026-W35,2026-W34,0.0,0.0,,0.0,0.0,,3.61,3.33,,,,,曝光/点击/CTR/CVR/ACOS/ROAS/活动清单
B0GR46BM7S,KC4PSP17600,2026-W35,2026-W34,0.0,0.0,,0.0,0.0,,0.0,0.0,,,,,曝光/点击/CTR/CVR/ACOS/ROAS/活动清单
B0GR46D9N4,PT4SGE26800,2026-W35,2026-W34,0.0,0.0,,0.0,0.0,,3.06,0.0,,,,,曝光/点击/CTR/CVR/ACOS/ROAS/活动清单
B0GR46GVCQ,KX4SGE08200,2026-W35,2026-W34,0.0,0.0,,0.0,0.0,,0.0,0.0,,,,,曝光/点击/CTR/CVR/ACOS/ROAS/活动清单
B0GR46H9H5,KC4SGE01700,2026-W35,2026-W34,0.0,0.0,,0.0,0.0,,3.54,0.0,,,,,曝光/点击/CTR/CVR/ACOS/ROAS/活动清单
B0GR46HMN7,PT4SGE22200,2026-W35,2026-W34,0.0,0.0,,0.0,0.0,,0.0,2.59,,,,,曝光/点击/CTR/CVR/ACOS/ROAS/活动清单
B0GR46J8VG,KC4PSP15900,2026-W35,2026-W34,0.0,0.0,,0.0,0.0,,0.0,0.0,,,,,曝光/点击/CTR/CVR/ACOS/ROAS/活动清单
B0GR46KN36,KC4SGE00900,2026-W35,2026-W34,0.0,0.0,,0.0,0.0,,16.39,9.52,,,,,曝光/点击/CTR/CVR/ACOS/ROAS/活动清单
B0GR46YYHN,KX4SGE12100,2026-W35,2026-W34,0.0,0.0,,0.0,0.0,,5.37,15.3,,,,,曝光/点击/CTR/CVR/ACOS/ROAS/活动清单
B0GR4719CR,KX4SGE13300,2026-W35,2026-W34,1.0,0.0,N/A,1550.4,0.0,N/A,6.19,18.23,0.4,,,,曝光/点击/CTR/CVR/ACOS/ROAS/活动清单
B0GR489418,KC4SGE00100,2026-W35,2026-W34,0.0,0.0,,0.0,0.0,,19.25,0.0,,,,,曝光/点击/CTR/CVR/ACOS/ROAS/活动清单
B0GR48CMY4,PT4SGE19600,2026-W35,2026-W34,0.0,0.0,,0.0,0.0,,8.16,6.12,,,,,曝光/点击/CTR/CVR/ACOS/ROAS/活动清单
B0GR48F4HS,PT4SGE22500,2026-W35,2026-W34,0.0,0.0,,0.0,0.0,,0.0,3.26,,,,,曝光/点击/CTR/CVR/ACOS/ROAS/活动清单
B0GR48HJGQ,PT4SGE21900,2026-W35,2026-W34,0.0,0.0,,0.0,0.0,,0.0,5.78,,,,,曝光/点击/CTR/CVR/ACOS/ROAS/活动清单
B0GR48XRW9,PT4SGE27800,2026-W35,2026-W34,0.0,0.0,,0.0,0.0,,0.0,0.0,,,,,曝光/点击/CTR/CVR/ACOS/ROAS/活动清单
B0GR492V81,PT4SGE19800,2026-W35,2026-W34,0.0,0.0,,0.0,0.0,,0.0,3.33,,,,,曝光/点击/CTR/CVR/ACOS/ROAS/活动清单
B0GR49RDK3,KC4PSP18100,2026-W35,2026-W34,0.0,0.0,,0.0,0.0,,10.13,0.0,,,,,曝光/点击/CTR/CVR/ACOS/ROAS/活动清单
B0GR49W2X7,KX4SGE09200,2026-W35,2026-W34,0.0,0.0,,0.0,0.0,,0.0,10.07,,,,,曝光/点击/CTR/CVR/ACOS/ROAS/活动清单
B0GR4B355M,KC4SGE00900,2026-W35,2026-W34,0.0,1.0,-100.0,0.0,1686.4,-100.0,0.0,11.97,,0.71,,单量下滑≥20%；销售额下滑≥20%,曝光/点击/CTR/CVR/ACOS/ROAS/活动清单
B0GR4B54NJ,KC4SGE02400,2026-W35,2026-W34,0.0,0.0,,0.0,0.0,,13.53,0.0,,,,,曝光/点击/CTR/CVR/ACOS/ROAS/活动清单
B0GR4B55CW,PT4SGE25400,2026-W35,2026-W34,0.0,0.0,,0.0,0.0,,0.0,0.41,,,,,曝光/点击/CTR/CVR/ACOS/ROAS/活动清单
B0GR4BH1YQ,KC4SGE05500,2026-W35,2026-W34,1.0,0.0,N/A,591.6,0.0,N/A,6.53,5.65,1.1,,,,曝光/点击/CTR/CVR/ACOS/ROAS/活动清单
B0GR4BHBPD,PT4SGE21900,2026-W35,2026-W34,1.0,0.0,N/A,1108.4,0.0,N/A,0.0,13.47,0.0,,,,曝光/点击/CTR/CVR/ACOS/ROAS/活动清单
B0GR4BHNHV,PT4SGE23200,2026-W35,2026-W34,0.0,0.0,,0.0,0.0,,0.0,0.0,,,,,曝光/点击/CTR/CVR/ACOS/ROAS/活动清单
B0GR4BMBTH,KC4SGE03100,2026-W35,2026-W34,0.0,0.0,,0.0,0.0,,11.22,12.79,,,,,曝光/点击/CTR/CVR/ACOS/ROAS/活动清单
B0GR4BNM9N,KX4SGE09200,2026-W35,2026-W34,0.0,0.0,,0.0,0.0,,0.0,0.0,,,,,曝光/点击/CTR/CVR/ACOS/ROAS/活动清单
B0GR4BPXN5,KC4SGE04100,2026-W35,2026-W34,0.0,0.0,,0.0,0.0,,0.0,0.0,,,,,曝光/点击/CTR/CVR/ACOS/ROAS/活动清单
B0GR4BW6FC,KC4PSP16500,2026-W35,2026-W34,0.0,0.0,,0.0,0.0,,4.22,4.36,,,,,曝光/点击/CTR/CVR/ACOS/ROAS/活动清单
B0GR4C16WD,PT4SGE19200,2026-W35,2026-W34,0.0,1.0,-100.0,0.0,829.6,-100.0,0.0,13.47,,1.62,,单量下滑≥20%；销售额下滑≥20%,曝光/点击/CTR/CVR/ACOS/ROAS/活动清单
B0GR4C6JZZ,PT4SGE24100,2026-W35,2026-W34,0.0,0.0,,0.0,0.0,,6.53,0.0,,,,,曝光/点击/CTR/CVR/ACOS/ROAS/活动清单
B0GR4C6SN4,PT4SGE24000,2026-W35,2026-W34,0.0,0.0,,0.0,0.0,,0.0,0.2,,,,,曝光/点击/CTR/CVR/ACOS/ROAS/活动清单
B0GR4C8KKD,KX4SGE18000,2026-W35,2026-W34,0.0,0.0,,0.0,0.0,,0.0,5.3,,,,,曝光/点击/CTR/CVR/ACOS/ROAS/活动清单
B0GR4C9BN5,KC4SGE01800,2026-W35,2026-W34,0.0,0.0,,0.0,0.0,,15.51,8.23,,,,,曝光/点击/CTR/CVR/ACOS/ROAS/活动清单
B0GR4CBL7C,KX4SGE14700,2026-W35,2026-W34,0.0,1.0,-100.0,0.0,897.6,-100.0,0.0,4.35,,0.48,,单量下滑≥20%；销售额下滑≥20%,曝光/点击/CTR/CVR/ACOS/ROAS/活动清单
B0GR4CBM9C,PT4SGE21500,2026-W35,2026-W34,0.0,0.0,,0.0,0.0,,0.0,0.0,,,,,曝光/点击/CTR/CVR/ACOS/ROAS/活动清单
B0GR4CBQC6,KX4SGE14700,2026-W35,2026-W34,0.0,0.0,,0.0,0.0,,5.1,0.0,,,,,曝光/点击/CTR/CVR/ACOS/ROAS/活动清单
B0GR4CDD4B,KX4SGE14000,2026-W35,2026-W34,0.0,0.0,,0.0,0.0,,0.0,0.0,,,,,曝光/点击/CTR/CVR/ACOS/ROAS/活动清单
B0GR4CLXDD,PT4SGE18500,2026-W35,2026-W34,0.0,0.0,,0.0,0.0,,13.26,18.09,,,,,曝光/点击/CTR/CVR/ACOS/ROAS/活动清单
B0GR4D5W4J,PT4SGE18600,2026-W35,2026-W34,0.0,0.0,,0.0,0.0,,0.0,0.0,,,,,曝光/点击/CTR/CVR/ACOS/ROAS/活动清单
B0GR4DBSBQ,PT4SGE22700,2026-W35,2026-W34,0.0,0.0,,0.0,0.0,,0.0,0.0,,,,,曝光/点击/CTR/CVR/ACOS/ROAS/活动清单
B0GR4DDZLN,KX4SGE13700,2026-W35,2026-W34,0.0,0.0,,0.0,0.0,,0.0,6.12,,,,,曝光/点击/CTR/CVR/ACOS/ROAS/活动清单
B0GR4DGQJG,KX4SGE11700,2026-W35,2026-W34,0.0,0.0,,0.0,0.0,,9.05,5.65,,,,,曝光/点击/CTR/CVR/ACOS/ROAS/活动清单
B0GR4DKFWF,KC4SGE01200,2026-W35,2026-W34,0.0,0.0,,0.0,0.0,,5.1,0.0,,,,,曝光/点击/CTR/CVR/ACOS/ROAS/活动清单
B0GR4DL5PB,KC4SGE00700,2026-W35,2026-W34,0.0,0.0,,0.0,0.0,,0.0,11.22,,,,,曝光/点击/CTR/CVR/ACOS/ROAS/活动清单
B0GR4DLJH8,PT4SGE28200,2026-W35,2026-W34,0.0,0.0,,0.0,0.0,,0.0,0.0,,,,,曝光/点击/CTR/CVR/ACOS/ROAS/活动清单
B0GR4DP13M,KC4SGE03500,2026-W35,2026-W34,0.0,0.0,,0.0,0.0,,4.35,0.0,,,,,曝光/点击/CTR/CVR/ACOS/ROAS/活动清单
B0GR4DQQP1,KC4SGE04700,2026-W35,2026-W34,0.0,0.0,,0.0,0.0,,0.0,4.49,,,,,曝光/点击/CTR/CVR/ACOS/ROAS/活动清单
B0GR4DTWHC,KX4SGE11700,2026-W35,2026-W34,0.0,0.0,,0.0,0.0,,0.0,3.06,,,,,曝光/点击/CTR/CVR/ACOS/ROAS/活动清单
B0GR4F4NX1,PT4SGE18300,2026-W35,2026-W34,0.0,0.0,,0.0,0.0,,2.86,0.0,,,,,曝光/点击/CTR/CVR/ACOS/ROAS/活动清单
B0GR4F5XY9,KX4SGE15400,2026-W35,2026-W34,0.0,0.0,,0.0,0.0,,0.0,0.0,,,,,曝光/点击/CTR/CVR/ACOS/ROAS/活动清单
B0GR4FCY4R,PT4SGE23400,2026-W35,2026-W34,0.0,0.0,,0.0,0.0,,15.04,9.6,,,,,曝光/点击/CTR/CVR/ACOS/ROAS/活动清单
B0GR4FDFSQ,KC4SGE05100,2026-W35,2026-W34,0.0,1.0,-100.0,0.0,1428.0,-100.0,3.13,3.13,,0.22,,单量下滑≥20%；销售额下滑≥20%,曝光/点击/CTR/CVR/ACOS/ROAS/活动清单
B0GR4FJPJC,KC4SGE00500,2026-W35,2026-W34,0.0,1.0,-100.0,0.0,1176.4,-100.0,0.0,8.91,,0.76,,单量下滑≥20%；销售额下滑≥20%,曝光/点击/CTR/CVR/ACOS/ROAS/活动清单
B0GR4FLSVG,PT4SGE25600,2026-W35,2026-W34,0.0,0.0,,0.0,0.0,,0.0,0.0,,,,,曝光/点击/CTR/CVR/ACOS/ROAS/活动清单
B0GR4FRN1X,KC4SGE04800,2026-W35,2026-W34,1.0,0.0,N/A,1285.2,0.0,N/A,0.0,8.16,0.0,,,,曝光/点击/CTR/CVR/ACOS/ROAS/活动清单
B0GR4G3W29,KC4PSP16600,2026-W35,2026-W34,0.0,0.0,,0.0,0.0,,4.35,4.76,,,,,曝光/点击/CTR/CVR/ACOS/ROAS/活动清单
B0GR4G3WZV,KC4SGE05100,2026-W35,2026-W34,0.0,0.0,,0.0,0.0,,0.0,0.0,,,,,曝光/点击/CTR/CVR/ACOS/ROAS/活动清单
B0GR4G52Y5,KC4SGE01600,2026-W35,2026-W34,0.0,0.0,,0.0,0.0,,3.54,9.38,,,,,曝光/点击/CTR/CVR/ACOS/ROAS/活动清单
B0GR4G53FK,PT4SGE23400,2026-W35,2026-W34,0.0,0.0,,0.0,0.0,,0.0,3.74,,,,,曝光/点击/CTR/CVR/ACOS/ROAS/活动清单
B0GR4G6P7P,KX4SGE07700,2026-W35,2026-W34,0.0,0.0,,0.0,0.0,,7.21,11.84,,,,,曝光/点击/CTR/CVR/ACOS/ROAS/活动清单
B0GR4G6PLN,PT4SGE26000,2026-W35,2026-W34,0.0,0.0,,0.0,0.0,,3.06,0.0,,,,,曝光/点击/CTR/CVR/ACOS/ROAS/活动清单
B0GR4G7X5P,PT4SGE27000,2026-W35,2026-W34,0.0,0.0,,0.0,0.0,,3.06,4.08,,,,,曝光/点击/CTR/CVR/ACOS/ROAS/活动清单
B0GR4G98SW,PT4SGE23100,2026-W35,2026-W34,0.0,0.0,,0.0,0.0,,0.0,0.0,,,,,曝光/点击/CTR/CVR/ACOS/ROAS/活动清单
B0GR4G9WSJ,PT4SGE18700,2026-W35,2026-W34,0.0,0.0,,0.0,0.0,,9.18,8.09,,,,,曝光/点击/CTR/CVR/ACOS/ROAS/活动清单
B0GR4GGYS6,KC4SGE01700,2026-W35,2026-W34,0.0,0.0,,0.0,0.0,,0.0,0.0,,,,,曝光/点击/CTR/CVR/ACOS/ROAS/活动清单
B0GR4GJ96D,KX4SGE08500,2026-W35,2026-W34,0.0,0.0,,0.0,0.0,,0.0,5.1,,,,,曝光/点击/CTR/CVR/ACOS/ROAS/活动清单
B0GR4GKLF4,KX4SGE10300,2026-W35,2026-W34,1.0,0.0,N/A,1196.8,0.0,N/A,10.75,18.36,0.9,,,,曝光/点击/CTR/CVR/ACOS/ROAS/活动清单
B0GR4GL9HR,KC4SGE00700,2026-W35,2026-W34,0.0,0.0,,0.0,0.0,,9.18,15.3,,,,,曝光/点击/CTR/CVR/ACOS/ROAS/活动清单
B0GR4GMYSM,KC4SGE03300,2026-W35,2026-W34,0.0,0.0,,0.0,0.0,,6.19,0.0,,,,,曝光/点击/CTR/CVR/ACOS/ROAS/活动清单
B0GR4GRK5H,KX4SGE16800,2026-W35,2026-W34,0.0,0.0,,0.0,0.0,,14.62,3.06,,,,,曝光/点击/CTR/CVR/ACOS/ROAS/活动清单
B0GR4GS11D,KC4PSP16000,2026-W35,2026-W34,0.0,0.0,,0.0,0.0,,0.0,0.0,,,,,曝光/点击/CTR/CVR/ACOS/ROAS/活动清单
B0GR4GVXZM,PT4SGE21100,2026-W35,2026-W34,0.0,0.0,,0.0,0.0,,0.0,0.0,,,,,曝光/点击/CTR/CVR/ACOS/ROAS/活动清单
B0GR4GVZNB,PT4SGE18600,2026-W35,2026-W34,0.0,0.0,,0.0,0.0,,10.95,10.68,,,,,曝光/点击/CTR/CVR/ACOS/ROAS/活动清单
B0GR4GXXMW,PT4SGE19100,2026-W35,2026-W34,0.0,0.0,,0.0,0.0,,3.06,0.0,,,,,曝光/点击/CTR/CVR/ACOS/ROAS/活动清单
B0GR4GYJMQ,PT4SGE24100,2026-W35,2026-W34,0.0,0.0,,0.0,0.0,,6.12,0.0,,,,,曝光/点击/CTR/CVR/ACOS/ROAS/活动清单
B0GR4GZB8Y,PT4SGE24900,2026-W35,2026-W34,0.0,0.0,,0.0,0.0,,0.0,3.13,,,,,曝光/点击/CTR/CVR/ACOS/ROAS/活动清单
B0GR4H4M4Q,PT4SGE26300,2026-W35,2026-W34,0.0,0.0,,0.0,0.0,,24.21,3.06,,,,,曝光/点击/CTR/CVR/ACOS/ROAS/活动清单
B0GR4HFFGD,KX4SGE13300,2026-W35,2026-W34,0.0,0.0,,0.0,0.0,,0.0,3.06,,,,,曝光/点击/CTR/CVR/ACOS/ROAS/活动清单
B0GR4HN45R,PT4SGE27000,2026-W35,2026-W34,0.0,0.0,,0.0,0.0,,18.77,5.78,,,,,曝光/点击/CTR/CVR/ACOS/ROAS/活动清单
B0GR4HNPNW,KC4PSP17800,2026-W35,2026-W34,0.0,0.0,,0.0,0.0,,0.0,0.0,,,,,曝光/点击/CTR/CVR/ACOS/ROAS/活动清单
B0GR4HTKZV,PT4SGE23100,2026-W35,2026-W34,0.0,0.0,,0.0,0.0,,11.29,6.12,,,,,曝光/点击/CTR/CVR/ACOS/ROAS/活动清单
B0GR4HV7S1,KC4SGE05000,2026-W35,2026-W34,0.0,0.0,,0.0,0.0,,0.0,0.0,,,,,曝光/点击/CTR/CVR/ACOS/ROAS/活动清单
B0GR4HWSV9,KX4SGE14900,2026-W35,2026-W34,1.0,0.0,N/A,1360.0,0.0,N/A,4.08,0.0,0.3,,,,曝光/点击/CTR/CVR/ACOS/ROAS/活动清单
B0GR4HXWFC,KX4SGE07900,2026-W35,2026-W34,0.0,0.0,,0.0,0.0,,0.55,3.95,,,,,曝光/点击/CTR/CVR/ACOS/ROAS/活动清单
B0GR4HY8HX,KC4PSP18000,2026-W35,2026-W34,0.0,0.0,,0.0,0.0,,5.98,0.0,,,,,曝光/点击/CTR/CVR/ACOS/ROAS/活动清单
B0GR4J48S5,KC4SGE03500,2026-W35,2026-W34,0.0,0.0,,0.0,0.0,,5.99,6.33,,,,,曝光/点击/CTR/CVR/ACOS/ROAS/活动清单
B0GR4J4G73,PT4SGE23600,2026-W35,2026-W34,0.0,0.0,,0.0,0.0,,5.78,0.0,,,,,曝光/点击/CTR/CVR/ACOS/ROAS/活动清单
B0GR4JCZ5L,KC4SGE05200,2026-W35,2026-W34,0.0,0.0,,0.0,0.0,,9.52,12.38,,,,,曝光/点击/CTR/CVR/ACOS/ROAS/活动清单
B0GR4JFSLT,KC4SGE03700,2026-W35,2026-W34,0.0,0.0,,0.0,0.0,,4.56,5.17,,,,,曝光/点击/CTR/CVR/ACOS/ROAS/活动清单
B0GR4JKPDL,KX4SGE14900,2026-W35,2026-W34,0.0,0.0,,0.0,0.0,,0.0,3.33,,,,,曝光/点击/CTR/CVR/ACOS/ROAS/活动清单
B0GR4JM6HZ,KC4SGE00400,2026-W35,2026-W34,0.0,0.0,,0.0,0.0,,0.01,5.99,,,,,曝光/点击/CTR/CVR/ACOS/ROAS/活动清单
B0GR4JN9WX,PT4SGE21100,2026-W35,2026-W34,0.0,0.0,,0.0,0.0,,7.21,6.87,,,,,曝光/点击/CTR/CVR/ACOS/ROAS/活动清单
B0GR4JQS8L,KC4SGE00300,2026-W35,2026-W34,0.0,0.0,,0.0,0.0,,4.08,4.08,,,,,曝光/点击/CTR/CVR/ACOS/ROAS/活动清单
B0GR4JRVTV,KX4SGE17700,2026-W35,2026-W34,0.0,0.0,,0.0,0.0,,3.27,0.0,,,,,曝光/点击/CTR/CVR/ACOS/ROAS/活动清单
B0GR4JV9H7,KX4SGE17400,2026-W35,2026-W34,0.0,0.0,,0.0,0.0,,0.0,0.0,,,,,曝光/点击/CTR/CVR/ACOS/ROAS/活动清单
B0GR4JYZHD,KX4SGE10900,2026-W35,2026-W34,0.0,0.0,,0.0,0.0,,0.0,0.0,,,,,曝光/点击/CTR/CVR/ACOS/ROAS/活动清单
B0GR4JZ198,PT4SGE27300,2026-W35,2026-W34,0.0,0.0,,0.0,0.0,,0.0,0.0,,,,,曝光/点击/CTR/CVR/ACOS/ROAS/活动清单
B0GR4K587N,KC4PSP16400,2026-W35,2026-W34,0.0,0.0,,0.0,0.0,,4.69,0.0,,,,,曝光/点击/CTR/CVR/ACOS/ROAS/活动清单
B0GR4K6KZQ,KX4SGE08600,2026-W35,2026-W34,0.0,0.0,,0.0,0.0,,4.49,0.0,,,,,曝光/点击/CTR/CVR/ACOS/ROAS/活动清单
B0GR4K8KMB,KC4SGE00800,2026-W35,2026-W34,0.0,0.0,,0.0,0.0,,0.0,0.0,,,,,曝光/点击/CTR/CVR/ACOS/ROAS/活动清单
B0GR4K8L8W,PT4SGE24100,2026-W35,2026-W34,1.0,0.0,N/A,1618.4,0.0,N/A,4.56,5.24,0.28,,,,曝光/点击/CTR/CVR/ACOS/ROAS/活动清单
B0GR4KBGHK,PT4SGE20800,2026-W35,2026-W34,0.0,0.0,,0.0,0.0,,3.88,5.31,,,,,曝光/点击/CTR/CVR/ACOS/ROAS/活动清单
B0GR4KBS32,PT4SGE27500,2026-W35,2026-W34,0.0,0.0,,0.0,0.0,,0.0,0.0,,,,,曝光/点击/CTR/CVR/ACOS/ROAS/活动清单
B0GR4KDGGX,KC4SGE05400,2026-W35,2026-W34,0.0,0.0,,0.0,0.0,,0.0,3.06,,,,,曝光/点击/CTR/CVR/ACOS/ROAS/活动清单
B0GR4KF32H,PT4SGE19700,2026-W35,2026-W34,0.0,0.0,,0.0,0.0,,0.0,5.1,,,,,曝光/点击/CTR/CVR/ACOS/ROAS/活动清单
B0GR4KFPBD,KC4PSP16100,2026-W35,2026-W34,0.0,0.0,,0.0,0.0,,0.0,0.0,,,,,曝光/点击/CTR/CVR/ACOS/ROAS/活动清单
B0GR4KG17D,KX4SGE17100,2026-W35,2026-W34,0.0,0.0,,0.0,0.0,,7.34,0.0,,,,,曝光/点击/CTR/CVR/ACOS/ROAS/活动清单
B0GR4KGLY6,PT4SGE22800,2026-W35,2026-W34,0.0,0.0,,0.0,0.0,,0.0,0.0,,,,,曝光/点击/CTR/CVR/ACOS/ROAS/活动清单
B0GR4KGWDC,KC4SGE00200,2026-W35,2026-W34,0.0,0.0,,0.0,0.0,,0.0,0.41,,,,,曝光/点击/CTR/CVR/ACOS/ROAS/活动清单
B0GR4KL1YV,KX4SGE08600,2026-W35,2026-W34,0.0,0.0,,0.0,0.0,,8.16,0.0,,,,,曝光/点击/CTR/CVR/ACOS/ROAS/活动清单
B0GR4KW4T3,KC4SGE04600,2026-W35,2026-W34,0.0,0.0,,0.0,0.0,,3.06,13.06,,,,,曝光/点击/CTR/CVR/ACOS/ROAS/活动清单
B0GR4L4W3L,PT4SGE23400,2026-W35,2026-W34,0.0,0.0,,0.0,0.0,,12.65,6.6,,,,,曝光/点击/CTR/CVR/ACOS/ROAS/活动清单
B0GR4L77BC,KX4SGE12100,2026-W35,2026-W34,0.0,1.0,-100.0,0.0,1339.6,-100.0,3.74,31.62,,2.36,,单量下滑≥20%；销售额下滑≥20%,曝光/点击/CTR/CVR/ACOS/ROAS/活动清单
B0GR4L7CPP,KC4SGE00300,2026-W35,2026-W34,0.0,0.0,,0.0,0.0,,16.26,20.68,,,,,曝光/点击/CTR/CVR/ACOS/ROAS/活动清单
B0GR4LG8QK,KC4SGE03500,2026-W35,2026-W34,0.0,0.0,,0.0,0.0,,4.35,0.0,,,,,曝光/点击/CTR/CVR/ACOS/ROAS/活动清单
B0GR4LNBSM,KC4SGE01700,2026-W35,2026-W34,0.0,0.0,,0.0,0.0,,0.0,0.0,,,,,曝光/点击/CTR/CVR/ACOS/ROAS/活动清单
B0GR4LNWTM,KX4SGE13700,2026-W35,2026-W34,0.0,1.0,-100.0,0.0,1074.4,-100.0,0.0,6.12,,0.57,,单量下滑≥20%；销售额下滑≥20%,曝光/点击/CTR/CVR/ACOS/ROAS/活动清单
B0GR4LQCD3,KC4SGE01500,2026-W35,2026-W34,0.0,0.0,,0.0,0.0,,2.72,0.0,,,,,曝光/点击/CTR/CVR/ACOS/ROAS/活动清单
B0GR4LQG1J,KX4SGE13300,2026-W35,2026-W34,0.0,0.0,,0.0,0.0,,9.45,6.6,,,,,曝光/点击/CTR/CVR/ACOS/ROAS/活动清单
B0GR4LS4XB,KX4SGE12600,2026-W35,2026-W34,0.0,0.0,,0.0,0.0,,0.0,0.0,,,,,曝光/点击/CTR/CVR/ACOS/ROAS/活动清单
B0GR4LTHQ8,PT4SGE21100,2026-W35,2026-W34,0.0,0.0,,0.0,0.0,,3.54,3.4,,,,,曝光/点击/CTR/CVR/ACOS/ROAS/活动清单
B0GR4LYKRT,PT4SGE21000,2026-W35,2026-W34,0.0,0.0,,0.0,0.0,,0.0,11.63,,,,,曝光/点击/CTR/CVR/ACOS/ROAS/活动清单
B0GR4M4QR4,PT4SGE20100,2026-W35,2026-W34,0.0,0.0,,0.0,0.0,,0.0,0.0,,,,,曝光/点击/CTR/CVR/ACOS/ROAS/活动清单
B0GR4M5SS9,KX4SGE12600,2026-W35,2026-W34,0.0,0.0,,0.0,0.0,,0.0,0.0,,,,,曝光/点击/CTR/CVR/ACOS/ROAS/活动清单
B0GR4M6Z8K,KC4PSP17500,2026-W35,2026-W34,0.0,0.0,,0.0,0.0,,0.0,0.0,,,,,曝光/点击/CTR/CVR/ACOS/ROAS/活动清单
B0GR4M8WWH,KC4SGE01300,2026-W35,2026-W34,0.0,0.0,,0.0,0.0,,6.53,9.18,,,,,曝光/点击/CTR/CVR/ACOS/ROAS/活动清单
B0GR4MBVLC,KC4PSP17100,2026-W35,2026-W34,0.0,0.0,,0.0,0.0,,8.16,0.61,,,,,曝光/点击/CTR/CVR/ACOS/ROAS/活动清单
B0GR4MC61L,KC4PSP17000,2026-W35,2026-W34,0.0,0.0,,0.0,0.0,,0.0,0.0,,,,,曝光/点击/CTR/CVR/ACOS/ROAS/活动清单
B0GR4MD5TY,KX4SGE10700,2026-W35,2026-W34,0.0,0.0,,0.0,0.0,,0.0,3.27,,,,,曝光/点击/CTR/CVR/ACOS/ROAS/活动清单
B0GR4MK3S3,KC4SGE00900,2026-W35,2026-W34,0.0,1.0,-100.0,0.0,1686.4,-100.0,0.0,6.32,,0.38,,单量下滑≥20%；销售额下滑≥20%,曝光/点击/CTR/CVR/ACOS/ROAS/活动清单
B0GR4MLBRH,PT4SGE27600,2026-W35,2026-W34,0.0,0.0,,0.0,0.0,,4.9,0.0,,,,,曝光/点击/CTR/CVR/ACOS/ROAS/活动清单
B0GR4MMBH1,KC4SGE00700,2026-W35,2026-W34,0.0,0.0,,0.0,0.0,,13.28,50.54,,,,,曝光/点击/CTR/CVR/ACOS/ROAS/活动清单
B0GR4MMJY2,KX4SGE15200,2026-W35,2026-W34,0.0,0.0,,0.0,0.0,,0.0,0.0,,,,,曝光/点击/CTR/CVR/ACOS/ROAS/活动清单
B0GR4MNJ7C,KC4SGE02800,2026-W35,2026-W34,0.0,0.0,,0.0,0.0,,2.58,0.0,,,,,曝光/点击/CTR/CVR/ACOS/ROAS/活动清单
B0GR4MP67V,KX4SGE13200,2026-W35,2026-W34,0.0,0.0,,0.0,0.0,,0.0,4.01,,,,,曝光/点击/CTR/CVR/ACOS/ROAS/活动清单
B0GR4MQRJ7,KC4PSP17100,2026-W35,2026-W34,0.0,0.0,,0.0,0.0,,0.0,0.0,,,,,曝光/点击/CTR/CVR/ACOS/ROAS/活动清单
B0GR4MS1CN,KC4SGE00800,2026-W35,2026-W34,0.0,0.0,,0.0,0.0,,0.0,0.0,,,,,曝光/点击/CTR/CVR/ACOS/ROAS/活动清单
B0GR4MXRHY,KC4PSP16400,2026-W35,2026-W34,1.0,0.0,N/A,1305.6,0.0,N/A,0.0,0.0,0.0,,,,曝光/点击/CTR/CVR/ACOS/ROAS/活动清单
B0GR4MZ2S3,KC4SGE00600,2026-W35,2026-W34,0.0,0.0,,0.0,0.0,,0.0,7.82,,,,,曝光/点击/CTR/CVR/ACOS/ROAS/活动清单
B0GR4N1CBL,KX4SGE07700,2026-W35,2026-W34,1.0,1.0,0.0,1883.6,1883.6,0.0,14.77,23.81,0.78,1.26,-37.98,,曝光/点击/CTR/CVR/ACOS/ROAS/活动清单
B0GR4NBCFX,PT4SGE26700,2026-W35,2026-W34,1.0,0.0,N/A,931.6,0.0,N/A,3.27,11.56,0.35,,,,曝光/点击/CTR/CVR/ACOS/ROAS/活动清单
B0GR4NCQ7C,PT4SGE27300,2026-W35,2026-W34,0.0,0.0,,0.0,0.0,,4.08,0.0,,,,,曝光/点击/CTR/CVR/ACOS/ROAS/活动清单
B0GR4ND1ZP,PT4SGE26100,2026-W35,2026-W34,0.0,0.0,,0.0,0.0,,2.04,5.1,,,,,曝光/点击/CTR/CVR/ACOS/ROAS/活动清单
B0GR4ND73X,PT4SGE18700,2026-W35,2026-W34,0.0,0.0,,0.0,0.0,,5.04,14.15,,,,,曝光/点击/CTR/CVR/ACOS/ROAS/活动清单
B0GR4NH6G4,KX4SGE08800,2026-W35,2026-W34,0.0,0.0,,0.0,0.0,,0.0,0.0,,,,,曝光/点击/CTR/CVR/ACOS/ROAS/活动清单
B0GR4NHLT3,PT4SGE21900,2026-W35,2026-W34,0.0,0.0,,0.0,0.0,,0.0,12.11,,,,,曝光/点击/CTR/CVR/ACOS/ROAS/活动清单
B0GR4NJQLD,KC4SGE05500,2026-W35,2026-W34,0.0,0.0,,0.0,0.0,,0.0,4.08,,,,,曝光/点击/CTR/CVR/ACOS/ROAS/活动清单
B0GR4NQFGB,KX4SGE14700,2026-W35,2026-W34,0.0,0.0,,0.0,0.0,,5.1,0.0,,,,,曝光/点击/CTR/CVR/ACOS/ROAS/活动清单
B0GR4NVXNK,PT4SGE24900,2026-W35,2026-W34,0.0,0.0,,0.0,0.0,,5.03,0.0,,,,,曝光/点击/CTR/CVR/ACOS/ROAS/活动清单
B0GR4P369T,KX4SGE15400,2026-W35,2026-W34,0.0,0.0,,0.0,0.0,,0.0,0.0,,,,,曝光/点击/CTR/CVR/ACOS/ROAS/活动清单
B0GR4P43Z7,KC4SGE00200,2026-W35,2026-W34,0.0,0.0,,0.0,0.0,,0.0,4.08,,,,,曝光/点击/CTR/CVR/ACOS/ROAS/活动清单
B0GR4PN1R8,PT4SGE19400,2026-W35,2026-W34,0.0,0.0,,0.0,0.0,,0.0,4.22,,,,,曝光/点击/CTR/CVR/ACOS/ROAS/活动清单
B0GR4PP1HW,KX4SGE17400,2026-W35,2026-W34,0.0,0.0,,0.0,0.0,,0.0,0.0,,,,,曝光/点击/CTR/CVR/ACOS/ROAS/活动清单
B0GR4PP4TT,PT4SGE26500,2026-W35,2026-W34,0.0,0.0,,0.0,0.0,,3.06,3.06,,,,,曝光/点击/CTR/CVR/ACOS/ROAS/活动清单
B0GR4PVZMB,PT4SGE26000,2026-W35,2026-W34,1.0,0.0,N/A,632.4,0.0,N/A,9.18,9.79,1.45,,,,曝光/点击/CTR/CVR/ACOS/ROAS/活动清单
B0GR4Q79LQ,PT4SGE21000,2026-W35,2026-W34,0.0,0.0,,0.0,0.0,,0.0,3.06,,,,,曝光/点击/CTR/CVR/ACOS/ROAS/活动清单
B0GR4QH9RQ,PT4SGE26700,2026-W35,2026-W34,0.0,0.0,,0.0,0.0,,3.06,0.0,,,,,曝光/点击/CTR/CVR/ACOS/ROAS/活动清单
B0GR4QJ9ST,KX4SGE16500,2026-W35,2026-W34,0.0,0.0,,0.0,0.0,,0.0,0.0,,,,,曝光/点击/CTR/CVR/ACOS/ROAS/活动清单
B0GR4QK84Z,KC4SGE04300,2026-W35,2026-W34,0.0,0.0,,0.0,0.0,,17.34,0.0,,,,,曝光/点击/CTR/CVR/ACOS/ROAS/活动清单
B0GR4QK87D,KX4SGE11100,2026-W35,2026-W34,0.0,0.0,,0.0,0.0,,0.0,0.0,,,,,曝光/点击/CTR/CVR/ACOS/ROAS/活动清单
B0GR4QMHGJ,KX4SGE09100,2026-W35,2026-W34,0.0,0.0,,0.0,0.0,,0.0,0.0,,,,,曝光/点击/CTR/CVR/ACOS/ROAS/活动清单
B0GR4QN4DC,KX4SGE13500,2026-W35,2026-W34,0.0,0.0,,0.0,0.0,,9.59,6.12,,,,,曝光/点击/CTR/CVR/ACOS/ROAS/活动清单
B0GR4QSQS6,PT4SGE22200,2026-W35,2026-W34,0.0,0.0,,0.0,0.0,,0.0,0.0,,,,,曝光/点击/CTR/CVR/ACOS/ROAS/活动清单
B0GR4QTT46,KC4PSP16400,2026-W35,2026-W34,0.0,0.0,,0.0,0.0,,3.27,12.04,,,,,曝光/点击/CTR/CVR/ACOS/ROAS/活动清单
B0GR4QV5L7,PT4SGE28100,2026-W35,2026-W34,0.0,0.0,,0.0,0.0,,0.0,0.0,,,,,曝光/点击/CTR/CVR/ACOS/ROAS/活动清单
B0GR4QVTBF,KC4SGE02400,2026-W35,2026-W34,0.0,0.0,,0.0,0.0,,3.13,15.51,,,,,曝光/点击/CTR/CVR/ACOS/ROAS/活动清单
B0GR4R5P5F,KX4SGE10300,2026-W35,2026-W34,0.0,0.0,,0.0,0.0,,12.65,3.06,,,,,曝光/点击/CTR/CVR/ACOS/ROAS/活动清单
B0GR4R6P5P,PT4SGE22200,2026-W35,2026-W34,0.0,0.0,,0.0,0.0,,0.0,2.58,,,,,曝光/点击/CTR/CVR/ACOS/ROAS/活动清单
B0GR4R8THQ,KC4SGE01600,2026-W35,2026-W34,0.0,0.0,,0.0,0.0,,0.0,18.23,,,,,曝光/点击/CTR/CVR/ACOS/ROAS/活动清单
B0GR4RC8PX,KC4PSP16100,2026-W35,2026-W34,0.0,0.0,,0.0,0.0,,0.0,0.0,,,,,曝光/点击/CTR/CVR/ACOS/ROAS/活动清单
B0GR4RC999,PT4SGE20500,2026-W35,2026-W34,0.0,0.0,,0.0,0.0,,8.77,0.0,,,,,曝光/点击/CTR/CVR/ACOS/ROAS/活动清单
B0GR4RPNGF,KC4SGE03700,2026-W35,2026-W34,0.0,0.0,,0.0,0.0,,0.0,4.56,,,,,曝光/点击/CTR/CVR/ACOS/ROAS/活动清单
B0GR4RRJ3C,PT4SGE24600,2026-W35,2026-W34,0.0,0.0,,0.0,0.0,,0.0,0.0,,,,,曝光/点击/CTR/CVR/ACOS/ROAS/活动清单
B0GR4RWQ1V,KX4SGE10900,2026-W35,2026-W34,0.0,0.0,,0.0,0.0,,7.14,0.0,,,,,曝光/点击/CTR/CVR/ACOS/ROAS/活动清单
B0GR4S48FD,KC4SGE05300,2026-W35,2026-W34,0.0,0.0,,0.0,0.0,,0.0,3.74,,,,,曝光/点击/CTR/CVR/ACOS/ROAS/活动清单
B0GR4S575S,KC4SGE01400,2026-W35,2026-W34,0.0,0.0,,0.0,0.0,,0.0,1.84,,,,,曝光/点击/CTR/CVR/ACOS/ROAS/活动清单
B0GR4S6CNN,PT4SGE19200,2026-W35,2026-W34,0.0,0.0,,0.0,0.0,,2.72,2.52,,,,,曝光/点击/CTR/CVR/ACOS/ROAS/活动清单
B0GR4S6PBP,PT4SGE26600,2026-W35,2026-W34,0.0,0.0,,0.0,0.0,,0.0,0.0,,,,,曝光/点击/CTR/CVR/ACOS/ROAS/活动清单
B0GR4S9F1W,KC4PSP18100,2026-W35,2026-W34,0.0,0.0,,0.0,0.0,,8.43,0.0,,,,,曝光/点击/CTR/CVR/ACOS/ROAS/活动清单
B0GR4S9GR5,PT4SGE25600,2026-W35,2026-W34,0.0,0.0,,0.0,0.0,,5.17,8.37,,,,,曝光/点击/CTR/CVR/ACOS/ROAS/活动清单
B0GR4SG59L,KX4SGE15200,2026-W35,2026-W34,0.0,0.0,,0.0,0.0,,0.0,3.06,,,,,曝光/点击/CTR/CVR/ACOS/ROAS/活动清单
B0GR4SGHKZ,KC4SGE05200,2026-W35,2026-W34,0.0,0.0,,0.0,0.0,,3.06,9.66,,,,,曝光/点击/CTR/CVR/ACOS/ROAS/活动清单
B0GR4T2Z1Q,KC4SGE04600,2026-W35,2026-W34,0.0,0.0,,0.0,0.0,,5.99,16.25,,,,,曝光/点击/CTR/CVR/ACOS/ROAS/活动清单
B0GR4T2ZBQ,PT4SGE23600,2026-W35,2026-W34,0.0,0.0,,0.0,0.0,,0.0,3.06,,,,,曝光/点击/CTR/CVR/ACOS/ROAS/活动清单
B0GR4T8KNN,KX4SGE08100,2026-W35,2026-W34,0.0,0.0,,0.0,0.0,,9.39,0.0,,,,,曝光/点击/CTR/CVR/ACOS/ROAS/活动清单
B0GR4THQNB,PT4SGE22500,2026-W35,2026-W34,0.0,0.0,,0.0,0.0,,3.27,3.13,,,,,曝光/点击/CTR/CVR/ACOS/ROAS/活动清单
B0GR4TMSHC,KC4SGE04700,2026-W35,2026-W34,0.0,0.0,,0.0,0.0,,1.84,3.95,,,,,曝光/点击/CTR/CVR/ACOS/ROAS/活动清单
B0GR4TR154,PT4SGE28200,2026-W35,2026-W34,0.0,0.0,,0.0,0.0,,3.06,3.13,,,,,曝光/点击/CTR/CVR/ACOS/ROAS/活动清单
B0GR4TWF3D,PT4SGE20800,2026-W35,2026-W34,0.0,0.0,,0.0,0.0,,0.0,8.37,,,,,曝光/点击/CTR/CVR/ACOS/ROAS/活动清单
B0GR4TXN5L,PT4SGE25800,2026-W35,2026-W34,0.0,0.0,,0.0,0.0,,0.0,4.28,,,,,曝光/点击/CTR/CVR/ACOS/ROAS/活动清单
B0GR4TYCKZ,KX4SGE10100,2026-W35,2026-W34,0.0,0.0,,0.0,0.0,,0.0,5.3,,,,,曝光/点击/CTR/CVR/ACOS/ROAS/活动清单
B0GR4TZF7Y,KX4SGE12700,2026-W35,2026-W34,0.0,0.0,,0.0,0.0,,2.72,0.0,,,,,曝光/点击/CTR/CVR/ACOS/ROAS/活动清单
B0GR4TZZVL,KX4SGE17100,2026-W35,2026-W34,0.0,0.0,,0.0,0.0,,5.44,0.0,,,,,曝光/点击/CTR/CVR/ACOS/ROAS/活动清单
B0GR4V1436,KX4SGE12900,2026-W35,2026-W34,0.0,1.0,-100.0,0.0,1122.0,-100.0,5.44,6.46,,0.58,,单量下滑≥20%；销售额下滑≥20%,曝光/点击/CTR/CVR/ACOS/ROAS/活动清单
B0GR4V3RNT,KC4SGE00400,2026-W35,2026-W34,0.0,1.0,-100.0,0.0,856.8,-100.0,4.29,5.44,,0.64,,单量下滑≥20%；销售额下滑≥20%,曝光/点击/CTR/CVR/ACOS/ROAS/活动清单
B0GR4VN632,KC4SGE03900,2026-W35,2026-W34,0.0,0.0,,0.0,0.0,,0.0,0.0,,,,,曝光/点击/CTR/CVR/ACOS/ROAS/活动清单
B0GR4VR2SK,PT4SGE19900,2026-W35,2026-W34,0.0,0.0,,0.0,0.0,,4.01,7.14,,,,,曝光/点击/CTR/CVR/ACOS/ROAS/活动清单
B0GR4VSZKG,KC4SGE03000,2026-W35,2026-W34,0.0,0.0,,0.0,0.0,,0.0,3.74,,,,,曝光/点击/CTR/CVR/ACOS/ROAS/活动清单
B0GR4VVMTR,KX4SGE09200,2026-W35,2026-W34,0.0,0.0,,0.0,0.0,,0.0,0.0,,,,,曝光/点击/CTR/CVR/ACOS/ROAS/活动清单
B0GR4VXJ7X,KX4SGE09100,2026-W35,2026-W34,0.0,0.0,,0.0,0.0,,0.0,0.0,,,,,曝光/点击/CTR/CVR/ACOS/ROAS/活动清单
B0GR4WDDY4,KX4SGE14500,2026-W35,2026-W34,0.0,0.0,,0.0,0.0,,0.0,0.0,,,,,曝光/点击/CTR/CVR/ACOS/ROAS/活动清单
B0GR4X1J38,PT4SGE23300,2026-W35,2026-W34,0.0,0.0,,0.0,0.0,,8.71,11.7,,,,,曝光/点击/CTR/CVR/ACOS/ROAS/活动清单
B0GR4X4WS6,KX4SGE16500,2026-W35,2026-W34,0.0,0.0,,0.0,0.0,,0.0,0.0,,,,,曝光/点击/CTR/CVR/ACOS/ROAS/活动清单
B0GR4XKFB3,KX4SGE13500,2026-W35,2026-W34,0.0,1.0,-100.0,0.0,1632.0,-100.0,0.0,19.79,,1.21,,单量下滑≥20%；销售额下滑≥20%,曝光/点击/CTR/CVR/ACOS/ROAS/活动清单
B0GR4YJ9N7,PT4SGE27000,2026-W35,2026-W34,0.0,0.0,,0.0,0.0,,5.31,0.0,,,,,曝光/点击/CTR/CVR/ACOS/ROAS/活动清单
B0GR4YSTZ1,PT4SGE26300,2026-W35,2026-W34,0.0,0.0,,0.0,0.0,,0.0,3.2,,,,,曝光/点击/CTR/CVR/ACOS/ROAS/活动清单
B0GR51CJ8M,OO4SGE37000,2026-W35,2026-W34,1.0,1.0,0.0,1040.4,1040.4,0.0,18.77,10.14,1.8,0.97,85.21,TACOS上升≥30%,曝光/点击/CTR/CVR/ACOS/ROAS/活动清单
B0GR51JFYN,KX4SGE08900,2026-W35,2026-W34,0.0,0.0,,0.0,0.0,,0.0,0.0,,,,,曝光/点击/CTR/CVR/ACOS/ROAS/活动清单
B0GR51NGZQ,PT4SGE19600,2026-W35,2026-W34,0.0,0.0,,0.0,0.0,,13.26,0.0,,,,,曝光/点击/CTR/CVR/ACOS/ROAS/活动清单
B0GR52BXCF,KC4SGE00500,2026-W35,2026-W34,0.0,0.0,,0.0,0.0,,0.0,4.56,,,,,曝光/点击/CTR/CVR/ACOS/ROAS/活动清单
B0GR52L493,PT4SGE22700,2026-W35,2026-W34,0.0,0.0,,0.0,0.0,,4.69,0.0,,,,,曝光/点击/CTR/CVR/ACOS/ROAS/活动清单
B0GR52L5DW,KX4SGE17300,2026-W35,2026-W34,0.0,0.0,,0.0,0.0,,0.0,15.17,,,,,曝光/点击/CTR/CVR/ACOS/ROAS/活动清单
B0GR548JHZ,PT4SGE24300,2026-W35,2026-W34,0.0,0.0,,0.0,0.0,,3.33,17.0,,,,,曝光/点击/CTR/CVR/ACOS/ROAS/活动清单
B0GR59G3S3,PT4SGE22700,2026-W35,2026-W34,0.0,0.0,,0.0,0.0,,0.0,0.0,,,,,曝光/点击/CTR/CVR/ACOS/ROAS/活动清单
B0GR59R67B,KC4SGE04800,2026-W35,2026-W34,0.0,0.0,,0.0,0.0,,0.0,0.0,,,,,曝光/点击/CTR/CVR/ACOS/ROAS/活动清单
B0GSCDLN3Y,OO4SGE38000,2026-W35,2026-W34,0.0,0.0,,0.0,0.0,,5.1,4.97,,,,,曝光/点击/CTR/CVR/ACOS/ROAS/活动清单
B0GSCDPFX1,OO4SGE38100,2026-W35,2026-W34,0.0,0.0,,0.0,0.0,,2.72,0.0,,,,,曝光/点击/CTR/CVR/ACOS/ROAS/活动清单
B0GSCDPTTP,OO4SGE36200,2026-W35,2026-W34,0.0,0.0,,0.0,0.0,,50.13,36.74,,,,,曝光/点击/CTR/CVR/ACOS/ROAS/活动清单
B0GSCGSCM3,OO4SGE34600,2026-W35,2026-W34,1.0,0.0,N/A,1550.4,0.0,N/A,39.72,4.08,2.56,,,,曝光/点击/CTR/CVR/ACOS/ROAS/活动清单
B0GSCHRBZ9,OO4SGE38900,2026-W35,2026-W34,1.0,0.0,N/A,877.2,0.0,N/A,20.75,41.35,2.37,,,,曝光/点击/CTR/CVR/ACOS/ROAS/活动清单
B0GSCHV15P,OO4SGE39100,2026-W35,2026-W34,0.0,0.0,,0.0,0.0,,37.21,43.19,,,,,曝光/点击/CTR/CVR/ACOS/ROAS/活动清单
B0GSCJPTS8,OO4SGE38600,2026-W35,2026-W34,0.0,0.0,,0.0,0.0,,0.0,0.0,,,,,曝光/点击/CTR/CVR/ACOS/ROAS/活动清单
B0GSCKK336,OO4SGE37700,2026-W35,2026-W34,0.0,2.0,-100.0,0.0,2652.0,-100.0,11.22,10.34,,0.39,,单量下滑≥20%；销售额下滑≥20%,曝光/点击/CTR/CVR/ACOS/ROAS/活动清单
B0GSCQZNBJ,OO4SGE36800,2026-W35,2026-W34,1.0,1.0,0.0,1428.0,1428.0,0.0,6.67,15.24,0.47,1.07,-56.22,,曝光/点击/CTR/CVR/ACOS/ROAS/活动清单
B0GSCR839R,OO4SGE36900,2026-W35,2026-W34,0.0,0.0,,0.0,0.0,,0.0,0.0,,,,,曝光/点击/CTR/CVR/ACOS/ROAS/活动清单
B0GSCS65GB,OO4SGE36300,2026-W35,2026-W34,0.0,0.0,,0.0,0.0,,0.0,0.0,,,,,曝光/点击/CTR/CVR/ACOS/ROAS/活动清单
B0GSCSFKHG,OO4SGE37300,2026-W35,2026-W34,0.0,0.0,,0.0,0.0,,0.0,0.0,,,,,曝光/点击/CTR/CVR/ACOS/ROAS/活动清单
B0GSCTYV8X,OO4SGE38400,2026-W35,2026-W34,0.0,0.0,,0.0,0.0,,9.26,23.68,,,,,曝光/点击/CTR/CVR/ACOS/ROAS/活动清单
B0GSCYCMBG,OO4SGE34100,2026-W35,2026-W34,0.0,1.0,-100.0,0.0,1047.2,-100.0,6.13,6.13,,0.58,,单量下滑≥20%；销售额下滑≥20%,曝光/点击/CTR/CVR/ACOS/ROAS/活动清单
B0GSCYD16G,OO4SGE38200,2026-W35,2026-W34,0.0,0.0,,0.0,0.0,,3.06,0.0,,,,,曝光/点击/CTR/CVR/ACOS/ROAS/活动清单
B0GSCYWWKW,OO4SGE38800,2026-W35,2026-W34,1.0,0.0,N/A,727.6,0.0,N/A,16.74,29.11,2.3,,,,曝光/点击/CTR/CVR/ACOS/ROAS/活动清单
B0GSCZ2K1B,OO4SGE37500,2026-W35,2026-W34,0.0,1.0,-100.0,0.0,1190.0,-100.0,5.65,33.26,,2.79,,单量下滑≥20%；销售额下滑≥20%,曝光/点击/CTR/CVR/ACOS/ROAS/活动清单
B0GSD1T7VX,OO4SGE38500,2026-W35,2026-W34,0.0,1.0,-100.0,0.0,1135.6,-100.0,9.93,8.23,,0.72,,单量下滑≥20%；销售额下滑≥20%,曝光/点击/CTR/CVR/ACOS/ROAS/活动清单
B0GSD2MH1L,OO4SGE36600,2026-W35,2026-W34,0.0,0.0,,0.0,0.0,,0.0,0.0,,,,,曝光/点击/CTR/CVR/ACOS/ROAS/活动清单
B0GSD2NZ7K,OO4SGE38300,2026-W35,2026-W34,0.0,1.0,-100.0,0.0,992.8,-100.0,5.92,10.2,,1.03,,单量下滑≥20%；销售额下滑≥20%,曝光/点击/CTR/CVR/ACOS/ROAS/活动清单
B0GSD39Q7L,OO4SGE35600,2026-W35,2026-W34,1.0,0.0,N/A,1346.4,0.0,N/A,3.27,41.22,0.24,,,,曝光/点击/CTR/CVR/ACOS/ROAS/活动清单
B0GSD5QBTT,OO4SGE35200,2026-W35,2026-W34,0.0,0.0,,0.0,0.0,,1.36,7.69,,,,,曝光/点击/CTR/CVR/ACOS/ROAS/活动清单
B0GTSC9PSP,OO4SGE35700,2026-W35,2026-W34,0.0,1.0,-100.0,0.0,1326.0,-100.0,6.12,6.33,,0.48,,单量下滑≥20%；销售额下滑≥20%,曝光/点击/CTR/CVR/ACOS/ROAS/活动清单
B0GTT2B7VM,OO4SGE34000,2026-W35,2026-W34,0.0,0.0,,0.0,0.0,,7.89,12.45,,,,,曝光/点击/CTR/CVR/ACOS/ROAS/活动清单
B0GTT2ZVN4,OO4SGE36000,2026-W35,2026-W34,1.0,0.0,N/A,1659.2,0.0,N/A,55.44,50.54,3.34,,,,曝光/点击/CTR/CVR/ACOS/ROAS/活动清单
B0GTT7Y37J,OO4SGE38000,2026-W35,2026-W34,0.0,0.0,,0.0,0.0,,20.75,10.2,,,,,曝光/点击/CTR/CVR/ACOS/ROAS/活动清单
B0GTT88NQL,OO4SGE36600,2026-W35,2026-W34,0.0,0.0,,0.0,0.0,,11.84,19.72,,,,,曝光/点击/CTR/CVR/ACOS/ROAS/活动清单
B0GTT8WX7B,OO4SGE35600,2026-W35,2026-W34,1.0,1.0,0.0,1346.4,1346.4,0.0,22.79,38.02,1.69,2.82,-40.06,,曝光/点击/CTR/CVR/ACOS/ROAS/活动清单
B0GTT935H4,OO4SGE38900,2026-W35,2026-W34,0.0,0.0,,0.0,0.0,,0.0,9.86,,,,,曝光/点击/CTR/CVR/ACOS/ROAS/活动清单
B0GTT9GQTF,OO4SGE36800,2026-W35,2026-W34,0.0,0.0,,0.0,0.0,,3.27,15.91,,,,,曝光/点击/CTR/CVR/ACOS/ROAS/活动清单
B0GTTBF54X,OO4SGE36900,2026-W35,2026-W34,0.0,0.0,,0.0,0.0,,15.03,10.41,,,,,曝光/点击/CTR/CVR/ACOS/ROAS/活动清单
B0GTTBGZ98,OO4SGE38300,2026-W35,2026-W34,0.0,0.0,,0.0,0.0,,20.47,4.29,,,,,曝光/点击/CTR/CVR/ACOS/ROAS/活动清单
B0GTTCFZKC,OO4SGE37700,2026-W35,2026-W34,0.0,0.0,,0.0,0.0,,15.37,6.26,,,,,曝光/点击/CTR/CVR/ACOS/ROAS/活动清单
B0GTTD3KYH,OO4SGE39000,2026-W35,2026-W34,1.0,0.0,N/A,727.6,0.0,N/A,0.0,3.13,0.0,,,,曝光/点击/CTR/CVR/ACOS/ROAS/活动清单
B0GTTFC9WL,OO4SGE35700,2026-W35,2026-W34,0.0,0.0,,0.0,0.0,,3.06,7.35,,,,,曝光/点击/CTR/CVR/ACOS/ROAS/活动清单
B0GTTG712J,OO4SGE34600,2026-W35,2026-W34,0.0,0.0,,0.0,0.0,,25.5,6.53,,,,,曝光/点击/CTR/CVR/ACOS/ROAS/活动清单
B0GTTG7NQZ,OO4SGE38200,2026-W35,2026-W34,0.0,0.0,,0.0,0.0,,3.06,0.0,,,,,曝光/点击/CTR/CVR/ACOS/ROAS/活动清单
B0GTTG7ZVC,OO4SGE38500,2026-W35,2026-W34,0.0,0.0,,0.0,0.0,,8.5,6.26,,,,,曝光/点击/CTR/CVR/ACOS/ROAS/活动清单
B0GTTGB2F7,OO4SGE38100,2026-W35,2026-W34,0.0,0.0,,0.0,0.0,,6.39,11.56,,,,,曝光/点击/CTR/CVR/ACOS/ROAS/活动清单
B0GTTGJ9TP,OO4SGE34000,2026-W35,2026-W34,0.0,0.0,,0.0,0.0,,9.25,3.47,,,,,曝光/点击/CTR/CVR/ACOS/ROAS/活动清单
B0GTTGYGPS,OO4SGE38400,2026-W35,2026-W34,0.0,0.0,,0.0,0.0,,2.18,0.0,,,,,曝光/点击/CTR/CVR/ACOS/ROAS/活动清单
B0GTTH7HZG,OO4SGE37500,2026-W35,2026-W34,0.0,0.0,,0.0,0.0,,0.0,0.0,,,,,曝光/点击/CTR/CVR/ACOS/ROAS/活动清单
B0GTTHLTHZ,OO4SGE38800,2026-W35,2026-W34,0.0,0.0,,0.0,0.0,,11.63,5.65,,,,,曝光/点击/CTR/CVR/ACOS/ROAS/活动清单
B0GTTJ6XH1,OO4SGE37700,2026-W35,2026-W34,0.0,0.0,,0.0,0.0,,3.27,3.13,,,,,曝光/点击/CTR/CVR/ACOS/ROAS/活动清单
B0GTTJPBYK,OO4SGE38100,2026-W35,2026-W34,0.0,0.0,,0.0,0.0,,14.89,4.08,,,,,曝光/点击/CTR/CVR/ACOS/ROAS/活动清单
B0GTTK8CX2,OO4SGE38600,2026-W35,2026-W34,0.0,0.0,,0.0,0.0,,0.0,0.0,,,,,曝光/点击/CTR/CVR/ACOS/ROAS/活动清单
B0GTTKP5RB,OO4SGE36800,2026-W35,2026-W34,0.0,0.0,,0.0,0.0,,6.87,3.47,,,,,曝光/点击/CTR/CVR/ACOS/ROAS/活动清单
B0GTTL469N,OO4SGE36600,2026-W35,2026-W34,0.0,0.0,,0.0,0.0,,7.69,0.0,,,,,曝光/点击/CTR/CVR/ACOS/ROAS/活动清单
B0GTTL5QMS,OO4SGE36000,2026-W35,2026-W34,0.0,0.0,,0.0,0.0,,44.41,15.64,,,,,曝光/点击/CTR/CVR/ACOS/ROAS/活动清单
B0GTTL85NY,OO4SGE38800,2026-W35,2026-W34,0.0,0.0,,0.0,0.0,,0.0,7.55,,,,,曝光/点击/CTR/CVR/ACOS/ROAS/活动清单
B0GTTPHJM3,OO4SGE38200,2026-W35,2026-W34,0.0,0.0,,0.0,0.0,,2.11,0.0,,,,,曝光/点击/CTR/CVR/ACOS/ROAS/活动清单
B0GTTPRT8T,OO4SGE34100,2026-W35,2026-W34,0.0,0.0,,0.0,0.0,,6.12,0.0,,,,,曝光/点击/CTR/CVR/ACOS/ROAS/活动清单
B0GTTQ9NMZ,OO4SGE35600,2026-W35,2026-W34,0.0,0.0,,0.0,0.0,,3.74,0.0,,,,,曝光/点击/CTR/CVR/ACOS/ROAS/活动清单
B0GTTQVXS1,OO4SGE34300,2026-W35,2026-W34,0.0,0.0,,0.0,0.0,,18.97,3.27,,,,,曝光/点击/CTR/CVR/ACOS/ROAS/活动清单
B0GTTRFX2D,OO4SGE37500,2026-W35,2026-W34,0.0,0.0,,0.0,0.0,,2.86,5.72,,,,,曝光/点击/CTR/CVR/ACOS/ROAS/活动清单
B0GTTSGB84,OO4SGE38600,2026-W35,2026-W34,0.0,0.0,,0.0,0.0,,0.0,0.0,,,,,曝光/点击/CTR/CVR/ACOS/ROAS/活动清单
B0GTTTXGTB,OO4SGE34600,2026-W35,2026-W34,0.0,0.0,,0.0,0.0,,13.67,4.97,,,,,曝光/点击/CTR/CVR/ACOS/ROAS/活动清单
B0GTTZ8SDP,OO4SGE38900,2026-W35,2026-W34,0.0,0.0,,0.0,0.0,,0.0,4.96,,,,,曝光/点击/CTR/CVR/ACOS/ROAS/活动清单
B0GWPRC3F4,OO4SGE36000,2026-W35,2026-W34,0.0,0.0,,0.0,0.0,,3.26,0.0,,,,,曝光/点击/CTR/CVR/ACOS/ROAS/活动清单
B0GWPXQQ64,OO4SGE35700,2026-W35,2026-W34,0.0,0.0,,0.0,0.0,,0.0,0.0,,,,,曝光/点击/CTR/CVR/ACOS/ROAS/活动清单
B0GWPZWYJG,OO4SGE34000,2026-W35,2026-W34,0.0,0.0,,0.0,0.0,,3.2,0.0,,,,,曝光/点击/CTR/CVR/ACOS/ROAS/活动清单
B0GXYT81R6,KX4SGE10900,2026-W35,2026-W34,0.0,1.0,-100.0,0.0,1060.8,-100.0,0.0,0.0,,0.0,,单量下滑≥20%；销售额下滑≥20%,曝光/点击/CTR/CVR/ACOS/ROAS/活动清单
B0GY7WKN8W,KC4SGE03500,2026-W35,2026-W34,0.0,0.0,,0.0,0.0,,0.0,0.0,,,,,曝光/点击/CTR/CVR/ACOS/ROAS/活动清单
B0GY81W62G,KC4PSP18000,2026-W35,2026-W34,0.0,0.0,,0.0,0.0,,0.0,0.0,,,,,曝光/点击/CTR/CVR/ACOS/ROAS/活动清单
B0GY82B9RX,KC4SGE03200,2026-W35,2026-W34,0.0,0.0,,0.0,0.0,,0.0,0.0,,,,,曝光/点击/CTR/CVR/ACOS/ROAS/活动清单
B0GY833YXY,KC4PSP18200,2026-W35,2026-W34,0.0,0.0,,0.0,0.0,,0.0,0.0,,,,,曝光/点击/CTR/CVR/ACOS/ROAS/活动清单
B0GY85VZTV,KC4PSP16100,2026-W35,2026-W34,0.0,1.0,-100.0,0.0,921.94,-100.0,0.0,0.0,,0.0,,单量下滑≥20%；销售额下滑≥20%,曝光/点击/CTR/CVR/ACOS/ROAS/活动清单
B0GY868168,KC4SGE03700,2026-W35,2026-W34,0.0,0.0,,0.0,0.0,,0.0,0.0,,,,,曝光/点击/CTR/CVR/ACOS/ROAS/活动清单
B0GY868B4Y,KC4PSP17200,2026-W35,2026-W34,0.0,0.0,,0.0,0.0,,0.0,0.0,,,,,曝光/点击/CTR/CVR/ACOS/ROAS/活动清单
B0GY86CJH2,KC4SGE03400,2026-W35,2026-W34,0.0,0.0,,0.0,0.0,,0.0,0.0,,,,,曝光/点击/CTR/CVR/ACOS/ROAS/活动清单
B0GY86VTL7,KC4SGE00700,2026-W35,2026-W34,0.0,0.0,,0.0,0.0,,0.0,0.0,,,,,曝光/点击/CTR/CVR/ACOS/ROAS/活动清单
B0GY8742BS,KC4SGE04100,2026-W35,2026-W34,0.0,0.0,,0.0,0.0,,0.0,0.0,,,,,曝光/点击/CTR/CVR/ACOS/ROAS/活动清单
B0GY88X6RT,KC4PSP17900,2026-W35,2026-W34,0.0,0.0,,0.0,0.0,,0.0,0.0,,,,,曝光/点击/CTR/CVR/ACOS/ROAS/活动清单
B0GY8CJ123,KC4PSP16200,2026-W35,2026-W34,0.0,0.0,,0.0,0.0,,6.66,0.0,,,,,曝光/点击/CTR/CVR/ACOS/ROAS/活动清单
B0GY8CY4KK,KC4SGE02800,2026-W35,2026-W34,0.0,0.0,,0.0,0.0,,0.0,0.0,,,,,曝光/点击/CTR/CVR/ACOS/ROAS/活动清单
B0GYCBYQ5N,KX4SGE09700,2026-W35,2026-W34,0.0,0.0,,0.0,0.0,,0.0,0.0,,,,,曝光/点击/CTR/CVR/ACOS/ROAS/活动清单
B0GYCCJWVR,KX4SGE08100,2026-W35,2026-W34,0.0,0.0,,0.0,0.0,,3.26,0.0,,,,,曝光/点击/CTR/CVR/ACOS/ROAS/活动清单
B0GYCDWN3C,KX4SGE15400,2026-W35,2026-W34,1.0,1.0,0.0,1036.52,1036.52,0.0,3.27,0.0,0.31,0.0,355178.13,TACOS上升≥30%,曝光/点击/CTR/CVR/ACOS/ROAS/活动清单
B0GYCJ36YY,KX4SGE08000,2026-W35,2026-W34,0.0,0.0,,0.0,0.0,,0.0,0.0,,,,,曝光/点击/CTR/CVR/ACOS/ROAS/活动清单
B0GYCJPLXD,KX4SGE08800,2026-W35,2026-W34,0.0,0.0,,0.0,0.0,,0.0,0.0,,,,,曝光/点击/CTR/CVR/ACOS/ROAS/活动清单
B0GYCJSY3T,KX4SGE14500,2026-W35,2026-W34,0.0,0.0,,0.0,0.0,,0.0,0.0,,,,,曝光/点击/CTR/CVR/ACOS/ROAS/活动清单
B0GYCK9Q11,KX4SGE08600,2026-W35,2026-W34,0.0,0.0,,0.0,0.0,,0.0,0.0,,,,,曝光/点击/CTR/CVR/ACOS/ROAS/活动清单
B0GYCKBPPN,KX4SGE10300,2026-W35,2026-W34,0.0,0.0,,0.0,0.0,,0.0,0.0,,,,,曝光/点击/CTR/CVR/ACOS/ROAS/活动清单
B0GYCLBKL9,KX4SGE17100,2026-W35,2026-W34,0.0,0.0,,0.0,0.0,,0.0,0.0,,,,,曝光/点击/CTR/CVR/ACOS/ROAS/活动清单
B0GYCM3R5R,KX4SGE16800,2026-W35,2026-W34,0.0,0.0,,0.0,0.0,,0.0,0.0,,,,,曝光/点击/CTR/CVR/ACOS/ROAS/活动清单
B0GYCN1V62,KX4SGE13300,2026-W35,2026-W34,0.0,0.0,,0.0,0.0,,0.0,0.0,,,,,曝光/点击/CTR/CVR/ACOS/ROAS/活动清单
B0GYCQ3GM1,KX4SGE14900,2026-W35,2026-W34,0.0,0.0,,0.0,0.0,,0.0,0.0,,,,,曝光/点击/CTR/CVR/ACOS/ROAS/活动清单
B0GYCQNC4L,KX4SGE12900,2026-W35,2026-W34,0.0,0.0,,0.0,0.0,,3.26,2.58,,,,,曝光/点击/CTR/CVR/ACOS/ROAS/活动清单
B0GYCRDGCB,KX4SGE08400,2026-W35,2026-W34,0.0,0.0,,0.0,0.0,,0.0,0.0,,,,,曝光/点击/CTR/CVR/ACOS/ROAS/活动清单
B0GYD9PWBN,PT4SGE20500,2026-W35,2026-W34,0.0,0.0,,0.0,0.0,,0.0,0.0,,,,,曝光/点击/CTR/CVR/ACOS/ROAS/活动清单
B0GYDC97TX,PT4SGE19100,2026-W35,2026-W34,0.0,0.0,,0.0,0.0,,0.0,0.0,,,,,曝光/点击/CTR/CVR/ACOS/ROAS/活动清单
B0GYDDY881,PT4SGE21900,2026-W35,2026-W34,0.0,0.0,,0.0,0.0,,0.0,0.0,,,,,曝光/点击/CTR/CVR/ACOS/ROAS/活动清单
B0GYDFY4FS,PT4SGE23900,2026-W35,2026-W34,0.0,0.0,,0.0,0.0,,0.0,0.0,,,,,曝光/点击/CTR/CVR/ACOS/ROAS/活动清单
B0GYDHXWQ7,PT4SGE22500,2026-W35,2026-W34,0.0,0.0,,0.0,0.0,,0.0,0.0,,,,,曝光/点击/CTR/CVR/ACOS/ROAS/活动清单
B0GYDHY46J,PT4SGE24400,2026-W35,2026-W34,0.0,0.0,,0.0,0.0,,0.0,0.0,,,,,曝光/点击/CTR/CVR/ACOS/ROAS/活动清单
B0GYDJ4243,PT4SGE22200,2026-W35,2026-W34,0.0,0.0,,0.0,0.0,,0.0,0.0,,,,,曝光/点击/CTR/CVR/ACOS/ROAS/活动清单
B0GYDJ9LM5,PT4SGE18400,2026-W35,2026-W34,0.0,0.0,,0.0,0.0,,0.0,0.0,,,,,曝光/点击/CTR/CVR/ACOS/ROAS/活动清单
B0GYDKBNFX,PT4SGE23300,2026-W35,2026-W34,0.0,0.0,,0.0,0.0,,0.0,0.0,,,,,曝光/点击/CTR/CVR/ACOS/ROAS/活动清单
B0GYDKCL87,PT4SGE20800,2026-W35,2026-W34,0.0,0.0,,0.0,0.0,,0.0,0.0,,,,,曝光/点击/CTR/CVR/ACOS/ROAS/活动清单
B0GYDKGDGN,PT4SGE23200,2026-W35,2026-W34,0.0,0.0,,0.0,0.0,,0.0,0.0,,,,,曝光/点击/CTR/CVR/ACOS/ROAS/活动清单
B0GYDM74PD,PT4SGE19900,2026-W35,2026-W34,0.0,0.0,,0.0,0.0,,0.0,0.0,,,,,曝光/点击/CTR/CVR/ACOS/ROAS/活动清单
B0GYDMDDKC,PT4SGE19800,2026-W35,2026-W34,0.0,0.0,,0.0,0.0,,0.0,0.0,,,,,曝光/点击/CTR/CVR/ACOS/ROAS/活动清单
B0GYDP5ZH1,PT4SGE21000,2026-W35,2026-W34,0.0,0.0,,0.0,0.0,,0.0,0.0,,,,,曝光/点击/CTR/CVR/ACOS/ROAS/活动清单
B0GYDPLH8W,PT4SGE25600,2026-W35,2026-W34,0.0,0.0,,0.0,0.0,,0.0,0.0,,,,,曝光/点击/CTR/CVR/ACOS/ROAS/活动清单
B0GYDQ2TLS,PT4SGE23600,2026-W35,2026-W34,0.0,0.0,,0.0,0.0,,0.0,0.0,,,,,曝光/点击/CTR/CVR/ACOS/ROAS/活动清单
B0GYDQG88F,PT4SGE21500,2026-W35,2026-W34,0.0,0.0,,0.0,0.0,,0.0,0.0,,,,,曝光/点击/CTR/CVR/ACOS/ROAS/活动清单
B0GYDQJPG1,PT4SGE18700,2026-W35,2026-W34,0.0,0.0,,0.0,0.0,,0.0,0.0,,,,,曝光/点击/CTR/CVR/ACOS/ROAS/活动清单
B0GYDQN9GY,PT4SGE18800,2026-W35,2026-W34,0.0,0.0,,0.0,0.0,,0.0,0.0,,,,,曝光/点击/CTR/CVR/ACOS/ROAS/活动清单
B0GYDWY6JB,PT4SGE19500,2026-W35,2026-W34,0.0,0.0,,0.0,0.0,,0.0,0.0,,,,,曝光/点击/CTR/CVR/ACOS/ROAS/活动清单
B0GYDY33T3,PT4SGE25400,2026-W35,2026-W34,0.0,0.0,,0.0,0.0,,0.0,2.04,,,,,曝光/点击/CTR/CVR/ACOS/ROAS/活动清单
B0GYF4KTRR,PT4SGE23700,2026-W35,2026-W34,0.0,0.0,,0.0,0.0,,0.0,0.0,,,,,曝光/点击/CTR/CVR/ACOS/ROAS/活动清单
B0GYMT47H1,KC4SGE05200,2026-W35,2026-W34,0.0,0.0,,0.0,0.0,,0.0,3.06,,,,,曝光/点击/CTR/CVR/ACOS/ROAS/活动清单
B0GYN1D7PM,KC4SGE05500,2026-W35,2026-W34,0.0,0.0,,0.0,0.0,,0.0,0.0,,,,,曝光/点击/CTR/CVR/ACOS/ROAS/活动清单
B0GYN591K2,KC4SGE05100,2026-W35,2026-W34,0.0,0.0,,0.0,0.0,,0.0,0.0,,,,,曝光/点击/CTR/CVR/ACOS/ROAS/活动清单
B0GYN59FKM,PT4SGE26100,2026-W35,2026-W34,0.0,0.0,,0.0,0.0,,0.0,0.0,,,,,曝光/点击/CTR/CVR/ACOS/ROAS/活动清单
B0GYN5GMNB,PT4SGE27800,2026-W35,2026-W34,0.0,0.0,,0.0,0.0,,0.0,0.0,,,,,曝光/点击/CTR/CVR/ACOS/ROAS/活动清单
B0GYN786H8,KC4SGE05000,2026-W35,2026-W34,0.0,1.0,-100.0,0.0,978.45,-100.0,0.0,0.0,,0.0,,单量下滑≥20%；销售额下滑≥20%,曝光/点击/CTR/CVR/ACOS/ROAS/活动清单
B0GYNCQF4R,PT4SGE26600,2026-W35,2026-W34,0.0,0.0,,0.0,0.0,,0.0,0.0,,,,,曝光/点击/CTR/CVR/ACOS/ROAS/活动清单
B0GYNDMKBK,KC4SGE04700,2026-W35,2026-W34,0.0,0.0,,0.0,0.0,,0.0,0.0,,,,,曝光/点击/CTR/CVR/ACOS/ROAS/活动清单
B0GYNDZLDT,KC4SGE04900,2026-W35,2026-W34,0.0,0.0,,0.0,0.0,,0.0,0.0,,,,,曝光/点击/CTR/CVR/ACOS/ROAS/活动清单
B0GYNJCXBG,PT4SGE27500,2026-W35,2026-W34,0.0,0.0,,0.0,0.0,,0.0,0.0,,,,,曝光/点击/CTR/CVR/ACOS/ROAS/活动清单
B0GZNZDTS9,PT4SGE26600,2026-W35,2026-W34,0.0,0.0,,0.0,0.0,,0.0,0.0,,,,,曝光/点击/CTR/CVR/ACOS/ROAS/活动清单
B0GZP5HW73,PT4SGE27800,2026-W35,2026-W34,0.0,0.0,,0.0,0.0,,0.0,0.0,,,,,曝光/点击/CTR/CVR/ACOS/ROAS/活动清单
B0GZP5HW7D,PT4SGE26100,2026-W35,2026-W34,0.0,0.0,,0.0,0.0,,0.0,0.0,,,,,曝光/点击/CTR/CVR/ACOS/ROAS/活动清单
B0GZSKC7GF,PT4SGE27500,2026-W35,2026-W34,0.0,0.0,,0.0,0.0,,0.0,0.0,,,,,曝光/点击/CTR/CVR/ACOS/ROAS/活动清单
B0GZSNB9C8,KX4SGE10600,2026-W35,2026-W34,0.0,0.0,,0.0,0.0,,0.0,0.0,,,,,曝光/点击/CTR/CVR/ACOS/ROAS/活动清单
B0GZT7KTZH,KX4SGE08900,2026-W35,2026-W34,1.0,0.0,N/A,1115.2,0.0,N/A,0.0,0.0,0.0,,,,曝光/点击/CTR/CVR/ACOS/ROAS/活动清单
B0H2YRWD8D,PT4SGE19500,2026-W35,2026-W34,0.0,0.0,,0.0,0.0,,0.0,0.0,,,,,曝光/点击/CTR/CVR/ACOS/ROAS/活动清单
B0H2YV4WJ9,OO4SGE38200,2026-W35,2026-W34,0.0,0.0,,0.0,0.0,,0.0,0.0,,,,,曝光/点击/CTR/CVR/ACOS/ROAS/活动清单
B0H2YV5XCX,KC4PSP17500,2026-W35,2026-W34,0.0,0.0,,0.0,0.0,,0.0,0.0,,,,,曝光/点击/CTR/CVR/ACOS/ROAS/活动清单
B0H2YW2N7B,KX4SGE17400,2026-W35,2026-W34,0.0,0.0,,0.0,0.0,,0.0,0.0,,,,,曝光/点击/CTR/CVR/ACOS/ROAS/活动清单
B0H2YWQ1MG,PT4SGE24900,2026-W35,2026-W34,0.0,0.0,,0.0,0.0,,0.0,0.0,,,,,曝光/点击/CTR/CVR/ACOS/ROAS/活动清单
B0H2YWR2QD,KX4SGE09700,2026-W35,2026-W34,0.0,0.0,,0.0,0.0,,0.0,0.0,,,,,曝光/点击/CTR/CVR/ACOS/ROAS/活动清单
B0H2YWSBJL,KC4SGE02700,2026-W35,2026-W34,0.0,0.0,,0.0,0.0,,0.0,0.0,,,,,曝光/点击/CTR/CVR/ACOS/ROAS/活动清单
B0H2YX3W1W,PT4SGE26000,2026-W35,2026-W34,0.0,0.0,,0.0,0.0,,0.0,0.0,,,,,曝光/点击/CTR/CVR/ACOS/ROAS/活动清单
B0H2YX6YCF,KC4PSP17800,2026-W35,2026-W34,0.0,0.0,,0.0,0.0,,0.0,0.0,,,,,曝光/点击/CTR/CVR/ACOS/ROAS/活动清单
B0H2YXC16D,PT4SGE24300,2026-W35,2026-W34,0.0,0.0,,0.0,0.0,,0.0,0.0,,,,,曝光/点击/CTR/CVR/ACOS/ROAS/活动清单
B0H2YXJM3Q,PT4SGE24100,2026-W35,2026-W34,0.0,0.0,,0.0,0.0,,0.0,0.0,,,,,曝光/点击/CTR/CVR/ACOS/ROAS/活动清单
B0H2YXJQ5X,PT4SGE20500,2026-W35,2026-W34,0.0,0.0,,0.0,0.0,,0.0,0.0,,,,,曝光/点击/CTR/CVR/ACOS/ROAS/活动清单
B0H2YY4C8G,PT4SGE27300,2026-W35,2026-W34,0.0,0.0,,0.0,0.0,,0.0,0.0,,,,,曝光/点击/CTR/CVR/ACOS/ROAS/活动清单
B0H2YY85Z3,PT4SGE20000,2026-W35,2026-W34,0.0,0.0,,0.0,0.0,,0.0,0.0,,,,,曝光/点击/CTR/CVR/ACOS/ROAS/活动清单
B0H2YYJ4RH,KX4SGE13500,2026-W35,2026-W34,0.0,0.0,,0.0,0.0,,0.0,0.0,,,,,曝光/点击/CTR/CVR/ACOS/ROAS/活动清单
B0H2YYR6YL,PT4SGE24700,2026-W35,2026-W34,0.0,1.0,-100.0,0.0,1203.6,-100.0,3.06,0.0,,0.0,,单量下滑≥20%；销售额下滑≥20%,曝光/点击/CTR/CVR/ACOS/ROAS/活动清单
B0H2YYSDN6,KC4PSP15900,2026-W35,2026-W34,0.0,0.0,,0.0,0.0,,0.0,0.0,,,,,曝光/点击/CTR/CVR/ACOS/ROAS/活动清单
B0H2YYTY6X,PT4SGE26300,2026-W35,2026-W34,0.0,0.0,,0.0,0.0,,0.0,0.0,,,,,曝光/点击/CTR/CVR/ACOS/ROAS/活动清单
B0H2YYV8CN,KC4SGE01600,2026-W35,2026-W34,0.0,0.0,,0.0,0.0,,0.0,0.0,,,,,曝光/点击/CTR/CVR/ACOS/ROAS/活动清单
B0H2YYY8ZH,KC4PSP16600,2026-W35,2026-W34,0.0,0.0,,0.0,0.0,,0.0,0.0,,,,,曝光/点击/CTR/CVR/ACOS/ROAS/活动清单
B0H2YYYG7K,KX4SGE16500,2026-W35,2026-W34,0.0,0.0,,0.0,0.0,,0.0,0.0,,,,,曝光/点击/CTR/CVR/ACOS/ROAS/活动清单
B0H2YYYGC7,KX4SGE17300,2026-W35,2026-W34,0.0,0.0,,0.0,0.0,,0.0,0.0,,,,,曝光/点击/CTR/CVR/ACOS/ROAS/活动清单
B0H2YYYQD8,KC4SGE00100,2026-W35,2026-W34,0.0,0.0,,0.0,0.0,,0.0,10.88,,,,,曝光/点击/CTR/CVR/ACOS/ROAS/活动清单
B0H2YYZQ4K,PT4SGE24000,2026-W35,2026-W34,0.0,0.0,,0.0,0.0,,0.0,0.0,,,,,曝光/点击/CTR/CVR/ACOS/ROAS/活动清单
B0H2YZ1VF6,PT4SGE27500,2026-W35,2026-W34,0.0,0.0,,0.0,0.0,,0.0,0.0,,,,,曝光/点击/CTR/CVR/ACOS/ROAS/活动清单
B0H2YZ9RNZ,OO4SGE35700,2026-W35,2026-W34,0.0,0.0,,0.0,0.0,,0.0,6.12,,,,,曝光/点击/CTR/CVR/ACOS/ROAS/活动清单
B0H2YZHXP9,KX4SGE08500,2026-W35,2026-W34,0.0,0.0,,0.0,0.0,,0.0,0.0,,,,,曝光/点击/CTR/CVR/ACOS/ROAS/活动清单
B0H2YZKJC3,OO4SGE38100,2026-W35,2026-W34,0.0,0.0,,0.0,0.0,,0.0,0.0,,,,,曝光/点击/CTR/CVR/ACOS/ROAS/活动清单
B0H2YZLMQZ,KC4SGE01100,2026-W35,2026-W34,0.0,0.0,,0.0,0.0,,0.0,0.0,,,,,曝光/点击/CTR/CVR/ACOS/ROAS/活动清单
B0H2YZMX8C,PT4SGE23200,2026-W35,2026-W34,0.0,0.0,,0.0,0.0,,0.0,0.0,,,,,曝光/点击/CTR/CVR/ACOS/ROAS/活动清单
B0H2YZZT9J,PT4SGE21400,2026-W35,2026-W34,0.0,0.0,,0.0,0.0,,0.0,0.0,,,,,曝光/点击/CTR/CVR/ACOS/ROAS/活动清单
B0H2Z12Q48,PT4SGE21500,2026-W35,2026-W34,0.0,0.0,,0.0,0.0,,0.0,0.0,,,,,曝光/点击/CTR/CVR/ACOS/ROAS/活动清单
B0H2Z13BKS,KC4PSP16000,2026-W35,2026-W34,0.0,0.0,,0.0,0.0,,0.0,0.0,,,,,曝光/点击/CTR/CVR/ACOS/ROAS/活动清单
B0H2Z13J9W,KC4SGE04200,2026-W35,2026-W34,0.0,0.0,,0.0,0.0,,0.0,0.0,,,,,曝光/点击/CTR/CVR/ACOS/ROAS/活动清单
B0H2Z187SZ,KC4PSP17200,2026-W35,2026-W34,0.0,0.0,,0.0,0.0,,0.0,0.0,,,,,曝光/点击/CTR/CVR/ACOS/ROAS/活动清单
B0H2Z18VMX,KC4PSP16500,2026-W35,2026-W34,0.0,0.0,,0.0,0.0,,0.0,0.0,,,,,曝光/点击/CTR/CVR/ACOS/ROAS/活动清单
B0H2Z1BZ6K,KX4SGE12700,2026-W35,2026-W34,0.0,0.0,,0.0,0.0,,0.0,0.0,,,,,曝光/点击/CTR/CVR/ACOS/ROAS/活动清单
B0H2Z1CV8M,KC4SGE02400,2026-W35,2026-W34,0.0,0.0,,0.0,0.0,,0.0,0.0,,,,,曝光/点击/CTR/CVR/ACOS/ROAS/活动清单
B0H2Z1DMQB,KX4SGE08000,2026-W35,2026-W34,0.0,0.0,,0.0,0.0,,0.0,0.0,,,,,曝光/点击/CTR/CVR/ACOS/ROAS/活动清单
B0H2Z1FQLS,KX4SGE17000,2026-W35,2026-W34,0.0,0.0,,0.0,0.0,,0.0,0.0,,,,,曝光/点击/CTR/CVR/ACOS/ROAS/活动清单
B0H2Z1FTTH,KC4SGE04700,2026-W35,2026-W34,0.0,0.0,,0.0,0.0,,0.0,0.0,,,,,曝光/点击/CTR/CVR/ACOS/ROAS/活动清单
B0H2Z1GPN3,PT4SGE28100,2026-W35,2026-W34,0.0,0.0,,0.0,0.0,,0.0,0.0,,,,,曝光/点击/CTR/CVR/ACOS/ROAS/活动清单
B0H2Z1H2ZN,KC4PSP16100,2026-W35,2026-W34,0.0,0.0,,0.0,0.0,,0.0,0.0,,,,,曝光/点击/CTR/CVR/ACOS/ROAS/活动清单
B0H2Z1H9YK,KX4SGE16800,2026-W35,2026-W34,0.0,0.0,,0.0,0.0,,0.0,0.0,,,,,曝光/点击/CTR/CVR/ACOS/ROAS/活动清单
B0H2Z1J3WX,OO4SGE34000,2026-W35,2026-W34,0.0,0.0,,0.0,0.0,,0.0,0.0,,,,,曝光/点击/CTR/CVR/ACOS/ROAS/活动清单
B0H2Z1KLM6,KC4SGE00300,2026-W35,2026-W34,0.0,0.0,,0.0,0.0,,0.0,0.0,,,,,曝光/点击/CTR/CVR/ACOS/ROAS/活动清单
B0H2Z1KSBT,OO4SGE35600,2026-W35,2026-W34,0.0,0.0,,0.0,0.0,,0.0,0.0,,,,,曝光/点击/CTR/CVR/ACOS/ROAS/活动清单
B0H2Z1LY9J,KX4SGE15800,2026-W35,2026-W34,0.0,0.0,,0.0,0.0,,0.0,0.0,,,,,曝光/点击/CTR/CVR/ACOS/ROAS/活动清单
B0H2Z1PCYP,KC4PSP18100,2026-W35,2026-W34,0.0,0.0,,0.0,0.0,,0.0,0.0,,,,,曝光/点击/CTR/CVR/ACOS/ROAS/活动清单
B0H2Z1PD15,OO4SGE36200,2026-W35,2026-W34,0.0,0.0,,0.0,0.0,,0.0,0.0,,,,,曝光/点击/CTR/CVR/ACOS/ROAS/活动清单
B0H2Z1RV7D,KC4PSP15800,2026-W35,2026-W34,3.0,0.0,N/A,2101.2,0.0,N/A,0.0,0.0,0.0,,,,曝光/点击/CTR/CVR/ACOS/ROAS/活动清单
B0H2Z1VR8Z,KC4PSP17900,2026-W35,2026-W34,0.0,0.0,,0.0,0.0,,0.0,0.0,,,,,曝光/点击/CTR/CVR/ACOS/ROAS/活动清单
B0H2Z1WLGH,PT4SGE20300,2026-W35,2026-W34,0.0,0.0,,0.0,0.0,,0.0,0.0,,,,,曝光/点击/CTR/CVR/ACOS/ROAS/活动清单
B0H2Z1WWZJ,PT4SGE20800,2026-W35,2026-W34,0.0,0.0,,0.0,0.0,,0.0,0.0,,,,,曝光/点击/CTR/CVR/ACOS/ROAS/活动清单
B0H2Z1WXQN,OO4SGE36000,2026-W35,2026-W34,0.0,0.0,,0.0,0.0,,0.0,0.0,,,,,曝光/点击/CTR/CVR/ACOS/ROAS/活动清单
B0H2Z1X1F5,KX4SGE08300,2026-W35,2026-W34,0.0,0.0,,0.0,0.0,,0.0,0.0,,,,,曝光/点击/CTR/CVR/ACOS/ROAS/活动清单
B0H2Z1Y7TC,KX4SGE17200,2026-W35,2026-W34,0.0,0.0,,0.0,0.0,,0.0,0.0,,,,,曝光/点击/CTR/CVR/ACOS/ROAS/活动清单
B0H2Z218FC,PT4SGE19800,2026-W35,2026-W34,0.0,0.0,,0.0,0.0,,0.0,0.0,,,,,曝光/点击/CTR/CVR/ACOS/ROAS/活动清单
B0H2Z21GJ9,KX4SGE15400,2026-W35,2026-W34,0.0,0.0,,0.0,0.0,,0.0,0.0,,,,,曝光/点击/CTR/CVR/ACOS/ROAS/活动清单
B0H2Z22YK9,KX4SGE14700,2026-W35,2026-W34,0.0,0.0,,0.0,0.0,,0.0,0.0,,,,,曝光/点击/CTR/CVR/ACOS/ROAS/活动清单
B0H2Z235FX,KX4SGE13200,2026-W35,2026-W34,0.0,0.0,,0.0,0.0,,0.0,0.0,,,,,曝光/点击/CTR/CVR/ACOS/ROAS/活动清单
B0H2Z25KGL,PT4SGE25800,2026-W35,2026-W34,0.0,0.0,,0.0,0.0,,0.0,0.0,,,,,曝光/点击/CTR/CVR/ACOS/ROAS/活动清单
B0H2Z26F5X,PT4SGE22200,2026-W35,2026-W34,0.0,0.0,,0.0,0.0,,0.0,0.0,,,,,曝光/点击/CTR/CVR/ACOS/ROAS/活动清单
B0H2Z29FK9,OO4SGE34200,2026-W35,2026-W34,0.0,0.0,,0.0,0.0,,0.0,0.0,,,,,曝光/点击/CTR/CVR/ACOS/ROAS/活动清单
B0H2Z2B1S3,KX4SGE17100,2026-W35,2026-W34,0.0,0.0,,0.0,0.0,,0.0,0.0,,,,,曝光/点击/CTR/CVR/ACOS/ROAS/活动清单
B0H2Z2C29H,PT4SGE27000,2026-W35,2026-W34,0.0,1.0,-100.0,0.0,1135.6,-100.0,0.0,0.0,,0.0,,单量下滑≥20%；销售额下滑≥20%,曝光/点击/CTR/CVR/ACOS/ROAS/活动清单
B0H2Z2HC26,PT4SGE22800,2026-W35,2026-W34,0.0,0.0,,0.0,0.0,,0.0,0.0,,,,,曝光/点击/CTR/CVR/ACOS/ROAS/活动清单
B0H2Z2KG15,OO4SGE37300,2026-W35,2026-W34,0.0,0.0,,0.0,0.0,,0.0,0.0,,,,,曝光/点击/CTR/CVR/ACOS/ROAS/活动清单
B0H2Z2P7VD,PT4SGE24400,2026-W35,2026-W34,0.0,0.0,,0.0,0.0,,0.0,0.0,,,,,曝光/点击/CTR/CVR/ACOS/ROAS/活动清单
B0H2Z2RMHB,PT4SGE26700,2026-W35,2026-W34,0.0,0.0,,0.0,0.0,,0.0,0.0,,,,,曝光/点击/CTR/CVR/ACOS/ROAS/活动清单
B0H2Z2RN6K,PT4SGE25400,2026-W35,2026-W34,0.0,0.0,,0.0,0.0,,0.0,0.41,,,,,曝光/点击/CTR/CVR/ACOS/ROAS/活动清单
B0H2Z2T687,OO4SGE38300,2026-W35,2026-W34,0.0,0.0,,0.0,0.0,,0.0,0.0,,,,,曝光/点击/CTR/CVR/ACOS/ROAS/活动清单
B0H2Z2TN54,KC4PSP16400,2026-W35,2026-W34,0.0,0.0,,0.0,0.0,,0.0,0.0,,,,,曝光/点击/CTR/CVR/ACOS/ROAS/活动清单
B0H2Z2YLLX,KX4SGE08900,2026-W35,2026-W34,0.0,0.0,,0.0,0.0,,0.0,0.0,,,,,曝光/点击/CTR/CVR/ACOS/ROAS/活动清单
B0H2Z2ZML1,PT4SGE19600,2026-W35,2026-W34,0.0,0.0,,0.0,0.0,,0.0,0.0,,,,,曝光/点击/CTR/CVR/ACOS/ROAS/活动清单
B0H2Z325ZF,OO4SGE34800,2026-W35,2026-W34,0.0,0.0,,0.0,0.0,,0.0,0.0,,,,,曝光/点击/CTR/CVR/ACOS/ROAS/活动清单
B0H2Z33F8Z,OO4SGE36900,2026-W35,2026-W34,0.0,1.0,-100.0,0.0,1536.8,-100.0,0.0,0.0,,0.0,,单量下滑≥20%；销售额下滑≥20%,曝光/点击/CTR/CVR/ACOS/ROAS/活动清单
B0H2Z33TTN,KC4PSP17600,2026-W35,2026-W34,0.0,0.0,,0.0,0.0,,0.0,0.0,,,,,曝光/点击/CTR/CVR/ACOS/ROAS/活动清单
B0H2Z357CJ,KC4SGE01000,2026-W35,2026-W34,0.0,0.0,,0.0,0.0,,0.0,0.0,,,,,曝光/点击/CTR/CVR/ACOS/ROAS/活动清单
B0H2Z35R7D,PT4SGE19300,2026-W35,2026-W34,0.0,0.0,,0.0,0.0,,3.13,0.0,,,,,曝光/点击/CTR/CVR/ACOS/ROAS/活动清单
B0H2Z3CQMV,KC4SGE01500,2026-W35,2026-W34,0.0,0.0,,0.0,0.0,,0.0,0.0,,,,,曝光/点击/CTR/CVR/ACOS/ROAS/活动清单
B0H2Z3CT91,PT4SGE27900,2026-W35,2026-W34,0.0,0.0,,0.0,0.0,,0.0,0.0,,,,,曝光/点击/CTR/CVR/ACOS/ROAS/活动清单
B0H2Z3F39R,KC4SGE00900,2026-W35,2026-W34,0.0,0.0,,0.0,0.0,,0.0,0.0,,,,,曝光/点击/CTR/CVR/ACOS/ROAS/活动清单
B0H2Z3H5PS,PT4SGE23900,2026-W35,2026-W34,0.0,0.0,,0.0,0.0,,0.0,0.0,,,,,曝光/点击/CTR/CVR/ACOS/ROAS/活动清单
B0H2Z3LC38,KX4SGE12600,2026-W35,2026-W34,0.0,0.0,,0.0,0.0,,0.0,0.0,,,,,曝光/点击/CTR/CVR/ACOS/ROAS/活动清单
B0H2Z3MK8W,KC4SGE04600,2026-W35,2026-W34,0.0,0.0,,0.0,0.0,,0.0,0.0,,,,,曝光/点击/CTR/CVR/ACOS/ROAS/活动清单
B0H2Z3R2F8,KC4SGE02800,2026-W35,2026-W34,0.0,0.0,,0.0,0.0,,0.0,0.0,,,,,曝光/点击/CTR/CVR/ACOS/ROAS/活动清单
B0H2Z3R2KS,KC4PSP17700,2026-W35,2026-W34,0.0,0.0,,0.0,0.0,,0.0,5.44,,,,,曝光/点击/CTR/CVR/ACOS/ROAS/活动清单
B0H2Z3RVDF,KX4SGE07900,2026-W35,2026-W34,0.0,0.0,,0.0,0.0,,0.0,0.0,,,,,曝光/点击/CTR/CVR/ACOS/ROAS/活动清单
B0H2Z3T374,KX4SGE18000,2026-W35,2026-W34,0.0,0.0,,0.0,0.0,,0.0,0.0,,,,,曝光/点击/CTR/CVR/ACOS/ROAS/活动清单
B0H2Z3TP1T,KX4SGE14900,2026-W35,2026-W34,0.0,0.0,,0.0,0.0,,0.0,0.0,,,,,曝光/点击/CTR/CVR/ACOS/ROAS/活动清单
B0H2Z3ZN22,KX4SGE16700,2026-W35,2026-W34,0.0,0.0,,0.0,0.0,,0.0,0.0,,,,,曝光/点击/CTR/CVR/ACOS/ROAS/活动清单
B0H2Z41JQR,PT4SGE23300,2026-W35,2026-W34,0.0,0.0,,0.0,0.0,,0.0,0.0,,,,,曝光/点击/CTR/CVR/ACOS/ROAS/活动清单
B0H2Z49RQF,PT4SGE19400,2026-W35,2026-W34,0.0,0.0,,0.0,0.0,,0.0,0.0,,,,,曝光/点击/CTR/CVR/ACOS/ROAS/活动清单
B0H2Z4F2C7,KC4PSP16300,2026-W35,2026-W34,0.0,0.0,,0.0,0.0,,0.0,0.0,,,,,曝光/点击/CTR/CVR/ACOS/ROAS/活动清单
B0H2Z4LB4T,KX4SGE13700,2026-W35,2026-W34,0.0,0.0,,0.0,0.0,,0.0,0.0,,,,,曝光/点击/CTR/CVR/ACOS/ROAS/活动清单
B0H2Z4N2S7,KC4PSP17100,2026-W35,2026-W34,0.0,0.0,,0.0,0.0,,0.0,0.0,,,,,曝光/点击/CTR/CVR/ACOS/ROAS/活动清单
B0H2Z4PDQN,KC4SGE01200,2026-W35,2026-W34,0.0,0.0,,0.0,0.0,,0.0,0.0,,,,,曝光/点击/CTR/CVR/ACOS/ROAS/活动清单
B0H2Z4Q6XH,PT4SGE23400,2026-W35,2026-W34,0.0,0.0,,0.0,0.0,,0.0,0.0,,,,,曝光/点击/CTR/CVR/ACOS/ROAS/活动清单
B0H2Z4QDPW,OO4SGE39000,2026-W35,2026-W34,0.0,0.0,,0.0,0.0,,0.0,0.0,,,,,曝光/点击/CTR/CVR/ACOS/ROAS/活动清单
B0H2Z57W5R,OO4SGE37200,2026-W35,2026-W34,0.0,0.0,,0.0,0.0,,0.0,0.0,,,,,曝光/点击/CTR/CVR/ACOS/ROAS/活动清单
B0H2Z58GCF,OO4SGE37500,2026-W35,2026-W34,0.0,0.0,,0.0,0.0,,0.0,0.0,,,,,曝光/点击/CTR/CVR/ACOS/ROAS/活动清单
B0H2Z58GPX,KC4SGE00600,2026-W35,2026-W34,0.0,0.0,,0.0,0.0,,0.0,0.0,,,,,曝光/点击/CTR/CVR/ACOS/ROAS/活动清单
B0H2Z58KWY,OO4SGE34600,2026-W35,2026-W34,0.0,0.0,,0.0,0.0,,0.0,0.0,,,,,曝光/点击/CTR/CVR/ACOS/ROAS/活动清单
B0H2Z598GY,PT4SGE19900,2026-W35,2026-W34,0.0,0.0,,0.0,0.0,,0.0,0.0,,,,,曝光/点击/CTR/CVR/ACOS/ROAS/活动清单
B0H2Z5D4S6,KC4SGE00800,2026-W35,2026-W34,0.0,0.0,,0.0,0.0,,0.0,0.0,,,,,曝光/点击/CTR/CVR/ACOS/ROAS/活动清单
B0H2Z5D4XP,KX4SGE10100,2026-W35,2026-W34,0.0,0.0,,0.0,0.0,,0.0,0.0,,,,,曝光/点击/CTR/CVR/ACOS/ROAS/活动清单
B0H2Z5DFMY,KC4PSP16200,2026-W35,2026-W34,0.0,0.0,,0.0,0.0,,0.0,3.74,,,,,曝光/点击/CTR/CVR/ACOS/ROAS/活动清单
B0H2Z5KCTN,OO4SGE34300,2026-W35,2026-W34,0.0,0.0,,0.0,0.0,,0.0,0.0,,,,,曝光/点击/CTR/CVR/ACOS/ROAS/活动清单
B0H2Z5LNXP,OO4SGE37000,2026-W35,2026-W34,0.0,0.0,,0.0,0.0,,0.0,0.0,,,,,曝光/点击/CTR/CVR/ACOS/ROAS/活动清单
B0H2Z5M2VS,KX4SGE09100,2026-W35,2026-W34,0.0,0.0,,0.0,0.0,,0.0,0.0,,,,,曝光/点击/CTR/CVR/ACOS/ROAS/活动清单
B0H2Z5MDS1,KC4PSP18200,2026-W35,2026-W34,0.0,0.0,,0.0,0.0,,0.0,4.22,,,,,曝光/点击/CTR/CVR/ACOS/ROAS/活动清单
B0H2Z5N1PX,OO4SGE35400,2026-W35,2026-W34,0.0,0.0,,0.0,0.0,,0.0,0.0,,,,,曝光/点击/CTR/CVR/ACOS/ROAS/活动清单
B0H2Z5QG45,PT4SGE19700,2026-W35,2026-W34,0.0,0.0,,0.0,0.0,,0.0,0.0,,,,,曝光/点击/CTR/CVR/ACOS/ROAS/活动清单
B0H2Z5T71F,PT4SGE26800,2026-W35,2026-W34,0.0,0.0,,0.0,0.0,,0.0,0.0,,,,,曝光/点击/CTR/CVR/ACOS/ROAS/活动清单
B0H2Z5WHY3,KC4SGE04100,2026-W35,2026-W34,0.0,0.0,,0.0,0.0,,0.0,0.0,,,,,曝光/点击/CTR/CVR/ACOS/ROAS/活动清单
B0H2Z66KDN,KC4SGE04300,2026-W35,2026-W34,0.0,0.0,,0.0,0.0,,0.0,0.0,,,,,曝光/点击/CTR/CVR/ACOS/ROAS/活动清单
B0H2Z6B177,KX4SGE17700,2026-W35,2026-W34,0.0,0.0,,0.0,0.0,,0.0,0.0,,,,,曝光/点击/CTR/CVR/ACOS/ROAS/活动清单
B0H2Z6B7SD,KC4SGE00700,2026-W35,2026-W34,0.0,0.0,,0.0,0.0,,7.14,0.0,,,,,曝光/点击/CTR/CVR/ACOS/ROAS/活动清单
B0H2Z6F3CF,PT4SGE24600,2026-W35,2026-W34,0.0,0.0,,0.0,0.0,,0.0,4.69,,,,,曝光/点击/CTR/CVR/ACOS/ROAS/活动清单
B0H2Z6PRJC,PT4SGE23100,2026-W35,2026-W34,0.0,0.0,,0.0,0.0,,0.0,0.0,,,,,曝光/点击/CTR/CVR/ACOS/ROAS/活动清单
B0H2Z6WR3G,KC4PSP17000,2026-W35,2026-W34,0.0,0.0,,0.0,0.0,,0.0,0.0,,,,,曝光/点击/CTR/CVR/ACOS/ROAS/活动清单
B0H2Z6ZRLG,KX4SGE10300,2026-W35,2026-W34,0.0,0.0,,0.0,0.0,,0.0,0.0,,,,,曝光/点击/CTR/CVR/ACOS/ROAS/活动清单
B0H2Z77K37,PT4SGE27600,2026-W35,2026-W34,0.0,0.0,,0.0,0.0,,0.0,0.0,,,,,曝光/点击/CTR/CVR/ACOS/ROAS/活动清单
B0H2Z7C1JB,KX4SGE08200,2026-W35,2026-W34,0.0,0.0,,0.0,0.0,,0.0,0.0,,,,,曝光/点击/CTR/CVR/ACOS/ROAS/活动清单
B0H2Z7JH94,OO4SGE35200,2026-W35,2026-W34,0.0,0.0,,0.0,0.0,,0.0,0.0,,,,,曝光/点击/CTR/CVR/ACOS/ROAS/活动清单
B0H2Z8G61L,KX4SGE07700,2026-W35,2026-W34,0.0,0.0,,0.0,0.0,,0.0,0.0,,,,,曝光/点击/CTR/CVR/ACOS/ROAS/活动清单
B0H2Z8JRKN,PT4SGE21100,2026-W35,2026-W34,0.0,0.0,,0.0,0.0,,0.0,0.0,,,,,曝光/点击/CTR/CVR/ACOS/ROAS/活动清单
B0H2Z8JRN5,KX4SGE13100,2026-W35,2026-W34,0.0,0.0,,0.0,0.0,,0.0,0.0,,,,,曝光/点击/CTR/CVR/ACOS/ROAS/活动清单
B0H2Z8V5S6,PT4SGE22700,2026-W35,2026-W34,0.0,0.0,,0.0,0.0,,0.0,0.0,,,,,曝光/点击/CTR/CVR/ACOS/ROAS/活动清单
B0H2Z94348,PT4SGE21900,2026-W35,2026-W34,0.0,0.0,,0.0,0.0,,0.0,0.0,,,,,曝光/点击/CTR/CVR/ACOS/ROAS/活动清单
B0H2Z9FQWF,KC4SGE00200,2026-W35,2026-W34,0.0,0.0,,0.0,0.0,,0.0,0.0,,,,,曝光/点击/CTR/CVR/ACOS/ROAS/活动清单
B0H2Z9G55Z,OO4SGE38800,2026-W35,2026-W34,0.0,0.0,,0.0,0.0,,0.0,0.0,,,,,曝光/点击/CTR/CVR/ACOS/ROAS/活动清单
B0H2Z9H7M2,PT4SGE23700,2026-W35,2026-W34,0.0,0.0,,0.0,0.0,,0.0,0.0,,,,,曝光/点击/CTR/CVR/ACOS/ROAS/活动清单
B0H2Z9LTMY,PT4SGE27800,2026-W35,2026-W34,0.0,0.0,,0.0,0.0,,0.0,0.0,,,,,曝光/点击/CTR/CVR/ACOS/ROAS/活动清单
B0H2Z9X1JY,PT4SGE25600,2026-W35,2026-W34,0.0,0.0,,0.0,0.0,,0.0,0.0,,,,,曝光/点击/CTR/CVR/ACOS/ROAS/活动清单
B0H2ZB1V6L,PT4SGE22500,2026-W35,2026-W34,0.0,0.0,,0.0,0.0,,0.0,0.0,,,,,曝光/点击/CTR/CVR/ACOS/ROAS/活动清单
B0H2ZB4TBB,OO4SGE34100,2026-W35,2026-W34,0.0,0.0,,0.0,0.0,,0.0,0.0,,,,,曝光/点击/CTR/CVR/ACOS/ROAS/活动清单
B0H2ZB9NX4,KC4PSP18000,2026-W35,2026-W34,0.0,0.0,,0.0,0.0,,0.0,0.0,,,,,曝光/点击/CTR/CVR/ACOS/ROAS/活动清单
B0H2ZC8QQT,PT4SGE28200,2026-W35,2026-W34,0.0,0.0,,0.0,0.0,,0.0,0.0,,,,,曝光/点击/CTR/CVR/ACOS/ROAS/活动清单
B0H2ZC8QTD,KX4SGE13300,2026-W35,2026-W34,0.0,0.0,,0.0,0.0,,0.0,0.0,,,,,曝光/点击/CTR/CVR/ACOS/ROAS/活动清单
B0H2ZCZZJN,KC4SGE03900,2026-W35,2026-W34,0.0,0.0,,0.0,0.0,,0.0,0.0,,,,,曝光/点击/CTR/CVR/ACOS/ROAS/活动清单
B0H2ZD3NT4,KX4SGE08800,2026-W35,2026-W34,0.0,0.0,,0.0,0.0,,0.0,0.0,,,,,曝光/点击/CTR/CVR/ACOS/ROAS/活动清单
B0H2ZD4PMY,OO4SGE36300,2026-W35,2026-W34,0.0,0.0,,0.0,0.0,,0.0,0.0,,,,,曝光/点击/CTR/CVR/ACOS/ROAS/活动清单
B0H32FRVTL,KX4SGE10200,2026-W35,2026-W34,1.0,2.0,-50.0,1142.4,2284.8,-50.0,0.0,3.06,0.0,0.13,-99.98,单量下滑≥20%；销售额下滑≥20%,曝光/点击/CTR/CVR/ACOS/ROAS/活动清单
B0H32FYPZN,KX4SGE13700,2026-W35,2026-W34,0.0,0.0,,0.0,0.0,,0.0,0.0,,,,,曝光/点击/CTR/CVR/ACOS/ROAS/活动清单
B0H32G59M9,PT4SGE20800,2026-W35,2026-W34,0.0,0.0,,0.0,0.0,,0.0,0.0,,,,,曝光/点击/CTR/CVR/ACOS/ROAS/活动清单
B0H32GG1CG,KX4SGE10900,2026-W35,2026-W34,0.0,0.0,,0.0,0.0,,0.0,0.0,,,,,曝光/点击/CTR/CVR/ACOS/ROAS/活动清单
B0H32GJ319,PT4SGE26300,2026-W35,2026-W34,0.0,0.0,,0.0,0.0,,0.0,0.0,,,,,曝光/点击/CTR/CVR/ACOS/ROAS/活动清单
B0H32GKWM3,KX4SGE17100,2026-W35,2026-W34,0.0,0.0,,0.0,0.0,,0.0,0.0,,,,,曝光/点击/CTR/CVR/ACOS/ROAS/活动清单
B0H32H1K4R,PT4SGE19700,2026-W35,2026-W34,0.0,0.0,,0.0,0.0,,0.0,0.0,,,,,曝光/点击/CTR/CVR/ACOS/ROAS/活动清单
B0H32H32T2,KC4PSP17500,2026-W35,2026-W34,0.0,0.0,,0.0,0.0,,0.0,0.0,,,,,曝光/点击/CTR/CVR/ACOS/ROAS/活动清单
B0H32HCVC2,KC4SGE02400,2026-W35,2026-W34,0.0,0.0,,0.0,0.0,,0.0,0.0,,,,,曝光/点击/CTR/CVR/ACOS/ROAS/活动清单
B0H32HCVPZ,PT4SGE19500,2026-W35,2026-W34,0.0,0.0,,0.0,0.0,,0.0,0.0,,,,,曝光/点击/CTR/CVR/ACOS/ROAS/活动清单
B0H32HD4XY,KC4SGE02500,2026-W35,2026-W34,0.0,0.0,,0.0,0.0,,0.0,0.0,,,,,曝光/点击/CTR/CVR/ACOS/ROAS/活动清单
B0H32HH55B,KC4PSP17700,2026-W35,2026-W34,0.0,0.0,,0.0,0.0,,0.0,0.0,,,,,曝光/点击/CTR/CVR/ACOS/ROAS/活动清单
B0H32HZ88S,PT4SGE21400,2026-W35,2026-W34,0.0,0.0,,0.0,0.0,,0.0,0.0,,,,,曝光/点击/CTR/CVR/ACOS/ROAS/活动清单
B0H32J1PG9,KX4SGE16800,2026-W35,2026-W34,0.0,0.0,,0.0,0.0,,0.0,0.0,,,,,曝光/点击/CTR/CVR/ACOS/ROAS/活动清单
B0H32J357M,PT4SGE24900,2026-W35,2026-W34,0.0,0.0,,0.0,0.0,,0.0,0.0,,,,,曝光/点击/CTR/CVR/ACOS/ROAS/活动清单
B0H32J3CBX,KC4SGE03300,2026-W35,2026-W34,0.0,0.0,,0.0,0.0,,0.0,0.0,,,,,曝光/点击/CTR/CVR/ACOS/ROAS/活动清单
B0H32J5BJY,KX4SGE09100,2026-W35,2026-W34,0.0,0.0,,0.0,0.0,,0.0,0.0,,,,,曝光/点击/CTR/CVR/ACOS/ROAS/活动清单
B0H32J95GD,KX4SGE08400,2026-W35,2026-W34,0.0,0.0,,0.0,0.0,,0.0,0.0,,,,,曝光/点击/CTR/CVR/ACOS/ROAS/活动清单
B0H32JD2BN,KC4PSP15900,2026-W35,2026-W34,0.0,0.0,,0.0,0.0,,0.0,0.0,,,,,曝光/点击/CTR/CVR/ACOS/ROAS/活动清单
B0H32K5WS1,OO4SGE34000,2026-W35,2026-W34,0.0,0.0,,0.0,0.0,,0.0,0.0,,,,,曝光/点击/CTR/CVR/ACOS/ROAS/活动清单
B0H32K9DG7,KX4SGE15800,2026-W35,2026-W34,0.0,0.0,,0.0,0.0,,0.0,0.0,,,,,曝光/点击/CTR/CVR/ACOS/ROAS/活动清单
B0H32K9RXY,KC4SGE00400,2026-W35,2026-W34,0.0,0.0,,0.0,0.0,,0.0,0.0,,,,,曝光/点击/CTR/CVR/ACOS/ROAS/活动清单
B0H32KGGFC,KC4SGE04300,2026-W35,2026-W34,0.0,0.0,,0.0,0.0,,0.0,0.0,,,,,曝光/点击/CTR/CVR/ACOS/ROAS/活动清单
B0H32KM1NH,KX4SGE10600,2026-W35,2026-W34,0.0,0.0,,0.0,0.0,,0.0,0.0,,,,,曝光/点击/CTR/CVR/ACOS/ROAS/活动清单
B0H32KRK4S,KX4SGE08500,2026-W35,2026-W34,0.0,0.0,,0.0,0.0,,0.0,0.0,,,,,曝光/点击/CTR/CVR/ACOS/ROAS/活动清单
B0H32KRRDJ,KC4PSP16600,2026-W35,2026-W34,0.0,0.0,,0.0,0.0,,15.78,0.0,,,,,曝光/点击/CTR/CVR/ACOS/ROAS/活动清单
B0H32KV5WD,KC4PSP15800,2026-W35,2026-W34,0.0,0.0,,0.0,0.0,,0.0,0.0,,,,,曝光/点击/CTR/CVR/ACOS/ROAS/活动清单
B0H32KZLHK,KX4SGE12200,2026-W35,2026-W34,0.0,0.0,,0.0,0.0,,3.06,0.0,,,,,曝光/点击/CTR/CVR/ACOS/ROAS/活动清单
B0H32L74VG,KC4SGE04200,2026-W35,2026-W34,0.0,0.0,,0.0,0.0,,0.0,0.0,,,,,曝光/点击/CTR/CVR/ACOS/ROAS/活动清单
B0H32L7CMJ,KX4SGE08000,2026-W35,2026-W34,0.0,0.0,,0.0,0.0,,0.0,0.0,,,,,曝光/点击/CTR/CVR/ACOS/ROAS/活动清单
B0H32LDB14,PT4SGE22200,2026-W35,2026-W34,0.0,0.0,,0.0,0.0,,0.0,0.0,,,,,曝光/点击/CTR/CVR/ACOS/ROAS/活动清单
B0H32LDYQ9,KX4SGE15200,2026-W35,2026-W34,0.0,0.0,,0.0,0.0,,0.0,0.0,,,,,曝光/点击/CTR/CVR/ACOS/ROAS/活动清单
B0H32LZPVT,KX4SGE10100,2026-W35,2026-W34,0.0,0.0,,0.0,0.0,,0.0,0.0,,,,,曝光/点击/CTR/CVR/ACOS/ROAS/活动清单
B0H32M7L8M,PT4SGE24400,2026-W35,2026-W34,0.0,0.0,,0.0,0.0,,0.0,0.0,,,,,曝光/点击/CTR/CVR/ACOS/ROAS/活动清单
B0H32M7MB9,OO4SGE38200,2026-W35,2026-W34,0.0,0.0,,0.0,0.0,,0.0,0.0,,,,,曝光/点击/CTR/CVR/ACOS/ROAS/活动清单
B0H32M91XR,KC4SGE00800,2026-W35,2026-W34,0.0,0.0,,0.0,0.0,,0.0,0.0,,,,,曝光/点击/CTR/CVR/ACOS/ROAS/活动清单
B0H32MBTVC,OO4SGE35200,2026-W35,2026-W34,0.0,0.0,,0.0,0.0,,0.0,0.0,,,,,曝光/点击/CTR/CVR/ACOS/ROAS/活动清单
B0H32MH8G4,KC4SGE01000,2026-W35,2026-W34,0.0,0.0,,0.0,0.0,,0.0,0.0,,,,,曝光/点击/CTR/CVR/ACOS/ROAS/活动清单
B0H32MKBYC,KC4SGE04600,2026-W35,2026-W34,0.0,0.0,,0.0,0.0,,0.0,0.0,,,,,曝光/点击/CTR/CVR/ACOS/ROAS/活动清单
B0H32MS8L5,KX4SGE13300,2026-W35,2026-W34,0.0,0.0,,0.0,0.0,,0.0,0.0,,,,,曝光/点击/CTR/CVR/ACOS/ROAS/活动清单
B0H32MWLZC,PT4SGE27500,2026-W35,2026-W34,0.0,0.0,,0.0,0.0,,0.0,0.0,,,,,曝光/点击/CTR/CVR/ACOS/ROAS/活动清单
B0H32MZN8B,PT4SGE27300,2026-W35,2026-W34,0.0,0.0,,0.0,0.0,,0.0,0.0,,,,,曝光/点击/CTR/CVR/ACOS/ROAS/活动清单
B0H32MZY71,KX4SGE13100,2026-W35,2026-W34,0.0,0.0,,0.0,0.0,,0.0,0.0,,,,,曝光/点击/CTR/CVR/ACOS/ROAS/活动清单
B0H32N17TJ,PT4SGE23700,2026-W35,2026-W34,0.0,0.0,,0.0,0.0,,0.0,0.0,,,,,曝光/点击/CTR/CVR/ACOS/ROAS/活动清单
B0H32N1G38,KX4SGE12900,2026-W35,2026-W34,0.0,0.0,,0.0,0.0,,0.0,0.0,,,,,曝光/点击/CTR/CVR/ACOS/ROAS/活动清单
B0H32N4VB7,PT4SGE27000,2026-W35,2026-W34,0.0,0.0,,0.0,0.0,,0.0,0.0,,,,,曝光/点击/CTR/CVR/ACOS/ROAS/活动清单
B0H32N95F5,KX4SGE18000,2026-W35,2026-W34,0.0,0.0,,0.0,0.0,,0.0,0.0,,,,,曝光/点击/CTR/CVR/ACOS/ROAS/活动清单
B0H32N9CST,KX4SGE16500,2026-W35,2026-W34,0.0,0.0,,0.0,0.0,,0.0,0.0,,,,,曝光/点击/CTR/CVR/ACOS/ROAS/活动清单
B0H32N9L2V,OO4SGE34100,2026-W35,2026-W34,0.0,0.0,,0.0,0.0,,0.0,0.0,,,,,曝光/点击/CTR/CVR/ACOS/ROAS/活动清单
B0H32NDTGW,KC4PSP16500,2026-W35,2026-W34,0.0,0.0,,0.0,0.0,,0.0,0.0,,,,,曝光/点击/CTR/CVR/ACOS/ROAS/活动清单
B0H32NNXTS,KX4SGE14900,2026-W35,2026-W34,0.0,0.0,,0.0,0.0,,0.0,0.0,,,,,曝光/点击/CTR/CVR/ACOS/ROAS/活动清单
B0H32NRX8J,OO4SGE39000,2026-W35,2026-W34,0.0,0.0,,0.0,0.0,,0.0,0.0,,,,,曝光/点击/CTR/CVR/ACOS/ROAS/活动清单
B0H32NT3SB,PT4SGE21900,2026-W35,2026-W34,0.0,0.0,,0.0,0.0,,0.0,0.0,,,,,曝光/点击/CTR/CVR/ACOS/ROAS/活动清单
B0H32NVR55,OO4SGE34300,2026-W35,2026-W34,0.0,0.0,,0.0,0.0,,0.0,0.0,,,,,曝光/点击/CTR/CVR/ACOS/ROAS/活动清单
B0H32NWGSV,OO4SGE37200,2026-W35,2026-W34,0.0,0.0,,0.0,0.0,,0.0,0.0,,,,,曝光/点击/CTR/CVR/ACOS/ROAS/活动清单
B0H32NWRNY,PT4SGE23900,2026-W35,2026-W34,0.0,0.0,,0.0,0.0,,0.0,0.0,,,,,曝光/点击/CTR/CVR/ACOS/ROAS/活动清单
B0H32NWRQQ,PT4SGE22800,2026-W35,2026-W34,0.0,0.0,,0.0,0.0,,0.0,0.0,,,,,曝光/点击/CTR/CVR/ACOS/ROAS/活动清单
B0H32NY5FR,KC4SGE01400,2026-W35,2026-W34,0.0,0.0,,0.0,0.0,,0.0,0.0,,,,,曝光/点击/CTR/CVR/ACOS/ROAS/活动清单
B0H32NZ88Q,KX4SGE10700,2026-W35,2026-W34,0.0,0.0,,0.0,0.0,,0.0,0.0,,,,,曝光/点击/CTR/CVR/ACOS/ROAS/活动清单
B0H32P2W7X,KC4SGE02900,2026-W35,2026-W34,0.0,0.0,,0.0,0.0,,0.0,0.0,,,,,曝光/点击/CTR/CVR/ACOS/ROAS/活动清单
B0H32P3323,KX4SGE12400,2026-W35,2026-W34,0.0,0.0,,0.0,0.0,,4.28,0.0,,,,,曝光/点击/CTR/CVR/ACOS/ROAS/活动清单
B0H32P6JCR,OO4SGE38100,2026-W35,2026-W34,0.0,0.0,,0.0,0.0,,0.0,0.0,,,,,曝光/点击/CTR/CVR/ACOS/ROAS/活动清单
B0H32PB9JC,KC4SGE02700,2026-W35,2026-W34,0.0,0.0,,0.0,0.0,,0.0,0.0,,,,,曝光/点击/CTR/CVR/ACOS/ROAS/活动清单
B0H32PD3NP,KC4SGE04800,2026-W35,2026-W34,0.0,2.0,-100.0,0.0,2570.4,-100.0,0.0,0.0,,0.0,,单量下滑≥20%；销售额下滑≥20%,曝光/点击/CTR/CVR/ACOS/ROAS/活动清单
B0H32PDT26,KX4SGE09200,2026-W35,2026-W34,0.0,0.0,,0.0,0.0,,0.0,0.0,,,,,曝光/点击/CTR/CVR/ACOS/ROAS/活动清单
B0H32PDT2W,KC4SGE04700,2026-W35,2026-W34,0.0,0.0,,0.0,0.0,,0.0,0.0,,,,,曝光/点击/CTR/CVR/ACOS/ROAS/活动清单
B0H32PFW9H,KX4SGE07900,2026-W35,2026-W34,0.0,0.0,,0.0,0.0,,0.0,0.0,,,,,曝光/点击/CTR/CVR/ACOS/ROAS/活动清单
B0H32PGH77,KX4SGE12700,2026-W35,2026-W34,0.0,0.0,,0.0,0.0,,0.0,0.0,,,,,曝光/点击/CTR/CVR/ACOS/ROAS/活动清单
B0H32PN1QP,KX4SGE17200,2026-W35,2026-W34,0.0,0.0,,0.0,0.0,,0.0,0.0,,,,,曝光/点击/CTR/CVR/ACOS/ROAS/活动清单
B0H32PRC95,PT4SGE23600,2026-W35,2026-W34,0.0,0.0,,0.0,0.0,,0.0,0.0,,,,,曝光/点击/CTR/CVR/ACOS/ROAS/活动清单
B0H32PSM6C,PT4SGE23100,2026-W35,2026-W34,0.0,0.0,,0.0,0.0,,0.0,0.0,,,,,曝光/点击/CTR/CVR/ACOS/ROAS/活动清单
B0H32PT53D,KC4SGE00200,2026-W35,2026-W34,0.0,0.0,,0.0,0.0,,0.0,0.0,,,,,曝光/点击/CTR/CVR/ACOS/ROAS/活动清单
B0H32PT7PD,KC4PSP16400,2026-W35,2026-W34,0.0,0.0,,0.0,0.0,,0.0,0.0,,,,,曝光/点击/CTR/CVR/ACOS/ROAS/活动清单
B0H32PXW5Y,PT4SGE18800,2026-W35,2026-W34,0.0,0.0,,0.0,0.0,,0.0,0.0,,,,,曝光/点击/CTR/CVR/ACOS/ROAS/活动清单
B0H32PZKDX,KX4SGE12600,2026-W35,2026-W34,0.0,0.0,,0.0,0.0,,0.0,0.0,,,,,曝光/点击/CTR/CVR/ACOS/ROAS/活动清单
B0H32Q12H6,KX4SGE08800,2026-W35,2026-W34,0.0,0.0,,0.0,0.0,,0.0,0.0,,,,,曝光/点击/CTR/CVR/ACOS/ROAS/活动清单
B0H32Q1GHN,OO4SGE38000,2026-W35,2026-W34,0.0,0.0,,0.0,0.0,,0.0,0.0,,,,,曝光/点击/CTR/CVR/ACOS/ROAS/活动清单
B0H32Q35D4,PT4SGE24000,2026-W35,2026-W34,0.0,0.0,,0.0,0.0,,0.0,0.0,,,,,曝光/点击/CTR/CVR/ACOS/ROAS/活动清单
B0H32Q9R4S,PT4SGE20000,2026-W35,2026-W34,0.0,0.0,,0.0,0.0,,0.0,0.0,,,,,曝光/点击/CTR/CVR/ACOS/ROAS/活动清单
B0H32QBKP8,PT4SGE23400,2026-W35,2026-W34,0.0,0.0,,0.0,0.0,,0.0,0.0,,,,,曝光/点击/CTR/CVR/ACOS/ROAS/活动清单
B0H32QD4X8,KX4SGE14000,2026-W35,2026-W34,0.0,0.0,,0.0,0.0,,0.0,0.0,,,,,曝光/点击/CTR/CVR/ACOS/ROAS/活动清单
B0H32QDY3C,PT4SGE25400,2026-W35,2026-W34,0.0,0.0,,0.0,0.0,,0.0,0.0,,,,,曝光/点击/CTR/CVR/ACOS/ROAS/活动清单
B0H32QG7PG,PT4SGE21100,2026-W35,2026-W34,0.0,0.0,,0.0,0.0,,0.0,0.0,,,,,曝光/点击/CTR/CVR/ACOS/ROAS/活动清单
B0H32QGFHT,PT4SGE25600,2026-W35,2026-W34,0.0,0.0,,0.0,0.0,,0.0,0.0,,,,,曝光/点击/CTR/CVR/ACOS/ROAS/活动清单
B0H32QMXKZ,KC4PSP17800,2026-W35,2026-W34,0.0,0.0,,0.0,0.0,,0.0,0.0,,,,,曝光/点击/CTR/CVR/ACOS/ROAS/活动清单
B0H32QNY1H,OO4SGE34600,2026-W35,2026-W34,0.0,0.0,,0.0,0.0,,0.0,0.0,,,,,曝光/点击/CTR/CVR/ACOS/ROAS/活动清单
B0H32QPC7Y,PT4SGE24600,2026-W35,2026-W34,0.0,0.0,,0.0,0.0,,0.0,0.0,,,,,曝光/点击/CTR/CVR/ACOS/ROAS/活动清单
B0H32QQ1ZF,OO4SGE38500,2026-W35,2026-W34,0.0,0.0,,0.0,0.0,,0.0,0.0,,,,,曝光/点击/CTR/CVR/ACOS/ROAS/活动清单
B0H32QS9KQ,OO4SGE36900,2026-W35,2026-W34,0.0,0.0,,0.0,0.0,,0.0,0.0,,,,,曝光/点击/CTR/CVR/ACOS/ROAS/活动清单
B0H32QSMQ5,KX4SGE17300,2026-W35,2026-W34,0.0,0.0,,0.0,0.0,,0.0,0.0,,,,,曝光/点击/CTR/CVR/ACOS/ROAS/活动清单
B0H32QTFDJ,OO4SGE34200,2026-W35,2026-W34,0.0,0.0,,0.0,0.0,,0.0,0.0,,,,,曝光/点击/CTR/CVR/ACOS/ROAS/活动清单
B0H32QVFNQ,PT4SGE28100,2026-W35,2026-W34,0.0,0.0,,0.0,0.0,,0.0,0.0,,,,,曝光/点击/CTR/CVR/ACOS/ROAS/活动清单
B0H32QX2JY,PT4SGE20300,2026-W35,2026-W34,0.0,0.0,,0.0,0.0,,0.0,7.14,,,,,曝光/点击/CTR/CVR/ACOS/ROAS/活动清单
B0H32QXYLD,PT4SGE23200,2026-W35,2026-W34,0.0,0.0,,0.0,0.0,,0.0,0.0,,,,,曝光/点击/CTR/CVR/ACOS/ROAS/活动清单
B0H32QYNHR,KC4SGE03100,2026-W35,2026-W34,0.0,0.0,,0.0,0.0,,0.0,0.0,,,,,曝光/点击/CTR/CVR/ACOS/ROAS/活动清单
B0H32QZ3HV,KX4SGE11100,2026-W35,2026-W34,0.0,0.0,,0.0,0.0,,0.0,0.0,,,,,曝光/点击/CTR/CVR/ACOS/ROAS/活动清单
B0H32QZD7P,KC4SGE01300,2026-W35,2026-W34,0.0,0.0,,0.0,0.0,,0.0,0.0,,,,,曝光/点击/CTR/CVR/ACOS/ROAS/活动清单
B0H32QZP5Z,KC4SGE05300,2026-W35,2026-W34,0.0,0.0,,0.0,0.0,,0.0,0.0,,,,,曝光/点击/CTR/CVR/ACOS/ROAS/活动清单
B0H32R2YN3,KC4SGE00300,2026-W35,2026-W34,0.0,0.0,,0.0,0.0,,0.0,0.0,,,,,曝光/点击/CTR/CVR/ACOS/ROAS/活动清单
B0H32R3KHV,PT4SGE27900,2026-W35,2026-W34,0.0,0.0,,0.0,0.0,,0.0,0.0,,,,,曝光/点击/CTR/CVR/ACOS/ROAS/活动清单
B0H32R4CDP,PT4SGE25800,2026-W35,2026-W34,0.0,0.0,,0.0,0.0,,0.0,0.0,,,,,曝光/点击/CTR/CVR/ACOS/ROAS/活动清单
B0H32R4YRB,KX4SGE08600,2026-W35,2026-W34,0.0,0.0,,0.0,0.0,,0.0,0.0,,,,,曝光/点击/CTR/CVR/ACOS/ROAS/活动清单
B0H32R5VZL,KC4SGE01700,2026-W35,2026-W34,0.0,0.0,,0.0,0.0,,0.0,0.0,,,,,曝光/点击/CTR/CVR/ACOS/ROAS/活动清单
B0H32R86TC,KC4PSP18100,2026-W35,2026-W34,0.0,0.0,,0.0,0.0,,0.0,0.0,,,,,曝光/点击/CTR/CVR/ACOS/ROAS/活动清单
B0H32RCR1R,KX4SGE11700,2026-W35,2026-W34,0.0,0.0,,0.0,0.0,,0.0,0.0,,,,,曝光/点击/CTR/CVR/ACOS/ROAS/活动清单
B0H32RCTWS,PT4SGE28200,2026-W35,2026-W34,0.0,0.0,,0.0,0.0,,0.0,0.0,,,,,曝光/点击/CTR/CVR/ACOS/ROAS/活动清单
B0H32RCXSL,KC4SGE00500,2026-W35,2026-W34,0.0,0.0,,0.0,0.0,,0.0,0.0,,,,,曝光/点击/CTR/CVR/ACOS/ROAS/活动清单
B0H32RHDXX,OO4SGE38900,2026-W35,2026-W34,0.0,0.0,,0.0,0.0,,0.0,0.0,,,,,曝光/点击/CTR/CVR/ACOS/ROAS/活动清单
B0H32RHLKY,KC4PSP16100,2026-W35,2026-W34,0.0,0.0,,0.0,0.0,,0.0,0.0,,,,,曝光/点击/CTR/CVR/ACOS/ROAS/活动清单
B0H32RPPXX,PT4SGE26100,2026-W35,2026-W34,0.0,0.0,,0.0,0.0,,0.0,0.0,,,,,曝光/点击/CTR/CVR/ACOS/ROAS/活动清单
B0H32RR9DL,KX4SGE14500,2026-W35,2026-W34,0.0,0.0,,0.0,0.0,,0.0,0.0,,,,,曝光/点击/CTR/CVR/ACOS/ROAS/活动清单
B0H32RRSKF,PT4SGE18400,2026-W35,2026-W34,0.0,0.0,,0.0,0.0,,0.0,0.0,,,,,曝光/点击/CTR/CVR/ACOS/ROAS/活动清单
B0H32RRWWX,PT4SGE22700,2026-W35,2026-W34,0.0,0.0,,0.0,0.0,,0.0,0.0,,,,,曝光/点击/CTR/CVR/ACOS/ROAS/活动清单
B0H32RSH62,KX4SGE12100,2026-W35,2026-W34,0.0,0.0,,0.0,0.0,,0.0,0.0,,,,,曝光/点击/CTR/CVR/ACOS/ROAS/活动清单
B0H32RW5HS,PT4SGE19600,2026-W35,2026-W34,0.0,0.0,,0.0,0.0,,0.0,0.0,,,,,曝光/点击/CTR/CVR/ACOS/ROAS/活动清单
B0H32RWRF6,PT4SGE27600,2026-W35,2026-W34,0.0,0.0,,0.0,0.0,,0.0,0.0,,,,,曝光/点击/CTR/CVR/ACOS/ROAS/活动清单
B0H32RX5R7,KX4SGE17000,2026-W35,2026-W34,0.0,0.0,,0.0,0.0,,0.0,0.0,,,,,曝光/点击/CTR/CVR/ACOS/ROAS/活动清单
B0H32RX8BT,PT4SGE20500,2026-W35,2026-W34,0.0,0.0,,0.0,0.0,,0.0,0.0,,,,,曝光/点击/CTR/CVR/ACOS/ROAS/活动清单
B0H32S81BM,KC4SGE00100,2026-W35,2026-W34,0.0,0.0,,0.0,0.0,,0.0,0.0,,,,,曝光/点击/CTR/CVR/ACOS/ROAS/活动清单
B0H32S8MH8,KX4SGE08300,2026-W35,2026-W34,0.0,0.0,,0.0,0.0,,0.0,0.0,,,,,曝光/点击/CTR/CVR/ACOS/ROAS/活动清单
B0H32SB42T,KX4SGE15400,2026-W35,2026-W34,0.0,0.0,,0.0,0.0,,3.06,0.0,,,,,曝光/点击/CTR/CVR/ACOS/ROAS/活动清单
B0H32SGQG6,KC4SGE00700,2026-W35,2026-W34,0.0,0.0,,0.0,0.0,,3.06,0.0,,,,,曝光/点击/CTR/CVR/ACOS/ROAS/活动清单
B0H32SK9PY,PT4SGE26800,2026-W35,2026-W34,0.0,0.0,,0.0,0.0,,0.0,0.0,,,,,曝光/点击/CTR/CVR/ACOS/ROAS/活动清单
B0H32SLRW4,OO4SGE37300,2026-W35,2026-W34,0.0,0.0,,0.0,0.0,,0.0,0.0,,,,,曝光/点击/CTR/CVR/ACOS/ROAS/活动清单
B0H32SLRX1,PT4SGE18300,2026-W35,2026-W34,0.0,0.0,,0.0,0.0,,0.0,0.0,,,,,曝光/点击/CTR/CVR/ACOS/ROAS/活动清单
B0H32SLRZL,PT4SGE21500,2026-W35,2026-W34,0.0,0.0,,0.0,0.0,,0.0,0.0,,,,,曝光/点击/CTR/CVR/ACOS/ROAS/活动清单
B0H32SV98B,PT4SGE22500,2026-W35,2026-W34,0.0,0.0,,0.0,0.0,,0.0,0.0,,,,,曝光/点击/CTR/CVR/ACOS/ROAS/活动清单
B0H32SZ33M,KC4SGE05000,2026-W35,2026-W34,0.0,0.0,,0.0,0.0,,0.0,0.0,,,,,曝光/点击/CTR/CVR/ACOS/ROAS/活动清单
B0H32T2Q8G,KC4PSP16300,2026-W35,2026-W34,0.0,0.0,,0.0,0.0,,0.0,0.0,,,,,曝光/点击/CTR/CVR/ACOS/ROAS/活动清单
B0H32T4LLV,KC4SGE03000,2026-W35,2026-W34,0.0,0.0,,0.0,0.0,,0.0,0.0,,,,,曝光/点击/CTR/CVR/ACOS/ROAS/活动清单
B0H32T79ZB,OO4SGE37000,2026-W35,2026-W34,0.0,0.0,,0.0,0.0,,0.0,0.0,,,,,曝光/点击/CTR/CVR/ACOS/ROAS/活动清单
B0H32T79ZP,OO4SGE37700,2026-W35,2026-W34,0.0,0.0,,0.0,0.0,,0.0,0.0,,,,,曝光/点击/CTR/CVR/ACOS/ROAS/活动清单
B0H32TBXL1,KC4SGE04900,2026-W35,2026-W34,0.0,0.0,,0.0,0.0,,0.0,0.0,,,,,曝光/点击/CTR/CVR/ACOS/ROAS/活动清单
B0H32TCBGY,OO4SGE37500,2026-W35,2026-W34,0.0,0.0,,0.0,0.0,,0.0,0.0,,,,,曝光/点击/CTR/CVR/ACOS/ROAS/活动清单
B0H32TFG1S,PT4SGE19400,2026-W35,2026-W34,0.0,0.0,,0.0,0.0,,0.0,0.0,,,,,曝光/点击/CTR/CVR/ACOS/ROAS/活动清单
B0H32TJN8J,KC4PSP18200,2026-W35,2026-W34,0.0,0.0,,0.0,0.0,,0.0,0.0,,,,,曝光/点击/CTR/CVR/ACOS/ROAS/活动清单
B0H32TLKJ9,PT4SGE18500,2026-W35,2026-W34,0.0,0.0,,0.0,0.0,,0.0,0.0,,,,,曝光/点击/CTR/CVR/ACOS/ROAS/活动清单
B0H32TNDCH,KX4SGE17700,2026-W35,2026-W34,0.0,0.0,,0.0,0.0,,0.0,0.0,,,,,曝光/点击/CTR/CVR/ACOS/ROAS/活动清单
B0H32TP2H6,KX4SGE13200,2026-W35,2026-W34,0.0,0.0,,0.0,0.0,,0.0,0.0,,,,,曝光/点击/CTR/CVR/ACOS/ROAS/活动清单
B0H32TQ2NL,OO4SGE38300,2026-W35,2026-W34,0.0,0.0,,0.0,0.0,,0.0,0.0,,,,,曝光/点击/CTR/CVR/ACOS/ROAS/活动清单
B0H32TQCN9,KC4PSP17600,2026-W35,2026-W34,0.0,0.0,,0.0,0.0,,0.0,0.0,,,,,曝光/点击/CTR/CVR/ACOS/ROAS/活动清单
B0H32TYSM3,KC4SGE03900,2026-W35,2026-W34,0.0,0.0,,0.0,0.0,,0.0,0.0,,,,,曝光/点击/CTR/CVR/ACOS/ROAS/活动清单
B0H32TZD8S,KX4SGE09300,2026-W35,2026-W34,0.0,0.0,,0.0,0.0,,0.0,0.0,,,,,曝光/点击/CTR/CVR/ACOS/ROAS/活动清单
B0H32TZDNR,OO4SGE35400,2026-W35,2026-W34,0.0,0.0,,0.0,0.0,,0.0,0.0,,,,,曝光/点击/CTR/CVR/ACOS/ROAS/活动清单
B0H32V44K5,PT4SGE26000,2026-W35,2026-W34,0.0,0.0,,0.0,0.0,,0.0,0.0,,,,,曝光/点击/CTR/CVR/ACOS/ROAS/活动清单
B0H32V5ZZ4,KC4SGE03200,2026-W35,2026-W34,0.0,0.0,,0.0,0.0,,0.0,0.0,,,,,曝光/点击/CTR/CVR/ACOS/ROAS/活动清单
B0H32V7Z46,KC4SGE05100,2026-W35,2026-W34,0.0,0.0,,0.0,0.0,,0.0,0.0,,,,,曝光/点击/CTR/CVR/ACOS/ROAS/活动清单
B0H32V8912,KC4SGE01600,2026-W35,2026-W34,0.0,0.0,,0.0,0.0,,0.0,0.0,,,,,曝光/点击/CTR/CVR/ACOS/ROAS/活动清单
B0H32V8VPX,KX4SGE09700,2026-W35,2026-W34,0.0,0.0,,0.0,0.0,,0.0,0.0,,,,,曝光/点击/CTR/CVR/ACOS/ROAS/活动清单
B0H32V8W26,OO4SGE36200,2026-W35,2026-W34,0.0,0.0,,0.0,0.0,,0.0,0.0,,,,,曝光/点击/CTR/CVR/ACOS/ROAS/活动清单
B0H32VDD7D,KC4SGE05400,2026-W35,2026-W34,0.0,0.0,,0.0,0.0,,0.0,0.0,,,,,曝光/点击/CTR/CVR/ACOS/ROAS/活动清单
B0H32VFH11,KC4SGE05200,2026-W35,2026-W34,0.0,0.0,,0.0,0.0,,0.0,0.0,,,,,曝光/点击/CTR/CVR/ACOS/ROAS/活动清单
B0H32VQ1SM,PT4SGE19300,2026-W35,2026-W34,0.0,0.0,,0.0,0.0,,0.0,0.0,,,,,曝光/点击/CTR/CVR/ACOS/ROAS/活动清单
B0H32VQJQP,KC4PSP17200,2026-W35,2026-W34,0.0,0.0,,0.0,0.0,,3.06,3.27,,,,,曝光/点击/CTR/CVR/ACOS/ROAS/活动清单
B0H32VR11F,KX4SGE14700,2026-W35,2026-W34,0.0,0.0,,0.0,0.0,,0.0,0.0,,,,,曝光/点击/CTR/CVR/ACOS/ROAS/活动清单
B0H32VRXPW,PT4SGE18700,2026-W35,2026-W34,0.0,0.0,,0.0,0.0,,0.0,0.0,,,,,曝光/点击/CTR/CVR/ACOS/ROAS/活动清单
B0H32VVDM1,KC4PSP17000,2026-W35,2026-W34,0.0,0.0,,0.0,0.0,,0.0,0.0,,,,,曝光/点击/CTR/CVR/ACOS/ROAS/活动清单
B0H32VVJ8W,OO4SGE38800,2026-W35,2026-W34,0.0,0.0,,0.0,0.0,,0.0,0.0,,,,,曝光/点击/CTR/CVR/ACOS/ROAS/活动清单
B0H32VVM9F,KX4SGE13500,2026-W35,2026-W34,0.0,0.0,,0.0,0.0,,4.08,0.0,,,,,曝光/点击/CTR/CVR/ACOS/ROAS/活动清单
B0H32VVQD7,PT4SGE18600,2026-W35,2026-W34,0.0,0.0,,0.0,0.0,,0.0,0.0,,,,,曝光/点击/CTR/CVR/ACOS/ROAS/活动清单
B0H32VXT3X,KX4SGE08900,2026-W35,2026-W34,0.0,0.0,,0.0,0.0,,0.0,0.0,,,,,曝光/点击/CTR/CVR/ACOS/ROAS/活动清单
B0H32VY9BP,KX4SGE07700,2026-W35,2026-W34,0.0,0.0,,0.0,0.0,,0.0,0.0,,,,,曝光/点击/CTR/CVR/ACOS/ROAS/活动清单
B0H32VYJ2K,KC4SGE03500,2026-W35,2026-W34,0.0,0.0,,0.0,0.0,,0.0,0.0,,,,,曝光/点击/CTR/CVR/ACOS/ROAS/活动清单
B0H32W5L5Z,PT4SGE26700,2026-W35,2026-W34,0.0,0.0,,0.0,0.0,,0.0,0.0,,,,,曝光/点击/CTR/CVR/ACOS/ROAS/活动清单
B0H32W6FZ2,KC4SGE02800,2026-W35,2026-W34,0.0,0.0,,0.0,0.0,,0.0,0.0,,,,,曝光/点击/CTR/CVR/ACOS/ROAS/活动清单
B0H32W6J26,KC4PSP17900,2026-W35,2026-W34,0.0,0.0,,0.0,0.0,,0.0,0.0,,,,,曝光/点击/CTR/CVR/ACOS/ROAS/活动清单
B0H32W9SRF,OO4SGE36000,2026-W35,2026-W34,0.0,0.0,,0.0,0.0,,0.0,0.0,,,,,曝光/点击/CTR/CVR/ACOS/ROAS/活动清单
B0H32WDFFW,KC4SGE01500,2026-W35,2026-W34,0.0,0.0,,0.0,0.0,,0.0,0.0,,,,,曝光/点击/CTR/CVR/ACOS/ROAS/活动清单
B0H32WFBY3,KC4SGE01200,2026-W35,2026-W34,0.0,0.0,,0.0,0.0,,0.0,0.0,,,,,曝光/点击/CTR/CVR/ACOS/ROAS/活动清单
B0H32WFK8R,KC4PSP16200,2026-W35,2026-W34,0.0,0.0,,0.0,0.0,,0.0,0.0,,,,,曝光/点击/CTR/CVR/ACOS/ROAS/活动清单
B0H32WFTWG,PT4SGE19100,2026-W35,2026-W34,0.0,0.0,,0.0,0.0,,0.0,0.0,,,,,曝光/点击/CTR/CVR/ACOS/ROAS/活动清单
B0H32WH8DR,OO4SGE36300,2026-W35,2026-W34,0.0,0.0,,0.0,0.0,,0.0,0.0,,,,,曝光/点击/CTR/CVR/ACOS/ROAS/活动清单
B0H32WYLKH,KX4SGE17400,2026-W35,2026-W34,0.0,0.0,,0.0,0.0,,0.0,0.0,,,,,曝光/点击/CTR/CVR/ACOS/ROAS/活动清单
B0H32XMMKH,KX4SGE08200,2026-W35,2026-W34,0.0,0.0,,0.0,0.0,,0.0,0.0,,,,,曝光/点击/CTR/CVR/ACOS/ROAS/活动清单
B0H32XNJ3D,KC4SGE01100,2026-W35,2026-W34,0.0,0.0,,0.0,0.0,,0.0,0.0,,,,,曝光/点击/CTR/CVR/ACOS/ROAS/活动清单
B0H32XPHLR,KC4PSP17100,2026-W35,2026-W34,0.0,0.0,,0.0,0.0,,0.0,0.0,,,,,曝光/点击/CTR/CVR/ACOS/ROAS/活动清单
B0H32XQJD4,KX4SGE08100,2026-W35,2026-W34,0.0,0.0,,0.0,0.0,,0.0,0.0,,,,,曝光/点击/CTR/CVR/ACOS/ROAS/活动清单
B0H32XS87C,KC4SGE04100,2026-W35,2026-W34,0.0,0.0,,0.0,0.0,,0.0,0.0,,,,,曝光/点击/CTR/CVR/ACOS/ROAS/活动清单
B0H32XTJWC,KC4PSP16000,2026-W35,2026-W34,0.0,0.0,,0.0,0.0,,0.0,0.0,,,,,曝光/点击/CTR/CVR/ACOS/ROAS/活动清单
B0H32XTJZD,PT4SGE24700,2026-W35,2026-W34,0.0,0.0,,0.0,0.0,,0.0,0.0,,,,,曝光/点击/CTR/CVR/ACOS/ROAS/活动清单
B0H32XVBQ3,PT4SGE24100,2026-W35,2026-W34,0.0,0.0,,0.0,0.0,,0.0,0.0,,,,,曝光/点击/CTR/CVR/ACOS/ROAS/活动清单
B0H3375F6T,OO4SGE34800,2026-W35,2026-W34,0.0,0.0,,0.0,0.0,,0.0,0.0,,,,,曝光/点击/CTR/CVR/ACOS/ROAS/活动清单
B0H3377YBZ,PT4SGE19800,2026-W35,2026-W34,0.0,0.0,,0.0,0.0,,0.0,0.0,,,,,曝光/点击/CTR/CVR/ACOS/ROAS/活动清单
B0H338C7RV,OO4SGE35700,2026-W35,2026-W34,0.0,0.0,,0.0,0.0,,0.0,14.28,,,,,曝光/点击/CTR/CVR/ACOS/ROAS/活动清单
B0H33BB2SS,KC4SGE01800,2026-W35,2026-W34,0.0,0.0,,0.0,0.0,,0.0,0.0,,,,,曝光/点击/CTR/CVR/ACOS/ROAS/活动清单
B0H33BKRHP,KC4SGE00600,2026-W35,2026-W34,0.0,0.0,,0.0,0.0,,0.0,0.0,,,,,曝光/点击/CTR/CVR/ACOS/ROAS/活动清单
B0H33CN2DD,KC4SGE00900,2026-W35,2026-W34,0.0,0.0,,0.0,0.0,,0.0,0.0,,,,,曝光/点击/CTR/CVR/ACOS/ROAS/活动清单
B0H33F4LJV,PT4SGE24300,2026-W35,2026-W34,0.0,0.0,,0.0,0.0,,0.0,0.0,,,,,曝光/点击/CTR/CVR/ACOS/ROAS/活动清单
B0H33GKNNJ,KC4PSP18000,2026-W35,2026-W34,0.0,0.0,,0.0,0.0,,0.0,0.0,,,,,曝光/点击/CTR/CVR/ACOS/ROAS/活动清单
B0H33H7QZP,OO4SGE38400,2026-W35,2026-W34,0.0,0.0,,0.0,0.0,,0.0,0.0,,,,,曝光/点击/CTR/CVR/ACOS/ROAS/活动清单
B0H33H8244,KX4SGE16700,2026-W35,2026-W34,0.0,0.0,,0.0,0.0,,0.0,0.0,,,,,曝光/点击/CTR/CVR/ACOS/ROAS/活动清单
B0H33J7Q59,OO4SGE35600,2026-W35,2026-W34,0.0,0.0,,0.0,0.0,,0.0,4.08,,,,,曝光/点击/CTR/CVR/ACOS/ROAS/活动清单
B0H33K6RFG,OO4SGE36800,2026-W35,2026-W34,0.0,0.0,,0.0,0.0,,0.0,0.0,,,,,曝光/点击/CTR/CVR/ACOS/ROAS/活动清单
B0H33L5YG4,OO4SGE38600,2026-W35,2026-W34,0.0,0.0,,0.0,0.0,,0.0,0.0,,,,,曝光/点击/CTR/CVR/ACOS/ROAS/活动清单
B0H33N7TN6,OO4SGE36600,2026-W35,2026-W34,0.0,0.0,,0.0,0.0,,0.0,0.0,,,,,曝光/点击/CTR/CVR/ACOS/ROAS/活动清单
B0H33NK798,OO4SGE39100,2026-W35,2026-W34,0.0,0.0,,0.0,0.0,,0.0,0.0,,,,,曝光/点击/CTR/CVR/ACOS/ROAS/活动清单
B0H6W8GKV4,PT4SGE18700,2026-W35,2026-W34,0.0,0.0,,0.0,0.0,,10.54,5.65,,,,,曝光/点击/CTR/CVR/ACOS/ROAS/活动清单
B0H6W8M47G,KX4SGE10300,2026-W35,2026-W34,0.0,0.0,,0.0,0.0,,10.0,12.99,,,,,曝光/点击/CTR/CVR/ACOS/ROAS/活动清单
B0H6W8MCD4,KC4SGE03000,2026-W35,2026-W34,0.0,0.0,,0.0,0.0,,0.0,0.0,,,,,曝光/点击/CTR/CVR/ACOS/ROAS/活动清单
B0H6W8QSG9,KX4SGE10100,2026-W35,2026-W34,2.0,1.0,100.0,2135.06,1067.53,100.0,8.43,18.91,0.4,1.77,-77.69,,曝光/点击/CTR/CVR/ACOS/ROAS/活动清单
B0H6W8WBYW,KC4PSP16100,2026-W35,2026-W34,0.0,0.0,,0.0,0.0,,11.5,12.86,,,,,曝光/点击/CTR/CVR/ACOS/ROAS/活动清单
B0H6W9LK57,KC4SGE03500,2026-W35,2026-W34,0.0,0.0,,0.0,0.0,,5.51,0.0,,,,,曝光/点击/CTR/CVR/ACOS/ROAS/活动清单
B0H6WBBG37,KX4SGE11700,2026-W35,2026-W34,0.0,0.0,,0.0,0.0,,19.93,0.0,,,,,曝光/点击/CTR/CVR/ACOS/ROAS/活动清单
B0H6WBBG7P,KC4SGE04600,2026-W35,2026-W34,0.0,0.0,,0.0,0.0,,0.0,16.25,,,,,曝光/点击/CTR/CVR/ACOS/ROAS/活动清单
B0H6WBDX83,KX4SGE08400,2026-W35,2026-W34,0.0,0.0,,0.0,0.0,,9.25,3.13,,,,,曝光/点击/CTR/CVR/ACOS/ROAS/活动清单
B0H6WBDX8D,KC4SGE00800,2026-W35,2026-W34,0.0,0.0,,0.0,0.0,,0.0,0.0,,,,,曝光/点击/CTR/CVR/ACOS/ROAS/活动清单
B0H6WBG93P,KC4PSP16200,2026-W35,2026-W34,0.0,0.0,,0.0,0.0,,3.06,5.85,,,,,曝光/点击/CTR/CVR/ACOS/ROAS/活动清单
B0H6WBG96D,KC4SGE04900,2026-W35,2026-W34,0.0,0.0,,0.0,0.0,,5.98,0.0,,,,,曝光/点击/CTR/CVR/ACOS/ROAS/活动清单
B0H6WBJG7H,OO4SGE34100,2026-W35,2026-W34,0.0,0.0,,0.0,0.0,,0.0,5.44,,,,,曝光/点击/CTR/CVR/ACOS/ROAS/活动清单
B0H6WBKRTJ,KC4SGE00700,2026-W35,2026-W34,0.0,0.0,,0.0,0.0,,0.0,3.26,,,,,曝光/点击/CTR/CVR/ACOS/ROAS/活动清单
B0H6WBLGZN,OO4SGE38400,2026-W35,2026-W34,0.0,0.0,,0.0,0.0,,0.0,0.0,,,,,曝光/点击/CTR/CVR/ACOS/ROAS/活动清单
B0H6WBMTQH,KC4SGE01200,2026-W35,2026-W34,0.0,0.0,,0.0,0.0,,0.0,0.0,,,,,曝光/点击/CTR/CVR/ACOS/ROAS/活动清单
B0H6WBQ8GH,KX4SGE07700,2026-W35,2026-W34,0.0,1.0,-100.0,0.0,1883.53,-100.0,20.41,5.85,,0.31,,单量下滑≥20%；销售额下滑≥20%,曝光/点击/CTR/CVR/ACOS/ROAS/活动清单
B0H6WBQWG6,KX4SGE13300,2026-W35,2026-W34,1.0,0.0,N/A,1373.53,0.0,N/A,6.12,5.31,0.45,,,,曝光/点击/CTR/CVR/ACOS/ROAS/活动清单
B0H6WBX8VX,KC4SGE01300,2026-W35,2026-W34,1.0,0.0,N/A,1380.33,0.0,N/A,5.1,0.0,0.37,,,,曝光/点击/CTR/CVR/ACOS/ROAS/活动清单
B0H6WC2QTD,PT4SGE19600,2026-W35,2026-W34,0.0,0.0,,0.0,0.0,,6.33,16.32,,,,,曝光/点击/CTR/CVR/ACOS/ROAS/活动清单
B0H6WC2RFS,PT4SGE23900,2026-W35,2026-W34,0.0,0.0,,0.0,0.0,,0.0,0.0,,,,,曝光/点击/CTR/CVR/ACOS/ROAS/活动清单
B0H6WC3XXP,KC4PSP16500,2026-W35,2026-W34,0.0,0.0,,0.0,0.0,,7.08,7.35,,,,,曝光/点击/CTR/CVR/ACOS/ROAS/活动清单
B0H6WC6J4N,KX4SGE08300,2026-W35,2026-W34,0.0,0.0,,0.0,0.0,,10.75,11.09,,,,,曝光/点击/CTR/CVR/ACOS/ROAS/活动清单
B0H6WC8Q7C,KX4SGE17300,2026-W35,2026-W34,0.0,0.0,,0.0,0.0,,0.0,0.0,,,,,曝光/点击/CTR/CVR/ACOS/ROAS/活动清单
B0H6WCC2CK,KX4SGE11100,2026-W35,2026-W34,0.0,0.0,,0.0,0.0,,3.06,0.0,,,,,曝光/点击/CTR/CVR/ACOS/ROAS/活动清单
B0H6WCGL2X,PT4SGE22500,2026-W35,2026-W34,0.0,0.0,,0.0,0.0,,0.0,0.0,,,,,曝光/点击/CTR/CVR/ACOS/ROAS/活动清单
B0H6WCHBKY,PT4SGE19500,2026-W35,2026-W34,0.0,0.0,,0.0,0.0,,4.08,0.0,,,,,曝光/点击/CTR/CVR/ACOS/ROAS/活动清单
B0H6WCJWBW,KX4SGE15800,2026-W35,2026-W34,0.0,0.0,,0.0,0.0,,0.0,0.0,,,,,曝光/点击/CTR/CVR/ACOS/ROAS/活动清单
B0H6WCKDC2,OO4SGE36600,2026-W35,2026-W34,0.0,0.0,,0.0,0.0,,0.0,0.0,,,,,曝光/点击/CTR/CVR/ACOS/ROAS/活动清单
B0H6WD42SN,KX4SGE16700,2026-W35,2026-W34,0.0,0.0,,0.0,0.0,,3.06,0.0,,,,,曝光/点击/CTR/CVR/ACOS/ROAS/活动清单
B0H6WD6Y9J,PT4SGE27500,2026-W35,2026-W34,0.0,0.0,,0.0,0.0,,5.64,0.0,,,,,曝光/点击/CTR/CVR/ACOS/ROAS/活动清单
B0H6WDB5FH,PT4SGE19300,2026-W35,2026-W34,0.0,0.0,,0.0,0.0,,4.69,0.0,,,,,曝光/点击/CTR/CVR/ACOS/ROAS/活动清单
B0H6WDBZGV,KC4SGE02700,2026-W35,2026-W34,0.0,0.0,,0.0,0.0,,0.0,0.0,,,,,曝光/点击/CTR/CVR/ACOS/ROAS/活动清单
B0H6WDHXH5,KC4SGE01800,2026-W35,2026-W34,0.0,0.0,,0.0,0.0,,5.17,5.17,,,,,曝光/点击/CTR/CVR/ACOS/ROAS/活动清单
B0H6WDL4C9,KC4SGE03200,2026-W35,2026-W34,0.0,0.0,,0.0,0.0,,5.17,5.1,,,,,曝光/点击/CTR/CVR/ACOS/ROAS/活动清单
B0H6WDYZVD,KX4SGE12200,2026-W35,2026-W34,2.0,0.0,N/A,2012.66,0.0,N/A,28.7,7.83,1.43,,,,曝光/点击/CTR/CVR/ACOS/ROAS/活动清单
B0H6WDZLHS,KX4SGE09200,2026-W35,2026-W34,0.0,0.0,,0.0,0.0,,0.0,0.0,,,,,曝光/点击/CTR/CVR/ACOS/ROAS/活动清单
B0H6WF3NL7,KC4SGE05000,2026-W35,2026-W34,0.0,0.0,,0.0,0.0,,0.0,0.0,,,,,曝光/点击/CTR/CVR/ACOS/ROAS/活动清单
B0H6WFLFYJ,KX4SGE14000,2026-W35,2026-W34,1.0,0.0,N/A,1482.33,0.0,N/A,3.26,0.0,0.22,,,,曝光/点击/CTR/CVR/ACOS/ROAS/活动清单
B0H6WFS239,PT4SGE23100,2026-W35,2026-W34,0.0,1.0,-100.0,0.0,1053.93,-100.0,2.72,12.65,,1.2,,单量下滑≥20%；销售额下滑≥20%,曝光/点击/CTR/CVR/ACOS/ROAS/活动清单
B0H6WFSBT4,PT4SGE23600,2026-W35,2026-W34,1.0,0.0,N/A,1237.53,0.0,N/A,11.22,17.07,0.91,,,,曝光/点击/CTR/CVR/ACOS/ROAS/活动清单
B0H6WFV3YP,KC4PSP15800,2026-W35,2026-W34,0.0,0.0,,0.0,0.0,,9.25,7.07,,,,,曝光/点击/CTR/CVR/ACOS/ROAS/活动清单
B0H6WFXQ6N,KX4SGE17100,2026-W35,2026-W34,1.0,0.0,N/A,1230.73,0.0,N/A,0.0,0.0,0.0,,,,曝光/点击/CTR/CVR/ACOS/ROAS/活动清单
B0H6WFXWPG,PT4SGE24100,2026-W35,2026-W34,0.0,0.0,,0.0,0.0,,3.06,0.0,,,,,曝光/点击/CTR/CVR/ACOS/ROAS/活动清单
B0H6WFYLY8,KC4SGE03100,2026-W35,2026-W34,1.0,0.0,N/A,1400.73,0.0,N/A,11.63,30.61,0.83,,,,曝光/点击/CTR/CVR/ACOS/ROAS/活动清单
B0H6WFYLYL,PT4SGE26500,2026-W35,2026-W34,0.0,0.0,,0.0,0.0,,8.37,16.8,,,,,曝光/点击/CTR/CVR/ACOS/ROAS/活动清单
B0H6WFZF1T,PT4SGE20800,2026-W35,2026-W34,0.0,0.0,,0.0,0.0,,4.08,11.02,,,,,曝光/点击/CTR/CVR/ACOS/ROAS/活动清单
B0H6WG2B49,PT4SGE26000,2026-W35,2026-W34,0.0,0.0,,0.0,0.0,,9.79,5.71,,,,,曝光/点击/CTR/CVR/ACOS/ROAS/活动清单
B0H6WG5T4M,PT4SGE18500,2026-W35,2026-W34,0.0,0.0,,0.0,0.0,,3.26,0.0,,,,,曝光/点击/CTR/CVR/ACOS/ROAS/活动清单
B0H6WG6FBJ,KC4SGE04800,2026-W35,2026-W34,0.0,1.0,-100.0,0.0,1285.13,-100.0,11.97,11.09,,0.86,,单量下滑≥20%；销售额下滑≥20%,曝光/点击/CTR/CVR/ACOS/ROAS/活动清单
B0H6WG6J3Y,KX4SGE08900,2026-W35,2026-W34,0.0,0.0,,0.0,0.0,,3.27,6.33,,,,,曝光/点击/CTR/CVR/ACOS/ROAS/活动清单
B0H6WGB5GG,KC4SGE00200,2026-W35,2026-W34,0.0,0.0,,0.0,0.0,,0.0,4.01,,,,,曝光/点击/CTR/CVR/ACOS/ROAS/活动清单
B0H6WGBZ8Q,KX4SGE09100,2026-W35,2026-W34,1.0,0.0,N/A,1122.0,0.0,N/A,14.22,20.88,1.27,,,,曝光/点击/CTR/CVR/ACOS/ROAS/活动清单
B0H6WGFF3D,KX4SGE12100,2026-W35,2026-W34,0.0,0.0,,0.0,0.0,,19.93,21.97,,,,,曝光/点击/CTR/CVR/ACOS/ROAS/活动清单
B0H6WGGS93,KC4SGE02400,2026-W35,2026-W34,0.0,0.0,,0.0,0.0,,3.54,0.0,,,,,曝光/点击/CTR/CVR/ACOS/ROAS/活动清单
B0H6WGKPR5,OO4SGE35700,2026-W35,2026-W34,0.0,0.0,,0.0,0.0,,3.06,16.32,,,,,曝光/点击/CTR/CVR/ACOS/ROAS/活动清单
B0H6WGMHPN,OO4SGE38100,2026-W35,2026-W34,0.0,0.0,,0.0,0.0,,6.39,12.65,,,,,曝光/点击/CTR/CVR/ACOS/ROAS/活动清单
B0H6WGSHB4,KX4SGE13500,2026-W35,2026-W34,1.0,0.0,N/A,1631.93,0.0,N/A,47.27,20.55,2.9,,,,曝光/点击/CTR/CVR/ACOS/ROAS/活动清单
B0H6WGTKF9,PT4SGE18800,2026-W35,2026-W34,0.0,0.0,,0.0,0.0,,0.0,0.0,,,,,曝光/点击/CTR/CVR/ACOS/ROAS/活动清单
B0H6WHDDM2,OO4SGE36000,2026-W35,2026-W34,1.0,0.0,N/A,1421.13,0.0,N/A,27.47,3.27,1.93,,,,曝光/点击/CTR/CVR/ACOS/ROAS/活动清单
B0H6WHFGV8,KC4SGE00500,2026-W35,2026-W34,0.0,0.0,,0.0,0.0,,0.0,0.0,,,,,曝光/点击/CTR/CVR/ACOS/ROAS/活动清单
B0H6WHND3D,OO4SGE38900,2026-W35,2026-W34,1.0,0.0,N/A,802.33,0.0,N/A,0.0,4.08,0.0,,,,曝光/点击/CTR/CVR/ACOS/ROAS/活动清单
B0H6WHR41G,PT4SGE27600,2026-W35,2026-W34,0.0,0.0,,0.0,0.0,,3.27,3.27,,,,,曝光/点击/CTR/CVR/ACOS/ROAS/活动清单
B0H6WHRWR5,KX4SGE09700,2026-W35,2026-W34,0.0,0.0,,0.0,0.0,,0.0,3.47,,,,,曝光/点击/CTR/CVR/ACOS/ROAS/活动清单
B0H6WHRWRY,PT4SGE21900,2026-W35,2026-W34,0.0,0.0,,0.0,0.0,,0.0,14.49,,,,,曝光/点击/CTR/CVR/ACOS/ROAS/活动清单
B0H6WHS9SC,OO4SGE34000,2026-W35,2026-W34,0.0,1.0,-100.0,0.0,965.53,-100.0,0.0,0.0,,0.0,,单量下滑≥20%；销售额下滑≥20%,曝光/点击/CTR/CVR/ACOS/ROAS/活动清单
B0H6WHS9V3,KC4SGE00600,2026-W35,2026-W34,0.0,0.0,,0.0,0.0,,10.06,0.0,,,,,曝光/点击/CTR/CVR/ACOS/ROAS/活动清单
B0H6WHSJNK,PT4SGE23400,2026-W35,2026-W34,0.0,0.0,,0.0,0.0,,14.02,13.13,,,,,曝光/点击/CTR/CVR/ACOS/ROAS/活动清单
B0H6WHSJNL,KX4SGE14900,2026-W35,2026-W34,0.0,0.0,,0.0,0.0,,3.06,6.87,,,,,曝光/点击/CTR/CVR/ACOS/ROAS/活动清单
B0H6WHTFHB,KC4SGE04700,2026-W35,2026-W34,0.0,0.0,,0.0,0.0,,4.9,0.0,,,,,曝光/点击/CTR/CVR/ACOS/ROAS/活动清单
B0H6WHVJ8N,PT4SGE19800,2026-W35,2026-W34,0.0,0.0,,0.0,0.0,,0.0,2.59,,,,,曝光/点击/CTR/CVR/ACOS/ROAS/活动清单
B0H6WHVM1S,KC4PSP17500,2026-W35,2026-W34,0.0,0.0,,0.0,0.0,,2.72,0.0,,,,,曝光/点击/CTR/CVR/ACOS/ROAS/活动清单
B0H6WHXNGH,OO4SGE35400,2026-W35,2026-W34,0.0,0.0,,0.0,0.0,,0.0,17.68,,,,,曝光/点击/CTR/CVR/ACOS/ROAS/活动清单
B0H6WJ1P5Q,KC4SGE05300,2026-W35,2026-W34,0.0,0.0,,0.0,0.0,,0.0,10.54,,,,,曝光/点击/CTR/CVR/ACOS/ROAS/活动清单
B0H6WJ2H4N,OO4SGE36900,2026-W35,2026-W34,0.0,0.0,,0.0,0.0,,9.18,11.22,,,,,曝光/点击/CTR/CVR/ACOS/ROAS/活动清单
B0H6WJ5F5J,PT4SGE23300,2026-W35,2026-W34,0.0,0.0,,0.0,0.0,,7.35,11.36,,,,,曝光/点击/CTR/CVR/ACOS/ROAS/活动清单
B0H6WJ68X4,KC4PSP15900,2026-W35,2026-W34,1.0,2.0,-50.0,829.53,1659.06,-50.0,8.84,31.62,1.07,1.91,-44.06,单量下滑≥20%；销售额下滑≥20%,曝光/点击/CTR/CVR/ACOS/ROAS/活动清单
B0H6WJQJL3,PT4SGE26300,2026-W35,2026-W34,0.0,0.0,,0.0,0.0,,0.41,0.0,,,,,曝光/点击/CTR/CVR/ACOS/ROAS/活动清单
B0H6WJS7L2,KC4PSP17800,2026-W35,2026-W34,0.0,0.0,,0.0,0.0,,5.99,0.0,,,,,曝光/点击/CTR/CVR/ACOS/ROAS/活动清单
B0H6WJY322,PT4SGE21500,2026-W35,2026-W34,0.0,0.0,,0.0,0.0,,0.0,0.0,,,,,曝光/点击/CTR/CVR/ACOS/ROAS/活动清单
B0H6WJZR6S,KX4SGE10700,2026-W35,2026-W34,0.0,0.0,,0.0,0.0,,5.78,0.0,,,,,曝光/点击/CTR/CVR/ACOS/ROAS/活动清单
B0H6WJZR7L,KX4SGE15400,2026-W35,2026-W34,0.0,0.0,,0.0,0.0,,5.44,18.43,,,,,曝光/点击/CTR/CVR/ACOS/ROAS/活动清单
B0H6WK1747,KX4SGE14700,2026-W35,2026-W34,0.0,0.0,,0.0,0.0,,3.26,0.0,,,,,曝光/点击/CTR/CVR/ACOS/ROAS/活动清单
B0H6WK24MJ,PT4SGE23700,2026-W35,2026-W34,0.0,0.0,,0.0,0.0,,10.07,0.0,,,,,曝光/点击/CTR/CVR/ACOS/ROAS/活动清单
B0H6WK2ZL2,PT4SGE24300,2026-W35,2026-W34,0.0,0.0,,0.0,0.0,,13.33,6.67,,,,,曝光/点击/CTR/CVR/ACOS/ROAS/活动清单
B0H6WK4XTM,PT4SGE28100,2026-W35,2026-W34,0.0,0.0,,0.0,0.0,,12.11,19.79,,,,,曝光/点击/CTR/CVR/ACOS/ROAS/活动清单
B0H6WKKXKW,KX4SGE14500,2026-W35,2026-W34,0.0,0.0,,0.0,0.0,,4.9,0.2,,,,,曝光/点击/CTR/CVR/ACOS/ROAS/活动清单
B0H6WKLBTP,KC4PSP17900,2026-W35,2026-W34,0.0,0.0,,0.0,0.0,,0.0,6.12,,,,,曝光/点击/CTR/CVR/ACOS/ROAS/活动清单
B0H6WKNBLS,KX4SGE12400,2026-W35,2026-W34,0.0,1.0,-100.0,0.0,1257.93,-100.0,0.0,6.67,,0.53,,单量下滑≥20%；销售额下滑≥20%,曝光/点击/CTR/CVR/ACOS/ROAS/活动清单
B0H6WKSJ7V,OO4SGE37500,2026-W35,2026-W34,2.0,0.0,N/A,2148.66,0.0,N/A,5.99,14.69,0.28,,,,曝光/点击/CTR/CVR/ACOS/ROAS/活动清单
B0H6WKTP81,KX4SGE17400,2026-W35,2026-W34,0.0,0.0,,0.0,0.0,,3.06,8.98,,,,,曝光/点击/CTR/CVR/ACOS/ROAS/活动清单
B0H6WKV3D1,PT4SGE22800,2026-W35,2026-W34,0.0,0.0,,0.0,0.0,,2.58,0.0,,,,,曝光/点击/CTR/CVR/ACOS/ROAS/活动清单
B0H6WKXGBS,PT4SGE21000,2026-W35,2026-W34,0.0,0.0,,0.0,0.0,,16.26,10.41,,,,,曝光/点击/CTR/CVR/ACOS/ROAS/活动清单
B0H6WKXNV3,PT4SGE24900,2026-W35,2026-W34,0.0,1.0,-100.0,0.0,1366.8,-100.0,0.0,0.0,,0.0,,单量下滑≥20%；销售额下滑≥20%,曝光/点击/CTR/CVR/ACOS/ROAS/活动清单
B0H6WL5BHM,KC4SGE02500,2026-W35,2026-W34,0.0,0.0,,0.0,0.0,,0.0,0.0,,,,,曝光/点击/CTR/CVR/ACOS/ROAS/活动清单
B0H6WL6547,PT4SGE20500,2026-W35,2026-W34,0.0,0.0,,0.0,0.0,,8.44,3.27,,,,,曝光/点击/CTR/CVR/ACOS/ROAS/活动清单
B0H6WL654F,KC4PSP17200,2026-W35,2026-W34,0.0,0.0,,0.0,0.0,,0.0,2.58,,,,,曝光/点击/CTR/CVR/ACOS/ROAS/活动清单
B0H6WL6C98,KX4SGE08800,2026-W35,2026-W34,0.0,0.0,,0.0,0.0,,0.0,0.0,,,,,曝光/点击/CTR/CVR/ACOS/ROAS/活动清单
B0H6WL71LG,PT4SGE24000,2026-W35,2026-W34,0.0,0.0,,0.0,0.0,,17.14,0.0,,,,,曝光/点击/CTR/CVR/ACOS/ROAS/活动清单
B0H6WLBQ9P,PT4SGE19200,2026-W35,2026-W34,0.0,0.0,,0.0,0.0,,0.0,3.6,,,,,曝光/点击/CTR/CVR/ACOS/ROAS/活动清单
B0H6WLCCKW,KC4SGE04200,2026-W35,2026-W34,0.0,0.0,,0.0,0.0,,0.0,0.0,,,,,曝光/点击/CTR/CVR/ACOS/ROAS/活动清单
B0H6WLQDVM,OO4SGE38800,2026-W35,2026-W34,0.0,0.0,,0.0,0.0,,14.83,3.06,,,,,曝光/点击/CTR/CVR/ACOS/ROAS/活动清单
B0H6WLQHP5,PT4SGE20300,2026-W35,2026-W34,0.0,1.0,-100.0,0.0,577.93,-100.0,5.03,7.48,,1.29,,单量下滑≥20%；销售额下滑≥20%,曝光/点击/CTR/CVR/ACOS/ROAS/活动清单
B0H6WLTB7W,KC4PSP18200,2026-W35,2026-W34,1.0,0.0,N/A,1155.93,0.0,N/A,11.02,0.0,0.95,,,,曝光/点击/CTR/CVR/ACOS/ROAS/活动清单
B0H6WLVGSC,PT4SGE19900,2026-W35,2026-W34,0.0,0.0,,0.0,0.0,,11.49,0.0,,,,,曝光/点击/CTR/CVR/ACOS/ROAS/活动清单
B0H6WLW67Z,PT4SGE20100,2026-W35,2026-W34,0.0,0.0,,0.0,0.0,,0.0,0.0,,,,,曝光/点击/CTR/CVR/ACOS/ROAS/活动清单
B0H6WLXGZG,KC4SGE00400,2026-W35,2026-W34,0.0,0.0,,0.0,0.0,,13.19,7.41,,,,,曝光/点击/CTR/CVR/ACOS/ROAS/活动清单
B0H6WLXYPT,PT4SGE22700,2026-W35,2026-W34,0.0,0.0,,0.0,0.0,,0.0,0.0,,,,,曝光/点击/CTR/CVR/ACOS/ROAS/活动清单
B0H6WM1NCV,OO4SGE35600,2026-W35,2026-W34,0.0,1.0,-100.0,0.0,1251.13,-100.0,0.0,7.69,,0.61,,单量下滑≥20%；销售额下滑≥20%,曝光/点击/CTR/CVR/ACOS/ROAS/活动清单
B0H6WM1SFJ,OO4SGE37700,2026-W35,2026-W34,0.0,0.0,,0.0,0.0,,9.8,6.87,,,,,曝光/点击/CTR/CVR/ACOS/ROAS/活动清单
B0H6WM22T1,KC4PSP16600,2026-W35,2026-W34,1.0,5.0,-80.0,849.93,4249.66,-80.0,0.01,44.89,0.0,1.06,-99.91,单量下滑≥20%；销售额下滑≥20%,曝光/点击/CTR/CVR/ACOS/ROAS/活动清单
B0H6WM39GB,KC4SGE03700,2026-W35,2026-W34,0.0,0.0,,0.0,0.0,,0.0,0.0,,,,,曝光/点击/CTR/CVR/ACOS/ROAS/活动清单
B0H6WM5WL4,PT4SGE18400,2026-W35,2026-W34,0.0,0.0,,0.0,0.0,,0.0,0.0,,,,,曝光/点击/CTR/CVR/ACOS/ROAS/活动清单
B0H6WM9F8J,KX4SGE12900,2026-W35,2026-W34,0.0,0.0,,0.0,0.0,,3.26,0.0,,,,,曝光/点击/CTR/CVR/ACOS/ROAS/活动清单
B0H6WMBB4X,KC4SGE01500,2026-W35,2026-W34,0.0,0.0,,0.0,0.0,,4.56,0.0,,,,,曝光/点击/CTR/CVR/ACOS/ROAS/活动清单
B0H6WMCXXT,KC4PSP16000,2026-W35,2026-W34,0.0,0.0,,0.0,0.0,,0.0,0.0,,,,,曝光/点击/CTR/CVR/ACOS/ROAS/活动清单
B0H6WMSZBR,KX4SGE17700,2026-W35,2026-W34,0.0,0.0,,0.0,0.0,,3.27,6.12,,,,,曝光/点击/CTR/CVR/ACOS/ROAS/活动清单
B0H6WMSZF1,KC4PSP17600,2026-W35,2026-W34,0.0,0.0,,0.0,0.0,,2.72,7.35,,,,,曝光/点击/CTR/CVR/ACOS/ROAS/活动清单
B0H6WMTYJQ,PT4SGE25400,2026-W35,2026-W34,0.0,1.0,-100.0,0.0,1529.93,-100.0,0.0,4.08,,0.27,,单量下滑≥20%；销售额下滑≥20%,曝光/点击/CTR/CVR/ACOS/ROAS/活动清单
B0H6WMVHPH,PT4SGE25800,2026-W35,2026-W34,0.0,0.0,,0.0,0.0,,15.78,0.0,,,,,曝光/点击/CTR/CVR/ACOS/ROAS/活动清单
B0H6WMYKNQ,PT4SGE19400,2026-W35,2026-W34,0.0,0.0,,0.0,0.0,,13.74,14.49,,,,,曝光/点击/CTR/CVR/ACOS/ROAS/活动清单
B0H6WN4PXL,KC4PSP17000,2026-W35,2026-W34,0.0,1.0,-100.0,0.0,1210.33,-100.0,0.0,0.0,,0.0,,单量下滑≥20%；销售额下滑≥20%,曝光/点击/CTR/CVR/ACOS/ROAS/活动清单
B0H6WN4X98,KC4SGE03400,2026-W35,2026-W34,0.0,0.0,,0.0,0.0,,0.0,0.0,,,,,曝光/点击/CTR/CVR/ACOS/ROAS/活动清单
B0H6WN5HRW,PT4SGE26100,2026-W35,2026-W34,0.0,0.0,,0.0,0.0,,0.0,0.0,,,,,曝光/点击/CTR/CVR/ACOS/ROAS/活动清单
B0H6WN611V,KC4SGE00900,2026-W35,2026-W34,0.0,1.0,-100.0,0.0,1686.33,-100.0,0.0,6.39,,0.38,,单量下滑≥20%；销售额下滑≥20%,曝光/点击/CTR/CVR/ACOS/ROAS/活动清单
B0H6WN631T,KX4SGE15200,2026-W35,2026-W34,0.0,0.0,,0.0,0.0,,1.43,2.72,,,,,曝光/点击/CTR/CVR/ACOS/ROAS/活动清单
B0H6WN739B,KC4SGE02800,2026-W35,2026-W34,0.0,0.0,,0.0,0.0,,0.0,0.0,,,,,曝光/点击/CTR/CVR/ACOS/ROAS/活动清单
B0H6WN7HDF,PT4SGE27800,2026-W35,2026-W34,0.0,0.0,,0.0,0.0,,0.0,0.0,,,,,曝光/点击/CTR/CVR/ACOS/ROAS/活动清单
B0H6WNBKKQ,PT4SGE18600,2026-W35,2026-W34,0.0,0.0,,0.0,0.0,,0.0,7.14,,,,,曝光/点击/CTR/CVR/ACOS/ROAS/活动清单
B0H6WNBNPY,PT4SGE26700,2026-W35,2026-W34,0.0,0.0,,0.0,0.0,,0.0,0.0,,,,,曝光/点击/CTR/CVR/ACOS/ROAS/活动清单
B0H6WNBRFQ,KX4SGE10200,2026-W35,2026-W34,0.0,0.0,,0.0,0.0,,0.0,5.58,,,,,曝光/点击/CTR/CVR/ACOS/ROAS/活动清单
B0H6WNC6KF,PT4SGE24400,2026-W35,2026-W34,0.0,0.0,,0.0,0.0,,5.03,2.52,,,,,曝光/点击/CTR/CVR/ACOS/ROAS/活动清单
B0H6WNCHFQ,PT4SGE27000,2026-W35,2026-W34,0.0,0.0,,0.0,0.0,,0.0,0.0,,,,,曝光/点击/CTR/CVR/ACOS/ROAS/活动清单
B0H6WNHTQ6,KX4SGE08600,2026-W35,2026-W34,0.0,0.0,,0.0,0.0,,0.0,0.0,,,,,曝光/点击/CTR/CVR/ACOS/ROAS/活动清单
B0H6WNHXW2,KX4SGE12700,2026-W35,2026-W34,1.0,3.0,-66.67,1026.73,3080.2,-66.67,30.82,36.05,3.0,1.17,156.44,单量下滑≥20%；销售额下滑≥20%；TACOS上升≥30%,曝光/点击/CTR/CVR/ACOS/ROAS/活动清单
B0H6WNJXT3,PT4SGE23200,2026-W35,2026-W34,1.0,0.0,N/A,1353.13,0.0,N/A,3.06,2.58,0.23,,,,曝光/点击/CTR/CVR/ACOS/ROAS/活动清单
B0H6WNKC1Q,KX4SGE16800,2026-W35,2026-W34,0.0,0.0,,0.0,0.0,,6.39,0.0,,,,,曝光/点击/CTR/CVR/ACOS/ROAS/活动清单
B0H6WNKC22,OO4SGE36800,2026-W35,2026-W34,1.0,0.0,N/A,1319.13,0.0,N/A,21.63,0.0,1.64,,,,曝光/点击/CTR/CVR/ACOS/ROAS/活动清单
B0H6WNKJCR,KC4SGE00100,2026-W35,2026-W34,1.0,0.0,N/A,503.2,0.0,N/A,10.89,30.75,2.16,,,,曝光/点击/CTR/CVR/ACOS/ROAS/活动清单
B0H6WNLHLK,PT4SGE26600,2026-W35,2026-W34,0.0,0.0,,0.0,0.0,,3.06,5.85,,,,,曝光/点击/CTR/CVR/ACOS/ROAS/活动清单
B0H6WNM7Q5,OO4SGE38300,2026-W35,2026-W34,0.0,0.0,,0.0,0.0,,0.55,2.99,,,,,曝光/点击/CTR/CVR/ACOS/ROAS/活动清单
B0H6WNXZN3,KC4SGE03300,2026-W35,2026-W34,0.0,0.0,,0.0,0.0,,0.0,0.0,,,,,曝光/点击/CTR/CVR/ACOS/ROAS/活动清单
B0H6WP99DL,KC4PSP17700,2026-W35,2026-W34,1.0,2.0,-50.0,890.73,1781.46,-50.0,0.0,10.61,0.0,0.6,-99.96,单量下滑≥20%；销售额下滑≥20%,曝光/点击/CTR/CVR/ACOS/ROAS/活动清单
B0H6WPC3ZF,PT4SGE28200,2026-W35,2026-W34,0.0,0.0,,0.0,0.0,,4.69,2.86,,,,,曝光/点击/CTR/CVR/ACOS/ROAS/活动清单
B0H6WPHF4K,PT4SGE20000,2026-W35,2026-W34,0.0,0.0,,0.0,0.0,,2.72,9.8,,,,,曝光/点击/CTR/CVR/ACOS/ROAS/活动清单
B0H6WPMXL9,KX4SGE12600,2026-W35,2026-W34,0.0,1.0,-100.0,0.0,1400.73,-100.0,13.06,15.51,,1.11,,单量下滑≥20%；销售额下滑≥20%,曝光/点击/CTR/CVR/ACOS/ROAS/活动清单
B0H6WPMXLT,KC4PSP16400,2026-W35,2026-W34,0.0,0.0,,0.0,0.0,,0.0,0.0,,,,,曝光/点击/CTR/CVR/ACOS/ROAS/活动清单
B0H6WPPD93,PT4SGE25600,2026-W35,2026-W34,0.0,0.0,,0.0,0.0,,0.0,0.0,,,,,曝光/点击/CTR/CVR/ACOS/ROAS/活动清单
B0H6WPR3YY,KX4SGE13100,2026-W35,2026-W34,0.0,0.0,,0.0,0.0,,0.0,4.08,,,,,曝光/点击/CTR/CVR/ACOS/ROAS/活动清单
B0H6WPRBFM,PT4SGE18300,2026-W35,2026-W34,0.0,0.0,,0.0,0.0,,10.81,17.41,,,,,曝光/点击/CTR/CVR/ACOS/ROAS/活动清单
B0H6WPSRCZ,PT4SGE19100,2026-W35,2026-W34,0.0,0.0,,0.0,0.0,,0.0,0.0,,,,,曝光/点击/CTR/CVR/ACOS/ROAS/活动清单
B0H6WPSRG8,KX4SGE08100,2026-W35,2026-W34,1.0,0.0,N/A,1631.93,0.0,N/A,12.31,11.29,0.75,,,,曝光/点击/CTR/CVR/ACOS/ROAS/活动清单
B0H6WPXBPV,PT4SGE26800,2026-W35,2026-W34,0.0,0.0,,0.0,0.0,,0.0,5.51,,,,,曝光/点击/CTR/CVR/ACOS/ROAS/活动清单
B0H6WPXMD4,PT4SGE22200,2026-W35,2026-W34,0.0,0.0,,0.0,0.0,,6.39,0.0,,,,,曝光/点击/CTR/CVR/ACOS/ROAS/活动清单
B0H6WQFDG8,KC4SGE05400,2026-W35,2026-W34,1.0,1.0,0.0,1353.13,1353.13,0.0,6.53,16.19,0.48,1.2,-59.65,,曝光/点击/CTR/CVR/ACOS/ROAS/活动清单
B0H6WQK99C,KX4SGE16500,2026-W35,2026-W34,0.0,0.0,,0.0,0.0,,2.72,8.3,,,,,曝光/点击/CTR/CVR/ACOS/ROAS/活动清单
B0H6WQKLCP,KX4SGE10900,2026-W35,2026-W34,0.0,0.0,,0.0,0.0,,0.0,0.0,,,,,曝光/点击/CTR/CVR/ACOS/ROAS/活动清单
B0H6WQM9V9,KC4PSP16300,2026-W35,2026-W34,0.0,1.0,-100.0,0.0,1237.53,-100.0,0.01,5.1,,0.41,,单量下滑≥20%；销售额下滑≥20%,曝光/点击/CTR/CVR/ACOS/ROAS/活动清单
B0H6WQNFSR,KC4SGE05500,2026-W35,2026-W34,0.0,0.0,,0.0,0.0,,11.36,9.18,,,,,曝光/点击/CTR/CVR/ACOS/ROAS/活动清单
B0H6WR728V,KC4SGE01700,2026-W35,2026-W34,0.0,1.0,-100.0,0.0,1053.93,-100.0,3.27,0.0,,0.0,,单量下滑≥20%；销售额下滑≥20%,曝光/点击/CTR/CVR/ACOS/ROAS/活动清单
B0H6WR88T9,OO4SGE38200,2026-W35,2026-W34,0.0,0.0,,0.0,0.0,,12.45,3.27,,,,,曝光/点击/CTR/CVR/ACOS/ROAS/活动清单
B0H6WR8LPM,KX4SGE08500,2026-W35,2026-W34,2.0,0.0,N/A,1863.06,0.0,N/A,5.1,17.55,0.27,,,,曝光/点击/CTR/CVR/ACOS/ROAS/活动清单
B0H6WRCV8D,KC4PSP17100,2026-W35,2026-W34,0.0,0.0,,0.0,0.0,,5.44,11.09,,,,,曝光/点击/CTR/CVR/ACOS/ROAS/活动清单
B0H6WRCVC2,KC4SGE04100,2026-W35,2026-W34,0.0,0.0,,0.0,0.0,,0.0,3.06,,,,,曝光/点击/CTR/CVR/ACOS/ROAS/活动清单
B0H6WRZ37C,PT4SGE24600,2026-W35,2026-W34,0.0,0.0,,0.0,0.0,,0.0,8.37,,,,,曝光/点击/CTR/CVR/ACOS/ROAS/活动清单
B0H6X75Z9V,KX4SGE10600,2026-W35,2026-W34,0.0,0.0,,0.0,0.0,,6.53,0.0,,,,,曝光/点击/CTR/CVR/ACOS/ROAS/活动清单
B0H6XBB7RD,KX4SGE13200,2026-W35,2026-W34,0.0,1.0,-100.0,0.0,1400.73,-100.0,9.79,12.99,,0.93,,单量下滑≥20%；销售额下滑≥20%,曝光/点击/CTR/CVR/ACOS/ROAS/活动清单
B0H6XBCH9N,KX4SGE08200,2026-W35,2026-W34,0.0,0.0,,0.0,0.0,,0.0,0.0,,,,,曝光/点击/CTR/CVR/ACOS/ROAS/活动清单
B0H6XCDWXV,PT4SGE24700,2026-W35,2026-W34,0.0,0.0,,0.0,0.0,,0.0,12.1,,,,,曝光/点击/CTR/CVR/ACOS/ROAS/活动清单
B0H6XCG38V,KX4SGE08000,2026-W35,2026-W34,0.0,0.0,,0.0,0.0,,0.0,0.0,,,,,曝光/点击/CTR/CVR/ACOS/ROAS/活动清单
B0H6XD1Q6G,OO4SGE38000,2026-W35,2026-W34,0.0,0.0,,0.0,0.0,,2.04,9.79,,,,,曝光/点击/CTR/CVR/ACOS/ROAS/活动清单
B0H6XD418V,OO4SGE34300,2026-W35,2026-W34,2.0,0.0,N/A,2488.66,0.0,N/A,19.59,41.62,0.79,,,,曝光/点击/CTR/CVR/ACOS/ROAS/活动清单
B0H6XD5FNY,KX4SGE07900,2026-W35,2026-W34,0.0,0.0,,0.0,0.0,,0.0,7.14,,,,,曝光/点击/CTR/CVR/ACOS/ROAS/活动清单
B0H6XDL6SG,KC4SGE04300,2026-W35,2026-W34,0.0,3.0,-100.0,0.0,2386.8,-100.0,0.01,18.57,,0.78,,单量下滑≥20%；销售额下滑≥20%,曝光/点击/CTR/CVR/ACOS/ROAS/活动清单
B0H6XGB3TG,KC4PSP18000,2026-W35,2026-W34,0.0,0.0,,0.0,0.0,,0.0,0.0,,,,,曝光/点击/CTR/CVR/ACOS/ROAS/活动清单
B0H6XGVXLS,OO4SGE35200,2026-W35,2026-W34,0.0,0.0,,0.0,0.0,,0.0,0.0,,,,,曝光/点击/CTR/CVR/ACOS/ROAS/活动清单
B0H9LDJG55,KX4SGE09700,2026-W35,2026-W34,0.0,0.0,,0.0,0.0,,0.0,0.0,,,,,曝光/点击/CTR/CVR/ACOS/ROAS/活动清单
B0H9LDT44Q,KC4SGE03500,2026-W35,2026-W34,0.0,0.0,,0.0,0.0,,0.0,0.0,,,,,曝光/点击/CTR/CVR/ACOS/ROAS/活动清单
B0H9LF916P,KC4PSP18000,2026-W35,2026-W34,0.0,0.0,,0.0,0.0,,0.0,0.0,,,,,曝光/点击/CTR/CVR/ACOS/ROAS/活动清单
B0H9LGKCMQ,KC4PSP17200,2026-W35,2026-W34,0.0,0.0,,0.0,0.0,,0.0,0.0,,,,,曝光/点击/CTR/CVR/ACOS/ROAS/活动清单
B0H9LGSYH4,KC4SGE00300,2026-W35,2026-W34,0.0,0.0,,0.0,0.0,,0.0,0.0,,,,,曝光/点击/CTR/CVR/ACOS/ROAS/活动清单
B0H9LH11ZQ,OO4SGE34600,2026-W35,2026-W34,0.0,0.0,,0.0,0.0,,0.0,0.0,,,,,曝光/点击/CTR/CVR/ACOS/ROAS/活动清单
B0H9LH6Z5Y,OO4SGE34800,2026-W35,2026-W34,0.0,0.0,,0.0,0.0,,0.0,0.0,,,,,曝光/点击/CTR/CVR/ACOS/ROAS/活动清单
B0H9LH9GBH,KC4PSP16200,2026-W35,2026-W34,0.0,0.0,,0.0,0.0,,0.0,0.0,,,,,曝光/点击/CTR/CVR/ACOS/ROAS/活动清单
B0H9LHDB53,KC4PSP17000,2026-W35,2026-W34,0.0,0.0,,0.0,0.0,,0.0,0.0,,,,,曝光/点击/CTR/CVR/ACOS/ROAS/活动清单
B0H9LHPYDN,KC4SGE00800,2026-W35,2026-W34,0.0,0.0,,0.0,0.0,,0.0,0.0,,,,,曝光/点击/CTR/CVR/ACOS/ROAS/活动清单
B0H9LHTC97,KC4SGE01200,2026-W35,2026-W34,0.0,0.0,,0.0,0.0,,0.0,0.0,,,,,曝光/点击/CTR/CVR/ACOS/ROAS/活动清单
B0H9LHYXFN,KC4SGE01000,2026-W35,2026-W34,0.0,0.0,,0.0,0.0,,0.0,0.0,,,,,曝光/点击/CTR/CVR/ACOS/ROAS/活动清单
B0H9LJ2YCQ,KX4SGE11100,2026-W35,2026-W34,0.0,0.0,,0.0,0.0,,0.0,0.0,,,,,曝光/点击/CTR/CVR/ACOS/ROAS/活动清单
B0H9LJKZ8Z,KC4PSP17900,2026-W35,2026-W34,0.0,0.0,,0.0,0.0,,0.0,0.0,,,,,曝光/点击/CTR/CVR/ACOS/ROAS/活动清单
B0H9LKF14L,KC4PSP15800,2026-W35,2026-W34,0.0,0.0,,0.0,0.0,,0.0,0.0,,,,,曝光/点击/CTR/CVR/ACOS/ROAS/活动清单
B0H9LKTWFJ,KX4SGE13500,2026-W35,2026-W34,0.0,1.0,-100.0,0.0,1631.93,-100.0,0.0,0.0,,0.0,,单量下滑≥20%；销售额下滑≥20%,曝光/点击/CTR/CVR/ACOS/ROAS/活动清单
B0H9LKX2DB,KC4SGE03700,2026-W35,2026-W34,0.0,0.0,,0.0,0.0,,0.0,0.0,,,,,曝光/点击/CTR/CVR/ACOS/ROAS/活动清单
B0H9LL1D8D,KC4PSP17100,2026-W35,2026-W34,0.0,0.0,,0.0,0.0,,0.0,0.0,,,,,曝光/点击/CTR/CVR/ACOS/ROAS/活动清单
B0H9LL1JF8,PT4SGE20300,2026-W35,2026-W34,1.0,0.0,N/A,577.93,0.0,N/A,0.0,0.0,0.0,,,,曝光/点击/CTR/CVR/ACOS/ROAS/活动清单
B0H9LL8DTH,KX4SGE10900,2026-W35,2026-W34,0.0,0.0,,0.0,0.0,,0.0,0.0,,,,,曝光/点击/CTR/CVR/ACOS/ROAS/活动清单
B0H9LLPDTL,KC4SGE01800,2026-W35,2026-W34,0.0,0.0,,0.0,0.0,,0.0,0.0,,,,,曝光/点击/CTR/CVR/ACOS/ROAS/活动清单
B0H9LLQZY8,KX4SGE17100,2026-W35,2026-W34,0.0,0.0,,0.0,0.0,,0.0,0.0,,,,,曝光/点击/CTR/CVR/ACOS/ROAS/活动清单
B0H9LM73DM,KC4SGE00500,2026-W35,2026-W34,0.0,0.0,,0.0,0.0,,0.0,0.0,,,,,曝光/点击/CTR/CVR/ACOS/ROAS/活动清单
B0H9LM7PMX,KC4SGE03300,2026-W35,2026-W34,0.0,0.0,,0.0,0.0,,0.0,0.0,,,,,曝光/点击/CTR/CVR/ACOS/ROAS/活动清单
B0H9LM84K6,KC4SGE01700,2026-W35,2026-W34,0.0,0.0,,0.0,0.0,,0.0,0.0,,,,,曝光/点击/CTR/CVR/ACOS/ROAS/活动清单
B0H9LM9QK7,KX4SGE10300,2026-W35,2026-W34,0.0,0.0,,0.0,0.0,,0.0,0.0,,,,,曝光/点击/CTR/CVR/ACOS/ROAS/活动清单
B0H9LMDZF4,KC4SGE00400,2026-W35,2026-W34,0.0,0.0,,0.0,0.0,,0.0,0.0,,,,,曝光/点击/CTR/CVR/ACOS/ROAS/活动清单
B0H9LMRWR4,KC4PSP17700,2026-W35,2026-W34,1.0,0.0,N/A,890.73,0.0,N/A,0.0,0.0,0.0,,,,曝光/点击/CTR/CVR/ACOS/ROAS/活动清单
B0H9LMY8CM,KC4SGE02900,2026-W35,2026-W34,0.0,0.0,,0.0,0.0,,0.0,0.0,,,,,曝光/点击/CTR/CVR/ACOS/ROAS/活动清单
B0H9LN1TS6,KX4SGE15200,2026-W35,2026-W34,0.0,0.0,,0.0,0.0,,0.0,0.0,,,,,曝光/点击/CTR/CVR/ACOS/ROAS/活动清单
B0H9LN5X55,KX4SGE12200,2026-W35,2026-W34,0.0,0.0,,0.0,0.0,,0.0,0.0,,,,,曝光/点击/CTR/CVR/ACOS/ROAS/活动清单
B0H9LN6MGK,KC4SGE03200,2026-W35,2026-W34,0.0,0.0,,0.0,0.0,,0.0,0.0,,,,,曝光/点击/CTR/CVR/ACOS/ROAS/活动清单
B0H9LN75J1,OO4SGE35700,2026-W35,2026-W34,0.0,0.0,,0.0,0.0,,0.0,0.0,,,,,曝光/点击/CTR/CVR/ACOS/ROAS/活动清单
B0H9LN8C77,KC4PSP16600,2026-W35,2026-W34,0.0,3.0,-100.0,0.0,2549.8,-100.0,0.0,15.1,,0.59,,单量下滑≥20%；销售额下滑≥20%,曝光/点击/CTR/CVR/ACOS/ROAS/活动清单
B0H9LN9Y7H,KX4SGE10700,2026-W35,2026-W34,0.0,0.0,,0.0,0.0,,0.0,0.0,,,,,曝光/点击/CTR/CVR/ACOS/ROAS/活动清单
B0H9LNB7CX,OO4SGE36800,2026-W35,2026-W34,0.0,0.0,,0.0,0.0,,0.0,0.0,,,,,曝光/点击/CTR/CVR/ACOS/ROAS/活动清单
B0H9LNB9FJ,KX4SGE13700,2026-W35,2026-W34,0.0,0.0,,0.0,0.0,,0.0,0.0,,,,,曝光/点击/CTR/CVR/ACOS/ROAS/活动清单
B0H9LNCDJD,PT4SGE27000,2026-W35,2026-W34,0.0,0.0,,0.0,0.0,,0.0,0.0,,,,,曝光/点击/CTR/CVR/ACOS/ROAS/活动清单
B0H9LNF74H,KC4PSP17500,2026-W35,2026-W34,0.0,0.0,,0.0,0.0,,0.0,0.0,,,,,曝光/点击/CTR/CVR/ACOS/ROAS/活动清单
B0H9LNNRW1,KX4SGE17200,2026-W35,2026-W34,0.0,0.0,,0.0,0.0,,0.0,0.0,,,,,曝光/点击/CTR/CVR/ACOS/ROAS/活动清单
B0H9LNV6LW,KC4SGE01300,2026-W35,2026-W34,0.0,0.0,,0.0,0.0,,0.0,0.0,,,,,曝光/点击/CTR/CVR/ACOS/ROAS/活动清单
B0H9LNVBBV,KC4SGE02800,2026-W35,2026-W34,0.0,0.0,,0.0,0.0,,0.0,0.0,,,,,曝光/点击/CTR/CVR/ACOS/ROAS/活动清单
B0H9LPB4VK,PT4SGE28200,2026-W35,2026-W34,0.0,0.0,,0.0,0.0,,0.0,0.0,,,,,曝光/点击/CTR/CVR/ACOS/ROAS/活动清单
B0H9LPD86V,OO4SGE34100,2026-W35,2026-W34,0.0,0.0,,0.0,0.0,,0.0,0.0,,,,,曝光/点击/CTR/CVR/ACOS/ROAS/活动清单
B0H9LPFZD3,KC4SGE04100,2026-W35,2026-W34,0.0,0.0,,0.0,0.0,,0.0,0.0,,,,,曝光/点击/CTR/CVR/ACOS/ROAS/活动清单
B0H9LPH7T3,KC4SGE01500,2026-W35,2026-W34,0.0,0.0,,0.0,0.0,,0.0,0.0,,,,,曝光/点击/CTR/CVR/ACOS/ROAS/活动清单
B0H9LPJQLW,KC4SGE02400,2026-W35,2026-W34,0.0,0.0,,0.0,0.0,,0.0,0.0,,,,,曝光/点击/CTR/CVR/ACOS/ROAS/活动清单
B0H9LPTCTQ,KC4SGE00100,2026-W35,2026-W34,0.0,0.0,,0.0,0.0,,0.0,4.08,,,,,曝光/点击/CTR/CVR/ACOS/ROAS/活动清单
B0H9LPTRQ3,KX4SGE10600,2026-W35,2026-W34,0.0,0.0,,0.0,0.0,,0.0,0.0,,,,,曝光/点击/CTR/CVR/ACOS/ROAS/活动清单
B0H9LPWCDV,OO4SGE36200,2026-W35,2026-W34,0.0,0.0,,0.0,0.0,,0.0,0.0,,,,,曝光/点击/CTR/CVR/ACOS/ROAS/活动清单
B0H9LPWG71,PT4SGE26700,2026-W35,2026-W34,0.0,0.0,,0.0,0.0,,0.0,0.0,,,,,曝光/点击/CTR/CVR/ACOS/ROAS/活动清单
B0H9LPYG3Y,KC4SGE00200,2026-W35,2026-W34,0.0,0.0,,0.0,0.0,,0.0,0.0,,,,,曝光/点击/CTR/CVR/ACOS/ROAS/活动清单
B0H9LQCWMB,OO4SGE34000,2026-W35,2026-W34,1.0,1.0,0.0,965.53,965.53,0.0,0.0,4.08,0.0,0.42,-99.99,,曝光/点击/CTR/CVR/ACOS/ROAS/活动清单
B0H9LQF8R6,KX4SGE11700,2026-W35,2026-W34,0.0,0.0,,0.0,0.0,,0.0,0.0,,,,,曝光/点击/CTR/CVR/ACOS/ROAS/活动清单
B0H9LQNXVB,KC4SGE00600,2026-W35,2026-W34,0.0,0.0,,0.0,0.0,,0.0,0.0,,,,,曝光/点击/CTR/CVR/ACOS/ROAS/活动清单
B0H9LQTMD4,OO4SGE36600,2026-W35,2026-W34,2.0,0.0,N/A,1903.86,0.0,N/A,0.0,0.0,0.0,,,,曝光/点击/CTR/CVR/ACOS/ROAS/活动清单
B0H9LQXXMK,KC4PSP16100,2026-W35,2026-W34,0.0,0.0,,0.0,0.0,,0.0,0.0,,,,,曝光/点击/CTR/CVR/ACOS/ROAS/活动清单
B0H9LQY6P7,OO4SGE35200,2026-W35,2026-W34,0.0,0.0,,0.0,0.0,,0.0,0.0,,,,,曝光/点击/CTR/CVR/ACOS/ROAS/活动清单
B0H9LQZQ7P,KX4SGE15400,2026-W35,2026-W34,0.0,0.0,,0.0,0.0,,0.0,0.0,,,,,曝光/点击/CTR/CVR/ACOS/ROAS/活动清单
B0H9LR1FFX,KX4SGE10200,2026-W35,2026-W34,0.0,5.0,-100.0,0.0,5711.66,-100.0,0.0,3.06,,0.05,,单量下滑≥20%；销售额下滑≥20%,曝光/点击/CTR/CVR/ACOS/ROAS/活动清单
B0H9LR48HZ,OO4SGE34200,2026-W35,2026-W34,0.0,0.0,,0.0,0.0,,0.0,0.0,,,,,曝光/点击/CTR/CVR/ACOS/ROAS/活动清单
B0H9LR5B62,KC4PSP16000,2026-W35,2026-W34,0.0,0.0,,0.0,0.0,,0.0,0.0,,,,,曝光/点击/CTR/CVR/ACOS/ROAS/活动清单
B0H9LR6C8H,KX4SGE17300,2026-W35,2026-W34,0.0,0.0,,0.0,0.0,,0.0,0.0,,,,,曝光/点击/CTR/CVR/ACOS/ROAS/活动清单
B0H9LR7JC8,KX4SGE12400,2026-W35,2026-W34,0.0,1.0,-100.0,0.0,1257.93,-100.0,0.0,0.0,,0.0,,单量下滑≥20%；销售额下滑≥20%,曝光/点击/CTR/CVR/ACOS/ROAS/活动清单
B0H9LR9SB8,KC4SGE01100,2026-W35,2026-W34,0.0,0.0,,0.0,0.0,,0.0,0.0,,,,,曝光/点击/CTR/CVR/ACOS/ROAS/活动清单
B0H9LRCN12,KC4SGE02500,2026-W35,2026-W34,0.0,0.0,,0.0,0.0,,0.0,0.0,,,,,曝光/点击/CTR/CVR/ACOS/ROAS/活动清单
B0H9LRCNV9,OO4SGE35400,2026-W35,2026-W34,0.0,0.0,,0.0,0.0,,0.0,0.0,,,,,曝光/点击/CTR/CVR/ACOS/ROAS/活动清单
B0H9LRDD2Y,KC4SGE03000,2026-W35,2026-W34,0.0,0.0,,0.0,0.0,,0.0,0.0,,,,,曝光/点击/CTR/CVR/ACOS/ROAS/活动清单
B0H9LRF5CR,KC4PSP15900,2026-W35,2026-W34,0.0,0.0,,0.0,0.0,,0.0,0.0,,,,,曝光/点击/CTR/CVR/ACOS/ROAS/活动清单
B0H9LRGW4J,KX4SGE14500,2026-W35,2026-W34,0.0,0.0,,0.0,0.0,,0.0,0.0,,,,,曝光/点击/CTR/CVR/ACOS/ROAS/活动清单
B0H9LRP211,KC4PSP18100,2026-W35,2026-W34,0.0,0.0,,0.0,0.0,,0.0,0.0,,,,,曝光/点击/CTR/CVR/ACOS/ROAS/活动清单
B0H9LRT34T,KX4SGE16700,2026-W35,2026-W34,0.0,0.0,,0.0,0.0,,0.0,0.0,,,,,曝光/点击/CTR/CVR/ACOS/ROAS/活动清单
B0H9LRWMRF,KC4PSP16400,2026-W35,2026-W34,0.0,0.0,,0.0,0.0,,0.0,0.0,,,,,曝光/点击/CTR/CVR/ACOS/ROAS/活动清单
B0H9LRXZTD,KX4SGE18000,2026-W35,2026-W34,0.0,0.0,,0.0,0.0,,0.0,0.0,,,,,曝光/点击/CTR/CVR/ACOS/ROAS/活动清单
B0H9LS5VWB,KC4PSP18200,2026-W35,2026-W34,0.0,0.0,,0.0,0.0,,0.0,4.22,,,,,曝光/点击/CTR/CVR/ACOS/ROAS/活动清单
B0H9LS77KL,KC4PSP17600,2026-W35,2026-W34,0.0,0.0,,0.0,0.0,,0.0,0.0,,,,,曝光/点击/CTR/CVR/ACOS/ROAS/活动清单
B0H9LSFKFN,KX4SGE12100,2026-W35,2026-W34,0.0,0.0,,0.0,0.0,,0.0,0.0,,,,,曝光/点击/CTR/CVR/ACOS/ROAS/活动清单
B0H9LSG1SG,OO4SGE36300,2026-W35,2026-W34,0.0,0.0,,0.0,0.0,,0.0,0.0,,,,,曝光/点击/CTR/CVR/ACOS/ROAS/活动清单
B0H9LSGGQR,PT4SGE25400,2026-W35,2026-W34,0.0,0.0,,0.0,0.0,,0.0,0.0,,,,,曝光/点击/CTR/CVR/ACOS/ROAS/活动清单
B0H9LSHJRV,KX4SGE17000,2026-W35,2026-W34,0.0,0.0,,0.0,0.0,,0.0,0.0,,,,,曝光/点击/CTR/CVR/ACOS/ROAS/活动清单
B0H9LSMNRC,KX4SGE16500,2026-W35,2026-W34,0.0,0.0,,0.0,0.0,,0.0,0.0,,,,,曝光/点击/CTR/CVR/ACOS/ROAS/活动清单
B0H9LSNXDL,KC4SGE00900,2026-W35,2026-W34,0.0,0.0,,0.0,0.0,,0.0,0.0,,,,,曝光/点击/CTR/CVR/ACOS/ROAS/活动清单
B0H9LSVNWY,KC4SGE02700,2026-W35,2026-W34,0.0,0.0,,0.0,0.0,,0.0,0.0,,,,,曝光/点击/CTR/CVR/ACOS/ROAS/活动清单
B0H9LT34LD,KC4SGE01600,2026-W35,2026-W34,0.0,0.0,,0.0,0.0,,0.0,0.0,,,,,曝光/点击/CTR/CVR/ACOS/ROAS/活动清单
B0H9LT7PCH,KX4SGE12900,2026-W35,2026-W34,0.0,0.0,,0.0,0.0,,0.0,0.0,,,,,曝光/点击/CTR/CVR/ACOS/ROAS/活动清单
B0H9LTJ5ZN,KC4SGE01400,2026-W35,2026-W34,0.0,0.0,,0.0,0.0,,0.0,0.0,,,,,曝光/点击/CTR/CVR/ACOS/ROAS/活动清单
B0H9LTL4D2,KC4SGE03400,2026-W35,2026-W34,0.0,0.0,,0.0,0.0,,0.0,0.0,,,,,曝光/点击/CTR/CVR/ACOS/ROAS/活动清单
B0H9LTL7GN,KC4SGE03100,2026-W35,2026-W34,0.0,0.0,,0.0,0.0,,0.0,0.0,,,,,曝光/点击/CTR/CVR/ACOS/ROAS/活动清单
B0H9LTLVNV,KX4SGE13300,2026-W35,2026-W34,0.0,0.0,,0.0,0.0,,0.0,0.0,,,,,曝光/点击/CTR/CVR/ACOS/ROAS/活动清单
B0H9LTWD9Q,KC4SGE00700,2026-W35,2026-W34,0.0,0.0,,0.0,0.0,,0.0,0.0,,,,,曝光/点击/CTR/CVR/ACOS/ROAS/活动清单
B0H9LTXD58,KX4SGE14000,2026-W35,2026-W34,0.0,0.0,,0.0,0.0,,0.0,0.0,,,,,曝光/点击/CTR/CVR/ACOS/ROAS/活动清单
B0H9LTXV5X,KX4SGE16800,2026-W35,2026-W34,1.0,0.0,N/A,734.33,0.0,N/A,14.89,0.0,2.03,,,,曝光/点击/CTR/CVR/ACOS/ROAS/活动清单
B0H9LV58MM,KC4SGE03900,2026-W35,2026-W34,0.0,0.0,,0.0,0.0,,0.0,0.0,,,,,曝光/点击/CTR/CVR/ACOS/ROAS/活动清单
B0H9LV5TQY,KC4PSP16500,2026-W35,2026-W34,0.0,0.0,,0.0,0.0,,0.0,0.0,,,,,曝光/点击/CTR/CVR/ACOS/ROAS/活动清单
B0H9LV6LZJ,KC4PSP16300,2026-W35,2026-W34,0.0,0.0,,0.0,0.0,,0.0,0.0,,,,,曝光/点击/CTR/CVR/ACOS/ROAS/活动清单
B0H9LVP9G8,KX4SGE12600,2026-W35,2026-W34,0.0,0.0,,0.0,0.0,,0.0,0.0,,,,,曝光/点击/CTR/CVR/ACOS/ROAS/活动清单
B0H9LWJ9G6,OO4SGE34300,2026-W35,2026-W34,0.0,0.0,,0.0,0.0,,0.0,0.0,,,,,曝光/点击/CTR/CVR/ACOS/ROAS/活动清单
B0H9LWXCW6,KX4SGE13200,2026-W35,2026-W34,0.0,0.0,,0.0,0.0,,0.0,0.0,,,,,曝光/点击/CTR/CVR/ACOS/ROAS/活动清单
B0H9LWXJS6,KX4SGE14900,2026-W35,2026-W34,0.0,0.0,,0.0,0.0,,0.0,0.0,,,,,曝光/点击/CTR/CVR/ACOS/ROAS/活动清单
B0H9LX1PN2,KC4PSP17800,2026-W35,2026-W34,0.0,0.0,,0.0,0.0,,0.0,0.0,,,,,曝光/点击/CTR/CVR/ACOS/ROAS/活动清单
B0H9LX8HHT,KC4SGE04200,2026-W35,2026-W34,0.0,0.0,,0.0,0.0,,0.0,0.0,,,,,曝光/点击/CTR/CVR/ACOS/ROAS/活动清单
B0H9LXB541,KC4SGE05400,2026-W35,2026-W34,0.0,0.0,,0.0,0.0,,0.0,0.0,,,,,曝光/点击/CTR/CVR/ACOS/ROAS/活动清单
B0H9LXCDJF,KX4SGE17700,2026-W35,2026-W34,0.0,0.0,,0.0,0.0,,0.0,0.0,,,,,曝光/点击/CTR/CVR/ACOS/ROAS/活动清单
B0H9LY2FWQ,KX4SGE17400,2026-W35,2026-W34,0.0,0.0,,0.0,0.0,,0.0,0.0,,,,,曝光/点击/CTR/CVR/ACOS/ROAS/活动清单
B0H9LY3W8W,OO4SGE35600,2026-W35,2026-W34,0.0,0.0,,0.0,0.0,,0.0,0.0,,,,,曝光/点击/CTR/CVR/ACOS/ROAS/活动清单
B0H9LYRFCL,KX4SGE07700,2026-W35,2026-W34,0.0,0.0,,0.0,0.0,,0.0,0.0,,,,,曝光/点击/CTR/CVR/ACOS/ROAS/活动清单
B0H9LZFTZX,PT4SGE27900,2026-W35,2026-W34,0.0,0.0,,0.0,0.0,,0.0,0.0,,,,,曝光/点击/CTR/CVR/ACOS/ROAS/活动清单
B0H9LZK5BP,KX4SGE14700,2026-W35,2026-W34,0.0,0.0,,0.0,0.0,,0.0,0.0,,,,,曝光/点击/CTR/CVR/ACOS/ROAS/活动清单
B0H9M144N9,KX4SGE10100,2026-W35,2026-W34,0.0,0.0,,0.0,0.0,,0.0,0.0,,,,,曝光/点击/CTR/CVR/ACOS/ROAS/活动清单
B0H9M1P86X,OO4SGE36000,2026-W35,2026-W34,0.0,0.0,,0.0,0.0,,0.0,0.0,,,,,曝光/点击/CTR/CVR/ACOS/ROAS/活动清单
B0H9M31Y9P,PT4SGE21100,2026-W35,2026-W34,0.0,0.0,,0.0,0.0,,0.0,0.0,,,,,曝光/点击/CTR/CVR/ACOS/ROAS/活动清单
B0H9M397B1,KX4SGE13100,2026-W35,2026-W34,0.0,0.0,,0.0,0.0,,0.0,0.0,,,,,曝光/点击/CTR/CVR/ACOS/ROAS/活动清单
B0H9M3FJ37,KX4SGE12700,2026-W35,2026-W34,0.0,0.0,,0.0,0.0,,0.0,0.0,,,,,曝光/点击/CTR/CVR/ACOS/ROAS/活动清单
B0H9M6Y736,KX4SGE15800,2026-W35,2026-W34,0.0,0.0,,0.0,0.0,,0.0,0.0,,,,,曝光/点击/CTR/CVR/ACOS/ROAS/活动清单
B0H9PMQ7NV,KC4SGE05000,2026-W35,2026-W34,0.0,0.0,,0.0,0.0,,0.0,0.0,,,,,曝光/点击/CTR/CVR/ACOS/ROAS/活动清单
B0H9PMRQ9R,PT4SGE21000,2026-W35,2026-W34,0.0,0.0,,0.0,0.0,,0.0,0.0,,,,,曝光/点击/CTR/CVR/ACOS/ROAS/活动清单
B0H9PPZNCM,PT4SGE27500,2026-W35,2026-W34,0.0,0.0,,0.0,0.0,,0.0,0.0,,,,,曝光/点击/CTR/CVR/ACOS/ROAS/活动清单
B0H9PQ4CWL,PT4SGE23300,2026-W35,2026-W34,0.0,0.0,,0.0,0.0,,0.0,0.0,,,,,曝光/点击/CTR/CVR/ACOS/ROAS/活动清单
B0H9PQ5XSL,KX4SGE08600,2026-W35,2026-W34,0.0,0.0,,0.0,0.0,,0.0,0.0,,,,,曝光/点击/CTR/CVR/ACOS/ROAS/活动清单
B0H9PQBBR3,PT4SGE22500,2026-W35,2026-W34,0.0,0.0,,0.0,0.0,,0.0,0.0,,,,,曝光/点击/CTR/CVR/ACOS/ROAS/活动清单
B0H9PQSFHG,PT4SGE19300,2026-W35,2026-W34,0.0,0.0,,0.0,0.0,,0.0,0.0,,,,,曝光/点击/CTR/CVR/ACOS/ROAS/活动清单
B0H9PRYZY2,KC4SGE04600,2026-W35,2026-W34,1.0,0.0,N/A,1305.53,0.0,N/A,0.0,0.0,0.0,,,,曝光/点击/CTR/CVR/ACOS/ROAS/活动清单
B0H9PT2KW2,PT4SGE24900,2026-W35,2026-W34,0.0,0.0,,0.0,0.0,,0.0,0.0,,,,,曝光/点击/CTR/CVR/ACOS/ROAS/活动清单
B0H9PT5BPT,KC4SGE05300,2026-W35,2026-W34,0.0,0.0,,0.0,0.0,,0.0,0.0,,,,,曝光/点击/CTR/CVR/ACOS/ROAS/活动清单
B0H9PT7D9Y,PT4SGE23900,2026-W35,2026-W34,0.0,0.0,,0.0,0.0,,0.0,0.0,,,,,曝光/点击/CTR/CVR/ACOS/ROAS/活动清单
B0H9PT7LNH,OO4SGE37500,2026-W35,2026-W34,0.0,0.0,,0.0,0.0,,0.0,0.0,,,,,曝光/点击/CTR/CVR/ACOS/ROAS/活动清单
B0H9PTC2LH,KC4SGE05200,2026-W35,2026-W34,0.0,0.0,,0.0,0.0,,0.0,0.0,,,,,曝光/点击/CTR/CVR/ACOS/ROAS/活动清单
B0H9PTH841,KX4SGE08300,2026-W35,2026-W34,0.0,0.0,,0.0,0.0,,0.0,0.0,,,,,曝光/点击/CTR/CVR/ACOS/ROAS/活动清单
B0H9PTHVLP,PT4SGE28100,2026-W35,2026-W34,0.0,0.0,,0.0,0.0,,0.0,0.0,,,,,曝光/点击/CTR/CVR/ACOS/ROAS/活动清单
B0H9PTLC22,PT4SGE18300,2026-W35,2026-W34,0.0,0.0,,0.0,0.0,,0.0,0.0,,,,,曝光/点击/CTR/CVR/ACOS/ROAS/活动清单
B0H9PTNQ94,PT4SGE22200,2026-W35,2026-W34,0.0,0.0,,0.0,0.0,,0.0,0.0,,,,,曝光/点击/CTR/CVR/ACOS/ROAS/活动清单
B0H9PTRCLB,PT4SGE23400,2026-W35,2026-W34,0.0,0.0,,0.0,0.0,,0.0,0.0,,,,,曝光/点击/CTR/CVR/ACOS/ROAS/活动清单
B0H9PTXJBL,PT4SGE20100,2026-W35,2026-W34,0.0,0.0,,0.0,0.0,,0.0,0.0,,,,,曝光/点击/CTR/CVR/ACOS/ROAS/活动清单
B0H9PVFDSD,PT4SGE19800,2026-W35,2026-W34,0.0,0.0,,0.0,0.0,,0.0,0.0,,,,,曝光/点击/CTR/CVR/ACOS/ROAS/活动清单
B0H9PVXQ3L,OO4SGE38500,2026-W35,2026-W34,0.0,0.0,,0.0,0.0,,0.0,0.0,,,,,曝光/点击/CTR/CVR/ACOS/ROAS/活动清单
B0H9PW22M3,PT4SGE26800,2026-W35,2026-W34,0.0,0.0,,0.0,0.0,,0.0,0.0,,,,,曝光/点击/CTR/CVR/ACOS/ROAS/活动清单
B0H9PWFWX9,PT4SGE20500,2026-W35,2026-W34,0.0,0.0,,0.0,0.0,,0.0,0.0,,,,,曝光/点击/CTR/CVR/ACOS/ROAS/活动清单
B0H9PWGQCC,PT4SGE20800,2026-W35,2026-W34,0.0,0.0,,0.0,0.0,,0.0,0.0,,,,,曝光/点击/CTR/CVR/ACOS/ROAS/活动清单
B0H9PWJBJL,OO4SGE39100,2026-W35,2026-W34,0.0,0.0,,0.0,0.0,,0.0,0.0,,,,,曝光/点击/CTR/CVR/ACOS/ROAS/活动清单
B0H9PWKVB4,PT4SGE26300,2026-W35,2026-W34,0.0,0.0,,0.0,0.0,,0.0,0.0,,,,,曝光/点击/CTR/CVR/ACOS/ROAS/活动清单
B0H9PWMJ4K,PT4SGE23100,2026-W35,2026-W34,0.0,0.0,,0.0,0.0,,0.0,0.0,,,,,曝光/点击/CTR/CVR/ACOS/ROAS/活动清单
B0H9PWR7XN,PT4SGE19400,2026-W35,2026-W34,0.0,0.0,,0.0,0.0,,0.0,0.0,,,,,曝光/点击/CTR/CVR/ACOS/ROAS/活动清单
B0H9PWRFWC,KC4SGE05500,2026-W35,2026-W34,0.0,0.0,,0.0,0.0,,0.0,0.0,,,,,曝光/点击/CTR/CVR/ACOS/ROAS/活动清单
B0H9PWRVH1,KX4SGE09200,2026-W35,2026-W34,0.0,0.0,,0.0,0.0,,0.0,0.0,,,,,曝光/点击/CTR/CVR/ACOS/ROAS/活动清单
B0H9PWTJ24,PT4SGE19900,2026-W35,2026-W34,0.0,0.0,,0.0,0.0,,0.0,0.0,,,,,曝光/点击/CTR/CVR/ACOS/ROAS/活动清单
B0H9PWWPC4,OO4SGE38300,2026-W35,2026-W34,0.0,0.0,,0.0,0.0,,0.0,0.0,,,,,曝光/点击/CTR/CVR/ACOS/ROAS/活动清单
B0H9PWY3PR,PT4SGE19200,2026-W35,2026-W34,0.0,0.0,,0.0,0.0,,0.0,0.0,,,,,曝光/点击/CTR/CVR/ACOS/ROAS/活动清单
B0H9PWYDL3,PT4SGE19600,2026-W35,2026-W34,0.0,0.0,,0.0,0.0,,0.0,0.0,,,,,曝光/点击/CTR/CVR/ACOS/ROAS/活动清单
B0H9PX17P9,KC4SGE04800,2026-W35,2026-W34,0.0,0.0,,0.0,0.0,,0.0,0.0,,,,,曝光/点击/CTR/CVR/ACOS/ROAS/活动清单
B0H9PX26HY,KC4SGE04900,2026-W35,2026-W34,0.0,0.0,,0.0,0.0,,0.0,0.0,,,,,曝光/点击/CTR/CVR/ACOS/ROAS/活动清单
B0H9PX2CFY,PT4SGE25600,2026-W35,2026-W34,0.0,0.0,,0.0,0.0,,0.0,0.0,,,,,曝光/点击/CTR/CVR/ACOS/ROAS/活动清单
B0H9PX396P,PT4SGE24300,2026-W35,2026-W34,0.0,0.0,,0.0,0.0,,0.0,0.0,,,,,曝光/点击/CTR/CVR/ACOS/ROAS/活动清单
B0H9PXT11T,PT4SGE18800,2026-W35,2026-W34,0.0,0.0,,0.0,0.0,,0.0,0.0,,,,,曝光/点击/CTR/CVR/ACOS/ROAS/活动清单
B0H9PXVW57,PT4SGE18600,2026-W35,2026-W34,0.0,0.0,,0.0,0.0,,4.08,0.0,,,,,曝光/点击/CTR/CVR/ACOS/ROAS/活动清单
B0H9PXXSBL,PT4SGE23600,2026-W35,2026-W34,0.0,0.0,,0.0,0.0,,0.0,0.0,,,,,曝光/点击/CTR/CVR/ACOS/ROAS/活动清单
B0H9PY45LC,OO4SGE38600,2026-W35,2026-W34,0.0,0.0,,0.0,0.0,,0.0,0.0,,,,,曝光/点击/CTR/CVR/ACOS/ROAS/活动清单
B0H9PY78Q7,PT4SGE25800,2026-W35,2026-W34,0.0,0.0,,0.0,0.0,,0.0,0.0,,,,,曝光/点击/CTR/CVR/ACOS/ROAS/活动清单
B0H9PY7YX4,OO4SGE37700,2026-W35,2026-W34,0.0,0.0,,0.0,0.0,,0.0,0.0,,,,,曝光/点击/CTR/CVR/ACOS/ROAS/活动清单
B0H9PYC2CD,OO4SGE37000,2026-W35,2026-W34,0.0,0.0,,0.0,0.0,,0.0,0.0,,,,,曝光/点击/CTR/CVR/ACOS/ROAS/活动清单
B0H9PZ5F67,PT4SGE21900,2026-W35,2026-W34,0.0,0.0,,0.0,0.0,,0.0,0.0,,,,,曝光/点击/CTR/CVR/ACOS/ROAS/活动清单
B0H9PZ5PBR,KX4SGE08100,2026-W35,2026-W34,0.0,1.0,-100.0,0.0,1631.93,-100.0,0.0,6.39,,0.39,,单量下滑≥20%；销售额下滑≥20%,曝光/点击/CTR/CVR/ACOS/ROAS/活动清单
B0H9PZ8NRW,PT4SGE26200,2026-W35,2026-W34,0.0,0.0,,0.0,0.0,,0.0,0.0,,,,,曝光/点击/CTR/CVR/ACOS/ROAS/活动清单
B0H9PZ8RW1,KC4SGE04700,2026-W35,2026-W34,0.0,0.0,,0.0,0.0,,0.0,0.0,,,,,曝光/点击/CTR/CVR/ACOS/ROAS/活动清单
B0H9PZFF5Y,PT4SGE20000,2026-W35,2026-W34,0.0,0.0,,0.0,0.0,,0.0,0.0,,,,,曝光/点击/CTR/CVR/ACOS/ROAS/活动清单
B0H9PZFHZN,PT4SGE19100,2026-W35,2026-W34,0.0,0.0,,0.0,0.0,,0.0,0.0,,,,,曝光/点击/CTR/CVR/ACOS/ROAS/活动清单
B0H9PZG22L,PT4SGE21400,2026-W35,2026-W34,0.0,0.0,,0.0,0.0,,0.0,0.0,,,,,曝光/点击/CTR/CVR/ACOS/ROAS/活动清单
B0H9PZH8V1,OO4SGE37200,2026-W35,2026-W34,0.0,0.0,,0.0,0.0,,0.0,0.0,,,,,曝光/点击/CTR/CVR/ACOS/ROAS/活动清单
B0H9PZKPLF,PT4SGE22800,2026-W35,2026-W34,0.0,0.0,,0.0,0.0,,0.0,0.0,,,,,曝光/点击/CTR/CVR/ACOS/ROAS/活动清单
B0H9PZKWX5,PT4SGE27800,2026-W35,2026-W34,0.0,0.0,,0.0,0.0,,0.0,3.06,,,,,曝光/点击/CTR/CVR/ACOS/ROAS/活动清单
B0H9PZZBMB,OO4SGE38200,2026-W35,2026-W34,0.0,0.0,,0.0,0.0,,0.0,0.0,,,,,曝光/点击/CTR/CVR/ACOS/ROAS/活动清单
B0H9Q15FT5,KX4SGE08000,2026-W35,2026-W34,0.0,0.0,,0.0,0.0,,0.0,0.0,,,,,曝光/点击/CTR/CVR/ACOS/ROAS/活动清单
B0H9Q18M8Y,PT4SGE24000,2026-W35,2026-W34,0.0,0.0,,0.0,0.0,,0.0,0.0,,,,,曝光/点击/CTR/CVR/ACOS/ROAS/活动清单
B0H9Q1H5HZ,PT4SGE23200,2026-W35,2026-W34,0.0,0.0,,0.0,0.0,,0.0,0.0,,,,,曝光/点击/CTR/CVR/ACOS/ROAS/活动清单
B0H9Q1H8GN,KC4SGE05100,2026-W35,2026-W34,0.0,0.0,,0.0,0.0,,0.0,0.0,,,,,曝光/点击/CTR/CVR/ACOS/ROAS/活动清单
B0H9Q1J5BY,OO4SGE38400,2026-W35,2026-W34,0.0,0.0,,0.0,0.0,,0.0,0.0,,,,,曝光/点击/CTR/CVR/ACOS/ROAS/活动清单
B0H9Q2HNLZ,PT4SGE23700,2026-W35,2026-W34,0.0,0.0,,0.0,0.0,,0.0,0.0,,,,,曝光/点击/CTR/CVR/ACOS/ROAS/活动清单
B0H9Q2LDVR,PT4SGE22700,2026-W35,2026-W34,0.0,0.0,,0.0,0.0,,0.0,0.0,,,,,曝光/点击/CTR/CVR/ACOS/ROAS/活动清单
B0H9Q2M7GB,OO4SGE39000,2026-W35,2026-W34,0.0,0.0,,0.0,0.0,,0.0,0.0,,,,,曝光/点击/CTR/CVR/ACOS/ROAS/活动清单
B0H9Q2NKKH,OO4SGE38800,2026-W35,2026-W34,0.0,0.0,,0.0,0.0,,0.0,0.0,,,,,曝光/点击/CTR/CVR/ACOS/ROAS/活动清单
B0H9Q2QKNC,PT4SGE19700,2026-W35,2026-W34,0.0,0.0,,0.0,0.0,,0.0,0.0,,,,,曝光/点击/CTR/CVR/ACOS/ROAS/活动清单
B0H9Q2XQ6N,OO4SGE38100,2026-W35,2026-W34,0.0,0.0,,0.0,0.0,,0.0,0.0,,,,,曝光/点击/CTR/CVR/ACOS/ROAS/活动清单
B0H9Q3FDZH,KX4SGE08800,2026-W35,2026-W34,0.0,0.0,,0.0,0.0,,0.0,0.0,,,,,曝光/点击/CTR/CVR/ACOS/ROAS/活动清单
B0H9Q3NXG2,PT4SGE24700,2026-W35,2026-W34,0.0,0.0,,0.0,0.0,,0.0,0.0,,,,,曝光/点击/CTR/CVR/ACOS/ROAS/活动清单
B0H9Q4C9MH,KX4SGE09100,2026-W35,2026-W34,0.0,0.0,,0.0,0.0,,0.0,0.0,,,,,曝光/点击/CTR/CVR/ACOS/ROAS/活动清单
B0H9Q4CWYR,PT4SGE26600,2026-W35,2026-W34,0.0,0.0,,0.0,0.0,,0.0,0.0,,,,,曝光/点击/CTR/CVR/ACOS/ROAS/活动清单
B0H9Q4KBFN,OO4SGE38000,2026-W35,2026-W34,0.0,0.0,,0.0,0.0,,0.0,0.0,,,,,曝光/点击/CTR/CVR/ACOS/ROAS/活动清单
B0H9Q4XFMW,OO4SGE36900,2026-W35,2026-W34,0.0,0.0,,0.0,0.0,,0.0,0.0,,,,,曝光/点击/CTR/CVR/ACOS/ROAS/活动清单
B0H9Q55HH8,PT4SGE18500,2026-W35,2026-W34,0.0,0.0,,0.0,0.0,,0.0,0.0,,,,,曝光/点击/CTR/CVR/ACOS/ROAS/活动清单
B0H9Q561F6,KC4SGE04300,2026-W35,2026-W34,1.0,1.0,0.0,792.68,792.68,0.0,0.0,0.0,0.0,0.0,,,曝光/点击/CTR/CVR/ACOS/ROAS/活动清单
B0H9Q56SR8,KX4SGE07900,2026-W35,2026-W34,0.0,0.0,,0.0,0.0,,0.0,0.0,,,,,曝光/点击/CTR/CVR/ACOS/ROAS/活动清单
B0H9Q5J2CY,OO4SGE38900,2026-W35,2026-W34,0.0,0.0,,0.0,0.0,,0.0,0.0,,,,,曝光/点击/CTR/CVR/ACOS/ROAS/活动清单
B0H9Q5SXGF,PT4SGE26000,2026-W35,2026-W34,0.0,0.0,,0.0,0.0,,0.0,0.0,,,,,曝光/点击/CTR/CVR/ACOS/ROAS/活动清单
B0H9Q6476M,OO4SGE37300,2026-W35,2026-W34,0.0,0.0,,0.0,0.0,,0.0,0.0,,,,,曝光/点击/CTR/CVR/ACOS/ROAS/活动清单
B0H9Q6LRKD,PT4SGE18400,2026-W35,2026-W34,0.0,0.0,,0.0,0.0,,0.0,0.0,,,,,曝光/点击/CTR/CVR/ACOS/ROAS/活动清单
B0H9Q827DH,PT4SGE27300,2026-W35,2026-W34,0.0,0.0,,0.0,0.0,,0.0,0.0,,,,,曝光/点击/CTR/CVR/ACOS/ROAS/活动清单
B0H9Q828BQ,PT4SGE24100,2026-W35,2026-W34,0.0,0.0,,0.0,0.0,,0.0,0.0,,,,,曝光/点击/CTR/CVR/ACOS/ROAS/活动清单
B0H9Q8LB81,PT4SGE27600,2026-W35,2026-W34,0.0,0.0,,0.0,0.0,,0.0,0.0,,,,,曝光/点击/CTR/CVR/ACOS/ROAS/活动清单
B0H9Q8M69P,KX4SGE08900,2026-W35,2026-W34,0.0,1.0,-100.0,0.0,1115.13,-100.0,0.0,0.0,,0.0,,单量下滑≥20%；销售额下滑≥20%,曝光/点击/CTR/CVR/ACOS/ROAS/活动清单
B0H9Q8MB6Y,PT4SGE26100,2026-W35,2026-W34,0.0,0.0,,0.0,0.0,,0.0,0.0,,,,,曝光/点击/CTR/CVR/ACOS/ROAS/活动清单
B0H9Q8ML98,PT4SGE18700,2026-W35,2026-W34,0.0,0.0,,0.0,0.0,,0.0,0.0,,,,,曝光/点击/CTR/CVR/ACOS/ROAS/活动清单
B0H9Q8PCBX,KX4SGE08500,2026-W35,2026-W34,0.0,0.0,,0.0,0.0,,0.0,0.0,,,,,曝光/点击/CTR/CVR/ACOS/ROAS/活动清单
B0H9Q8PHSM,KX4SGE08400,2026-W35,2026-W34,0.0,0.0,,0.0,0.0,,0.0,0.0,,,,,曝光/点击/CTR/CVR/ACOS/ROAS/活动清单
B0H9Q8QS7R,PT4SGE24400,2026-W35,2026-W34,0.0,0.0,,0.0,0.0,,0.0,0.0,,,,,曝光/点击/CTR/CVR/ACOS/ROAS/活动清单
B0H9Q8QS8Q,KX4SGE08200,2026-W35,2026-W34,0.0,0.0,,0.0,0.0,,0.0,0.0,,,,,曝光/点击/CTR/CVR/ACOS/ROAS/活动清单
B0H9Q8SFB8,PT4SGE19500,2026-W35,2026-W34,0.0,0.0,,0.0,0.0,,0.0,0.0,,,,,曝光/点击/CTR/CVR/ACOS/ROAS/活动清单
B0H9QBZ3G2,KX4SGE09300,2026-W35,2026-W34,0.0,0.0,,0.0,0.0,,0.0,0.0,,,,,曝光/点击/CTR/CVR/ACOS/ROAS/活动清单
B0H9QCYWW7,PT4SGE21500,2026-W35,2026-W34,0.0,0.0,,0.0,0.0,,0.0,0.0,,,,,曝光/点击/CTR/CVR/ACOS/ROAS/活动清单
B0H9QHHW25,PT4SGE26500,2026-W35,2026-W34,0.0,0.0,,0.0,0.0,,0.0,0.0,,,,,曝光/点击/CTR/CVR/ACOS/ROAS/活动清单
B0H9QJBQSF,PT4SGE24600,2026-W35,2026-W34,0.0,0.0,,0.0,0.0,,0.0,0.0,,,,,曝光/点击/CTR/CVR/ACOS/ROAS/活动清单
B0HDCB6XRT,KC4PSP16100,2026-W35,2026-W34,0.0,1.0,-100.0,0.0,1020.0,-100.0,0.0,0.0,,0.0,,单量下滑≥20%；销售额下滑≥20%,曝光/点击/CTR/CVR/ACOS/ROAS/活动清单
B0HDYNSWYR,OO4SGE36800,2026-W35,2026-W34,0.0,0.0,,0.0,0.0,,0.0,0.0,,,,,曝光/点击/CTR/CVR/ACOS/ROAS/活动清单
B0HDYPGKFY,OO4SGE35700,2026-W35,2026-W34,0.0,0.0,,0.0,0.0,,0.0,6.12,,,,,曝光/点击/CTR/CVR/ACOS/ROAS/活动清单
B0HDYQP4H2,OO4SGE38000,2026-W35,2026-W34,0.0,0.0,,0.0,0.0,,0.0,0.0,,,,,曝光/点击/CTR/CVR/ACOS/ROAS/活动清单
B0HDYR671T,KC4SGE00800,2026-W35,2026-W34,0.0,0.0,,0.0,0.0,,0.0,0.0,,,,,曝光/点击/CTR/CVR/ACOS/ROAS/活动清单
B0HDYRB9SR,KX4SGE12100,2026-W35,2026-W34,0.0,0.0,,0.0,0.0,,2.99,0.0,,,,,曝光/点击/CTR/CVR/ACOS/ROAS/活动清单
B0HDYRP33D,KC4PSP17700,2026-W35,2026-W34,0.0,0.0,,0.0,0.0,,0.0,0.0,,,,,曝光/点击/CTR/CVR/ACOS/ROAS/活动清单
B0HDYRPRW6,KC4PSP15800,2026-W35,2026-W34,0.0,0.0,,0.0,0.0,,6.05,0.0,,,,,曝光/点击/CTR/CVR/ACOS/ROAS/活动清单
B0HDYS5M7T,PT4SGE27000,2026-W35,2026-W34,0.0,0.0,,0.0,0.0,,0.0,0.0,,,,,曝光/点击/CTR/CVR/ACOS/ROAS/活动清单
B0HDYSBQ9K,KX4SGE11100,2026-W35,2026-W34,0.0,0.0,,0.0,0.0,,3.4,0.0,,,,,曝光/点击/CTR/CVR/ACOS/ROAS/活动清单
B0HDYSGZM5,KC4SGE01100,2026-W35,2026-W34,0.0,0.0,,0.0,0.0,,0.0,0.0,,,,,曝光/点击/CTR/CVR/ACOS/ROAS/活动清单
B0HDYSMQ24,KX4SGE10700,2026-W35,2026-W34,0.0,0.0,,0.0,0.0,,0.0,0.0,,,,,曝光/点击/CTR/CVR/ACOS/ROAS/活动清单
B0HDYV5MQJ,KX4SGE17300,2026-W35,2026-W34,0.0,0.0,,0.0,0.0,,0.0,0.0,,,,,曝光/点击/CTR/CVR/ACOS/ROAS/活动清单
B0HDYVCMRG,OO4SGE34100,2026-W35,2026-W34,0.0,0.0,,0.0,0.0,,0.0,0.0,,,,,曝光/点击/CTR/CVR/ACOS/ROAS/活动清单
B0HDYVNN3C,PT4SGE20800,2026-W35,2026-W34,0.0,0.0,,0.0,0.0,,0.0,0.0,,,,,曝光/点击/CTR/CVR/ACOS/ROAS/活动清单
B0HDYVQ42P,PT4SGE26500,2026-W35,2026-W34,0.0,0.0,,0.0,0.0,,0.0,0.0,,,,,曝光/点击/CTR/CVR/ACOS/ROAS/活动清单
B0HDYVW6TP,KC4SGE03100,2026-W35,2026-W34,0.0,0.0,,0.0,0.0,,0.0,0.0,,,,,曝光/点击/CTR/CVR/ACOS/ROAS/活动清单
B0HDYVZDGJ,KX4SGE12200,2026-W35,2026-W34,0.0,0.0,,0.0,0.0,,3.06,0.0,,,,,曝光/点击/CTR/CVR/ACOS/ROAS/活动清单
B0HDYVZH4F,KX4SGE10300,2026-W35,2026-W34,0.0,0.0,,0.0,0.0,,0.0,0.0,,,,,曝光/点击/CTR/CVR/ACOS/ROAS/活动清单
B0HDYW4GMY,KC4PSP17600,2026-W35,2026-W34,0.0,0.0,,0.0,0.0,,0.0,0.0,,,,,曝光/点击/CTR/CVR/ACOS/ROAS/活动清单
B0HDYW6RX4,PT4SGE23100,2026-W35,2026-W34,0.0,0.0,,0.0,0.0,,0.0,0.0,,,,,曝光/点击/CTR/CVR/ACOS/ROAS/活动清单
B0HDYW92Y7,KX4SGE15200,2026-W35,2026-W34,0.0,0.0,,0.0,0.0,,0.0,0.0,,,,,曝光/点击/CTR/CVR/ACOS/ROAS/活动清单
B0HDYWBRYW,KC4SGE01000,2026-W35,2026-W34,0.0,0.0,,0.0,0.0,,0.0,0.0,,,,,曝光/点击/CTR/CVR/ACOS/ROAS/活动清单
B0HDYWFGJT,KX4SGE09700,2026-W35,2026-W34,0.0,0.0,,0.0,0.0,,0.0,0.0,,,,,曝光/点击/CTR/CVR/ACOS/ROAS/活动清单
B0HDYWWVQT,KX4SGE17200,2026-W35,2026-W34,0.0,0.0,,0.0,0.0,,0.0,0.0,,,,,曝光/点击/CTR/CVR/ACOS/ROAS/活动清单
B0HDYX1W9V,PT4SGE26800,2026-W35,2026-W34,0.0,0.0,,0.0,0.0,,0.0,0.0,,,,,曝光/点击/CTR/CVR/ACOS/ROAS/活动清单
B0HDYXQ6SS,PT4SGE20300,2026-W35,2026-W34,0.0,0.0,,0.0,0.0,,0.0,0.0,,,,,曝光/点击/CTR/CVR/ACOS/ROAS/活动清单
B0HDYXQSZV,OO4SGE36000,2026-W35,2026-W34,0.0,0.0,,0.0,0.0,,0.0,4.69,,,,,曝光/点击/CTR/CVR/ACOS/ROAS/活动清单
B0HDYXR44S,KX4SGE14900,2026-W35,2026-W34,0.0,0.0,,0.0,0.0,,0.0,2.58,,,,,曝光/点击/CTR/CVR/ACOS/ROAS/活动清单
B0HDYXZP53,KC4PSP17800,2026-W35,2026-W34,0.0,0.0,,0.0,0.0,,0.0,0.0,,,,,曝光/点击/CTR/CVR/ACOS/ROAS/活动清单
B0HDYY4P9R,OO4SGE36200,2026-W35,2026-W34,0.0,0.0,,0.0,0.0,,0.0,0.0,,,,,曝光/点击/CTR/CVR/ACOS/ROAS/活动清单
B0HDYYJJYB,OO4SGE34000,2026-W35,2026-W34,0.0,0.0,,0.0,0.0,,0.0,0.0,,,,,曝光/点击/CTR/CVR/ACOS/ROAS/活动清单
B0HDYYWR7B,KX4SGE16800,2026-W35,2026-W34,0.0,0.0,,0.0,0.0,,0.0,0.0,,,,,曝光/点击/CTR/CVR/ACOS/ROAS/活动清单
B0HDYZFR7H,KX4SGE16700,2026-W35,2026-W34,0.0,0.0,,0.0,0.0,,0.0,0.0,,,,,曝光/点击/CTR/CVR/ACOS/ROAS/活动清单
B0HDYZFR8H,PT4SGE23600,2026-W35,2026-W34,0.0,0.0,,0.0,0.0,,0.0,0.0,,,,,曝光/点击/CTR/CVR/ACOS/ROAS/活动清单
B0HDYZLXMX,PT4SGE18600,2026-W35,2026-W34,0.0,0.0,,0.0,0.0,,3.06,6.12,,,,,曝光/点击/CTR/CVR/ACOS/ROAS/活动清单
B0HDYZNWGH,KC4PSP16600,2026-W35,2026-W34,0.0,0.0,,0.0,0.0,,0.0,0.0,,,,,曝光/点击/CTR/CVR/ACOS/ROAS/活动清单
B0HDYZS6MK,OO4SGE35400,2026-W35,2026-W34,0.0,0.0,,0.0,0.0,,4.08,0.0,,,,,曝光/点击/CTR/CVR/ACOS/ROAS/活动清单
B0HDYZTS7V,PT4SGE24100,2026-W35,2026-W34,0.0,0.0,,0.0,0.0,,0.0,0.0,,,,,曝光/点击/CTR/CVR/ACOS/ROAS/活动清单
B0HDZ2H697,KX4SGE18000,2026-W35,2026-W34,0.0,0.0,,0.0,0.0,,0.0,0.0,,,,,曝光/点击/CTR/CVR/ACOS/ROAS/活动清单
B0HDZ2KDF7,KC4SGE00600,2026-W35,2026-W34,0.0,0.0,,0.0,0.0,,0.0,0.0,,,,,曝光/点击/CTR/CVR/ACOS/ROAS/活动清单
B0HDZ2QNRH,OO4SGE38400,2026-W35,2026-W34,0.0,0.0,,0.0,0.0,,0.0,0.0,,,,,曝光/点击/CTR/CVR/ACOS/ROAS/活动清单
B0HDZ2S1WN,KC4PSP17000,2026-W35,2026-W34,0.0,0.0,,0.0,0.0,,0.0,0.0,,,,,曝光/点击/CTR/CVR/ACOS/ROAS/活动清单
B0HDZ2VFXD,PT4SGE21400,2026-W35,2026-W34,0.0,0.0,,0.0,0.0,,0.0,0.0,,,,,曝光/点击/CTR/CVR/ACOS/ROAS/活动清单
B0HDZ2XMVF,PT4SGE28200,2026-W35,2026-W34,0.0,0.0,,0.0,0.0,,0.0,0.0,,,,,曝光/点击/CTR/CVR/ACOS/ROAS/活动清单
B0HDZ35CRQ,KC4SGE02800,2026-W35,2026-W34,0.0,0.0,,0.0,0.0,,1.97,0.0,,,,,曝光/点击/CTR/CVR/ACOS/ROAS/活动清单
B0HDZ3NM4H,KX4SGE17000,2026-W35,2026-W34,0.0,0.0,,0.0,0.0,,0.0,0.0,,,,,曝光/点击/CTR/CVR/ACOS/ROAS/活动清单
B0HDZ428VK,PT4SGE25600,2026-W35,2026-W34,0.0,0.0,,0.0,0.0,,4.69,0.0,,,,,曝光/点击/CTR/CVR/ACOS/ROAS/活动清单
B0HDZ458J7,PT4SGE19100,2026-W35,2026-W34,0.0,0.0,,0.0,0.0,,8.16,0.0,,,,,曝光/点击/CTR/CVR/ACOS/ROAS/活动清单
B0HDZ465MW,OO4SGE38800,2026-W35,2026-W34,0.0,0.0,,0.0,0.0,,0.0,0.0,,,,,曝光/点击/CTR/CVR/ACOS/ROAS/活动清单
B0HDZ4NF6H,KX4SGE13200,2026-W35,2026-W34,0.0,0.0,,0.0,0.0,,0.0,0.0,,,,,曝光/点击/CTR/CVR/ACOS/ROAS/活动清单
B0HDZ4SPQM,PT4SGE24700,2026-W35,2026-W34,0.0,0.0,,0.0,0.0,,8.77,0.0,,,,,曝光/点击/CTR/CVR/ACOS/ROAS/活动清单
B0HDZ4Y95L,KC4SGE01200,2026-W35,2026-W34,0.0,0.0,,0.0,0.0,,0.0,4.08,,,,,曝光/点击/CTR/CVR/ACOS/ROAS/活动清单
B0HDZ59PRG,KX4SGE17700,2026-W35,2026-W34,0.0,0.0,,0.0,0.0,,10.81,0.0,,,,,曝光/点击/CTR/CVR/ACOS/ROAS/活动清单
B0HDZ5N1GT,OO4SGE35600,2026-W35,2026-W34,0.0,0.0,,0.0,0.0,,5.78,2.79,,,,,曝光/点击/CTR/CVR/ACOS/ROAS/活动清单
B0HDZ5PQRR,KC4SGE04800,2026-W35,2026-W34,0.0,0.0,,0.0,0.0,,0.0,0.0,,,,,曝光/点击/CTR/CVR/ACOS/ROAS/活动清单
B0HDZ619P2,KX4SGE17400,2026-W35,2026-W34,0.0,0.0,,0.0,0.0,,0.0,0.0,,,,,曝光/点击/CTR/CVR/ACOS/ROAS/活动清单
B0HDZ7SCYS,PT4SGE22700,2026-W35,2026-W34,0.0,0.0,,0.0,0.0,,0.0,0.0,,,,,曝光/点击/CTR/CVR/ACOS/ROAS/活动清单
B0HDZ8TSNB,KX4SGE16500,2026-W35,2026-W34,0.0,0.0,,0.0,0.0,,0.0,0.0,,,,,曝光/点击/CTR/CVR/ACOS/ROAS/活动清单
B0HDZ9MCS8,KC4SGE03900,2026-W35,2026-W34,0.0,0.0,,0.0,0.0,,0.0,0.0,,,,,曝光/点击/CTR/CVR/ACOS/ROAS/活动清单
B0HDZ9XTBV,PT4SGE23200,2026-W35,2026-W34,0.0,0.0,,0.0,0.0,,0.0,0.0,,,,,曝光/点击/CTR/CVR/ACOS/ROAS/活动清单
B0HDZBN77M,OO4SGE36300,2026-W35,2026-W34,0.0,0.0,,0.0,0.0,,0.0,0.0,,,,,曝光/点击/CTR/CVR/ACOS/ROAS/活动清单
B0HDZBV456,OO4SGE34600,2026-W35,2026-W34,0.0,0.0,,0.0,0.0,,0.0,0.0,,,,,曝光/点击/CTR/CVR/ACOS/ROAS/活动清单
B0HF2QN566,PT4SGE26100,2026-W35,2026-W34,0.0,0.0,,0.0,0.0,,0.0,0.0,,,,,曝光/点击/CTR/CVR/ACOS/ROAS/活动清单
B0HF31KQ4P,PT4SGE27800,2026-W35,2026-W34,0.0,0.0,,0.0,0.0,,0.0,0.0,,,,,曝光/点击/CTR/CVR/ACOS/ROAS/活动清单
B0HF31MB7J,PT4SGE23900,2026-W35,2026-W34,0.0,0.0,,0.0,0.0,,5.51,0.0,,,,,曝光/点击/CTR/CVR/ACOS/ROAS/活动清单
B0HF31MM8F,KC4SGE01400,2026-W35,2026-W34,0.0,0.0,,0.0,0.0,,9.38,0.0,,,,,曝光/点击/CTR/CVR/ACOS/ROAS/活动清单
B0HF31NXP4,KC4SGE01300,2026-W35,2026-W34,0.0,0.0,,0.0,0.0,,0.0,0.0,,,,,曝光/点击/CTR/CVR/ACOS/ROAS/活动清单
B0HF31TGLB,KX4SGE14700,2026-W35,2026-W34,0.0,0.0,,0.0,0.0,,0.0,0.0,,,,,曝光/点击/CTR/CVR/ACOS/ROAS/活动清单
B0HF31X1SK,PT4SGE18800,2026-W35,2026-W34,0.0,0.0,,0.0,0.0,,0.0,0.0,,,,,曝光/点击/CTR/CVR/ACOS/ROAS/活动清单
B0HF31XP6C,KC4SGE00200,2026-W35,2026-W34,0.0,0.0,,0.0,0.0,,0.0,0.0,,,,,曝光/点击/CTR/CVR/ACOS/ROAS/活动清单
B0HF322WQS,PT4SGE27500,2026-W35,2026-W34,0.0,0.0,,0.0,0.0,,0.0,0.0,,,,,曝光/点击/CTR/CVR/ACOS/ROAS/活动清单
B0HF325HFJ,KX4SGE13100,2026-W35,2026-W34,0.0,0.0,,0.0,0.0,,0.0,0.0,,,,,曝光/点击/CTR/CVR/ACOS/ROAS/活动清单
B0HF329MBF,OO4SGE36900,2026-W35,2026-W34,0.0,0.0,,0.0,0.0,,0.0,0.0,,,,,曝光/点击/CTR/CVR/ACOS/ROAS/活动清单
B0HF32FSQF,KX4SGE15800,2026-W35,2026-W34,0.0,0.0,,0.0,0.0,,0.0,0.0,,,,,曝光/点击/CTR/CVR/ACOS/ROAS/活动清单
B0HF34564Y,KC4SGE04600,2026-W35,2026-W34,0.0,0.0,,0.0,0.0,,0.0,3.06,,,,,曝光/点击/CTR/CVR/ACOS/ROAS/活动清单
B0HF34749X,PT4SGE19400,2026-W35,2026-W34,0.0,0.0,,0.0,0.0,,0.0,0.0,,,,,曝光/点击/CTR/CVR/ACOS/ROAS/活动清单
B0HF34FK79,KC4SGE01700,2026-W35,2026-W34,0.0,0.0,,0.0,0.0,,0.0,0.0,,,,,曝光/点击/CTR/CVR/ACOS/ROAS/活动清单
B0HF34JFSQ,PT4SGE21000,2026-W35,2026-W34,0.0,0.0,,0.0,0.0,,5.44,0.0,,,,,曝光/点击/CTR/CVR/ACOS/ROAS/活动清单
B0HF34KRPG,KC4SGE04300,2026-W35,2026-W34,0.0,0.0,,0.0,0.0,,0.0,3.54,,,,,曝光/点击/CTR/CVR/ACOS/ROAS/活动清单
B0HF34NPZ6,KX4SGE10200,2026-W35,2026-W34,0.0,0.0,,0.0,0.0,,16.25,0.0,,,,,曝光/点击/CTR/CVR/ACOS/ROAS/活动清单
B0HF34R7VH,KX4SGE13700,2026-W35,2026-W34,0.0,0.0,,0.0,0.0,,0.0,5.44,,,,,曝光/点击/CTR/CVR/ACOS/ROAS/活动清单
B0HF34WRHF,KC4SGE04100,2026-W35,2026-W34,0.0,0.0,,0.0,0.0,,0.0,0.0,,,,,曝光/点击/CTR/CVR/ACOS/ROAS/活动清单
B0HF34YCXS,PT4SGE24000,2026-W35,2026-W34,0.0,0.0,,0.0,0.0,,0.0,0.0,,,,,曝光/点击/CTR/CVR/ACOS/ROAS/活动清单
B0HF35BDHL,KC4SGE02900,2026-W35,2026-W34,0.0,0.0,,0.0,0.0,,0.0,0.0,,,,,曝光/点击/CTR/CVR/ACOS/ROAS/活动清单
B0HF37PSB3,PT4SGE22800,2026-W35,2026-W34,0.0,0.0,,0.0,0.0,,0.0,4.69,,,,,曝光/点击/CTR/CVR/ACOS/ROAS/活动清单
B0HF37STL1,KC4SGE00500,2026-W35,2026-W34,0.0,0.0,,0.0,0.0,,4.69,0.0,,,,,曝光/点击/CTR/CVR/ACOS/ROAS/活动清单
B0HF37Y21T,OO4SGE37300,2026-W35,2026-W34,0.0,0.0,,0.0,0.0,,0.0,0.0,,,,,曝光/点击/CTR/CVR/ACOS/ROAS/活动清单
B0HF382KFL,OO4SGE34200,2026-W35,2026-W34,0.0,0.0,,0.0,0.0,,0.0,0.0,,,,,曝光/点击/CTR/CVR/ACOS/ROAS/活动清单
B0HF382X7S,KC4SGE00300,2026-W35,2026-W34,0.0,0.0,,0.0,0.0,,0.0,0.0,,,,,曝光/点击/CTR/CVR/ACOS/ROAS/活动清单
B0HF3845LC,KX4SGE12400,2026-W35,2026-W34,0.0,0.0,,0.0,0.0,,24.48,0.0,,,,,曝光/点击/CTR/CVR/ACOS/ROAS/活动清单
B0HF387HS1,KX4SGE13500,2026-W35,2026-W34,0.0,0.0,,0.0,0.0,,4.69,8.23,,,,,曝光/点击/CTR/CVR/ACOS/ROAS/活动清单
B0HF388DVP,PT4SGE23700,2026-W35,2026-W34,0.0,0.0,,0.0,0.0,,9.66,7.21,,,,,曝光/点击/CTR/CVR/ACOS/ROAS/活动清单
B0HF38C8JS,KC4SGE03300,2026-W35,2026-W34,0.0,0.0,,0.0,0.0,,0.0,0.0,,,,,曝光/点击/CTR/CVR/ACOS/ROAS/活动清单
B0HF38DV56,KC4SGE00100,2026-W35,2026-W34,0.0,0.0,,0.0,0.0,,6.94,7.75,,,,,曝光/点击/CTR/CVR/ACOS/ROAS/活动清单
B0HF38H45P,KX4SGE14000,2026-W35,2026-W34,0.0,0.0,,0.0,0.0,,0.0,0.0,,,,,曝光/点击/CTR/CVR/ACOS/ROAS/活动清单
B0HF38LXVZ,KC4PSP16400,2026-W35,2026-W34,0.0,0.0,,0.0,0.0,,0.0,0.0,,,,,曝光/点击/CTR/CVR/ACOS/ROAS/活动清单
B0HF38S25V,KC4PSP16300,2026-W35,2026-W34,0.0,0.0,,0.0,0.0,,0.0,0.0,,,,,曝光/点击/CTR/CVR/ACOS/ROAS/活动清单
B0HF393D8J,KC4PSP16100,2026-W35,2026-W34,0.0,0.0,,0.0,0.0,,0.0,0.0,,,,,曝光/点击/CTR/CVR/ACOS/ROAS/活动清单
B0HF394ZG4,KC4PSP17200,2026-W35,2026-W34,0.0,0.0,,0.0,0.0,,0.0,0.0,,,,,曝光/点击/CTR/CVR/ACOS/ROAS/活动清单
B0HF39HD4Y,KX4SGE12900,2026-W35,2026-W34,0.0,0.0,,0.0,0.0,,0.0,0.0,,,,,曝光/点击/CTR/CVR/ACOS/ROAS/活动清单
B0HF39J1S9,PT4SGE24300,2026-W35,2026-W34,0.0,0.0,,0.0,0.0,,0.0,0.0,,,,,曝光/点击/CTR/CVR/ACOS/ROAS/活动清单
B0HF39JZKP,PT4SGE26000,2026-W35,2026-W34,0.0,0.0,,0.0,0.0,,0.0,0.0,,,,,曝光/点击/CTR/CVR/ACOS/ROAS/活动清单
B0HF3BJ9GV,KC4SGE04200,2026-W35,2026-W34,0.0,0.0,,0.0,0.0,,0.0,0.0,,,,,曝光/点击/CTR/CVR/ACOS/ROAS/活动清单
B0HF3BLHVD,KX4SGE08600,2026-W35,2026-W34,0.0,0.0,,0.0,0.0,,5.58,6.12,,,,,曝光/点击/CTR/CVR/ACOS/ROAS/活动清单
B0HF3BR246,PT4SGE22200,2026-W35,2026-W34,0.0,0.0,,0.0,0.0,,0.0,0.0,,,,,曝光/点击/CTR/CVR/ACOS/ROAS/活动清单
B0HF3BTYHS,KC4PSP18200,2026-W35,2026-W34,0.0,0.0,,0.0,0.0,,0.0,0.0,,,,,曝光/点击/CTR/CVR/ACOS/ROAS/活动清单
B0HF3C22YW,KX4SGE10600,2026-W35,2026-W34,0.0,0.0,,0.0,0.0,,0.0,0.0,,,,,曝光/点击/CTR/CVR/ACOS/ROAS/活动清单
B0HF3C5ZB4,OO4SGE34300,2026-W35,2026-W34,0.0,0.0,,0.0,0.0,,0.0,0.0,,,,,曝光/点击/CTR/CVR/ACOS/ROAS/活动清单
B0HF3C8KSP,OO4SGE35200,2026-W35,2026-W34,0.0,0.0,,0.0,0.0,,0.0,0.0,,,,,曝光/点击/CTR/CVR/ACOS/ROAS/活动清单
B0HF3C8XMC,KX4SGE08000,2026-W35,2026-W34,0.0,0.0,,0.0,0.0,,0.0,0.0,,,,,曝光/点击/CTR/CVR/ACOS/ROAS/活动清单
B0HF3CK1VM,KC4SGE01600,2026-W35,2026-W34,0.0,0.0,,0.0,0.0,,0.0,0.0,,,,,曝光/点击/CTR/CVR/ACOS/ROAS/活动清单
B0HF3CLND6,KC4PSP16500,2026-W35,2026-W34,0.0,0.0,,0.0,0.0,,0.0,0.0,,,,,曝光/点击/CTR/CVR/ACOS/ROAS/活动清单
B0HF3CSTS9,KC4SGE02700,2026-W35,2026-W34,0.0,0.0,,0.0,0.0,,0.0,0.0,,,,,曝光/点击/CTR/CVR/ACOS/ROAS/活动清单
B0HF3D18SZ,KC4PSP17100,2026-W35,2026-W34,0.0,0.0,,0.0,0.0,,0.0,0.0,,,,,曝光/点击/CTR/CVR/ACOS/ROAS/活动清单
B0HF3D1LPN,PT4SGE18300,2026-W35,2026-W34,0.0,0.0,,0.0,0.0,,0.0,0.0,,,,,曝光/点击/CTR/CVR/ACOS/ROAS/活动清单
B0HF3D27B7,KX4SGE13300,2026-W35,2026-W34,0.0,0.0,,0.0,0.0,,0.0,0.0,,,,,曝光/点击/CTR/CVR/ACOS/ROAS/活动清单
B0HF3D644F,KC4PSP17900,2026-W35,2026-W34,0.0,0.0,,0.0,0.0,,0.0,0.0,,,,,曝光/点击/CTR/CVR/ACOS/ROAS/活动清单
B0HF3DF8QN,PT4SGE19600,2026-W35,2026-W34,0.0,0.0,,0.0,0.0,,0.0,0.0,,,,,曝光/点击/CTR/CVR/ACOS/ROAS/活动清单
B0HF3DH6GT,PT4SGE20000,2026-W35,2026-W34,0.0,0.0,,0.0,0.0,,0.0,0.0,,,,,曝光/点击/CTR/CVR/ACOS/ROAS/活动清单
B0HF3DH7GR,KC4SGE02400,2026-W35,2026-W34,0.0,0.0,,0.0,0.0,,0.0,0.0,,,,,曝光/点击/CTR/CVR/ACOS/ROAS/活动清单
B0HF3DHJTY,KC4SGE01800,2026-W35,2026-W34,0.0,0.0,,0.0,0.0,,3.06,0.0,,,,,曝光/点击/CTR/CVR/ACOS/ROAS/活动清单
B0HF3DTW2P,OO4SGE37500,2026-W35,2026-W34,0.0,0.0,,0.0,0.0,,0.0,0.0,,,,,曝光/点击/CTR/CVR/ACOS/ROAS/活动清单
B0HF3DYF9V,PT4SGE26300,2026-W35,2026-W34,0.0,0.0,,0.0,0.0,,0.0,0.0,,,,,曝光/点击/CTR/CVR/ACOS/ROAS/活动清单
B0HF3F495L,KC4SGE03500,2026-W35,2026-W34,0.0,0.0,,0.0,0.0,,0.0,0.0,,,,,曝光/点击/CTR/CVR/ACOS/ROAS/活动清单
B0HF3F8S8N,KC4SGE00900,2026-W35,2026-W34,0.0,0.0,,0.0,0.0,,0.0,0.0,,,,,曝光/点击/CTR/CVR/ACOS/ROAS/活动清单
B0HF3FGMZD,KX4SGE07700,2026-W35,2026-W34,0.0,0.0,,0.0,0.0,,2.52,0.0,,,,,曝光/点击/CTR/CVR/ACOS/ROAS/活动清单
B0HF3FK88F,KX4SGE08800,2026-W35,2026-W34,0.0,0.0,,0.0,0.0,,0.0,0.0,,,,,曝光/点击/CTR/CVR/ACOS/ROAS/活动清单
B0HF3FKKVL,KC4SGE03000,2026-W35,2026-W34,0.0,0.0,,0.0,0.0,,0.0,0.0,,,,,曝光/点击/CTR/CVR/ACOS/ROAS/活动清单
B0HF3FPJX1,OO4SGE34800,2026-W35,2026-W34,0.0,0.0,,0.0,0.0,,0.0,0.0,,,,,曝光/点击/CTR/CVR/ACOS/ROAS/活动清单
B0HF3FT4JM,PT4SGE26600,2026-W35,2026-W34,0.0,0.0,,0.0,0.0,,0.0,0.0,,,,,曝光/点击/CTR/CVR/ACOS/ROAS/活动清单
B0HF3FW36S,KX4SGE08900,2026-W35,2026-W34,0.0,0.0,,0.0,0.0,,0.0,0.0,,,,,曝光/点击/CTR/CVR/ACOS/ROAS/活动清单
B0HF3G1LWR,PT4SGE28100,2026-W35,2026-W34,0.0,0.0,,0.0,0.0,,0.0,0.0,,,,,曝光/点击/CTR/CVR/ACOS/ROAS/活动清单
B0HF3H8VKY,PT4SGE20100,2026-W35,2026-W34,0.0,0.0,,0.0,0.0,,0.0,0.0,,,,,曝光/点击/CTR/CVR/ACOS/ROAS/活动清单
B0HF3H9GN5,PT4SGE25400,2026-W35,2026-W34,0.0,0.0,,0.0,0.0,,0.0,0.0,,,,,曝光/点击/CTR/CVR/ACOS/ROAS/活动清单
B0HF3HDCRM,PT4SGE18400,2026-W35,2026-W34,0.0,0.0,,0.0,0.0,,0.0,0.0,,,,,曝光/点击/CTR/CVR/ACOS/ROAS/活动清单
B0HF3HJ9R7,KX4SGE09200,2026-W35,2026-W34,0.0,0.0,,0.0,0.0,,0.0,0.0,,,,,曝光/点击/CTR/CVR/ACOS/ROAS/活动清单
B0HF3HMSMW,KC4PSP18000,2026-W35,2026-W34,0.0,0.0,,0.0,0.0,,0.0,0.0,,,,,曝光/点击/CTR/CVR/ACOS/ROAS/活动清单
B0HF3HT1VQ,KC4SGE01500,2026-W35,2026-W34,0.0,0.0,,0.0,0.0,,0.0,0.0,,,,,曝光/点击/CTR/CVR/ACOS/ROAS/活动清单
B0HF3HVBLZ,OO4SGE38100,2026-W35,2026-W34,1.0,0.0,N/A,1224.0,0.0,N/A,25.98,10.41,2.12,,,,曝光/点击/CTR/CVR/ACOS/ROAS/活动清单
B0HF3HVZ76,KC4SGE05500,2026-W35,2026-W34,0.0,0.0,,0.0,0.0,,0.0,0.0,,,,,曝光/点击/CTR/CVR/ACOS/ROAS/活动清单
B0HF3HW9Z4,KC4SGE05400,2026-W35,2026-W34,0.0,0.0,,0.0,0.0,,0.0,0.0,,,,,曝光/点击/CTR/CVR/ACOS/ROAS/活动清单
B0HF3J1SL5,KX4SGE08100,2026-W35,2026-W34,0.0,0.0,,0.0,0.0,,3.26,0.0,,,,,曝光/点击/CTR/CVR/ACOS/ROAS/活动清单
B0HF3J68GX,KX4SGE08300,2026-W35,2026-W34,0.0,0.0,,0.0,0.0,,3.74,6.12,,,,,曝光/点击/CTR/CVR/ACOS/ROAS/活动清单
B0HF3J6VF1,PT4SGE19300,2026-W35,2026-W34,0.0,0.0,,0.0,0.0,,0.0,0.0,,,,,曝光/点击/CTR/CVR/ACOS/ROAS/活动清单
B0HF3J86CW,KC4SGE05000,2026-W35,2026-W34,0.0,0.0,,0.0,0.0,,0.0,0.0,,,,,曝光/点击/CTR/CVR/ACOS/ROAS/活动清单
B0HF3JCPQS,KX4SGE09100,2026-W35,2026-W34,0.0,0.0,,0.0,0.0,,0.0,0.0,,,,,曝光/点击/CTR/CVR/ACOS/ROAS/活动清单
B0HF3JJYN8,KX4SGE12700,2026-W35,2026-W34,0.0,0.0,,0.0,0.0,,0.0,0.0,,,,,曝光/点击/CTR/CVR/ACOS/ROAS/活动清单
B0HF3JR25Z,PT4SGE19900,2026-W35,2026-W34,0.0,0.0,,0.0,0.0,,0.0,0.0,,,,,曝光/点击/CTR/CVR/ACOS/ROAS/活动清单
B0HF3JSYLZ,PT4SGE27900,2026-W35,2026-W34,0.0,0.0,,0.0,0.0,,0.0,0.0,,,,,曝光/点击/CTR/CVR/ACOS/ROAS/活动清单
B0HF3LH9QM,KC4SGE05200,2026-W35,2026-W34,0.0,0.0,,0.0,0.0,,0.0,0.0,,,,,曝光/点击/CTR/CVR/ACOS/ROAS/活动清单
B0HF3LPX94,KX4SGE08400,2026-W35,2026-W34,0.0,0.0,,0.0,0.0,,0.0,0.0,,,,,曝光/点击/CTR/CVR/ACOS/ROAS/活动清单
B0HF3LQJXQ,PT4SGE20500,2026-W35,2026-W34,1.0,0.0,N/A,646.0,0.0,N/A,0.0,0.0,0.0,,,,曝光/点击/CTR/CVR/ACOS/ROAS/活动清单
B0HF3LSVQW,KC4SGE05300,2026-W35,2026-W34,0.0,0.0,,0.0,0.0,,0.0,4.69,,,,,曝光/点击/CTR/CVR/ACOS/ROAS/活动清单
B0HF3LYNGH,PT4SGE23400,2026-W35,2026-W34,0.0,0.0,,0.0,0.0,,8.16,0.0,,,,,曝光/点击/CTR/CVR/ACOS/ROAS/活动清单
B0HF3M1Z1M,KX4SGE15400,2026-W35,2026-W34,0.0,0.0,,0.0,0.0,,0.0,0.0,,,,,曝光/点击/CTR/CVR/ACOS/ROAS/活动清单
B0HF3M3JYJ,KC4SGE03700,2026-W35,2026-W34,0.0,0.0,,0.0,0.0,,0.0,0.0,,,,,曝光/点击/CTR/CVR/ACOS/ROAS/活动清单
B0HF3M6G9J,KX4SGE09300,2026-W35,2026-W34,0.0,0.0,,0.0,0.0,,0.0,0.0,,,,,曝光/点击/CTR/CVR/ACOS/ROAS/活动清单
B0HF3M7DPG,OO4SGE38600,2026-W35,2026-W34,0.0,0.0,,0.0,0.0,,0.0,0.0,,,,,曝光/点击/CTR/CVR/ACOS/ROAS/活动清单
B0HF3MDXLT,KC4SGE04700,2026-W35,2026-W34,0.0,0.0,,0.0,0.0,,0.0,0.0,,,,,曝光/点击/CTR/CVR/ACOS/ROAS/活动清单
B0HF3MHTBJ,PT4SGE19500,2026-W35,2026-W34,0.0,0.0,,0.0,0.0,,0.0,0.0,,,,,曝光/点击/CTR/CVR/ACOS/ROAS/活动清单
B0HF3MQLB5,PT4SGE24600,2026-W35,2026-W34,0.0,0.0,,0.0,0.0,,0.0,0.0,,,,,曝光/点击/CTR/CVR/ACOS/ROAS/活动清单
B0HF3MS62X,OO4SGE38900,2026-W35,2026-W34,0.0,0.0,,0.0,0.0,,0.0,0.0,,,,,曝光/点击/CTR/CVR/ACOS/ROAS/活动清单
B0HF3MWYJR,OO4SGE36600,2026-W35,2026-W34,0.0,0.0,,0.0,0.0,,0.2,0.0,,,,,曝光/点击/CTR/CVR/ACOS/ROAS/活动清单
B0HF3N3RL9,OO4SGE37700,2026-W35,2026-W34,0.0,0.0,,0.0,0.0,,0.0,0.0,,,,,曝光/点击/CTR/CVR/ACOS/ROAS/活动清单
B0HF3N5FZ7,PT4SGE19700,2026-W35,2026-W34,0.0,0.0,,0.0,0.0,,0.0,0.0,,,,,曝光/点击/CTR/CVR/ACOS/ROAS/活动清单
B0HF3N9BJV,OO4SGE39100,2026-W35,2026-W34,0.0,0.0,,0.0,0.0,,0.0,0.0,,,,,曝光/点击/CTR/CVR/ACOS/ROAS/活动清单
B0HF3NCXN3,PT4SGE26200,2026-W35,2026-W34,0.0,0.0,,0.0,0.0,,0.0,0.0,,,,,曝光/点击/CTR/CVR/ACOS/ROAS/活动清单
B0HF3NCY9T,PT4SGE19800,2026-W35,2026-W34,0.0,0.0,,0.0,0.0,,0.0,0.0,,,,,曝光/点击/CTR/CVR/ACOS/ROAS/活动清单
B0HF3NFVW8,PT4SGE27300,2026-W35,2026-W34,0.0,0.0,,0.0,0.0,,0.0,0.0,,,,,曝光/点击/CTR/CVR/ACOS/ROAS/活动清单
B0HF3NGJKY,KC4PSP16200,2026-W35,2026-W34,0.0,0.0,,0.0,0.0,,0.0,0.0,,,,,曝光/点击/CTR/CVR/ACOS/ROAS/活动清单
B0HF3NS369,KX4SGE08500,2026-W35,2026-W34,0.0,0.0,,0.0,0.0,,0.0,0.0,,,,,曝光/点击/CTR/CVR/ACOS/ROAS/活动清单
B0HF3P34X3,OO4SGE37000,2026-W35,2026-W34,0.0,0.0,,0.0,0.0,,0.0,0.0,,,,,曝光/点击/CTR/CVR/ACOS/ROAS/活动清单
B0HF3QD5XH,PT4SGE26700,2026-W35,2026-W34,0.0,0.0,,0.0,0.0,,0.0,0.0,,,,,曝光/点击/CTR/CVR/ACOS/ROAS/活动清单
B0HF3QFXRJ,PT4SGE19200,2026-W35,2026-W34,0.0,0.0,,0.0,0.0,,0.0,0.0,,,,,曝光/点击/CTR/CVR/ACOS/ROAS/活动清单
B0HF3QHM1R,PT4SGE21500,2026-W35,2026-W34,0.0,0.0,,0.0,0.0,,0.0,0.0,,,,,曝光/点击/CTR/CVR/ACOS/ROAS/活动清单
B0HF3QK92D,OO4SGE38500,2026-W35,2026-W34,0.0,0.0,,0.0,0.0,,0.0,0.0,,,,,曝光/点击/CTR/CVR/ACOS/ROAS/活动清单
B0HF3QMVBR,PT4SGE18500,2026-W35,2026-W34,0.0,0.0,,0.0,0.0,,0.0,0.0,,,,,曝光/点击/CTR/CVR/ACOS/ROAS/活动清单
B0HF3QQGFK,KX4SGE08200,2026-W35,2026-W34,0.0,0.0,,0.0,0.0,,0.0,0.0,,,,,曝光/点击/CTR/CVR/ACOS/ROAS/活动清单
B0HF3QQS9X,KX4SGE07900,2026-W35,2026-W34,0.0,0.0,,0.0,0.0,,0.0,0.0,,,,,曝光/点击/CTR/CVR/ACOS/ROAS/活动清单
B0HF3QW1HF,PT4SGE25800,2026-W35,2026-W34,0.0,0.0,,0.0,0.0,,4.08,0.0,,,,,曝光/点击/CTR/CVR/ACOS/ROAS/活动清单
B0HF3QY8WF,OO4SGE38200,2026-W35,2026-W34,0.0,0.0,,0.0,0.0,,0.0,0.0,,,,,曝光/点击/CTR/CVR/ACOS/ROAS/活动清单
B0HF3R3GWB,PT4SGE18700,2026-W35,2026-W34,0.0,0.0,,0.0,0.0,,0.0,0.0,,,,,曝光/点击/CTR/CVR/ACOS/ROAS/活动清单
B0HF3R3GWL,KX4SGE11700,2026-W35,2026-W34,0.0,0.0,,0.0,0.0,,0.0,0.0,,,,,曝光/点击/CTR/CVR/ACOS/ROAS/活动清单
B0HF3R53KR,KC4SGE03200,2026-W35,2026-W34,0.0,0.0,,0.0,0.0,,0.0,0.0,,,,,曝光/点击/CTR/CVR/ACOS/ROAS/活动清单
B0HF3RC8YG,KC4SGE05100,2026-W35,2026-W34,0.0,0.0,,0.0,0.0,,6.12,6.53,,,,,曝光/点击/CTR/CVR/ACOS/ROAS/活动清单
B0HF3RCBR5,KC4PSP17500,2026-W35,2026-W34,0.0,0.0,,0.0,0.0,,0.0,0.0,,,,,曝光/点击/CTR/CVR/ACOS/ROAS/活动清单
B0HF3RKCQ6,KC4SGE03400,2026-W35,2026-W34,0.0,0.0,,0.0,0.0,,0.0,0.0,,,,,曝光/点击/CTR/CVR/ACOS/ROAS/活动清单
B0HF3RLBW8,PT4SGE27600,2026-W35,2026-W34,0.0,0.0,,0.0,0.0,,39.65,8.16,,,,,曝光/点击/CTR/CVR/ACOS/ROAS/活动清单
B0HF3RRHXF,PT4SGE21100,2026-W35,2026-W34,0.0,0.0,,0.0,0.0,,0.0,0.0,,,,,曝光/点击/CTR/CVR/ACOS/ROAS/活动清单
B0HF3RZDKL,OO4SGE39000,2026-W35,2026-W34,0.0,0.0,,0.0,0.0,,0.0,0.0,,,,,曝光/点击/CTR/CVR/ACOS/ROAS/活动清单
B0HF3S2PG8,KX4SGE10100,2026-W35,2026-W34,0.0,0.0,,0.0,0.0,,23.94,6.12,,,,,曝光/点击/CTR/CVR/ACOS/ROAS/活动清单
B0HF3S9C2K,KX4SGE17100,2026-W35,2026-W34,0.0,0.0,,0.0,0.0,,0.0,0.0,,,,,曝光/点击/CTR/CVR/ACOS/ROAS/活动清单
B0HF3SB8KB,KC4PSP16000,2026-W35,2026-W34,0.0,0.0,,0.0,0.0,,0.0,0.0,,,,,曝光/点击/CTR/CVR/ACOS/ROAS/活动清单
B0HF3SZGWD,KX4SGE14500,2026-W35,2026-W34,0.0,0.0,,0.0,0.0,,0.0,0.0,,,,,曝光/点击/CTR/CVR/ACOS/ROAS/活动清单
B0HF3T1RZD,PT4SGE24400,2026-W35,2026-W34,0.0,0.0,,0.0,0.0,,0.0,0.0,,,,,曝光/点击/CTR/CVR/ACOS/ROAS/活动清单
B0HF3WM8HS,KC4SGE02500,2026-W35,2026-W34,0.0,0.0,,0.0,0.0,,0.0,0.0,,,,,曝光/点击/CTR/CVR/ACOS/ROAS/活动清单
B0HF3WN7YY,KX4SGE10900,2026-W35,2026-W34,0.0,0.0,,0.0,0.0,,0.0,0.0,,,,,曝光/点击/CTR/CVR/ACOS/ROAS/活动清单
B0HF3WPTYK,KX4SGE12600,2026-W35,2026-W34,0.0,0.0,,0.0,0.0,,0.0,0.0,,,,,曝光/点击/CTR/CVR/ACOS/ROAS/活动清单
B0HF3WS58D,PT4SGE22500,2026-W35,2026-W34,0.0,0.0,,0.0,0.0,,0.0,0.0,,,,,曝光/点击/CTR/CVR/ACOS/ROAS/活动清单
B0HF3WSSS7,OO4SGE38300,2026-W35,2026-W34,0.0,0.0,,0.0,0.0,,0.0,0.0,,,,,曝光/点击/CTR/CVR/ACOS/ROAS/活动清单
B0HF3WVDYC,PT4SGE21900,2026-W35,2026-W34,0.0,0.0,,0.0,0.0,,0.0,0.0,,,,,曝光/点击/CTR/CVR/ACOS/ROAS/活动清单
B0HF3WX27J,KC4SGE00700,2026-W35,2026-W34,0.0,0.0,,0.0,0.0,,0.0,0.0,,,,,曝光/点击/CTR/CVR/ACOS/ROAS/活动清单
B0HF3X1BZZ,KC4SGE00400,2026-W35,2026-W34,0.0,0.0,,0.0,0.0,,0.0,0.0,,,,,曝光/点击/CTR/CVR/ACOS/ROAS/活动清单
B0HF41JN8D,PT4SGE23300,2026-W35,2026-W34,0.0,0.0,,0.0,0.0,,0.0,0.0,,,,,曝光/点击/CTR/CVR/ACOS/ROAS/活动清单
B0HF41P2S2,KC4PSP15900,2026-W35,2026-W34,0.0,0.0,,0.0,0.0,,3.06,4.35,,,,,曝光/点击/CTR/CVR/ACOS/ROAS/活动清单
B0HF41RXHY,KC4SGE04900,2026-W35,2026-W34,0.0,0.0,,0.0,0.0,,3.06,0.0,,,,,曝光/点击/CTR/CVR/ACOS/ROAS/活动清单
B0HF4212KL,PT4SGE24900,2026-W35,2026-W34,0.0,0.0,,0.0,0.0,,0.0,0.0,,,,,曝光/点击/CTR/CVR/ACOS/ROAS/活动清单
B0HF424LWJ,KC4PSP18100,2026-W35,2026-W34,0.0,0.0,,0.0,0.0,,0.0,0.0,,,,,曝光/点击/CTR/CVR/ACOS/ROAS/活动清单
B0HF425M48,OO4SGE37200,2026-W35,2026-W34,0.0,0.0,,0.0,0.0,,0.0,0.0,,,,,曝光/点击/CTR/CVR/ACOS/ROAS/活动清单
B0HF46K7W2,KC4PSP17100,2026-W35,2026-W34,0.0,0.0,,0.0,0.0,,0.0,0.0,,,,,曝光/点击/CTR/CVR/ACOS/ROAS/活动清单
B0HF49GHTH,KC4PSP16300,2026-W35,2026-W34,0.0,0.0,,0.0,0.0,,0.0,0.0,,,,,曝光/点击/CTR/CVR/ACOS/ROAS/活动清单
B0HF4B4GRN,KC4PSP16500,2026-W35,2026-W34,0.0,0.0,,0.0,0.0,,0.0,0.0,,,,,曝光/点击/CTR/CVR/ACOS/ROAS/活动清单
B0HF4BBZ89,KC4SGE01800,2026-W35,2026-W34,0.0,0.0,,0.0,0.0,,3.06,0.0,,,,,曝光/点击/CTR/CVR/ACOS/ROAS/活动清单
B0HF4CHTLX,KC4SGE03200,2026-W35,2026-W34,0.0,0.0,,0.0,0.0,,0.0,0.0,,,,,曝光/点击/CTR/CVR/ACOS/ROAS/活动清单
B0HF4D351S,KC4PSP18000,2026-W35,2026-W34,0.0,0.0,,0.0,0.0,,0.0,0.0,,,,,曝光/点击/CTR/CVR/ACOS/ROAS/活动清单
B0HF4D6N4G,KC4PSP17600,2026-W35,2026-W34,0.0,0.0,,0.0,0.0,,0.0,0.0,,,,,曝光/点击/CTR/CVR/ACOS/ROAS/活动清单
B0HF4D97JT,PT4SGE23600,2026-W35,2026-W34,0.0,0.0,,0.0,0.0,,0.0,0.0,,,,,曝光/点击/CTR/CVR/ACOS/ROAS/活动清单
B0HF4DWFXT,KC4PSP17800,2026-W35,2026-W34,0.0,0.0,,0.0,0.0,,0.0,0.0,,,,,曝光/点击/CTR/CVR/ACOS/ROAS/活动清单
B0HF4DYPHF,PT4SGE21000,2026-W35,2026-W34,0.0,0.0,,0.0,0.0,,0.0,0.0,,,,,曝光/点击/CTR/CVR/ACOS/ROAS/活动清单
B0HF4F1X3H,PT4SGE20000,2026-W35,2026-W34,0.0,0.0,,0.0,0.0,,0.0,0.0,,,,,曝光/点击/CTR/CVR/ACOS/ROAS/活动清单
B0HF4F2YB6,PT4SGE18700,2026-W35,2026-W34,0.0,0.0,,0.0,0.0,,0.0,0.0,,,,,曝光/点击/CTR/CVR/ACOS/ROAS/活动清单
B0HF4F5N8T,KX4SGE10900,2026-W35,2026-W34,0.0,0.0,,0.0,0.0,,0.0,0.0,,,,,曝光/点击/CTR/CVR/ACOS/ROAS/活动清单
B0HF4FNNVZ,KC4SGE00600,2026-W35,2026-W34,0.0,0.0,,0.0,0.0,,0.0,0.0,,,,,曝光/点击/CTR/CVR/ACOS/ROAS/活动清单
B0HF4G4VPS,KC4PSP16200,2026-W35,2026-W34,0.0,0.0,,0.0,0.0,,0.0,0.0,,,,,曝光/点击/CTR/CVR/ACOS/ROAS/活动清单
B0HF4G759S,PT4SGE20300,2026-W35,2026-W34,0.0,0.0,,0.0,0.0,,0.0,0.0,,,,,曝光/点击/CTR/CVR/ACOS/ROAS/活动清单
B0HF4G9V7V,KC4SGE03900,2026-W35,2026-W34,0.0,0.0,,0.0,0.0,,0.0,0.0,,,,,曝光/点击/CTR/CVR/ACOS/ROAS/活动清单
B0HF4GC2XN,KX4SGE12200,2026-W35,2026-W34,0.0,0.0,,0.0,0.0,,0.0,0.0,,,,,曝光/点击/CTR/CVR/ACOS/ROAS/活动清单
B0HF4GGKGC,PT4SGE19500,2026-W35,2026-W34,0.0,0.0,,0.0,0.0,,3.06,0.0,,,,,曝光/点击/CTR/CVR/ACOS/ROAS/活动清单
B0HF4GGQYM,KC4SGE00500,2026-W35,2026-W34,0.0,0.0,,0.0,0.0,,0.0,0.0,,,,,曝光/点击/CTR/CVR/ACOS/ROAS/活动清单
B0HF4GJJWW,KX4SGE12600,2026-W35,2026-W34,0.0,0.0,,0.0,0.0,,0.0,0.0,,,,,曝光/点击/CTR/CVR/ACOS/ROAS/活动清单
B0HF4GJP85,PT4SGE21500,2026-W35,2026-W34,0.0,0.0,,0.0,0.0,,0.0,0.0,,,,,曝光/点击/CTR/CVR/ACOS/ROAS/活动清单
B0HF4GKHN3,KX4SGE12700,2026-W35,2026-W34,0.0,0.0,,0.0,0.0,,38.7,0.0,,,,,曝光/点击/CTR/CVR/ACOS/ROAS/活动清单
B0HF4GQ7K9,KC4SGE01600,2026-W35,2026-W34,0.0,0.0,,0.0,0.0,,0.0,0.0,,,,,曝光/点击/CTR/CVR/ACOS/ROAS/活动清单
B0HF4H7J7G,OO4SGE34100,2026-W35,2026-W34,0.0,0.0,,0.0,0.0,,0.0,0.0,,,,,曝光/点击/CTR/CVR/ACOS/ROAS/活动清单
B0HF4HJ1BD,PT4SGE22800,2026-W35,2026-W34,0.0,0.0,,0.0,0.0,,0.0,0.0,,,,,曝光/点击/CTR/CVR/ACOS/ROAS/活动清单
B0HF4HN9S9,KX4SGE14900,2026-W35,2026-W34,0.0,0.0,,0.0,0.0,,0.0,0.0,,,,,曝光/点击/CTR/CVR/ACOS/ROAS/活动清单
B0HF4HT25G,PT4SGE21400,2026-W35,2026-W34,0.0,0.0,,0.0,0.0,,0.0,0.0,,,,,曝光/点击/CTR/CVR/ACOS/ROAS/活动清单
B0HF4HZFM5,KX4SGE10700,2026-W35,2026-W34,0.0,0.0,,0.0,0.0,,0.0,0.0,,,,,曝光/点击/CTR/CVR/ACOS/ROAS/活动清单
B0HF4JGY5G,PT4SGE20500,2026-W35,2026-W34,1.0,0.0,N/A,646.0,0.0,N/A,0.0,0.0,0.0,,,,曝光/点击/CTR/CVR/ACOS/ROAS/活动清单
B0HF4JMVM9,PT4SGE21900,2026-W35,2026-W34,0.0,0.0,,0.0,0.0,,0.0,0.0,,,,,曝光/点击/CTR/CVR/ACOS/ROAS/活动清单
B0HF4JP363,KC4SGE00700,2026-W35,2026-W34,0.0,0.0,,0.0,0.0,,0.0,0.0,,,,,曝光/点击/CTR/CVR/ACOS/ROAS/活动清单
B0HF4JP6SC,KC4PSP16600,2026-W35,2026-W34,0.0,0.0,,0.0,0.0,,0.0,0.0,,,,,曝光/点击/CTR/CVR/ACOS/ROAS/活动清单
B0HF4JWN6W,PT4SGE23100,2026-W35,2026-W34,0.0,0.0,,0.0,0.0,,2.65,9.66,,,,,曝光/点击/CTR/CVR/ACOS/ROAS/活动清单
B0HF4K38D1,KC4SGE01000,2026-W35,2026-W34,0.0,0.0,,0.0,0.0,,0.0,0.0,,,,,曝光/点击/CTR/CVR/ACOS/ROAS/活动清单
B0HF4K9VC3,KX4SGE13500,2026-W35,2026-W34,0.0,0.0,,0.0,0.0,,0.0,3.67,,,,,曝光/点击/CTR/CVR/ACOS/ROAS/活动清单
B0HF4KB9B4,KC4SGE00200,2026-W35,2026-W34,0.0,0.0,,0.0,0.0,,0.0,0.0,,,,,曝光/点击/CTR/CVR/ACOS/ROAS/活动清单
B0HF4KCW2F,PT4SGE20800,2026-W35,2026-W34,0.0,0.0,,0.0,0.0,,0.0,0.0,,,,,曝光/点击/CTR/CVR/ACOS/ROAS/活动清单
B0HF4KG55T,KX4SGE10600,2026-W35,2026-W34,0.0,0.0,,0.0,0.0,,0.0,0.0,,,,,曝光/点击/CTR/CVR/ACOS/ROAS/活动清单
B0HF4KJN5K,PT4SGE18800,2026-W35,2026-W34,0.0,0.0,,0.0,0.0,,0.0,0.0,,,,,曝光/点击/CTR/CVR/ACOS/ROAS/活动清单
B0HF4KQWPK,KC4SGE01200,2026-W35,2026-W34,0.0,0.0,,0.0,0.0,,0.0,0.0,,,,,曝光/点击/CTR/CVR/ACOS/ROAS/活动清单
B0HF4L97DT,KX4SGE18000,2026-W35,2026-W34,0.0,0.0,,0.0,0.0,,0.0,0.0,,,,,曝光/点击/CTR/CVR/ACOS/ROAS/活动清单
B0HF4L9C3R,PT4SGE20800,2026-W35,2026-W34,0.0,0.0,,0.0,0.0,,0.0,0.0,,,,,曝光/点击/CTR/CVR/ACOS/ROAS/活动清单
B0HF4LCX1N,KC4SGE02900,2026-W35,2026-W34,0.0,0.0,,0.0,0.0,,0.0,0.0,,,,,曝光/点击/CTR/CVR/ACOS/ROAS/活动清单
B0HF4LGC94,KC4PSP16400,2026-W35,2026-W34,0.0,0.0,,0.0,0.0,,0.0,0.0,,,,,曝光/点击/CTR/CVR/ACOS/ROAS/活动清单
B0HF4LJFML,KC4SGE03500,2026-W35,2026-W34,0.0,0.0,,0.0,0.0,,0.0,0.0,,,,,曝光/点击/CTR/CVR/ACOS/ROAS/活动清单
B0HF4LK9BG,KC4PSP15800,2026-W35,2026-W34,0.0,0.0,,0.0,0.0,,0.0,0.0,,,,,曝光/点击/CTR/CVR/ACOS/ROAS/活动清单
B0HF4LM1ZQ,KC4PSP16400,2026-W35,2026-W34,0.0,0.0,,0.0,0.0,,0.0,0.0,,,,,曝光/点击/CTR/CVR/ACOS/ROAS/活动清单
B0HF4LPXY5,KC4SGE00100,2026-W35,2026-W34,0.0,0.0,,0.0,0.0,,3.67,0.0,,,,,曝光/点击/CTR/CVR/ACOS/ROAS/活动清单
B0HF4LQSLS,KC4SGE01700,2026-W35,2026-W34,0.0,0.0,,0.0,0.0,,0.0,0.0,,,,,曝光/点击/CTR/CVR/ACOS/ROAS/活动清单
B0HF4LTJ2W,KX4SGE10300,2026-W35,2026-W34,0.0,0.0,,0.0,0.0,,0.0,0.0,,,,,曝光/点击/CTR/CVR/ACOS/ROAS/活动清单
B0HF4LW359,KC4SGE00800,2026-W35,2026-W34,0.0,0.0,,0.0,0.0,,0.0,0.0,,,,,曝光/点击/CTR/CVR/ACOS/ROAS/活动清单
B0HF4LZFM6,KC4SGE03100,2026-W35,2026-W34,0.0,0.0,,0.0,0.0,,0.0,0.0,,,,,曝光/点击/CTR/CVR/ACOS/ROAS/活动清单
B0HF4M7HCF,PT4SGE21100,2026-W35,2026-W34,0.0,0.0,,0.0,0.0,,0.0,0.0,,,,,曝光/点击/CTR/CVR/ACOS/ROAS/活动清单
B0HF4MHXNJ,KX4SGE10200,2026-W35,2026-W34,0.0,0.0,,0.0,0.0,,9.38,0.0,,,,,曝光/点击/CTR/CVR/ACOS/ROAS/活动清单
B0HF4MRBYL,PT4SGE19300,2026-W35,2026-W34,0.0,0.0,,0.0,0.0,,0.0,0.0,,,,,曝光/点击/CTR/CVR/ACOS/ROAS/活动清单
B0HF4N6F23,KC4SGE05500,2026-W35,2026-W34,0.0,0.0,,0.0,0.0,,0.0,0.0,,,,,曝光/点击/CTR/CVR/ACOS/ROAS/活动清单
B0HF4N9CZ9,KC4SGE03900,2026-W35,2026-W34,0.0,0.0,,0.0,0.0,,0.0,0.0,,,,,曝光/点击/CTR/CVR/ACOS/ROAS/活动清单
B0HF4NBNVW,KX4SGE07700,2026-W35,2026-W34,0.0,0.0,,0.0,0.0,,0.0,0.0,,,,,曝光/点击/CTR/CVR/ACOS/ROAS/活动清单
B0HF4NCYZ5,KC4SGE01500,2026-W35,2026-W34,0.0,0.0,,0.0,0.0,,0.0,0.0,,,,,曝光/点击/CTR/CVR/ACOS/ROAS/活动清单
B0HF4ND3N9,PT4SGE22500,2026-W35,2026-W34,0.0,0.0,,0.0,0.0,,0.0,0.0,,,,,曝光/点击/CTR/CVR/ACOS/ROAS/活动清单
B0HF4NH8QH,KX4SGE16700,2026-W35,2026-W34,0.0,0.0,,0.0,0.0,,0.0,0.0,,,,,曝光/点击/CTR/CVR/ACOS/ROAS/活动清单
B0HF4NJ2LH,PT4SGE20300,2026-W35,2026-W34,0.0,0.0,,0.0,0.0,,0.0,0.0,,,,,曝光/点击/CTR/CVR/ACOS/ROAS/活动清单
B0HF4NPYXQ,KX4SGE12600,2026-W35,2026-W34,0.0,0.0,,0.0,0.0,,0.0,0.0,,,,,曝光/点击/CTR/CVR/ACOS/ROAS/活动清单
B0HF4NRFZB,OO4SGE38300,2026-W35,2026-W34,0.0,0.0,,0.0,0.0,,0.0,0.0,,,,,曝光/点击/CTR/CVR/ACOS/ROAS/活动清单
B0HF4NRL7Z,KC4SGE05400,2026-W35,2026-W34,0.0,0.0,,0.0,0.0,,0.0,7.0,,,,,曝光/点击/CTR/CVR/ACOS/ROAS/活动清单
B0HF4NRWS3,KX4SGE17300,2026-W35,2026-W34,0.0,0.0,,0.0,0.0,,0.0,0.0,,,,,曝光/点击/CTR/CVR/ACOS/ROAS/活动清单
B0HF4NTNQM,PT4SGE26700,2026-W35,2026-W34,0.0,0.0,,0.0,0.0,,0.0,0.0,,,,,曝光/点击/CTR/CVR/ACOS/ROAS/活动清单
B0HF4NVVRC,KC4SGE00700,2026-W35,2026-W34,0.0,0.0,,0.0,0.0,,0.0,0.0,,,,,曝光/点击/CTR/CVR/ACOS/ROAS/活动清单
B0HF4P4TPM,KC4PSP17700,2026-W35,2026-W34,0.0,0.0,,0.0,0.0,,0.0,0.0,,,,,曝光/点击/CTR/CVR/ACOS/ROAS/活动清单
B0HF4PHH13,KX4SGE11100,2026-W35,2026-W34,0.0,0.0,,0.0,0.0,,0.0,0.0,,,,,曝光/点击/CTR/CVR/ACOS/ROAS/活动清单
B0HF4PKH2W,PT4SGE23200,2026-W35,2026-W34,0.0,0.0,,0.0,0.0,,0.0,0.0,,,,,曝光/点击/CTR/CVR/ACOS/ROAS/活动清单
B0HF4PKH58,KC4SGE00900,2026-W35,2026-W34,0.0,0.0,,0.0,0.0,,0.0,0.0,,,,,曝光/点击/CTR/CVR/ACOS/ROAS/活动清单
B0HF4PKZGQ,PT4SGE23300,2026-W35,2026-W34,0.0,0.0,,0.0,0.0,,0.0,0.0,,,,,曝光/点击/CTR/CVR/ACOS/ROAS/活动清单
B0HF4PMKDX,KC4SGE02800,2026-W35,2026-W34,0.0,0.0,,0.0,0.0,,1.36,0.0,,,,,曝光/点击/CTR/CVR/ACOS/ROAS/活动清单
B0HF4PN69D,KX4SGE12900,2026-W35,2026-W34,0.0,0.0,,0.0,0.0,,0.0,0.0,,,,,曝光/点击/CTR/CVR/ACOS/ROAS/活动清单
B0HF4PPXGX,KC4PSP17000,2026-W35,2026-W34,0.0,0.0,,0.0,0.0,,0.0,0.0,,,,,曝光/点击/CTR/CVR/ACOS/ROAS/活动清单
B0HF4PRM3V,KC4SGE00600,2026-W35,2026-W34,0.0,0.0,,0.0,0.0,,0.0,0.0,,,,,曝光/点击/CTR/CVR/ACOS/ROAS/活动清单
B0HF4PTP4S,KC4PSP16500,2026-W35,2026-W34,0.0,0.0,,0.0,0.0,,0.0,0.0,,,,,曝光/点击/CTR/CVR/ACOS/ROAS/活动清单
B0HF4Q5JLR,PT4SGE22700,2026-W35,2026-W34,0.0,0.0,,0.0,0.0,,0.0,0.0,,,,,曝光/点击/CTR/CVR/ACOS/ROAS/活动清单
B0HF4Q7XM9,KC4PSP15800,2026-W35,2026-W34,0.0,0.0,,0.0,0.0,,0.0,0.0,,,,,曝光/点击/CTR/CVR/ACOS/ROAS/活动清单
B0HF4Q853T,KC4SGE01300,2026-W35,2026-W34,0.0,0.0,,0.0,0.0,,0.0,0.0,,,,,曝光/点击/CTR/CVR/ACOS/ROAS/活动清单
B0HF4Q8G18,PT4SGE26800,2026-W35,2026-W34,0.0,0.0,,0.0,0.0,,0.0,0.0,,,,,曝光/点击/CTR/CVR/ACOS/ROAS/活动清单
B0HF4QQG3J,KX4SGE09700,2026-W35,2026-W34,0.0,0.0,,0.0,0.0,,0.0,0.0,,,,,曝光/点击/CTR/CVR/ACOS/ROAS/活动清单
B0HF4QSSKP,KC4PSP17500,2026-W35,2026-W34,0.0,0.0,,0.0,0.0,,0.0,0.0,,,,,曝光/点击/CTR/CVR/ACOS/ROAS/活动清单
B0HF4QTMK9,PT4SGE19200,2026-W35,2026-W34,0.0,0.0,,0.0,0.0,,1.22,0.0,,,,,曝光/点击/CTR/CVR/ACOS/ROAS/活动清单
B0HF4QTYR4,PT4SGE22500,2026-W35,2026-W34,0.0,0.0,,0.0,0.0,,0.0,0.0,,,,,曝光/点击/CTR/CVR/ACOS/ROAS/活动清单
B0HF4QZCJH,KC4SGE01400,2026-W35,2026-W34,0.0,0.0,,0.0,0.0,,0.0,0.0,,,,,曝光/点击/CTR/CVR/ACOS/ROAS/活动清单
B0HF4R1G8J,KC4SGE05500,2026-W35,2026-W34,0.0,0.0,,0.0,0.0,,0.0,0.0,,,,,曝光/点击/CTR/CVR/ACOS/ROAS/活动清单
B0HF4R46C6,KX4SGE13700,2026-W35,2026-W34,0.0,0.0,,0.0,0.0,,0.0,0.0,,,,,曝光/点击/CTR/CVR/ACOS/ROAS/活动清单
B0HF4R66DM,KX4SGE09300,2026-W35,2026-W34,0.0,0.0,,0.0,0.0,,0.0,0.0,,,,,曝光/点击/CTR/CVR/ACOS/ROAS/活动清单
B0HF4R752Q,PT4SGE19100,2026-W35,2026-W34,0.0,0.0,,0.0,0.0,,0.0,0.0,,,,,曝光/点击/CTR/CVR/ACOS/ROAS/活动清单
B0HF4R88HM,PT4SGE28200,2026-W35,2026-W34,0.0,0.0,,0.0,0.0,,0.0,0.0,,,,,曝光/点击/CTR/CVR/ACOS/ROAS/活动清单
B0HF4RFKP6,KC4SGE04300,2026-W35,2026-W34,0.0,0.0,,0.0,0.0,,0.0,0.0,,,,,曝光/点击/CTR/CVR/ACOS/ROAS/活动清单
B0HF4RFYC7,PT4SGE20000,2026-W35,2026-W34,0.0,0.0,,0.0,0.0,,0.0,0.0,,,,,曝光/点击/CTR/CVR/ACOS/ROAS/活动清单
B0HF4RH2XL,KC4SGE01000,2026-W35,2026-W34,0.0,0.0,,0.0,0.0,,0.0,0.0,,,,,曝光/点击/CTR/CVR/ACOS/ROAS/活动清单
B0HF4RJ8ZX,PT4SGE21900,2026-W35,2026-W34,0.0,0.0,,0.0,0.0,,0.0,0.0,,,,,曝光/点击/CTR/CVR/ACOS/ROAS/活动清单
B0HF4RJKWP,KX4SGE17400,2026-W35,2026-W34,0.0,0.0,,0.0,0.0,,0.0,0.0,,,,,曝光/点击/CTR/CVR/ACOS/ROAS/活动清单
B0HF4RPDCL,OO4SGE34600,2026-W35,2026-W34,0.0,0.0,,0.0,0.0,,0.0,0.0,,,,,曝光/点击/CTR/CVR/ACOS/ROAS/活动清单
B0HF4RXC3T,KC4PSP17500,2026-W35,2026-W34,0.0,0.0,,0.0,0.0,,0.0,0.0,,,,,曝光/点击/CTR/CVR/ACOS/ROAS/活动清单
B0HF4RYM9W,PT4SGE23100,2026-W35,2026-W34,0.0,0.0,,0.0,0.0,,0.0,0.0,,,,,曝光/点击/CTR/CVR/ACOS/ROAS/活动清单
B0HF4RZGCP,OO4SGE37700,2026-W35,2026-W34,0.0,0.0,,0.0,0.0,,0.0,0.0,,,,,曝光/点击/CTR/CVR/ACOS/ROAS/活动清单
B0HF4S1115,KC4SGE01700,2026-W35,2026-W34,0.0,0.0,,0.0,0.0,,0.0,0.0,,,,,曝光/点击/CTR/CVR/ACOS/ROAS/活动清单
B0HF4S1WZC,PT4SGE22800,2026-W35,2026-W34,0.0,0.0,,0.0,0.0,,0.0,0.0,,,,,曝光/点击/CTR/CVR/ACOS/ROAS/活动清单
B0HF4SFW4F,PT4SGE21100,2026-W35,2026-W34,0.0,0.0,,0.0,0.0,,0.0,0.0,,,,,曝光/点击/CTR/CVR/ACOS/ROAS/活动清单
B0HF4SFYR2,KC4SGE03300,2026-W35,2026-W34,0.0,0.0,,0.0,0.0,,0.0,0.0,,,,,曝光/点击/CTR/CVR/ACOS/ROAS/活动清单
B0HF4SG8HS,KC4PSP17000,2026-W35,2026-W34,0.0,0.0,,0.0,0.0,,0.0,0.0,,,,,曝光/点击/CTR/CVR/ACOS/ROAS/活动清单
B0HF4SVMX6,KX4SGE10300,2026-W35,2026-W34,0.0,0.0,,0.0,0.0,,0.0,0.0,,,,,曝光/点击/CTR/CVR/ACOS/ROAS/活动清单
B0HF4SW28N,KC4SGE00100,2026-W35,2026-W34,0.0,0.0,,0.0,0.0,,0.0,0.0,,,,,曝光/点击/CTR/CVR/ACOS/ROAS/活动清单
B0HF4T64Y1,KC4PSP16300,2026-W35,2026-W34,0.0,0.0,,0.0,0.0,,0.0,0.0,,,,,曝光/点击/CTR/CVR/ACOS/ROAS/活动清单
B0HF4TBKNW,KC4SGE00800,2026-W35,2026-W34,0.0,0.0,,0.0,0.0,,0.0,0.0,,,,,曝光/点击/CTR/CVR/ACOS/ROAS/活动清单
B0HF4TDM7H,PT4SGE22200,2026-W35,2026-W34,0.0,0.0,,0.0,0.0,,0.0,0.0,,,,,曝光/点击/CTR/CVR/ACOS/ROAS/活动清单
B0HF4TJTXM,KC4SGE00300,2026-W35,2026-W34,0.0,0.0,,0.0,0.0,,0.0,0.0,,,,,曝光/点击/CTR/CVR/ACOS/ROAS/活动清单
B0HF4TRQDC,KX4SGE13100,2026-W35,2026-W34,0.0,0.0,,0.0,0.0,,0.0,0.0,,,,,曝光/点击/CTR/CVR/ACOS/ROAS/活动清单
B0HF4TSY5B,PT4SGE27800,2026-W35,2026-W34,0.0,0.0,,0.0,0.0,,0.0,0.0,,,,,曝光/点击/CTR/CVR/ACOS/ROAS/活动清单
B0HF4V37P2,KC4PSP17800,2026-W35,2026-W34,0.0,0.0,,0.0,0.0,,0.0,0.0,,,,,曝光/点击/CTR/CVR/ACOS/ROAS/活动清单
B0HF4V7FPM,KX4SGE14900,2026-W35,2026-W34,0.0,0.0,,0.0,0.0,,0.0,0.0,,,,,曝光/点击/CTR/CVR/ACOS/ROAS/活动清单
B0HF4VDVKX,KX4SGE10700,2026-W35,2026-W34,0.0,0.0,,0.0,0.0,,0.0,0.0,,,,,曝光/点击/CTR/CVR/ACOS/ROAS/活动清单
B0HF4VFXDJ,KX4SGE09700,2026-W35,2026-W34,0.0,0.0,,0.0,0.0,,0.0,0.0,,,,,曝光/点击/CTR/CVR/ACOS/ROAS/活动清单
B0HF4VJ9S3,OO4SGE34000,2026-W35,2026-W34,0.0,0.0,,0.0,0.0,,0.0,4.69,,,,,曝光/点击/CTR/CVR/ACOS/ROAS/活动清单
B0HF4VKHJH,KC4SGE02800,2026-W35,2026-W34,0.0,0.0,,0.0,0.0,,0.0,0.0,,,,,曝光/点击/CTR/CVR/ACOS/ROAS/活动清单
B0HF4VKJJ6,PT4SGE27600,2026-W35,2026-W34,0.0,0.0,,0.0,0.0,,3.54,0.0,,,,,曝光/点击/CTR/CVR/ACOS/ROAS/活动清单
B0HF4VMWMC,PT4SGE19200,2026-W35,2026-W34,0.0,0.0,,0.0,0.0,,0.0,0.0,,,,,曝光/点击/CTR/CVR/ACOS/ROAS/活动清单
B0HF4VPTZ4,KX4SGE13500,2026-W35,2026-W34,0.0,0.0,,0.0,0.0,,0.0,0.0,,,,,曝光/点击/CTR/CVR/ACOS/ROAS/活动清单
B0HF4W1BSY,KC4SGE03100,2026-W35,2026-W34,0.0,0.0,,0.0,0.0,,0.0,0.0,,,,,曝光/点击/CTR/CVR/ACOS/ROAS/活动清单
B0HF4W6F37,KC4PSP18000,2026-W35,2026-W34,0.0,0.0,,0.0,0.0,,2.99,0.0,,,,,曝光/点击/CTR/CVR/ACOS/ROAS/活动清单
B0HF4W6S6F,KC4PSP16200,2026-W35,2026-W34,0.0,0.0,,0.0,0.0,,0.0,0.0,,,,,曝光/点击/CTR/CVR/ACOS/ROAS/活动清单
B0HF4W7B62,PT4SGE23200,2026-W35,2026-W34,0.0,0.0,,0.0,0.0,,0.0,0.0,,,,,曝光/点击/CTR/CVR/ACOS/ROAS/活动清单
B0HF4W9ZVJ,PT4SGE19500,2026-W35,2026-W34,0.0,0.0,,0.0,0.0,,0.0,0.0,,,,,曝光/点击/CTR/CVR/ACOS/ROAS/活动清单
B0HF4WCSTC,PT4SGE19300,2026-W35,2026-W34,0.0,0.0,,0.0,0.0,,0.0,0.0,,,,,曝光/点击/CTR/CVR/ACOS/ROAS/活动清单
B0HF4WP58F,KX4SGE16500,2026-W35,2026-W34,0.0,0.0,,0.0,0.0,,0.0,0.0,,,,,曝光/点击/CTR/CVR/ACOS/ROAS/活动清单
B0HF4WQ22L,KX4SGE07700,2026-W35,2026-W34,0.0,0.0,,0.0,0.0,,0.0,0.0,,,,,曝光/点击/CTR/CVR/ACOS/ROAS/活动清单
B0HF4WS2LD,KX4SGE14500,2026-W35,2026-W34,0.0,0.0,,0.0,0.0,,0.0,0.0,,,,,曝光/点击/CTR/CVR/ACOS/ROAS/活动清单
B0HF4WZM16,KX4SGE13100,2026-W35,2026-W34,0.0,0.0,,0.0,0.0,,0.0,0.0,,,,,曝光/点击/CTR/CVR/ACOS/ROAS/活动清单
B0HF4X4C1W,OO4SGE34000,2026-W35,2026-W34,0.0,0.0,,0.0,0.0,,4.69,10.54,,,,,曝光/点击/CTR/CVR/ACOS/ROAS/活动清单
B0HF4X8W9M,KC4SGE03700,2026-W35,2026-W34,0.0,0.0,,0.0,0.0,,0.0,0.0,,,,,曝光/点击/CTR/CVR/ACOS/ROAS/活动清单
B0HF4XC484,PT4SGE22700,2026-W35,2026-W34,0.0,0.0,,0.0,0.0,,0.0,0.0,,,,,曝光/点击/CTR/CVR/ACOS/ROAS/活动清单
B0HF4XYBJT,KX4SGE12200,2026-W35,2026-W34,0.0,0.0,,0.0,0.0,,0.0,0.0,,,,,曝光/点击/CTR/CVR/ACOS/ROAS/活动清单
B0HF4XYBNY,KX4SGE11100,2026-W35,2026-W34,0.0,0.0,,0.0,0.0,,0.0,0.0,,,,,曝光/点击/CTR/CVR/ACOS/ROAS/活动清单
B0HF4Y5J7Y,KX4SGE12700,2026-W35,2026-W34,0.0,0.0,,0.0,0.0,,0.0,0.0,,,,,曝光/点击/CTR/CVR/ACOS/ROAS/活动清单
B0HF4Y8HGP,PT4SGE21400,2026-W35,2026-W34,0.0,0.0,,0.0,0.0,,0.0,0.0,,,,,曝光/点击/CTR/CVR/ACOS/ROAS/活动清单
B0HF4YVQL9,KX4SGE12900,2026-W35,2026-W34,0.0,0.0,,0.0,0.0,,0.0,0.0,,,,,曝光/点击/CTR/CVR/ACOS/ROAS/活动清单
B0HF4YZPDF,KC4SGE02900,2026-W35,2026-W34,0.0,0.0,,0.0,0.0,,0.0,0.0,,,,,曝光/点击/CTR/CVR/ACOS/ROAS/活动清单
B0HF4ZF3HG,PT4SGE19100,2026-W35,2026-W34,0.0,0.0,,0.0,0.0,,0.0,1.7,,,,,曝光/点击/CTR/CVR/ACOS/ROAS/活动清单
B0HF4ZF5X9,PT4SGE20500,2026-W35,2026-W34,0.0,0.0,,0.0,0.0,,28.63,0.0,,,,,曝光/点击/CTR/CVR/ACOS/ROAS/活动清单
B0HF4ZLPYM,OO4SGE34800,2026-W35,2026-W34,0.0,0.0,,0.0,0.0,,0.0,0.0,,,,,曝光/点击/CTR/CVR/ACOS/ROAS/活动清单
B0HF4ZLWLS,PT4SGE23600,2026-W35,2026-W34,0.0,0.0,,0.0,0.0,,0.0,0.0,,,,,曝光/点击/CTR/CVR/ACOS/ROAS/活动清单
B0HF4ZXLTC,PT4SGE26200,2026-W35,2026-W34,0.0,0.0,,0.0,0.0,,0.0,0.0,,,,,曝光/点击/CTR/CVR/ACOS/ROAS/活动清单
B0HF4ZYKDH,KC4PSP16600,2026-W35,2026-W34,0.0,0.0,,0.0,0.0,,0.0,0.0,,,,,曝光/点击/CTR/CVR/ACOS/ROAS/活动清单
B0HF514K5M,KC4SGE01100,2026-W35,2026-W34,0.0,0.0,,0.0,0.0,,4.08,2.86,,,,,曝光/点击/CTR/CVR/ACOS/ROAS/活动清单
B0HF51KVJ3,PT4SGE28200,2026-W35,2026-W34,0.0,0.0,,0.0,0.0,,0.0,0.0,,,,,曝光/点击/CTR/CVR/ACOS/ROAS/活动清单
B0HF51LKS6,KX4SGE14500,2026-W35,2026-W34,0.0,0.0,,0.0,0.0,,0.0,0.0,,,,,曝光/点击/CTR/CVR/ACOS/ROAS/活动清单
B0HF52G4SJ,OO4SGE34100,2026-W35,2026-W34,0.0,0.0,,0.0,0.0,,0.0,0.0,,,,,曝光/点击/CTR/CVR/ACOS/ROAS/活动清单
B0HF534CSM,PT4SGE21500,2026-W35,2026-W34,0.0,0.0,,0.0,0.0,,0.0,0.0,,,,,曝光/点击/CTR/CVR/ACOS/ROAS/活动清单
B0HF535CH3,KC4SGE01100,2026-W35,2026-W34,0.0,0.0,,0.0,0.0,,0.0,0.0,,,,,曝光/点击/CTR/CVR/ACOS/ROAS/活动清单
B0HF54BWLK,KC4SGE03200,2026-W35,2026-W34,0.0,0.0,,0.0,0.0,,0.0,0.0,,,,,曝光/点击/CTR/CVR/ACOS/ROAS/活动清单
B0HF54SLND,KX4SGE12100,2026-W35,2026-W34,0.0,0.0,,0.0,0.0,,0.0,0.0,,,,,曝光/点击/CTR/CVR/ACOS/ROAS/活动清单
B0HF54T8JC,KC4SGE00900,2026-W35,2026-W34,0.0,0.0,,0.0,0.0,,0.0,0.0,,,,,曝光/点击/CTR/CVR/ACOS/ROAS/活动清单
B0HF56Z1QZ,KX4SGE10200,2026-W35,2026-W34,0.0,0.0,,0.0,0.0,,4.08,0.0,,,,,曝光/点击/CTR/CVR/ACOS/ROAS/活动清单
B0HF56ZXWQ,PT4SGE23400,2026-W35,2026-W34,0.0,0.0,,0.0,0.0,,0.0,0.0,,,,,曝光/点击/CTR/CVR/ACOS/ROAS/活动清单
B0HF6TVL2N,OO4SGE36300,2026-W35,2026-W34,0.0,0.0,,0.0,0.0,,0.0,0.0,,,,,曝光/点击/CTR/CVR/ACOS/ROAS/活动清单
B0HF6V55WT,KX4SGE10600,2026-W35,2026-W34,0.0,0.0,,0.0,0.0,,0.0,0.0,,,,,曝光/点击/CTR/CVR/ACOS/ROAS/活动清单
B0HF6VBSD1,KX4SGE16800,2026-W35,2026-W34,0.0,0.0,,0.0,0.0,,0.0,0.0,,,,,曝光/点击/CTR/CVR/ACOS/ROAS/活动清单
B0HF6VCZHG,KC4PSP18100,2026-W35,2026-W34,0.0,0.0,,0.0,0.0,,0.0,0.0,,,,,曝光/点击/CTR/CVR/ACOS/ROAS/活动清单
B0HF6VDK1T,KX4SGE08200,2026-W35,2026-W34,0.0,0.0,,0.0,0.0,,0.0,0.0,,,,,曝光/点击/CTR/CVR/ACOS/ROAS/活动清单
B0HF6WCXZ4,PT4SGE26700,2026-W35,2026-W34,0.0,0.0,,0.0,0.0,,0.0,0.0,,,,,曝光/点击/CTR/CVR/ACOS/ROAS/活动清单
B0HF6X9YLV,KC4SGE05300,2026-W35,2026-W34,0.0,0.0,,0.0,0.0,,0.2,3.06,,,,,曝光/点击/CTR/CVR/ACOS/ROAS/活动清单
B0HF6XKVTJ,PT4SGE24100,2026-W35,2026-W34,0.0,0.0,,0.0,0.0,,0.0,0.0,,,,,曝光/点击/CTR/CVR/ACOS/ROAS/活动清单
B0HF6XN9PR,OO4SGE36800,2026-W35,2026-W34,0.0,0.0,,0.0,0.0,,0.0,0.0,,,,,曝光/点击/CTR/CVR/ACOS/ROAS/活动清单
B0HF6XTK7Q,PT4SGE25400,2026-W35,2026-W34,0.0,0.0,,0.0,0.0,,0.0,0.0,,,,,曝光/点击/CTR/CVR/ACOS/ROAS/活动清单
B0HF6XYWS1,PT4SGE26500,2026-W35,2026-W34,0.0,0.0,,0.0,0.0,,5.92,0.0,,,,,曝光/点击/CTR/CVR/ACOS/ROAS/活动清单
B0HF6Y2CHT,KC4PSP17200,2026-W35,2026-W34,0.0,0.0,,0.0,0.0,,0.0,0.0,,,,,曝光/点击/CTR/CVR/ACOS/ROAS/活动清单
B0HF6Y2RBF,OO4SGE38400,2026-W35,2026-W34,0.0,0.0,,0.0,0.0,,0.0,0.0,,,,,曝光/点击/CTR/CVR/ACOS/ROAS/活动清单
B0HF6Y2ZGX,KX4SGE15400,2026-W35,2026-W34,0.0,0.0,,0.0,0.0,,0.0,0.0,,,,,曝光/点击/CTR/CVR/ACOS/ROAS/活动清单
B0HF6Y36KK,PT4SGE23900,2026-W35,2026-W34,0.0,0.0,,0.0,0.0,,0.0,0.0,,,,,曝光/点击/CTR/CVR/ACOS/ROAS/活动清单
B0HF6Y3WFD,KX4SGE17100,2026-W35,2026-W34,0.0,0.0,,0.0,0.0,,0.0,0.0,,,,,曝光/点击/CTR/CVR/ACOS/ROAS/活动清单
B0HF6YWQ5R,PT4SGE18800,2026-W35,2026-W34,0.0,0.0,,0.0,0.0,,0.0,0.0,,,,,曝光/点击/CTR/CVR/ACOS/ROAS/活动清单
B0HF6ZF22C,PT4SGE26500,2026-W35,2026-W34,0.0,0.0,,0.0,0.0,,0.0,0.0,,,,,曝光/点击/CTR/CVR/ACOS/ROAS/活动清单
B0HF6ZGR74,OO4SGE36000,2026-W35,2026-W34,1.0,0.0,N/A,1761.2,0.0,N/A,0.0,0.0,0.0,,,,曝光/点击/CTR/CVR/ACOS/ROAS/活动清单
B0HF6ZPQ29,KX4SGE07900,2026-W35,2026-W34,0.0,0.0,,0.0,0.0,,28.49,0.0,,,,,曝光/点击/CTR/CVR/ACOS/ROAS/活动清单
B0HF6ZW2SY,PT4SGE20100,2026-W35,2026-W34,0.0,0.0,,0.0,0.0,,0.0,0.0,,,,,曝光/点击/CTR/CVR/ACOS/ROAS/活动清单
B0HF6ZWCVH,PT4SGE28100,2026-W35,2026-W34,0.0,0.0,,0.0,0.0,,0.0,0.0,,,,,曝光/点击/CTR/CVR/ACOS/ROAS/活动清单
B0HF7119G6,OO4SGE34300,2026-W35,2026-W34,0.0,0.0,,0.0,0.0,,0.0,0.0,,,,,曝光/点击/CTR/CVR/ACOS/ROAS/活动清单
B0HF7165D1,KX4SGE14000,2026-W35,2026-W34,0.0,0.0,,0.0,0.0,,11.7,0.0,,,,,曝光/点击/CTR/CVR/ACOS/ROAS/活动清单
B0HF717BL8,KC4PSP17600,2026-W35,2026-W34,0.0,0.0,,0.0,0.0,,0.0,0.0,,,,,曝光/点击/CTR/CVR/ACOS/ROAS/活动清单
B0HF71BKZP,PT4SGE25400,2026-W35,2026-W34,0.0,0.0,,0.0,0.0,,0.0,0.0,,,,,曝光/点击/CTR/CVR/ACOS/ROAS/活动清单
B0HF71G1YB,PT4SGE24100,2026-W35,2026-W34,0.0,0.0,,0.0,0.0,,7.55,0.0,,,,,曝光/点击/CTR/CVR/ACOS/ROAS/活动清单
B0HF71G45T,KC4SGE00200,2026-W35,2026-W34,0.0,0.0,,0.0,0.0,,0.0,0.0,,,,,曝光/点击/CTR/CVR/ACOS/ROAS/活动清单
B0HF71JJZY,KX4SGE17400,2026-W35,2026-W34,0.0,0.0,,0.0,0.0,,0.0,0.0,,,,,曝光/点击/CTR/CVR/ACOS/ROAS/活动清单
B0HF71MYB6,KX4SGE15200,2026-W35,2026-W34,0.0,0.0,,0.0,0.0,,0.0,0.0,,,,,曝光/点击/CTR/CVR/ACOS/ROAS/活动清单
B0HF71P3WH,KC4SGE04100,2026-W35,2026-W34,0.0,0.0,,0.0,0.0,,0.0,0.0,,,,,曝光/点击/CTR/CVR/ACOS/ROAS/活动清单
B0HF71Y7WR,KX4SGE18000,2026-W35,2026-W34,0.0,0.0,,0.0,0.0,,0.0,0.0,,,,,曝光/点击/CTR/CVR/ACOS/ROAS/活动清单
B0HF721T32,PT4SGE28100,2026-W35,2026-W34,0.0,0.0,,0.0,0.0,,0.0,0.0,,,,,曝光/点击/CTR/CVR/ACOS/ROAS/活动清单
B0HF729X31,KC4PSP17200,2026-W35,2026-W34,0.0,0.0,,0.0,0.0,,0.0,0.0,,,,,曝光/点击/CTR/CVR/ACOS/ROAS/活动清单
B0HF72J2ZD,KX4SGE13300,2026-W35,2026-W34,0.0,0.0,,0.0,0.0,,0.0,0.0,,,,,曝光/点击/CTR/CVR/ACOS/ROAS/活动清单
B0HF72M683,KC4SGE03000,2026-W35,2026-W34,0.0,0.0,,0.0,0.0,,0.0,0.0,,,,,曝光/点击/CTR/CVR/ACOS/ROAS/活动清单
B0HF72QH89,OO4SGE35600,2026-W35,2026-W34,0.0,0.0,,0.0,0.0,,0.0,0.0,,,,,曝光/点击/CTR/CVR/ACOS/ROAS/活动清单
B0HF72T5VH,KX4SGE17300,2026-W35,2026-W34,0.0,0.0,,0.0,0.0,,0.0,0.0,,,,,曝光/点击/CTR/CVR/ACOS/ROAS/活动清单
B0HF72VZCK,KC4SGE03400,2026-W35,2026-W34,0.0,0.0,,0.0,0.0,,0.0,0.0,,,,,曝光/点击/CTR/CVR/ACOS/ROAS/活动清单
B0HF72WTP5,OO4SGE36900,2026-W35,2026-W34,1.0,0.0,N/A,1686.4,0.0,N/A,0.0,0.0,0.0,,,,曝光/点击/CTR/CVR/ACOS/ROAS/活动清单
B0HF72Z92G,PT4SGE18300,2026-W35,2026-W34,0.0,0.0,,0.0,0.0,,0.0,0.0,,,,,曝光/点击/CTR/CVR/ACOS/ROAS/活动清单
B0HF72ZW9S,KX4SGE17200,2026-W35,2026-W34,0.0,0.0,,0.0,0.0,,0.0,0.0,,,,,曝光/点击/CTR/CVR/ACOS/ROAS/活动清单
B0HF731DK6,KC4SGE05100,2026-W35,2026-W34,0.0,0.0,,0.0,0.0,,0.0,0.0,,,,,曝光/点击/CTR/CVR/ACOS/ROAS/活动清单
B0HF733PGJ,KC4SGE03500,2026-W35,2026-W34,0.0,0.0,,0.0,0.0,,0.0,0.0,,,,,曝光/点击/CTR/CVR/ACOS/ROAS/活动清单
B0HF7351SV,OO4SGE37300,2026-W35,2026-W34,0.0,0.0,,0.0,0.0,,0.0,0.0,,,,,曝光/点击/CTR/CVR/ACOS/ROAS/活动清单
B0HF7357HG,KC4SGE05400,2026-W35,2026-W34,0.0,0.0,,0.0,0.0,,0.0,0.0,,,,,曝光/点击/CTR/CVR/ACOS/ROAS/活动清单
B0HF737PVM,KX4SGE09100,2026-W35,2026-W34,1.0,0.0,N/A,1523.2,0.0,N/A,0.0,0.0,0.0,,,,曝光/点击/CTR/CVR/ACOS/ROAS/活动清单
B0HF7395DL,PT4SGE24300,2026-W35,2026-W34,0.0,0.0,,0.0,0.0,,0.0,0.0,,,,,曝光/点击/CTR/CVR/ACOS/ROAS/活动清单
B0HF739BDZ,OO4SGE36600,2026-W35,2026-W34,0.0,0.0,,0.0,0.0,,0.0,0.0,,,,,曝光/点击/CTR/CVR/ACOS/ROAS/活动清单
B0HF73JD1T,KC4SGE05200,2026-W35,2026-W34,0.0,0.0,,0.0,0.0,,0.0,0.0,,,,,曝光/点击/CTR/CVR/ACOS/ROAS/活动清单
B0HF73L3HM,PT4SGE23400,2026-W35,2026-W34,0.0,0.0,,0.0,0.0,,0.0,0.0,,,,,曝光/点击/CTR/CVR/ACOS/ROAS/活动清单
B0HF73ML4B,PT4SGE18500,2026-W35,2026-W34,0.0,0.0,,0.0,0.0,,0.0,0.0,,,,,曝光/点击/CTR/CVR/ACOS/ROAS/活动清单
B0HF73ML5P,OO4SGE36200,2026-W35,2026-W34,0.0,0.0,,0.0,0.0,,0.0,0.0,,,,,曝光/点击/CTR/CVR/ACOS/ROAS/活动清单
B0HF73Q9RD,KX4SGE09100,2026-W35,2026-W34,0.0,0.0,,0.0,0.0,,0.0,0.0,,,,,曝光/点击/CTR/CVR/ACOS/ROAS/活动清单
B0HF73QDNR,KC4SGE05300,2026-W35,2026-W34,0.0,0.0,,0.0,0.0,,0.0,0.0,,,,,曝光/点击/CTR/CVR/ACOS/ROAS/活动清单
B0HF73RMCC,KC4SGE02400,2026-W35,2026-W34,0.0,0.0,,0.0,0.0,,0.0,0.0,,,,,曝光/点击/CTR/CVR/ACOS/ROAS/活动清单
B0HF73S98V,KX4SGE10100,2026-W35,2026-W34,0.0,0.0,,0.0,0.0,,9.93,6.12,,,,,曝光/点击/CTR/CVR/ACOS/ROAS/活动清单
B0HF73S9LG,KC4SGE01600,2026-W35,2026-W34,0.0,0.0,,0.0,0.0,,0.0,0.0,,,,,曝光/点击/CTR/CVR/ACOS/ROAS/活动清单
B0HF73SB3S,KX4SGE08000,2026-W35,2026-W34,0.0,0.0,,0.0,0.0,,0.0,0.0,,,,,曝光/点击/CTR/CVR/ACOS/ROAS/活动清单
B0HF73XVQB,KX4SGE13200,2026-W35,2026-W34,0.0,0.0,,0.0,0.0,,3.06,0.0,,,,,曝光/点击/CTR/CVR/ACOS/ROAS/活动清单
B0HF73YCW1,PT4SGE18600,2026-W35,2026-W34,0.0,0.0,,0.0,0.0,,0.0,0.0,,,,,曝光/点击/CTR/CVR/ACOS/ROAS/活动清单
B0HF7415XG,KC4SGE04600,2026-W35,2026-W34,0.0,0.0,,0.0,0.0,,0.0,0.0,,,,,曝光/点击/CTR/CVR/ACOS/ROAS/活动清单
B0HF7416NS,KC4SGE00500,2026-W35,2026-W34,0.0,0.0,,0.0,0.0,,0.0,0.0,,,,,曝光/点击/CTR/CVR/ACOS/ROAS/活动清单
B0HF741V6G,PT4SGE24900,2026-W35,2026-W34,0.0,0.0,,0.0,0.0,,0.0,0.0,,,,,曝光/点击/CTR/CVR/ACOS/ROAS/活动清单
B0HF745263,PT4SGE26800,2026-W35,2026-W34,0.0,0.0,,0.0,0.0,,0.0,0.0,,,,,曝光/点击/CTR/CVR/ACOS/ROAS/活动清单
B0HF747396,KX4SGE12400,2026-W35,2026-W34,0.0,0.0,,0.0,0.0,,0.0,0.0,,,,,曝光/点击/CTR/CVR/ACOS/ROAS/活动清单
B0HF748NYW,PT4SGE19600,2026-W35,2026-W34,0.0,0.0,,0.0,0.0,,0.0,0.0,,,,,曝光/点击/CTR/CVR/ACOS/ROAS/活动清单
B0HF74BB4P,PT4SGE26300,2026-W35,2026-W34,0.0,0.0,,0.0,0.0,,0.0,0.0,,,,,曝光/点击/CTR/CVR/ACOS/ROAS/活动清单
B0HF74BCS3,KC4SGE04800,2026-W35,2026-W34,0.0,0.0,,0.0,0.0,,0.0,0.0,,,,,曝光/点击/CTR/CVR/ACOS/ROAS/活动清单
B0HF74FJL7,OO4SGE37200,2026-W35,2026-W34,0.0,0.0,,0.0,0.0,,0.0,0.0,,,,,曝光/点击/CTR/CVR/ACOS/ROAS/活动清单
B0HF74GCJR,KX4SGE14700,2026-W35,2026-W34,0.0,0.0,,0.0,0.0,,0.0,0.0,,,,,曝光/点击/CTR/CVR/ACOS/ROAS/活动清单
B0HF74GNP1,OO4SGE34800,2026-W35,2026-W34,0.0,0.0,,0.0,0.0,,0.0,0.0,,,,,曝光/点击/CTR/CVR/ACOS/ROAS/活动清单
B0HF74HQC3,KX4SGE16700,2026-W35,2026-W34,0.0,0.0,,0.0,0.0,,0.0,0.0,,,,,曝光/点击/CTR/CVR/ACOS/ROAS/活动清单
B0HF74NS15,PT4SGE19400,2026-W35,2026-W34,0.0,0.0,,0.0,0.0,,0.0,0.0,,,,,曝光/点击/CTR/CVR/ACOS/ROAS/活动清单
B0HF74T1J1,PT4SGE25600,2026-W35,2026-W34,0.0,0.0,,0.0,0.0,,0.0,0.0,,,,,曝光/点击/CTR/CVR/ACOS/ROAS/活动清单
B0HF74YMRR,OO4SGE35400,2026-W35,2026-W34,0.0,0.0,,0.0,0.0,,0.0,4.49,,,,,曝光/点击/CTR/CVR/ACOS/ROAS/活动清单
B0HF753L5H,KC4PSP17900,2026-W35,2026-W34,0.0,0.0,,0.0,0.0,,0.0,0.0,,,,,曝光/点击/CTR/CVR/ACOS/ROAS/活动清单
B0HF75B2D8,PT4SGE27000,2026-W35,2026-W34,0.0,0.0,,0.0,0.0,,0.0,0.0,,,,,曝光/点击/CTR/CVR/ACOS/ROAS/活动清单
B0HF75B4PH,KX4SGE08300,2026-W35,2026-W34,0.0,0.0,,0.0,0.0,,0.0,0.0,,,,,曝光/点击/CTR/CVR/ACOS/ROAS/活动清单
B0HF75CLFK,OO4SGE38600,2026-W35,2026-W34,0.0,0.0,,0.0,0.0,,0.0,0.0,,,,,曝光/点击/CTR/CVR/ACOS/ROAS/活动清单
B0HF75M515,PT4SGE25600,2026-W35,2026-W34,0.0,0.0,,0.0,0.0,,0.0,0.0,,,,,曝光/点击/CTR/CVR/ACOS/ROAS/活动清单
B0HF75QHRH,PT4SGE19700,2026-W35,2026-W34,0.0,0.0,,0.0,0.0,,0.0,0.0,,,,,曝光/点击/CTR/CVR/ACOS/ROAS/活动清单
B0HF75QPV4,KC4SGE00400,2026-W35,2026-W34,0.0,0.0,,0.0,0.0,,0.0,0.0,,,,,曝光/点击/CTR/CVR/ACOS/ROAS/活动清单
B0HF75R3SL,OO4SGE38000,2026-W35,2026-W34,0.0,0.0,,0.0,0.0,,0.0,0.0,,,,,曝光/点击/CTR/CVR/ACOS/ROAS/活动清单
B0HF75RDZC,KX4SGE11700,2026-W35,2026-W34,0.0,0.0,,0.0,0.0,,0.0,0.0,,,,,曝光/点击/CTR/CVR/ACOS/ROAS/活动清单
B0HF75RPLR,KX4SGE08400,2026-W35,2026-W34,0.0,0.0,,0.0,0.0,,0.0,0.0,,,,,曝光/点击/CTR/CVR/ACOS/ROAS/活动清单
B0HF75SYSD,PT4SGE20100,2026-W35,2026-W34,0.0,0.0,,0.0,0.0,,0.0,0.0,,,,,曝光/点击/CTR/CVR/ACOS/ROAS/活动清单
B0HF75V1LB,OO4SGE38800,2026-W35,2026-W34,0.0,0.0,,0.0,0.0,,0.0,0.0,,,,,曝光/点击/CTR/CVR/ACOS/ROAS/活动清单
B0HF75WLKV,KC4SGE02500,2026-W35,2026-W34,0.0,0.0,,0.0,0.0,,0.0,0.0,,,,,曝光/点击/CTR/CVR/ACOS/ROAS/活动清单
B0HF75YVWK,KC4SGE01800,2026-W35,2026-W34,0.0,0.0,,0.0,0.0,,0.0,0.0,,,,,曝光/点击/CTR/CVR/ACOS/ROAS/活动清单
B0HF7624JZ,KX4SGE12100,2026-W35,2026-W34,0.0,0.0,,0.0,0.0,,0.0,0.0,,,,,曝光/点击/CTR/CVR/ACOS/ROAS/活动清单
B0HF762L8Q,OO4SGE34200,2026-W35,2026-W34,0.0,0.0,,0.0,0.0,,0.0,0.0,,,,,曝光/点击/CTR/CVR/ACOS/ROAS/活动清单
B0HF7653CB,KC4SGE02400,2026-W35,2026-W34,0.0,0.0,,0.0,0.0,,0.0,0.0,,,,,曝光/点击/CTR/CVR/ACOS/ROAS/活动清单
B0HF7667J2,OO4SGE38500,2026-W35,2026-W34,0.0,0.0,,0.0,0.0,,0.0,0.0,,,,,曝光/点击/CTR/CVR/ACOS/ROAS/活动清单
B0HF767K44,OO4SGE34300,2026-W35,2026-W34,0.0,0.0,,0.0,0.0,,0.0,0.0,,,,,曝光/点击/CTR/CVR/ACOS/ROAS/活动清单
B0HF767K56,KX4SGE17700,2026-W35,2026-W34,0.0,0.0,,0.0,0.0,,0.0,0.0,,,,,曝光/点击/CTR/CVR/ACOS/ROAS/活动清单
B0HF767ZMW,KC4SGE04800,2026-W35,2026-W34,0.0,0.0,,0.0,0.0,,0.14,0.0,,,,,曝光/点击/CTR/CVR/ACOS/ROAS/活动清单
B0HF7682QV,PT4SGE19400,2026-W35,2026-W34,0.0,0.0,,0.0,0.0,,0.0,0.0,,,,,曝光/点击/CTR/CVR/ACOS/ROAS/活动清单
B0HF768MN9,OO4SGE37500,2026-W35,2026-W34,0.0,0.0,,0.0,0.0,,0.0,0.0,,,,,曝光/点击/CTR/CVR/ACOS/ROAS/活动清单
B0HF7691CL,OO4SGE39000,2026-W35,2026-W34,0.0,0.0,,0.0,0.0,,0.0,0.0,,,,,曝光/点击/CTR/CVR/ACOS/ROAS/活动清单
B0HF76BTBP,KX4SGE13700,2026-W35,2026-W34,0.0,0.0,,0.0,0.0,,0.0,0.0,,,,,曝光/点击/CTR/CVR/ACOS/ROAS/活动清单
B0HF76CCC9,KC4PSP17900,2026-W35,2026-W34,0.0,0.0,,0.0,0.0,,0.0,0.0,,,,,曝光/点击/CTR/CVR/ACOS/ROAS/活动清单
B0HF76G6GB,PT4SGE27300,2026-W35,2026-W34,0.0,0.0,,0.0,0.0,,0.0,0.0,,,,,曝光/点击/CTR/CVR/ACOS/ROAS/活动清单
B0HF76H3YK,KX4SGE13200,2026-W35,2026-W34,0.0,0.0,,0.0,0.0,,0.0,0.0,,,,,曝光/点击/CTR/CVR/ACOS/ROAS/活动清单
B0HF76HHS2,KX4SGE12400,2026-W35,2026-W34,1.0,0.0,N/A,1353.2,0.0,N/A,4.76,0.0,0.35,,,,曝光/点击/CTR/CVR/ACOS/ROAS/活动清单
B0HF76HM4N,PT4SGE19900,2026-W35,2026-W34,0.0,0.0,,0.0,0.0,,0.0,0.0,,,,,曝光/点击/CTR/CVR/ACOS/ROAS/活动清单
B0HF76HZLB,PT4SGE19700,2026-W35,2026-W34,0.0,0.0,,0.0,0.0,,0.0,0.0,,,,,曝光/点击/CTR/CVR/ACOS/ROAS/活动清单
B0HF76J726,KX4SGE15800,2026-W35,2026-W34,0.0,0.0,,0.0,0.0,,0.0,0.0,,,,,曝光/点击/CTR/CVR/ACOS/ROAS/活动清单
B0HF76JB9S,OO4SGE37200,2026-W35,2026-W34,0.0,0.0,,0.0,0.0,,0.0,0.0,,,,,曝光/点击/CTR/CVR/ACOS/ROAS/活动清单
B0HF76LZG6,KX4SGE11700,2026-W35,2026-W34,0.0,0.0,,0.0,0.0,,0.0,0.0,,,,,曝光/点击/CTR/CVR/ACOS/ROAS/活动清单
B0HF76MSJC,PT4SGE18400,2026-W35,2026-W34,0.0,0.0,,0.0,0.0,,0.0,0.0,,,,,曝光/点击/CTR/CVR/ACOS/ROAS/活动清单
B0HF76MWNX,PT4SGE19800,2026-W35,2026-W34,0.0,0.0,,0.0,0.0,,0.0,0.0,,,,,曝光/点击/CTR/CVR/ACOS/ROAS/活动清单
B0HF76MZKC,PT4SGE21000,2026-W35,2026-W34,0.0,0.0,,0.0,0.0,,0.0,0.0,,,,,曝光/点击/CTR/CVR/ACOS/ROAS/活动清单
B0HF76NBHR,PT4SGE19600,2026-W35,2026-W34,0.0,0.0,,0.0,0.0,,0.0,0.0,,,,,曝光/点击/CTR/CVR/ACOS/ROAS/活动清单
B0HF76NXCS,PT4SGE26600,2026-W35,2026-W34,0.0,0.0,,0.0,0.0,,0.0,0.0,,,,,曝光/点击/CTR/CVR/ACOS/ROAS/活动清单
B0HF76P4LT,PT4SGE24300,2026-W35,2026-W34,0.0,0.0,,0.0,0.0,,0.0,0.0,,,,,曝光/点击/CTR/CVR/ACOS/ROAS/活动清单
B0HF76QNZ5,KC4SGE01400,2026-W35,2026-W34,0.0,0.0,,0.0,0.0,,0.0,0.0,,,,,曝光/点击/CTR/CVR/ACOS/ROAS/活动清单
B0HF76WN2M,KX4SGE16500,2026-W35,2026-W34,0.0,0.0,,0.0,0.0,,0.0,0.0,,,,,曝光/点击/CTR/CVR/ACOS/ROAS/活动清单
B0HF76XC2G,KX4SGE17000,2026-W35,2026-W34,0.0,0.0,,0.0,0.0,,0.0,0.0,,,,,曝光/点击/CTR/CVR/ACOS/ROAS/活动清单
B0HF76XTK4,KX4SGE08400,2026-W35,2026-W34,0.0,0.0,,0.0,0.0,,0.0,0.0,,,,,曝光/点击/CTR/CVR/ACOS/ROAS/活动清单
B0HF776HRD,OO4SGE37300,2026-W35,2026-W34,0.0,0.0,,0.0,0.0,,0.0,0.0,,,,,曝光/点击/CTR/CVR/ACOS/ROAS/活动清单
B0HF777WYF,KC4SGE03700,2026-W35,2026-W34,0.0,0.0,,0.0,0.0,,0.0,0.0,,,,,曝光/点击/CTR/CVR/ACOS/ROAS/活动清单
B0HF778SVX,KC4SGE04100,2026-W35,2026-W34,0.0,0.0,,0.0,0.0,,0.0,0.0,,,,,曝光/点击/CTR/CVR/ACOS/ROAS/活动清单
B0HF77JWMS,KC4PSP18100,2026-W35,2026-W34,0.0,0.0,,0.0,0.0,,0.0,0.0,,,,,曝光/点击/CTR/CVR/ACOS/ROAS/活动清单
B0HF77MS3D,KC4PSP16100,2026-W35,2026-W34,0.0,0.0,,0.0,0.0,,0.0,0.0,,,,,曝光/点击/CTR/CVR/ACOS/ROAS/活动清单
B0HF77TCHY,KC4SGE05000,2026-W35,2026-W34,0.0,0.0,,0.0,0.0,,0.0,0.0,,,,,曝光/点击/CTR/CVR/ACOS/ROAS/活动清单
B0HF77YGQB,KC4SGE04900,2026-W35,2026-W34,0.0,0.0,,0.0,0.0,,0.0,0.0,,,,,曝光/点击/CTR/CVR/ACOS/ROAS/活动清单
B0HF789PSQ,OO4SGE37000,2026-W35,2026-W34,0.0,0.0,,0.0,0.0,,0.0,0.0,,,,,曝光/点击/CTR/CVR/ACOS/ROAS/活动清单
B0HF78BN4J,KX4SGE17000,2026-W35,2026-W34,0.0,0.0,,0.0,0.0,,0.0,0.0,,,,,曝光/点击/CTR/CVR/ACOS/ROAS/活动清单
B0HF78DY75,OO4SGE36200,2026-W35,2026-W34,0.0,0.0,,0.0,0.0,,0.0,0.0,,,,,曝光/点击/CTR/CVR/ACOS/ROAS/活动清单
B0HF78JKL6,OO4SGE34600,2026-W35,2026-W34,0.0,0.0,,0.0,0.0,,0.0,0.0,,,,,曝光/点击/CTR/CVR/ACOS/ROAS/活动清单
B0HF78K37N,PT4SGE27900,2026-W35,2026-W34,0.0,0.0,,0.0,0.0,,0.0,0.0,,,,,曝光/点击/CTR/CVR/ACOS/ROAS/活动清单
B0HF78L3SV,KC4SGE05100,2026-W35,2026-W34,0.0,0.0,,0.0,0.0,,0.0,0.0,,,,,曝光/点击/CTR/CVR/ACOS/ROAS/活动清单
B0HF78L3TY,OO4SGE38800,2026-W35,2026-W34,0.0,0.0,,0.0,0.0,,0.0,0.0,,,,,曝光/点击/CTR/CVR/ACOS/ROAS/活动清单
B0HF78MGVS,KX4SGE15400,2026-W35,2026-W34,0.0,0.0,,0.0,0.0,,0.0,0.0,,,,,曝光/点击/CTR/CVR/ACOS/ROAS/活动清单
B0HF78Q5S6,KC4SGE03300,2026-W35,2026-W34,0.0,0.0,,0.0,0.0,,0.0,0.0,,,,,曝光/点击/CTR/CVR/ACOS/ROAS/活动清单
B0HF78QYGS,KX4SGE15200,2026-W35,2026-W34,0.0,0.0,,0.0,0.0,,0.0,0.0,,,,,曝光/点击/CTR/CVR/ACOS/ROAS/活动清单
B0HF78SGXK,PT4SGE27900,2026-W35,2026-W34,0.0,0.0,,0.0,0.0,,0.0,3.54,,,,,曝光/点击/CTR/CVR/ACOS/ROAS/活动清单
B0HF78TG34,OO4SGE38300,2026-W35,2026-W34,0.0,0.0,,0.0,0.0,,0.0,0.0,,,,,曝光/点击/CTR/CVR/ACOS/ROAS/活动清单
B0HF78TLLP,KX4SGE13300,2026-W35,2026-W34,0.0,0.0,,0.0,0.0,,0.0,0.0,,,,,曝光/点击/CTR/CVR/ACOS/ROAS/活动清单
B0HF78VD7Y,KX4SGE08000,2026-W35,2026-W34,0.0,0.0,,0.0,0.0,,0.0,0.0,,,,,曝光/点击/CTR/CVR/ACOS/ROAS/活动清单
B0HF78X2KB,OO4SGE35700,2026-W35,2026-W34,0.0,0.0,,0.0,0.0,,5.64,0.0,,,,,曝光/点击/CTR/CVR/ACOS/ROAS/活动清单
B0HF78X3H8,PT4SGE18600,2026-W35,2026-W34,0.0,0.0,,0.0,0.0,,0.0,0.0,,,,,曝光/点击/CTR/CVR/ACOS/ROAS/活动清单
B0HF78X6VJ,KC4PSP16000,2026-W35,2026-W34,0.0,0.0,,0.0,0.0,,0.0,0.0,,,,,曝光/点击/CTR/CVR/ACOS/ROAS/活动清单
B0HF7913LT,PT4SGE19900,2026-W35,2026-W34,0.0,0.0,,0.0,0.0,,0.0,0.0,,,,,曝光/点击/CTR/CVR/ACOS/ROAS/活动清单
B0HF793ZJ9,OO4SGE39100,2026-W35,2026-W34,0.0,0.0,,0.0,0.0,,0.0,0.0,,,,,曝光/点击/CTR/CVR/ACOS/ROAS/活动清单
B0HF79625S,OO4SGE37000,2026-W35,2026-W34,0.0,0.0,,0.0,0.0,,0.0,0.0,,,,,曝光/点击/CTR/CVR/ACOS/ROAS/活动清单
B0HF796T3P,PT4SGE23700,2026-W35,2026-W34,0.0,0.0,,0.0,0.0,,0.0,0.0,,,,,曝光/点击/CTR/CVR/ACOS/ROAS/活动清单
B0HF796T8P,KX4SGE07900,2026-W35,2026-W34,0.0,0.0,,0.0,0.0,,0.0,0.0,,,,,曝光/点击/CTR/CVR/ACOS/ROAS/活动清单
B0HF797WFF,PT4SGE23300,2026-W35,2026-W34,0.0,0.0,,0.0,0.0,,0.0,0.0,,,,,曝光/点击/CTR/CVR/ACOS/ROAS/活动清单
B0HF798HPZ,PT4SGE26600,2026-W35,2026-W34,0.0,0.0,,0.0,0.0,,0.0,0.0,,,,,曝光/点击/CTR/CVR/ACOS/ROAS/活动清单
B0HF799SKR,KC4SGE00300,2026-W35,2026-W34,0.0,0.0,,0.0,0.0,,0.0,0.0,,,,,曝光/点击/CTR/CVR/ACOS/ROAS/活动清单
B0HF79C82P,OO4SGE36900,2026-W35,2026-W34,0.0,0.0,,0.0,0.0,,0.0,0.0,,,,,曝光/点击/CTR/CVR/ACOS/ROAS/活动清单
B0HF79CDNM,OO4SGE35200,2026-W35,2026-W34,0.0,0.0,,0.0,0.0,,0.0,0.0,,,,,曝光/点击/CTR/CVR/ACOS/ROAS/活动清单
B0HF79D4KT,OO4SGE38400,2026-W35,2026-W34,0.0,0.0,,0.0,0.0,,0.0,0.0,,,,,曝光/点击/CTR/CVR/ACOS/ROAS/活动清单
B0HF79F3LW,KC4SGE05200,2026-W35,2026-W34,0.0,0.0,,0.0,0.0,,0.0,0.0,,,,,曝光/点击/CTR/CVR/ACOS/ROAS/活动清单
B0HF79FM5V,OO4SGE38600,2026-W35,2026-W34,0.0,0.0,,0.0,0.0,,0.0,0.0,,,,,曝光/点击/CTR/CVR/ACOS/ROAS/活动清单
B0HF79J84Y,PT4SGE18700,2026-W35,2026-W34,0.0,0.0,,0.0,0.0,,4.69,0.0,,,,,曝光/点击/CTR/CVR/ACOS/ROAS/活动清单
B0HF79R7DC,KC4SGE01500,2026-W35,2026-W34,0.0,0.0,,0.0,0.0,,3.54,0.0,,,,,曝光/点击/CTR/CVR/ACOS/ROAS/活动清单
B0HF79TBD2,KX4SGE14000,2026-W35,2026-W34,0.0,0.0,,0.0,0.0,,16.32,0.0,,,,,曝光/点击/CTR/CVR/ACOS/ROAS/活动清单
B0HF7B3L8T,OO4SGE38000,2026-W35,2026-W34,0.0,0.0,,0.0,0.0,,0.0,0.0,,,,,曝光/点击/CTR/CVR/ACOS/ROAS/活动清单
B0HF7BKGKT,KC4PSP17700,2026-W35,2026-W34,0.0,0.0,,0.0,0.0,,0.0,0.0,,,,,曝光/点击/CTR/CVR/ACOS/ROAS/活动清单
B0HF7BWBCH,OO4SGE35400,2026-W35,2026-W34,0.0,0.0,,0.0,0.0,,0.0,0.0,,,,,曝光/点击/CTR/CVR/ACOS/ROAS/活动清单
B0HF7BZB3X,PT4SGE24900,2026-W35,2026-W34,0.0,0.0,,0.0,0.0,,0.0,0.0,,,,,曝光/点击/CTR/CVR/ACOS/ROAS/活动清单
B0HF7C132D,PT4SGE27000,2026-W35,2026-W34,0.0,0.0,,0.0,0.0,,0.0,0.0,,,,,曝光/点击/CTR/CVR/ACOS/ROAS/活动清单
B0HF7C6BPQ,PT4SGE27500,2026-W35,2026-W34,0.0,0.0,,0.0,0.0,,0.0,0.0,,,,,曝光/点击/CTR/CVR/ACOS/ROAS/活动清单
B0HF7C8TB3,KC4PSP18200,2026-W35,2026-W34,0.0,0.0,,0.0,0.0,,0.0,0.0,,,,,曝光/点击/CTR/CVR/ACOS/ROAS/活动清单
B0HF7CJ5CP,PT4SGE24400,2026-W35,2026-W34,0.0,0.0,,0.0,0.0,,0.0,0.0,,,,,曝光/点击/CTR/CVR/ACOS/ROAS/活动清单
B0HF7CKRX1,KX4SGE08100,2026-W35,2026-W34,0.0,0.0,,0.0,0.0,,0.0,0.0,,,,,曝光/点击/CTR/CVR/ACOS/ROAS/活动清单
B0HF7CMPGW,KX4SGE08600,2026-W35,2026-W34,0.0,0.0,,0.0,0.0,,0.0,0.0,,,,,曝光/点击/CTR/CVR/ACOS/ROAS/活动清单
B0HF7CSRRM,KC4SGE02700,2026-W35,2026-W34,0.0,0.0,,0.0,0.0,,0.0,0.0,,,,,曝光/点击/CTR/CVR/ACOS/ROAS/活动清单
B0HF7CZQWX,OO4SGE36300,2026-W35,2026-W34,0.0,0.0,,0.0,0.0,,0.0,0.0,,,,,曝光/点击/CTR/CVR/ACOS/ROAS/活动清单
B0HF7D1VT1,KX4SGE08500,2026-W35,2026-W34,0.0,0.0,,0.0,0.0,,0.0,0.0,,,,,曝光/点击/CTR/CVR/ACOS/ROAS/活动清单
B0HF7D6QLT,OO4SGE35600,2026-W35,2026-W34,0.0,0.0,,0.0,0.0,,0.0,0.0,,,,,曝光/点击/CTR/CVR/ACOS/ROAS/活动清单
B0HF7FDSHP,PT4SGE26000,2026-W35,2026-W34,0.0,0.0,,0.0,0.0,,0.0,0.0,,,,,曝光/点击/CTR/CVR/ACOS/ROAS/活动清单
B0HF7FLS9R,PT4SGE24700,2026-W35,2026-W34,0.0,0.0,,0.0,0.0,,0.0,0.0,,,,,曝光/点击/CTR/CVR/ACOS/ROAS/活动清单
B0HF7FNMLN,KX4SGE09300,2026-W35,2026-W34,0.0,0.0,,0.0,0.0,,0.0,0.0,,,,,曝光/点击/CTR/CVR/ACOS/ROAS/活动清单
B0HF7FR1KG,KX4SGE10100,2026-W35,2026-W34,0.0,0.0,,0.0,0.0,,0.0,0.0,,,,,曝光/点击/CTR/CVR/ACOS/ROAS/活动清单
B0HF7FSRS7,OO4SGE38900,2026-W35,2026-W34,0.0,0.0,,0.0,0.0,,0.0,0.0,,,,,曝光/点击/CTR/CVR/ACOS/ROAS/活动清单
B0HF7FX5MM,KC4PSP17100,2026-W35,2026-W34,0.0,0.0,,0.0,0.0,,0.0,0.0,,,,,曝光/点击/CTR/CVR/ACOS/ROAS/活动清单
B0HF7FZRXM,KX4SGE17700,2026-W35,2026-W34,0.0,0.0,,0.0,0.0,,0.0,0.0,,,,,曝光/点击/CTR/CVR/ACOS/ROAS/活动清单
B0HF7G2KK7,KC4SGE01200,2026-W35,2026-W34,0.0,0.0,,0.0,0.0,,0.0,0.0,,,,,曝光/点击/CTR/CVR/ACOS/ROAS/活动清单
B0HF7G5RDY,PT4SGE24700,2026-W35,2026-W34,0.0,0.0,,0.0,0.0,,0.0,0.0,,,,,曝光/点击/CTR/CVR/ACOS/ROAS/活动清单
B0HF7G7JHZ,PT4SGE24400,2026-W35,2026-W34,0.0,0.0,,0.0,0.0,,0.0,0.0,,,,,曝光/点击/CTR/CVR/ACOS/ROAS/活动清单
B0HF7GBB38,OO4SGE35200,2026-W35,2026-W34,0.0,0.0,,0.0,0.0,,0.0,0.0,,,,,曝光/点击/CTR/CVR/ACOS/ROAS/活动清单
B0HF7GJ383,PT4SGE25800,2026-W35,2026-W34,0.0,0.0,,0.0,0.0,,0.0,0.95,,,,,曝光/点击/CTR/CVR/ACOS/ROAS/活动清单
B0HF7GP6MX,KX4SGE17200,2026-W35,2026-W34,0.0,0.0,,0.0,0.0,,0.0,0.0,,,,,曝光/点击/CTR/CVR/ACOS/ROAS/活动清单
B0HF7GRHMZ,OO4SGE35700,2026-W35,2026-W34,0.0,0.0,,0.0,0.0,,0.0,0.0,,,,,曝光/点击/CTR/CVR/ACOS/ROAS/活动清单
B0HF7HY2JM,KC4SGE01300,2026-W35,2026-W34,0.0,0.0,,0.0,0.0,,0.0,0.0,,,,,曝光/点击/CTR/CVR/ACOS/ROAS/活动清单
B0HF7J9LCG,OO4SGE38500,2026-W35,2026-W34,0.0,0.0,,0.0,0.0,,0.0,0.0,,,,,曝光/点击/CTR/CVR/ACOS/ROAS/活动清单
B0HF7JH99P,PT4SGE19800,2026-W35,2026-W34,0.0,0.0,,0.0,0.0,,0.0,0.0,,,,,曝光/点击/CTR/CVR/ACOS/ROAS/活动清单
B0HF7JM825,KC4SGE03000,2026-W35,2026-W34,0.0,0.0,,0.0,0.0,,0.0,0.0,,,,,曝光/点击/CTR/CVR/ACOS/ROAS/活动清单
B0HF7K1HDC,PT4SGE27800,2026-W35,2026-W34,0.0,0.0,,0.0,0.0,,0.0,0.0,,,,,曝光/点击/CTR/CVR/ACOS/ROAS/活动清单
B0HF7K1TN8,KC4SGE04600,2026-W35,2026-W34,0.0,0.0,,0.0,0.0,,0.0,0.0,,,,,曝光/点击/CTR/CVR/ACOS/ROAS/活动清单
B0HF7K85RP,PT4SGE18300,2026-W35,2026-W34,0.0,0.0,,0.0,0.0,,0.0,0.0,,,,,曝光/点击/CTR/CVR/ACOS/ROAS/活动清单
B0HF7KF3Z8,OO4SGE36000,2026-W35,2026-W34,0.0,0.0,,0.0,0.0,,0.0,0.0,,,,,曝光/点击/CTR/CVR/ACOS/ROAS/活动清单
B0HF7KMQYX,KC4SGE04700,2026-W35,2026-W34,0.0,0.0,,0.0,0.0,,0.0,0.0,,,,,曝光/点击/CTR/CVR/ACOS/ROAS/活动清单
B0HF7KVWQC,KX4SGE10900,2026-W35,2026-W34,0.0,0.0,,0.0,0.0,,0.0,0.0,,,,,曝光/点击/CTR/CVR/ACOS/ROAS/活动清单
B0HF7LDB61,PT4SGE24000,2026-W35,2026-W34,0.0,0.0,,0.0,0.0,,0.0,0.0,,,,,曝光/点击/CTR/CVR/ACOS/ROAS/活动清单
B0HF7LDTTC,PT4SGE27500,2026-W35,2026-W34,0.0,0.0,,0.0,0.0,,0.0,0.0,,,,,曝光/点击/CTR/CVR/ACOS/ROAS/活动清单
B0HF7LW421,KX4SGE14700,2026-W35,2026-W34,0.0,0.0,,0.0,0.0,,0.0,0.0,,,,,曝光/点击/CTR/CVR/ACOS/ROAS/活动清单
B0HF7MJKPW,PT4SGE25800,2026-W35,2026-W34,0.0,0.0,,0.0,0.0,,0.0,0.0,,,,,曝光/点击/CTR/CVR/ACOS/ROAS/活动清单
B0HF7MTLDT,KC4PSP16100,2026-W35,2026-W34,0.0,0.0,,0.0,0.0,,0.0,0.0,,,,,曝光/点击/CTR/CVR/ACOS/ROAS/活动清单
B0HF7MWHRG,OO4SGE38900,2026-W35,2026-W34,0.0,0.0,,0.0,0.0,,0.0,0.0,,,,,曝光/点击/CTR/CVR/ACOS/ROAS/活动清单
B0HF7MZD8R,PT4SGE27300,2026-W35,2026-W34,0.0,0.0,,0.0,0.0,,0.0,0.0,,,,,曝光/点击/CTR/CVR/ACOS/ROAS/活动清单
B0HF7MZZ57,OO4SGE36800,2026-W35,2026-W34,0.0,0.0,,0.0,0.0,,0.0,0.0,,,,,曝光/点击/CTR/CVR/ACOS/ROAS/活动清单
B0HF7N1JJV,PT4SGE26100,2026-W35,2026-W34,0.0,0.0,,0.0,0.0,,0.0,0.0,,,,,曝光/点击/CTR/CVR/ACOS/ROAS/活动清单
B0HF7N5WZX,KC4SGE04200,2026-W35,2026-W34,0.0,0.0,,0.0,0.0,,0.0,0.0,,,,,曝光/点击/CTR/CVR/ACOS/ROAS/活动清单
B0HF7NTHRJ,PT4SGE18400,2026-W35,2026-W34,0.0,0.0,,0.0,0.0,,0.0,0.0,,,,,曝光/点击/CTR/CVR/ACOS/ROAS/活动清单
B0HF7P1983,KC4SGE03400,2026-W35,2026-W34,0.0,0.0,,0.0,0.0,,0.0,0.0,,,,,曝光/点击/CTR/CVR/ACOS/ROAS/活动清单
B0HF7PHXJB,KX4SGE08200,2026-W35,2026-W34,0.0,0.0,,0.0,0.0,,0.0,0.0,,,,,曝光/点击/CTR/CVR/ACOS/ROAS/活动清单
B0HF7PJMPM,KC4PSP15900,2026-W35,2026-W34,0.0,0.0,,0.0,0.0,,0.0,0.0,,,,,曝光/点击/CTR/CVR/ACOS/ROAS/活动清单
B0HF7PJNVZ,KX4SGE09200,2026-W35,2026-W34,0.0,0.0,,0.0,0.0,,0.0,0.0,,,,,曝光/点击/CTR/CVR/ACOS/ROAS/活动清单
B0HF7PKGKG,PT4SGE26000,2026-W35,2026-W34,0.0,0.0,,0.0,0.0,,0.0,0.0,,,,,曝光/点击/CTR/CVR/ACOS/ROAS/活动清单
B0HF7PR8TF,PT4SGE23900,2026-W35,2026-W34,0.0,0.0,,0.0,0.0,,0.0,0.0,,,,,曝光/点击/CTR/CVR/ACOS/ROAS/活动清单
B0HF7PT4HG,OO4SGE39000,2026-W35,2026-W34,0.0,0.0,,0.0,0.0,,0.0,0.0,,,,,曝光/点击/CTR/CVR/ACOS/ROAS/活动清单
B0HF7PTQNG,KC4PSP15900,2026-W35,2026-W34,0.0,0.0,,0.0,0.0,,0.0,0.0,,,,,曝光/点击/CTR/CVR/ACOS/ROAS/活动清单
B0HF7PWJFQ,PT4SGE24000,2026-W35,2026-W34,0.0,0.0,,0.0,0.0,,15.57,0.0,,,,,曝光/点击/CTR/CVR/ACOS/ROAS/活动清单
B0HF7Q22QQ,KC4SGE04700,2026-W35,2026-W34,0.0,0.0,,0.0,0.0,,0.0,0.0,,,,,曝光/点击/CTR/CVR/ACOS/ROAS/活动清单
B0HF7Q3YY4,KC4SGE00400,2026-W35,2026-W34,0.0,0.0,,0.0,0.0,,5.03,0.0,,,,,曝光/点击/CTR/CVR/ACOS/ROAS/活动清单
B0HF7QGGLD,KX4SGE08900,2026-W35,2026-W34,0.0,0.0,,0.0,0.0,,0.0,0.0,,,,,曝光/点击/CTR/CVR/ACOS/ROAS/活动清单
B0HF7QQM5L,OO4SGE38200,2026-W35,2026-W34,0.0,0.0,,0.0,0.0,,0.0,0.0,,,,,曝光/点击/CTR/CVR/ACOS/ROAS/活动清单
B0HF7QX1P8,KX4SGE08800,2026-W35,2026-W34,0.0,0.0,,0.0,0.0,,0.0,0.0,,,,,曝光/点击/CTR/CVR/ACOS/ROAS/活动清单
B0HF7QX57H,OO4SGE38100,2026-W35,2026-W34,0.0,0.0,,0.0,0.0,,0.0,0.0,,,,,曝光/点击/CTR/CVR/ACOS/ROAS/活动清单
B0HF7R2WJ6,KX4SGE15800,2026-W35,2026-W34,0.0,0.0,,0.0,0.0,,0.0,0.0,,,,,曝光/点击/CTR/CVR/ACOS/ROAS/活动清单
B0HF7R4KBL,PT4SGE22200,2026-W35,2026-W34,0.0,0.0,,0.0,0.0,,0.0,0.0,,,,,曝光/点击/CTR/CVR/ACOS/ROAS/活动清单
B0HF7R5FJP,PT4SGE26200,2026-W35,2026-W34,0.0,0.0,,0.0,0.0,,0.0,0.0,,,,,曝光/点击/CTR/CVR/ACOS/ROAS/活动清单
B0HF7R63QB,OO4SGE39100,2026-W35,2026-W34,0.0,0.0,,0.0,0.0,,0.0,0.0,,,,,曝光/点击/CTR/CVR/ACOS/ROAS/活动清单
B0HF7RKQJH,KX4SGE08100,2026-W35,2026-W34,0.0,0.0,,0.0,0.0,,0.0,0.0,,,,,曝光/点击/CTR/CVR/ACOS/ROAS/活动清单
B0HF7RW5Z2,KX4SGE08500,2026-W35,2026-W34,0.0,0.0,,0.0,0.0,,0.0,0.0,,,,,曝光/点击/CTR/CVR/ACOS/ROAS/活动清单
B0HF7SGKG2,KC4PSP16000,2026-W35,2026-W34,0.0,0.0,,0.0,0.0,,0.0,0.0,,,,,曝光/点击/CTR/CVR/ACOS/ROAS/活动清单
B0HF7SPGNW,KC4SGE04900,2026-W35,2026-W34,0.0,0.0,,0.0,0.0,,3.54,4.69,,,,,曝光/点击/CTR/CVR/ACOS/ROAS/活动清单
B0HF7SS49Z,OO4SGE38100,2026-W35,2026-W34,0.0,0.0,,0.0,0.0,,0.0,0.0,,,,,曝光/点击/CTR/CVR/ACOS/ROAS/活动清单
B0HF7SZGPC,PT4SGE23700,2026-W35,2026-W34,0.0,0.0,,0.0,0.0,,0.0,0.0,,,,,曝光/点击/CTR/CVR/ACOS/ROAS/活动清单
B0HF7TF1JB,OO4SGE34200,2026-W35,2026-W34,0.0,0.0,,0.0,0.0,,0.0,0.0,,,,,曝光/点击/CTR/CVR/ACOS/ROAS/活动清单
B0HF7TGQLC,KX4SGE08800,2026-W35,2026-W34,0.0,0.0,,0.0,0.0,,0.0,0.0,,,,,曝光/点击/CTR/CVR/ACOS/ROAS/活动清单
B0HF7TLZDQ,KX4SGE17100,2026-W35,2026-W34,0.0,0.0,,0.0,0.0,,0.0,0.0,,,,,曝光/点击/CTR/CVR/ACOS/ROAS/活动清单
B0HF7TNZML,KC4SGE04200,2026-W35,2026-W34,0.0,0.0,,0.0,0.0,,0.0,0.0,,,,,曝光/点击/CTR/CVR/ACOS/ROAS/活动清单
B0HF7TPDSY,PT4SGE24600,2026-W35,2026-W34,0.0,0.0,,0.0,0.0,,0.0,0.0,,,,,曝光/点击/CTR/CVR/ACOS/ROAS/活动清单
B0HF7VCYD8,PT4SGE24600,2026-W35,2026-W34,0.0,0.0,,0.0,0.0,,0.0,0.0,,,,,曝光/点击/CTR/CVR/ACOS/ROAS/活动清单
B0HF7WN6JZ,KC4SGE04300,2026-W35,2026-W34,0.0,0.0,,0.0,0.0,,0.0,0.0,,,,,曝光/点击/CTR/CVR/ACOS/ROAS/活动清单
B0HF7WNSVS,PT4SGE26300,2026-W35,2026-W34,0.0,0.0,,0.0,0.0,,0.0,0.0,,,,,曝光/点击/CTR/CVR/ACOS/ROAS/活动清单
B0HF7WSNZ6,KC4SGE02700,2026-W35,2026-W34,0.0,0.0,,0.0,0.0,,0.0,0.0,,,,,曝光/点击/CTR/CVR/ACOS/ROAS/活动清单
B0HF7WYYHG,PT4SGE18500,2026-W35,2026-W34,0.0,0.0,,0.0,0.0,,0.0,0.0,,,,,曝光/点击/CTR/CVR/ACOS/ROAS/活动清单
B0HF7X26BH,KC4PSP18200,2026-W35,2026-W34,0.0,0.0,,0.0,0.0,,0.0,0.0,,,,,曝光/点击/CTR/CVR/ACOS/ROAS/活动清单
B0HF7X2R1R,PT4SGE26100,2026-W35,2026-W34,0.0,0.0,,0.0,0.0,,0.0,0.0,,,,,曝光/点击/CTR/CVR/ACOS/ROAS/活动清单
B0HF7X37KZ,KC4SGE05000,2026-W35,2026-W34,0.0,0.0,,0.0,0.0,,0.0,0.0,,,,,曝光/点击/CTR/CVR/ACOS/ROAS/活动清单
B0HF7X3C6P,PT4SGE27600,2026-W35,2026-W34,0.0,0.0,,0.0,0.0,,0.0,0.0,,,,,曝光/点击/CTR/CVR/ACOS/ROAS/活动清单
B0HF7X6LD5,KX4SGE16800,2026-W35,2026-W34,0.0,0.0,,0.0,0.0,,0.0,0.0,,,,,曝光/点击/CTR/CVR/ACOS/ROAS/活动清单
B0HF7XRMYV,KX4SGE09200,2026-W35,2026-W34,0.0,0.0,,0.0,0.0,,0.0,0.0,,,,,曝光/点击/CTR/CVR/ACOS/ROAS/活动清单
B0HF7XW9WM,KC4SGE02500,2026-W35,2026-W34,0.0,0.0,,0.0,0.0,,0.0,0.0,,,,,曝光/点击/CTR/CVR/ACOS/ROAS/活动清单
B0HF7YM7QC,KX4SGE08300,2026-W35,2026-W34,0.0,0.0,,0.0,0.0,,0.0,0.0,,,,,曝光/点击/CTR/CVR/ACOS/ROAS/活动清单
B0HF847D44,OO4SGE37700,2026-W35,2026-W34,0.0,0.0,,0.0,0.0,,0.0,0.0,,,,,曝光/点击/CTR/CVR/ACOS/ROAS/活动清单
B0HFHCZ2YD,OO4SGE36600,2026-W35,2026-W34,0.0,0.0,,0.0,0.0,,4.69,0.0,,,,,曝光/点击/CTR/CVR/ACOS/ROAS/活动清单
B0HFHFSZRG,KX4SGE08900,2026-W35,2026-W34,0.0,0.0,,0.0,0.0,,0.0,0.0,,,,,曝光/点击/CTR/CVR/ACOS/ROAS/活动清单
B0HFHHK9FJ,KX4SGE08600,2026-W35,2026-W34,0.0,0.0,,0.0,0.0,,3.74,3.6,,,,,曝光/点击/CTR/CVR/ACOS/ROAS/活动清单
B0HFHHTJF8,OO4SGE38200,2026-W35,2026-W34,0.0,0.0,,0.0,0.0,,0.0,0.0,,,,,曝光/点击/CTR/CVR/ACOS/ROAS/活动清单
B0HFHJGHNR,OO4SGE37500,2026-W35,2026-W34,0.0,0.0,,0.0,0.0,,0.0,0.0,,,,,曝光/点击/CTR/CVR/ACOS/ROAS/活动清单
